#2026 08 02 07:55:17.549#Z#DEBUG#6828ea62-8e47-11f1-a22d-eeee0a847462.SmartProcureX-srv#flowable-async-job-executor-thread-2161#
[PollStartAppStatusExecution] d9622003-7570-45ea-b8be-97c6305e4251 [2026-08-02T05:41:34.476689] -----> Building dependencies (STDOUT, STG)#
#2026 08 02 07:55:17.549#Z#DEBUG#6828ea62-8e47-11f1-a22d-eeee0a847462.SmartProcureX-srv#flowable-async-job-executor-thread-2161#
[PollStartAppStatusExecution] d9622003-7570-45ea-b8be-97c6305e4251 [2026-08-02T05:41:34.476700] Prebuild detected (node_modules already exists) (STDOUT, STG)#
#2026 08 02 07:55:17.549#Z#DEBUG#6828ea62-8e47-11f1-a22d-eeee0a847462.SmartProcureX-srv#flowable-async-job-executor-thread-2161#
[PollStartAppStatusExecution] d9622003-7570-45ea-b8be-97c6305e4251 [2026-08-02T05:41:34.476752] Rebuilding any native modules (STDOUT, STG)#
#2026 08 02 07:55:17.549#Z#DEBUG#6828ea62-8e47-11f1-a22d-eeee0a847462.SmartProcureX-srv#flowable-async-job-executor-thread-2161#
[PollStartAppStatusExecution] d9622003-7570-45ea-b8be-97c6305e4251 [2026-08-02T05:41:34.947460] rebuilt dependencies successfully (STDOUT, STG)#
#2026 08 02 07:55:17.549#Z#DEBUG#6828ea62-8e47-11f1-a22d-eeee0a847462.SmartProcureX-srv#flowable-async-job-executor-thread-2161#
[PollStartAppStatusExecution] d9622003-7570-45ea-b8be-97c6305e4251 [2026-08-02T05:41:34.948829] npm notice (STDOUT, STG)#
#2026 08 02 07:55:17.549#Z#DEBUG#6828ea62-8e47-11f1-a22d-eeee0a847462.SmartProcureX-srv#flowable-async-job-executor-thread-2161#
[PollStartAppStatusExecution] d9622003-7570-45ea-b8be-97c6305e4251 [2026-08-02T05:41:34.948862] npm notice New major version of npm available! 11.12.1 -> 12.0.2 (STDOUT, STG)#
#2026 08 02 07:55:17.549#Z#DEBUG#6828ea62-8e47-11f1-a22d-eeee0a847462.SmartProcureX-srv#flowable-async-job-executor-thread-2161#
[PollStartAppStatusExecution] d9622003-7570-45ea-b8be-97c6305e4251 [2026-08-02T05:41:34.948868] npm notice Changelog: https://github.com/npm/cli/releases/tag/v12.0.2 (STDOUT, STG)#
#2026 08 02 07:55:17.549#Z#DEBUG#6828ea62-8e47-11f1-a22d-eeee0a847462.SmartProcureX-srv#flowable-async-job-executor-thread-2161#
[PollStartAppStatusExecution] d9622003-7570-45ea-b8be-97c6305e4251 [2026-08-02T05:41:34.948872] npm notice To update run: npm install -g npm@12.0.2 (STDOUT, STG)#
#2026 08 02 07:55:17.549#Z#DEBUG#6828ea62-8e47-11f1-a22d-eeee0a847462.SmartProcureX-srv#flowable-async-job-executor-thread-2161#
[PollStartAppStatusExecution] d9622003-7570-45ea-b8be-97c6305e4251 [2026-08-02T05:41:34.948875] npm notice (STDOUT, STG)#
#2026 08 02 07:55:17.549#Z#DEBUG#6828ea62-8e47-11f1-a22d-eeee0a847462.SmartProcureX-srv#flowable-async-job-executor-thread-2161#
[PollStartAppStatusExecution] d9622003-7570-45ea-b8be-97c6305e4251 [2026-08-02T05:41:34.995057] Installing any new modules (package.json + package-lock.json) (STDOUT, STG)#
#2026 08 02 07:55:17.549#Z#DEBUG#6828ea62-8e47-11f1-a22d-eeee0a847462.SmartProcureX-srv#flowable-async-job-executor-thread-2161#
[PollStartAppStatusExecution] d9622003-7570-45ea-b8be-97c6305e4251 [2026-08-02T05:41:35.439187] up to date in 385ms (STDOUT, STG)#
#2026 08 02 07:55:17.549#Z#DEBUG#6828ea62-8e47-11f1-a22d-eeee0a847462.SmartProcureX-srv#flowable-async-job-executor-thread-2161#
[PollStartAppStatusExecution] d9622003-7570-45ea-b8be-97c6305e4251 [2026-08-02T05:41:35.439390] 29 packages are looking for funding (STDOUT, STG)#
#2026 08 02 07:55:17.549#Z#DEBUG#6828ea62-8e47-11f1-a22d-eeee0a847462.SmartProcureX-srv#flowable-async-job-executor-thread-2161#
[PollStartAppStatusExecution] d9622003-7570-45ea-b8be-97c6305e4251 [2026-08-02T05:41:35.439463] run `npm fund` for details (STDOUT, STG)#
#2026 08 02 07:55:17.549#Z#DEBUG#6828ea62-8e47-11f1-a22d-eeee0a847462.SmartProcureX-srv#flowable-async-job-executor-thread-2161#
[PollStartAppStatusExecution] d9622003-7570-45ea-b8be-97c6305e4251 [2026-08-02T05:41:35.925253] Contrast Security no credentials found. Will not write environment files. (STDOUT, STG)#
#2026 08 02 07:55:17.549#Z#DEBUG#6828ea62-8e47-11f1-a22d-eeee0a847462.SmartProcureX-srv#flowable-async-job-executor-thread-2161#
[PollStartAppStatusExecution] d9622003-7570-45ea-b8be-97c6305e4251 [2026-08-02T05:41:43.613688] Exit status 0 (STDOUT, STG)#
#2026 08 02 07:55:17.549#Z#DEBUG#6828ea62-8e47-11f1-a22d-eeee0a847462.SmartProcureX-srv#flowable-async-job-executor-thread-2161#
[PollStartAppStatusExecution] d9622003-7570-45ea-b8be-97c6305e4251 [2026-08-02T05:41:43.613731] Uploading droplet, build artifacts cache... (STDOUT, STG)#
#2026 08 02 07:55:17.549#Z#DEBUG#6828ea62-8e47-11f1-a22d-eeee0a847462.SmartProcureX-srv#flowable-async-job-executor-thread-2161#
[PollStartAppStatusExecution] d9622003-7570-45ea-b8be-97c6305e4251 [2026-08-02T05:41:43.613758] Uploading droplet... (STDOUT, STG)#
#2026 08 02 07:55:17.549#Z#DEBUG#6828ea62-8e47-11f1-a22d-eeee0a847462.SmartProcureX-srv#flowable-async-job-executor-thread-2161#
[PollStartAppStatusExecution] d9622003-7570-45ea-b8be-97c6305e4251 [2026-08-02T05:41:43.613878] Uploading build artifacts cache... (STDOUT, STG)#
#2026 08 02 07:55:17.549#Z#DEBUG#6828ea62-8e47-11f1-a22d-eeee0a847462.SmartProcureX-srv#flowable-async-job-executor-thread-2161#
[PollStartAppStatusExecution] d9622003-7570-45ea-b8be-97c6305e4251 [2026-08-02T05:41:43.637414] Uploaded build artifacts cache (224B) (STDOUT, STG)#
#2026 08 02 07:55:17.549#Z#DEBUG#6828ea62-8e47-11f1-a22d-eeee0a847462.SmartProcureX-srv#flowable-async-job-executor-thread-2161#
[PollStartAppStatusExecution] d9622003-7570-45ea-b8be-97c6305e4251 [2026-08-02T05:41:44.230216] Creating droplet for app with guid d9622003-7570-45ea-b8be-97c6305e4251 (STDOUT, API)#
#2026 08 02 07:55:17.549#Z#DEBUG#6828ea62-8e47-11f1-a22d-eeee0a847462.SmartProcureX-srv#flowable-async-job-executor-thread-2161#
[PollStartAppStatusExecution] d9622003-7570-45ea-b8be-97c6305e4251 [2026-08-02T05:41:49.299394] Uploaded droplet (59.4M) (STDOUT, STG)#
#2026 08 02 07:55:17.549#Z#DEBUG#6828ea62-8e47-11f1-a22d-eeee0a847462.SmartProcureX-srv#flowable-async-job-executor-thread-2161#
[PollStartAppStatusExecution] d9622003-7570-45ea-b8be-97c6305e4251 [2026-08-02T05:41:49.314023] Uploading complete (STDOUT, STG)#
#2026 08 02 07:55:17.549#Z#DEBUG#6828ea62-8e47-11f1-a22d-eeee0a847462.SmartProcureX-srv#flowable-async-job-executor-thread-2161#
[PollStartAppStatusExecution] d9622003-7570-45ea-b8be-97c6305e4251 [2026-08-02T05:41:50.053094] Cell 919653e1-7038-451d-ac9f-e4bd0de8dbda stopping instance d046ff14-57d8-4deb-8b40-07930d1acdb9 (STDOUT, STG)#
#2026 08 02 07:55:17.549#Z#DEBUG#6828ea62-8e47-11f1-a22d-eeee0a847462.SmartProcureX-srv#flowable-async-job-executor-thread-2161#
[PollStartAppStatusExecution] d9622003-7570-45ea-b8be-97c6305e4251 [2026-08-02T05:41:50.053136] Cell 919653e1-7038-451d-ac9f-e4bd0de8dbda destroying container for instance d046ff14-57d8-4deb-8b40-07930d1acdb9 (STDOUT, STG)#
#2026 08 02 07:55:17.549#Z#DEBUG#6828ea62-8e47-11f1-a22d-eeee0a847462.SmartProcureX-srv#flowable-async-job-executor-thread-2161#
[PollStartAppStatusExecution] d9622003-7570-45ea-b8be-97c6305e4251 [2026-08-02T05:41:50.116754] Staging complete for build d046ff14-57d8-4deb-8b40-07930d1acdb9 (STDOUT, API)#
#2026 08 02 07:55:17.549#Z#DEBUG#6828ea62-8e47-11f1-a22d-eeee0a847462.SmartProcureX-srv#flowable-async-job-executor-thread-2161#
[PollStartAppStatusExecution] d9622003-7570-45ea-b8be-97c6305e4251 [2026-08-02T05:41:51.119551] Stopping app with guid d9622003-7570-45ea-b8be-97c6305e4251 (STDOUT, API)#
#2026 08 02 07:55:17.549#Z#DEBUG#6828ea62-8e47-11f1-a22d-eeee0a847462.SmartProcureX-srv#flowable-async-job-executor-thread-2161#
[PollStartAppStatusExecution] d9622003-7570-45ea-b8be-97c6305e4251 [2026-08-02T05:41:51.152725] Cell cdd66a98-00c8-41cf-94b2-8f9408d19596 stopping instance 22dea062-4692-4182-6929-980f (STDOUT, CELL)#
#2026 08 02 07:55:17.549#Z#DEBUG#6828ea62-8e47-11f1-a22d-eeee0a847462.SmartProcureX-srv#flowable-async-job-executor-thread-2161#
[PollStartAppStatusExecution] d9622003-7570-45ea-b8be-97c6305e4251 [2026-08-02T05:41:51.455599] Updated app with guid d9622003-7570-45ea-b8be-97c6305e4251 ({:droplet_guid=>"21e9d0c3-7ce9-4590-a8ac-a72aa29ed742"}) (STDOUT, API)#
#2026 08 02 07:55:17.549#Z#DEBUG#6828ea62-8e47-11f1-a22d-eeee0a847462.SmartProcureX-srv#flowable-async-job-executor-thread-2161#
[PollStartAppStatusExecution] d9622003-7570-45ea-b8be-97c6305e4251 [2026-08-02T05:41:51.510593] Cell 919653e1-7038-451d-ac9f-e4bd0de8dbda successfully destroyed container for instance d046ff14-57d8-4deb-8b40-07930d1acdb9 (STDOUT, STG)#
#2026 08 02 07:55:17.549#Z#DEBUG#6828ea62-8e47-11f1-a22d-eeee0a847462.SmartProcureX-srv#flowable-async-job-executor-thread-2161#
[PollStartAppStatusExecution] d9622003-7570-45ea-b8be-97c6305e4251 [2026-08-02T05:41:51.766753] Creating revision for app with guid d9622003-7570-45ea-b8be-97c6305e4251 (STDOUT, API)#
#2026 08 02 07:55:17.549#Z#DEBUG#6828ea62-8e47-11f1-a22d-eeee0a847462.SmartProcureX-srv#flowable-async-job-executor-thread-2161#
[PollStartAppStatusExecution] d9622003-7570-45ea-b8be-97c6305e4251 [2026-08-02T05:41:51.803767] Starting app with guid d9622003-7570-45ea-b8be-97c6305e4251 (STDOUT, API)#
#2026 08 02 07:55:17.549#Z#DEBUG#6828ea62-8e47-11f1-a22d-eeee0a847462.SmartProcureX-srv#flowable-async-job-executor-thread-2161#
[PollStartAppStatusExecution] d9622003-7570-45ea-b8be-97c6305e4251 [2026-08-02T05:41:51.937321] Cell 919653e1-7038-451d-ac9f-e4bd0de8dbda creating container for instance 64faa002-1bf2-4b6b-751b-ef39 (STDOUT, CELL)#
#2026 08 02 07:55:17.549#Z#DEBUG#6828ea62-8e47-11f1-a22d-eeee0a847462.SmartProcureX-srv#flowable-async-job-executor-thread-2161#
[PollStartAppStatusExecution] d9622003-7570-45ea-b8be-97c6305e4251 [2026-08-02T05:41:52.220922] Security group rules were updated (STDOUT, CELL)#
#2026 08 02 07:55:17.549#Z#DEBUG#6828ea62-8e47-11f1-a22d-eeee0a847462.SmartProcureX-srv#flowable-async-job-executor-thread-2161#
[PollStartAppStatusExecution] d9622003-7570-45ea-b8be-97c6305e4251 [2026-08-02T05:41:52.283230] Cell 919653e1-7038-451d-ac9f-e4bd0de8dbda successfully created container for instance 64faa002-1bf2-4b6b-751b-ef39 (STDOUT, CELL)#
#2026 08 02 07:55:17.549#Z#DEBUG#6828ea62-8e47-11f1-a22d-eeee0a847462.SmartProcureX-srv#flowable-async-job-executor-thread-2161#
[PollStartAppStatusExecution] d9622003-7570-45ea-b8be-97c6305e4251 [2026-08-02T05:41:52.574345] Downloading droplet... (STDOUT, CELL)#
#2026 08 02 07:55:17.549#Z#DEBUG#6828ea62-8e47-11f1-a22d-eeee0a847462.SmartProcureX-srv#flowable-async-job-executor-thread-2161#
[PollStartAppStatusExecution] d9622003-7570-45ea-b8be-97c6305e4251 [2026-08-02T05:41:55.396056] Downloaded droplet (59.4M) (STDOUT, CELL)#
#2026 08 02 07:55:17.549#Z#DEBUG#6828ea62-8e47-11f1-a22d-eeee0a847462.SmartProcureX-srv#flowable-async-job-executor-thread-2161#
[PollStartAppStatusExecution] d9622003-7570-45ea-b8be-97c6305e4251 [2026-08-02T05:41:55.396253] Starting health monitoring of container (STDOUT, CELL)#
#2026 08 02 07:55:17.549#Z#DEBUG#6828ea62-8e47-11f1-a22d-eeee0a847462.SmartProcureX-srv#flowable-async-job-executor-thread-2161#
[PollStartAppStatusExecution] d9622003-7570-45ea-b8be-97c6305e4251 [2026-08-02T05:41:55.447626] Invoking pre-start scripts. (STDOUT, APP/PROC/WEB)#
#2026 08 02 07:55:17.549#Z#DEBUG#6828ea62-8e47-11f1-a22d-eeee0a847462.SmartProcureX-srv#flowable-async-job-executor-thread-2161#
[PollStartAppStatusExecution] d9622003-7570-45ea-b8be-97c6305e4251 [2026-08-02T05:41:55.587703] Invoking start command. (STDOUT, APP/PROC/WEB)#
#2026 08 02 07:55:17.549#Z#DEBUG#6828ea62-8e47-11f1-a22d-eeee0a847462.SmartProcureX-srv#flowable-async-job-executor-thread-2161#
[PollStartAppStatusExecution] d9622003-7570-45ea-b8be-97c6305e4251 [2026-08-02T05:41:55.879204] > smart-procure-x@1.0.0 start (STDOUT, APP/PROC/WEB)#
#2026 08 02 07:55:17.549#Z#DEBUG#6828ea62-8e47-11f1-a22d-eeee0a847462.SmartProcureX-srv#flowable-async-job-executor-thread-2161#
[PollStartAppStatusExecution] d9622003-7570-45ea-b8be-97c6305e4251 [2026-08-02T05:41:55.879230] > cds-serve (STDOUT, APP/PROC/WEB)#
#2026 08 02 07:55:17.549#Z#DEBUG#6828ea62-8e47-11f1-a22d-eeee0a847462.SmartProcureX-srv#flowable-async-job-executor-thread-2161#
[PollStartAppStatusExecution] d9622003-7570-45ea-b8be-97c6305e4251 [2026-08-02T05:41:56.179158] {"level":"info","logger":"cds","timestamp":"2026-08-02T05:41:56.178Z","layer":"cds","component_type":"application","container_id":"10.37.66.4","component_id":"d9622003-7570-45ea-b8be-97c6305e4251","component_name":"SmartProcureX-srv","component_instance":0,"source_instance":0,"organization_name":"0d79b96ctrial","organization_id":"e8159873-0fc0-4477-a4f9-3c43fdb65fe4","space_name":"dev","space_id":"0628b1b5-c14d-4a0a-abf9-843360b5d7c0","msg":"loaded model from 1 file(s):\n ","type":"log"} (STDOUT, APP/PROC/WEB)#
#2026 08 02 07:55:17.549#Z#DEBUG#6828ea62-8e47-11f1-a22d-eeee0a847462.SmartProcureX-srv#flowable-async-job-executor-thread-2161#
[PollStartAppStatusExecution] d9622003-7570-45ea-b8be-97c6305e4251 [2026-08-02T05:41:56.179483] srv/csn.json (STDOUT, APP/PROC/WEB)#
#2026 08 02 07:55:17.549#Z#DEBUG#6828ea62-8e47-11f1-a22d-eeee0a847462.SmartProcureX-srv#flowable-async-job-executor-thread-2161#
[PollStartAppStatusExecution] d9622003-7570-45ea-b8be-97c6305e4251 [2026-08-02T05:41:56.394858] {"level":"info","logger":"cds","timestamp":"2026-08-02T05:41:56.394Z","layer":"cds","component_type":"application","container_id":"10.37.66.4","component_id":"d9622003-7570-45ea-b8be-97c6305e4251","component_name":"SmartProcureX-srv","component_instance":0,"source_instance":0,"organization_name":"0d79b96ctrial","organization_id":"e8159873-0fc0-4477-a4f9-3c43fdb65fe4","space_name":"dev","space_id":"0628b1b5-c14d-4a0a-abf9-843360b5d7c0","msg":"connect to db > hana {\n  database_id: 'ccb85f22-d9b4-4190-84d2-64f7029bd6f6',\n  host: 'ccb85f22-d9b4-4190-84d2-64f7029bd6f6.hna1.prod-us10.hanacloud.ondemand.com',\n  port: '443',\n  driver: 'com.sap.db.jdbc.Driver',\n  url: 'jdbc:sap://ccb85f22-d9b4-4190-84d2-64f7029bd6f6.hna1.prod-us10.hanacloud.ondemand.com:443?encrypt=true&validateCertificate=true&currentschema=B2E83F60A5C34A6E98091CC639322A6C',\n  schema: 'B2E83F60A5C34A6E98091CC639322A6C',\n  certificate: '...',\n  hdi_user: 'B2E83F60A5C34A6E98091CC639322A6C_F15SDO7AIVZ7IX7EZZDN0GDKE_DT',\n  hdi_password: '...',\n  user: 'B2E83F60A5C34A6E98091CC639322A6C_F15SDO7AIVZ7IX7EZZDN0GDKE_RT',\n  password: '...'\n}","type":"log"} (STDOUT, APP/PROC/WEB)#
#2026 08 02 07:55:17.549#Z#DEBUG#6828ea62-8e47-11f1-a22d-eeee0a847462.SmartProcureX-srv#flowable-async-job-executor-thread-2161#
[PollStartAppStatusExecution] d9622003-7570-45ea-b8be-97c6305e4251 [2026-08-02T05:41:56.449107] {"level":"info","logger":"cds","timestamp":"2026-08-02T05:41:56.448Z","layer":"cds","component_type":"application","container_id":"10.37.66.4","component_id":"d9622003-7570-45ea-b8be-97c6305e4251","component_name":"SmartProcureX-srv","component_instance":0,"source_instance":0,"organization_name":"0d79b96ctrial","organization_id":"e8159873-0fc0-4477-a4f9-3c43fdb65fe4","space_name":"dev","space_id":"0628b1b5-c14d-4a0a-abf9-843360b5d7c0","msg":"using auth strategy { kind: 'xsuaa' }","type":"log"} (STDOUT, APP/PROC/WEB)#
#2026 08 02 07:55:17.549#Z#DEBUG#6828ea62-8e47-11f1-a22d-eeee0a847462.SmartProcureX-srv#flowable-async-job-executor-thread-2161#
[PollStartAppStatusExecution] d9622003-7570-45ea-b8be-97c6305e4251 [2026-08-02T05:41:56.471054] {"level":"info","logger":"cds","timestamp":"2026-08-02T05:41:56.470Z","layer":"cds","component_type":"application","container_id":"10.37.66.4","component_id":"d9622003-7570-45ea-b8be-97c6305e4251","component_name":"SmartProcureX-srv","component_instance":0,"source_instance":0,"organization_name":"0d79b96ctrial","organization_id":"e8159873-0fc0-4477-a4f9-3c43fdb65fe4","space_name":"dev","space_id":"0628b1b5-c14d-4a0a-abf9-843360b5d7c0","msg":"serving AssetService {\n  at: [ '/odata/v4/asset' ],\n  decl: 'srv/csn.json:2988',\n  impl: 'srv/asset-service.js'\n}","type":"log"} (STDOUT, APP/PROC/WEB)#
#2026 08 02 07:55:17.549#Z#DEBUG#6828ea62-8e47-11f1-a22d-eeee0a847462.SmartProcureX-srv#flowable-async-job-executor-thread-2161#
[PollStartAppStatusExecution] d9622003-7570-45ea-b8be-97c6305e4251 [2026-08-02T05:41:56.471557] {"level":"info","logger":"cds","timestamp":"2026-08-02T05:41:56.471Z","layer":"cds","component_type":"application","container_id":"10.37.66.4","component_id":"d9622003-7570-45ea-b8be-97c6305e4251","component_name":"SmartProcureX-srv","component_instance":0,"source_instance":0,"organization_name":"0d79b96ctrial","organization_id":"e8159873-0fc0-4477-a4f9-3c43fdb65fe4","space_name":"dev","space_id":"0628b1b5-c14d-4a0a-abf9-843360b5d7c0","msg":"serving IdentityService {\n  at: [ '/odata/v4/identity' ],\n  decl: 'srv/csn.json:3519'\n}","type":"log"} (STDOUT, APP/PROC/WEB)#
#2026 08 02 07:55:17.549#Z#DEBUG#6828ea62-8e47-11f1-a22d-eeee0a847462.SmartProcureX-srv#flowable-async-job-executor-thread-2161#
[PollStartAppStatusExecution] d9622003-7570-45ea-b8be-97c6305e4251 [2026-08-02T05:41:56.471881] {"level":"info","logger":"cds","timestamp":"2026-08-02T05:41:56.471Z","layer":"cds","component_type":"application","container_id":"10.37.66.4","component_id":"d9622003-7570-45ea-b8be-97c6305e4251","component_name":"SmartProcureX-srv","component_instance":0,"source_instance":0,"organization_name":"0d79b96ctrial","organization_id":"e8159873-0fc0-4477-a4f9-3c43fdb65fe4","space_name":"dev","space_id":"0628b1b5-c14d-4a0a-abf9-843360b5d7c0","msg":"serving PlatformService {\n  at: [ '/odata/v4/platform' ],\n  decl: 'srv/csn.json:3855',\n  impl: 'srv/platform-service.js'\n}","type":"log"} (STDOUT, APP/PROC/WEB)#
#2026 08 02 07:55:17.549#Z#DEBUG#6828ea62-8e47-11f1-a22d-eeee0a847462.SmartProcureX-srv#flowable-async-job-executor-thread-2161#
[PollStartAppStatusExecution] d9622003-7570-45ea-b8be-97c6305e4251 [2026-08-02T05:41:56.472381] {"level":"info","logger":"cds","timestamp":"2026-08-02T05:41:56.472Z","layer":"cds","component_type":"application","container_id":"10.37.66.4","component_id":"d9622003-7570-45ea-b8be-97c6305e4251","component_name":"SmartProcureX-srv","component_instance":0,"source_instance":0,"organization_name":"0d79b96ctrial","organization_id":"e8159873-0fc0-4477-a4f9-3c43fdb65fe4","space_name":"dev","space_id":"0628b1b5-c14d-4a0a-abf9-843360b5d7c0","msg":"serving ProcurementService {\n  at: [ '/odata/v4/procurement' ],\n  decl: 'srv/csn.json:4427',\n  impl: 'srv/procurement-service.js'\n}","type":"log"} (STDOUT, APP/PROC/WEB)#
#2026 08 02 07:55:17.549#Z#DEBUG#6828ea62-8e47-11f1-a22d-eeee0a847462.SmartProcureX-srv#flowable-async-job-executor-thread-2161#
[PollStartAppStatusExecution] d9622003-7570-45ea-b8be-97c6305e4251 [2026-08-02T05:41:56.473180] {"level":"info","logger":"cds","timestamp":"2026-08-02T05:41:56.472Z","layer":"cds","component_type":"application","container_id":"10.37.66.4","component_id":"d9622003-7570-45ea-b8be-97c6305e4251","component_name":"SmartProcureX-srv","component_instance":0,"source_instance":0,"organization_name":"0d79b96ctrial","organization_id":"e8159873-0fc0-4477-a4f9-3c43fdb65fe4","space_name":"dev","space_id":"0628b1b5-c14d-4a0a-abf9-843360b5d7c0","msg":"serving ReportingService {\n  at: [ '/odata/v4/reporting' ],\n  decl: 'srv/csn.json:5370',\n  impl: 'srv/reporting-service.js'\n}","type":"log"} (STDOUT, APP/PROC/WEB)#
#2026 08 02 07:55:17.549#Z#DEBUG#6828ea62-8e47-11f1-a22d-eeee0a847462.SmartProcureX-srv#flowable-async-job-executor-thread-2161#
[PollStartAppStatusExecution] d9622003-7570-45ea-b8be-97c6305e4251 [2026-08-02T05:41:56.473799] {"level":"info","logger":"cds","timestamp":"2026-08-02T05:41:56.473Z","layer":"cds","component_type":"application","container_id":"10.37.66.4","component_id":"d9622003-7570-45ea-b8be-97c6305e4251","component_name":"SmartProcureX-srv","component_instance":0,"source_instance":0,"organization_name":"0d79b96ctrial","organization_id":"e8159873-0fc0-4477-a4f9-3c43fdb65fe4","space_name":"dev","space_id":"0628b1b5-c14d-4a0a-abf9-843360b5d7c0","msg":"serving SupplierService {\n  at: [ '/odata/v4/supplier' ],\n  decl: 'srv/csn.json:5853'\n}","type":"log"} (STDOUT, APP/PROC/WEB)#
#2026 08 02 07:55:17.549#Z#DEBUG#6828ea62-8e47-11f1-a22d-eeee0a847462.SmartProcureX-srv#flowable-async-job-executor-thread-2161#
[PollStartAppStatusExecution] d9622003-7570-45ea-b8be-97c6305e4251 [2026-08-02T05:41:56.474261] {"level":"info","logger":"cds","timestamp":"2026-08-02T05:41:56.474Z","layer":"cds","component_type":"application","container_id":"10.37.66.4","component_id":"d9622003-7570-45ea-b8be-97c6305e4251","component_name":"SmartProcureX-srv","component_instance":0,"source_instance":0,"organization_name":"0d79b96ctrial","organization_id":"e8159873-0fc0-4477-a4f9-3c43fdb65fe4","space_name":"dev","space_id":"0628b1b5-c14d-4a0a-abf9-843360b5d7c0","msg":"serving WarehouseService {\n  at: [ '/odata/v4/warehouse' ],\n  decl: 'srv/csn.json:6089',\n  impl: 'srv/warehouse-service.js'\n}","type":"log"} (STDOUT, APP/PROC/WEB)#
#2026 08 02 07:55:17.549#Z#DEBUG#6828ea62-8e47-11f1-a22d-eeee0a847462.SmartProcureX-srv#flowable-async-job-executor-thread-2161#
[PollStartAppStatusExecution] d9622003-7570-45ea-b8be-97c6305e4251 [2026-08-02T05:41:56.478066] {"level":"info","logger":"cds","timestamp":"2026-08-02T05:41:56.477Z","layer":"cds","component_type":"application","container_id":"10.37.66.4","component_id":"d9622003-7570-45ea-b8be-97c6305e4251","component_name":"SmartProcureX-srv","component_instance":0,"source_instance":0,"organization_name":"0d79b96ctrial","organization_id":"e8159873-0fc0-4477-a4f9-3c43fdb65fe4","space_name":"dev","space_id":"0628b1b5-c14d-4a0a-abf9-843360b5d7c0","msg":"server listening on { url: 'http://localhost:8080' }","type":"log"} (STDOUT, APP/PROC/WEB)#
#2026 08 02 07:55:17.549#Z#DEBUG#6828ea62-8e47-11f1-a22d-eeee0a847462.SmartProcureX-srv#flowable-async-job-executor-thread-2161#
[PollStartAppStatusExecution] d9622003-7570-45ea-b8be-97c6305e4251 [2026-08-02T05:41:56.479099] {"level":"info","logger":"cds","timestamp":"2026-08-02T05:41:56.478Z","layer":"cds","component_type":"application","container_id":"10.37.66.4","component_id":"d9622003-7570-45ea-b8be-97c6305e4251","component_name":"SmartProcureX-srv","component_instance":0,"source_instance":0,"organization_name":"0d79b96ctrial","organization_id":"e8159873-0fc0-4477-a4f9-3c43fdb65fe4","space_name":"dev","space_id":"0628b1b5-c14d-4a0a-abf9-843360b5d7c0","msg":"server v10.0.4 launched in 590 ms","type":"log"} (STDOUT, APP/PROC/WEB)#
#2026 08 02 07:55:17.549#Z#DEBUG#6828ea62-8e47-11f1-a22d-eeee0a847462.SmartProcureX-srv#flowable-async-job-executor-thread-2161#
[PollStartAppStatusExecution] d9622003-7570-45ea-b8be-97c6305e4251 [2026-08-02T05:41:57.483834] {"level":"warn","logger":"queue","correlation_id":"b965499c-b8eb-4d33-9f3f-20fc82912b96","timestamp":"2026-08-02T05:41:57.483Z","msg":"Failed to fetch targets for flush Pool resource could not be acquired within 1s","stacktrace":["Error: Pool resource could not be acquired within 1s","at /home/vcap/app/node_modules/@cap-js/db-service/lib/common/generic-pool.js:71:21","at new Promise (<anonymous>)","at new Request (/home/vcap/app/node_modules/@cap-js/db-service/lib/common/generic-pool.js:59:20)","at Pool.acquire (/home/vcap/app/node_modules/@cap-js/db-service/lib/common/generic-pool.js:141:21)","at HANAService.acquire (/home/vcap/app/node_modules/@cap-js/db-service/lib/common/DatabaseService.js:106:28)","at HANAService.begin (/home/vcap/app/node_modules/@cap-js/db-service/lib/common/DatabaseService.js:66:27)","at HANAService._begin [as dispatch] (/home/vcap/app/node_modules/@sap/cds/lib/srv/srv-tx.js:195:38)","at /home/vcap/app/node_modules/@sap/cds/lib/srv/srv-dispatch.js:20:50","at HANAService.run (/home/vcap/app/node_modules/@sap/cds/lib/srv/cds.Service.js:171:44)","at HANAService.run (/home/vcap/app/node_modules/@cap-js/db-service/lib/common/DatabaseService.js:158:18)"],"layer":"cds","component_type":"application","container_id":"10.37.66.4","component_id":"d9622003-7570-45ea-b8be-97c6305e4251","component_name":"SmartProcureX-srv","component_instance":0,"source_instance":0,"organization_name":"0d79b96ctrial","organization_id":"e8159873-0fc0-4477-a4f9-3c43fdb65fe4","space_name":"dev","space_id":"0628b1b5-c14d-4a0a-abf9-843360b5d7c0","type":"log"} (STDERR, APP/PROC/WEB)#
#2026 08 02 07:55:17.549#Z#DEBUG#6828ea62-8e47-11f1-a22d-eeee0a847462.SmartProcureX-srv#flowable-async-job-executor-thread-2161#
[PollStartAppStatusExecution] d9622003-7570-45ea-b8be-97c6305e4251 [2026-08-02T05:41:58.881397] Container became healthy (STDOUT, CELL)#
#2026 08 02 07:55:17.549#Z#DEBUG#6828ea62-8e47-11f1-a22d-eeee0a847462.SmartProcureX-srv#flowable-async-job-executor-thread-2161#
[PollStartAppStatusExecution] d9622003-7570-45ea-b8be-97c6305e4251 [2026-08-02T05:41:58.904653] Process became ready with guid d9622003-7570-45ea-b8be-97c6305e4251 payload: {"instance"=>"64faa002-1bf2-4b6b-751b-ef39", "index"=>0, "cell_id"=>"919653e1-7038-451d-ac9f-e4bd0de8dbda", "ready"=>true, "version"=>"f65ae4ad-14d0-4249-99e5-dca1cab231b2"} (STDOUT, API)#
#2026 08 02 07:55:17.549#Z#DEBUG#6828ea62-8e47-11f1-a22d-eeee0a847462.SmartProcureX-srv#flowable-async-job-executor-thread-2161#
[PollStartAppStatusExecution] d9622003-7570-45ea-b8be-97c6305e4251 [2026-08-02T05:42:57.518534] Cell cdd66a98-00c8-41cf-94b2-8f9408d19596 destroying container for instance 22dea062-4692-4182-6929-980f (STDOUT, CELL)#
#2026 08 02 07:55:17.549#Z#DEBUG#6828ea62-8e47-11f1-a22d-eeee0a847462.SmartProcureX-srv#flowable-async-job-executor-thread-2161#
[PollStartAppStatusExecution] d9622003-7570-45ea-b8be-97c6305e4251 [2026-08-02T05:42:57.604738] Exit status 137 (STDOUT, PROXY)#
#2026 08 02 07:55:17.549#Z#DEBUG#6828ea62-8e47-11f1-a22d-eeee0a847462.SmartProcureX-srv#flowable-async-job-executor-thread-2161#
[PollStartAppStatusExecution] d9622003-7570-45ea-b8be-97c6305e4251 [2026-08-02T05:42:58.652927] Cell cdd66a98-00c8-41cf-94b2-8f9408d19596 successfully destroyed container for instance 22dea062-4692-4182-6929-980f (STDOUT, CELL)#
#2026 08 02 07:55:17.549#Z#DEBUG#6828ea62-8e47-11f1-a22d-eeee0a847462.SmartProcureX-srv#flowable-async-job-executor-thread-2161#
[PollStartAppStatusExecution] d9622003-7570-45ea-b8be-97c6305e4251 [2026-08-02T05:58:00.729712] Creating build for app with guid d9622003-7570-45ea-b8be-97c6305e4251 (STDOUT, API)#
#2026 08 02 07:55:17.549#Z#DEBUG#6828ea62-8e47-11f1-a22d-eeee0a847462.SmartProcureX-srv#flowable-async-job-executor-thread-2161#
[PollStartAppStatusExecution] d9622003-7570-45ea-b8be-97c6305e4251 [2026-08-02T05:58:01.031424] Downloading nodejs_buildpack... (STDOUT, STG)#
#2026 08 02 07:55:17.549#Z#DEBUG#6828ea62-8e47-11f1-a22d-eeee0a847462.SmartProcureX-srv#flowable-async-job-executor-thread-2161#
[PollStartAppStatusExecution] d9622003-7570-45ea-b8be-97c6305e4251 [2026-08-02T05:58:01.072013] Downloaded nodejs_buildpack (STDOUT, STG)#
#2026 08 02 07:55:17.549#Z#DEBUG#6828ea62-8e47-11f1-a22d-eeee0a847462.SmartProcureX-srv#flowable-async-job-executor-thread-2161#
[PollStartAppStatusExecution] d9622003-7570-45ea-b8be-97c6305e4251 [2026-08-02T05:58:01.072096] Cell cdd66a98-00c8-41cf-94b2-8f9408d19596 creating container for instance 462c1853-5c87-4f95-b247-4c5413f17d55 (STDOUT, STG)#
#2026 08 02 07:55:17.549#Z#DEBUG#6828ea62-8e47-11f1-a22d-eeee0a847462.SmartProcureX-srv#flowable-async-job-executor-thread-2161#
[PollStartAppStatusExecution] d9622003-7570-45ea-b8be-97c6305e4251 [2026-08-02T05:58:01.370929] Security group rules were updated (STDOUT, STG)#
#2026 08 02 07:55:17.549#Z#DEBUG#6828ea62-8e47-11f1-a22d-eeee0a847462.SmartProcureX-srv#flowable-async-job-executor-thread-2161#
[PollStartAppStatusExecution] d9622003-7570-45ea-b8be-97c6305e4251 [2026-08-02T05:58:01.438163] Cell cdd66a98-00c8-41cf-94b2-8f9408d19596 successfully created container for instance 462c1853-5c87-4f95-b247-4c5413f17d55 (STDOUT, STG)#
#2026 08 02 07:55:17.549#Z#DEBUG#6828ea62-8e47-11f1-a22d-eeee0a847462.SmartProcureX-srv#flowable-async-job-executor-thread-2161#
[PollStartAppStatusExecution] d9622003-7570-45ea-b8be-97c6305e4251 [2026-08-02T05:58:01.854141] Downloading app package... (STDOUT, STG)#
#2026 08 02 07:55:17.549#Z#DEBUG#6828ea62-8e47-11f1-a22d-eeee0a847462.SmartProcureX-srv#flowable-async-job-executor-thread-2161#
[PollStartAppStatusExecution] d9622003-7570-45ea-b8be-97c6305e4251 [2026-08-02T05:58:01.854145] Downloading build artifacts cache... (STDOUT, STG)#
#2026 08 02 07:55:17.549#Z#DEBUG#6828ea62-8e47-11f1-a22d-eeee0a847462.SmartProcureX-srv#flowable-async-job-executor-thread-2161#
[PollStartAppStatusExecution] d9622003-7570-45ea-b8be-97c6305e4251 [2026-08-02T05:58:01.931950] Downloaded build artifacts cache (224B) (STDOUT, STG)#
#2026 08 02 07:55:17.549#Z#DEBUG#6828ea62-8e47-11f1-a22d-eeee0a847462.SmartProcureX-srv#flowable-async-job-executor-thread-2161#
[PollStartAppStatusExecution] d9622003-7570-45ea-b8be-97c6305e4251 [2026-08-02T05:58:02.298903] Downloaded app package (3.5M) (STDOUT, STG)#
#2026 08 02 07:55:17.549#Z#DEBUG#6828ea62-8e47-11f1-a22d-eeee0a847462.SmartProcureX-srv#flowable-async-job-executor-thread-2161#
[PollStartAppStatusExecution] d9622003-7570-45ea-b8be-97c6305e4251 [2026-08-02T05:58:02.349025] -----> Nodejs Buildpack version 1.9.2 (STDOUT, STG)#
#2026 08 02 07:55:17.549#Z#DEBUG#6828ea62-8e47-11f1-a22d-eeee0a847462.SmartProcureX-srv#flowable-async-job-executor-thread-2161#
[PollStartAppStatusExecution] d9622003-7570-45ea-b8be-97c6305e4251 [2026-08-02T05:58:02.480424] -----> Bootstrapping python (STDOUT, STG)#
#2026 08 02 07:55:17.549#Z#DEBUG#6828ea62-8e47-11f1-a22d-eeee0a847462.SmartProcureX-srv#flowable-async-job-executor-thread-2161#
[PollStartAppStatusExecution] d9622003-7570-45ea-b8be-97c6305e4251 [2026-08-02T05:58:02.480441] -----> Installing python 3.13.13 (STDOUT, STG)#
#2026 08 02 07:55:17.549#Z#DEBUG#6828ea62-8e47-11f1-a22d-eeee0a847462.SmartProcureX-srv#flowable-async-job-executor-thread-2161#
[PollStartAppStatusExecution] d9622003-7570-45ea-b8be-97c6305e4251 [2026-08-02T05:58:02.480498] Copy [/tmp/buildpacks/411ec6166282b4d1/dependencies/268a5e3743d51a14b86ea9da64439307/python_3.13.13_linux_x64_cflinuxfs4_8311abbf.tgz] (STDOUT, STG)#
#2026 08 02 07:55:17.549#Z#DEBUG#6828ea62-8e47-11f1-a22d-eeee0a847462.SmartProcureX-srv#flowable-async-job-executor-thread-2161#
[PollStartAppStatusExecution] d9622003-7570-45ea-b8be-97c6305e4251 [2026-08-02T05:58:05.401873] -----> Installing binaries (STDOUT, STG)#
#2026 08 02 07:55:17.549#Z#DEBUG#6828ea62-8e47-11f1-a22d-eeee0a847462.SmartProcureX-srv#flowable-async-job-executor-thread-2161#
[PollStartAppStatusExecution] d9622003-7570-45ea-b8be-97c6305e4251 [2026-08-02T05:58:05.402368] engines.node (package.json): ^24 (STDOUT, STG)#
#2026 08 02 07:55:17.549#Z#DEBUG#6828ea62-8e47-11f1-a22d-eeee0a847462.SmartProcureX-srv#flowable-async-job-executor-thread-2161#
[PollStartAppStatusExecution] d9622003-7570-45ea-b8be-97c6305e4251 [2026-08-02T05:58:05.402383] engines.npm (package.json): unspecified (use default) (STDOUT, STG)#
#2026 08 02 07:55:17.549#Z#DEBUG#6828ea62-8e47-11f1-a22d-eeee0a847462.SmartProcureX-srv#flowable-async-job-executor-thread-2161#
[PollStartAppStatusExecution] d9622003-7570-45ea-b8be-97c6305e4251 [2026-08-02T05:58:05.402500] -----> Installing node 24.15.0 (STDOUT, STG)#
#2026 08 02 07:55:17.549#Z#DEBUG#6828ea62-8e47-11f1-a22d-eeee0a847462.SmartProcureX-srv#flowable-async-job-executor-thread-2161#
[PollStartAppStatusExecution] d9622003-7570-45ea-b8be-97c6305e4251 [2026-08-02T05:58:05.402703] Copy [/tmp/buildpacks/411ec6166282b4d1/dependencies/6441e97e6386f47ec4c16cfdf8db0a17/node_24.15.0_linux_x64_cflinuxfs4_1a62d98b.tgz] (STDOUT, STG)#
#2026 08 02 07:55:17.549#Z#DEBUG#6828ea62-8e47-11f1-a22d-eeee0a847462.SmartProcureX-srv#flowable-async-job-executor-thread-2161#
[PollStartAppStatusExecution] d9622003-7570-45ea-b8be-97c6305e4251 [2026-08-02T05:58:07.120131] Using default npm version: 11.12.1 (STDOUT, STG)#
#2026 08 02 07:55:17.549#Z#DEBUG#6828ea62-8e47-11f1-a22d-eeee0a847462.SmartProcureX-srv#flowable-async-job-executor-thread-2161#
[PollStartAppStatusExecution] d9622003-7570-45ea-b8be-97c6305e4251 [2026-08-02T05:58:07.120154] -----> Installing yarn 1.22.22 (STDOUT, STG)#
#2026 08 02 07:55:17.549#Z#DEBUG#6828ea62-8e47-11f1-a22d-eeee0a847462.SmartProcureX-srv#flowable-async-job-executor-thread-2161#
[PollStartAppStatusExecution] d9622003-7570-45ea-b8be-97c6305e4251 [2026-08-02T05:58:07.120168] Copy [/tmp/buildpacks/411ec6166282b4d1/dependencies/e4fe26756e9984a665478d350474fa2e/yarn_1.22.22_linux_noarch_any-stack_b6132b86.tgz] (STDOUT, STG)#
#2026 08 02 07:55:17.549#Z#DEBUG#6828ea62-8e47-11f1-a22d-eeee0a847462.SmartProcureX-srv#flowable-async-job-executor-thread-2161#
[PollStartAppStatusExecution] d9622003-7570-45ea-b8be-97c6305e4251 [2026-08-02T05:58:07.372808] Installed yarn 1.22.22 (STDOUT, STG)#
#2026 08 02 07:55:17.549#Z#DEBUG#6828ea62-8e47-11f1-a22d-eeee0a847462.SmartProcureX-srv#flowable-async-job-executor-thread-2161#
[PollStartAppStatusExecution] d9622003-7570-45ea-b8be-97c6305e4251 [2026-08-02T05:58:07.372837] -----> Creating runtime environment (STDOUT, STG)#
#2026 08 02 07:55:17.549#Z#DEBUG#6828ea62-8e47-11f1-a22d-eeee0a847462.SmartProcureX-srv#flowable-async-job-executor-thread-2161#
[PollStartAppStatusExecution] d9622003-7570-45ea-b8be-97c6305e4251 [2026-08-02T05:58:07.374345] NODE_ENV=production (STDOUT, STG)#
#2026 08 02 07:55:17.549#Z#DEBUG#6828ea62-8e47-11f1-a22d-eeee0a847462.SmartProcureX-srv#flowable-async-job-executor-thread-2161#
[PollStartAppStatusExecution] d9622003-7570-45ea-b8be-97c6305e4251 [2026-08-02T05:58:07.374372] NODE_HOME=/tmp/contents2937365381/deps/0/node (STDOUT, STG)#
#2026 08 02 07:55:17.549#Z#DEBUG#6828ea62-8e47-11f1-a22d-eeee0a847462.SmartProcureX-srv#flowable-async-job-executor-thread-2161#
[PollStartAppStatusExecution] d9622003-7570-45ea-b8be-97c6305e4251 [2026-08-02T05:58:07.374379] NODE_MODULES_CACHE=true (STDOUT, STG)#
#2026 08 02 07:55:17.549#Z#DEBUG#6828ea62-8e47-11f1-a22d-eeee0a847462.SmartProcureX-srv#flowable-async-job-executor-thread-2161#
[PollStartAppStatusExecution] d9622003-7570-45ea-b8be-97c6305e4251 [2026-08-02T05:58:07.374381] NODE_VERBOSE=false (STDOUT, STG)#
#2026 08 02 07:55:17.549#Z#DEBUG#6828ea62-8e47-11f1-a22d-eeee0a847462.SmartProcureX-srv#flowable-async-job-executor-thread-2161#
[PollStartAppStatusExecution] d9622003-7570-45ea-b8be-97c6305e4251 [2026-08-02T05:58:07.374384] NPM_CONFIG_LOGLEVEL=error (STDOUT, STG)#
#2026 08 02 07:55:17.549#Z#DEBUG#6828ea62-8e47-11f1-a22d-eeee0a847462.SmartProcureX-srv#flowable-async-job-executor-thread-2161#
[PollStartAppStatusExecution] d9622003-7570-45ea-b8be-97c6305e4251 [2026-08-02T05:58:07.374386] NPM_CONFIG_PRODUCTION=true (STDOUT, STG)#
#2026 08 02 07:55:17.549#Z#DEBUG#6828ea62-8e47-11f1-a22d-eeee0a847462.SmartProcureX-srv#flowable-async-job-executor-thread-2161#
[PollStartAppStatusExecution] d9622003-7570-45ea-b8be-97c6305e4251 [2026-08-02T05:58:07.374405] -----> Building dependencies (STDOUT, STG)#
#2026 08 02 07:55:17.549#Z#DEBUG#6828ea62-8e47-11f1-a22d-eeee0a847462.SmartProcureX-srv#flowable-async-job-executor-thread-2161#
[PollStartAppStatusExecution] d9622003-7570-45ea-b8be-97c6305e4251 [2026-08-02T05:58:07.374407] Prebuild detected (node_modules already exists) (STDOUT, STG)#
#2026 08 02 07:55:17.549#Z#DEBUG#6828ea62-8e47-11f1-a22d-eeee0a847462.SmartProcureX-srv#flowable-async-job-executor-thread-2161#
[PollStartAppStatusExecution] d9622003-7570-45ea-b8be-97c6305e4251 [2026-08-02T05:58:07.374409] Rebuilding any native modules (STDOUT, STG)#
#2026 08 02 07:55:17.549#Z#DEBUG#6828ea62-8e47-11f1-a22d-eeee0a847462.SmartProcureX-srv#flowable-async-job-executor-thread-2161#
[PollStartAppStatusExecution] d9622003-7570-45ea-b8be-97c6305e4251 [2026-08-02T05:58:07.823603] rebuilt dependencies successfully (STDOUT, STG)#
#2026 08 02 07:55:17.549#Z#DEBUG#6828ea62-8e47-11f1-a22d-eeee0a847462.SmartProcureX-srv#flowable-async-job-executor-thread-2161#
[PollStartAppStatusExecution] d9622003-7570-45ea-b8be-97c6305e4251 [2026-08-02T05:58:07.824954] npm notice (STDOUT, STG)#
#2026 08 02 07:55:17.549#Z#DEBUG#6828ea62-8e47-11f1-a22d-eeee0a847462.SmartProcureX-srv#flowable-async-job-executor-thread-2161#
[PollStartAppStatusExecution] d9622003-7570-45ea-b8be-97c6305e4251 [2026-08-02T05:58:07.824971] npm notice New major version of npm available! 11.12.1 -> 12.0.2 (STDOUT, STG)#
#2026 08 02 07:55:17.549#Z#DEBUG#6828ea62-8e47-11f1-a22d-eeee0a847462.SmartProcureX-srv#flowable-async-job-executor-thread-2161#
[PollStartAppStatusExecution] d9622003-7570-45ea-b8be-97c6305e4251 [2026-08-02T05:58:07.824974] npm notice Changelog: https://github.com/npm/cli/releases/tag/v12.0.2 (STDOUT, STG)#
#2026 08 02 07:55:17.549#Z#DEBUG#6828ea62-8e47-11f1-a22d-eeee0a847462.SmartProcureX-srv#flowable-async-job-executor-thread-2161#
[PollStartAppStatusExecution] d9622003-7570-45ea-b8be-97c6305e4251 [2026-08-02T05:58:07.824976] npm notice To update run: npm install -g npm@12.0.2 (STDOUT, STG)#
#2026 08 02 07:55:17.549#Z#DEBUG#6828ea62-8e47-11f1-a22d-eeee0a847462.SmartProcureX-srv#flowable-async-job-executor-thread-2161#
[PollStartAppStatusExecution] d9622003-7570-45ea-b8be-97c6305e4251 [2026-08-02T05:58:07.824980] npm notice (STDOUT, STG)#
#2026 08 02 07:55:17.549#Z#DEBUG#6828ea62-8e47-11f1-a22d-eeee0a847462.SmartProcureX-srv#flowable-async-job-executor-thread-2161#
[PollStartAppStatusExecution] d9622003-7570-45ea-b8be-97c6305e4251 [2026-08-02T05:58:07.872514] Installing any new modules (package.json + package-lock.json) (STDOUT, STG)#
#2026 08 02 07:55:17.549#Z#DEBUG#6828ea62-8e47-11f1-a22d-eeee0a847462.SmartProcureX-srv#flowable-async-job-executor-thread-2161#
[PollStartAppStatusExecution] d9622003-7570-45ea-b8be-97c6305e4251 [2026-08-02T05:58:08.305410] up to date in 371ms (STDOUT, STG)#
#2026 08 02 07:55:17.549#Z#DEBUG#6828ea62-8e47-11f1-a22d-eeee0a847462.SmartProcureX-srv#flowable-async-job-executor-thread-2161#
[PollStartAppStatusExecution] d9622003-7570-45ea-b8be-97c6305e4251 [2026-08-02T05:58:08.305474] 29 packages are looking for funding (STDOUT, STG)#
#2026 08 02 07:55:17.549#Z#DEBUG#6828ea62-8e47-11f1-a22d-eeee0a847462.SmartProcureX-srv#flowable-async-job-executor-thread-2161#
[PollStartAppStatusExecution] d9622003-7570-45ea-b8be-97c6305e4251 [2026-08-02T05:58:08.305527] run `npm fund` for details (STDOUT, STG)#
#2026 08 02 07:55:17.549#Z#DEBUG#6828ea62-8e47-11f1-a22d-eeee0a847462.SmartProcureX-srv#flowable-async-job-executor-thread-2161#
[PollStartAppStatusExecution] d9622003-7570-45ea-b8be-97c6305e4251 [2026-08-02T05:58:08.788385] Contrast Security no credentials found. Will not write environment files. (STDOUT, STG)#
#2026 08 02 07:55:17.549#Z#DEBUG#6828ea62-8e47-11f1-a22d-eeee0a847462.SmartProcureX-srv#flowable-async-job-executor-thread-2161#
[PollStartAppStatusExecution] d9622003-7570-45ea-b8be-97c6305e4251 [2026-08-02T05:58:16.436291] Exit status 0 (STDOUT, STG)#
#2026 08 02 07:55:17.549#Z#DEBUG#6828ea62-8e47-11f1-a22d-eeee0a847462.SmartProcureX-srv#flowable-async-job-executor-thread-2161#
[PollStartAppStatusExecution] d9622003-7570-45ea-b8be-97c6305e4251 [2026-08-02T05:58:16.436326] Uploading droplet, build artifacts cache... (STDOUT, STG)#
#2026 08 02 07:55:17.549#Z#DEBUG#6828ea62-8e47-11f1-a22d-eeee0a847462.SmartProcureX-srv#flowable-async-job-executor-thread-2161#
[PollStartAppStatusExecution] d9622003-7570-45ea-b8be-97c6305e4251 [2026-08-02T05:58:16.436354] Uploading droplet... (STDOUT, STG)#
#2026 08 02 07:55:17.549#Z#DEBUG#6828ea62-8e47-11f1-a22d-eeee0a847462.SmartProcureX-srv#flowable-async-job-executor-thread-2161#
[PollStartAppStatusExecution] d9622003-7570-45ea-b8be-97c6305e4251 [2026-08-02T05:58:16.436379] Uploading build artifacts cache... (STDOUT, STG)#
#2026 08 02 07:55:17.549#Z#DEBUG#6828ea62-8e47-11f1-a22d-eeee0a847462.SmartProcureX-srv#flowable-async-job-executor-thread-2161#
[PollStartAppStatusExecution] d9622003-7570-45ea-b8be-97c6305e4251 [2026-08-02T05:58:16.455781] Uploaded build artifacts cache (223B) (STDOUT, STG)#
#2026 08 02 07:55:17.549#Z#DEBUG#6828ea62-8e47-11f1-a22d-eeee0a847462.SmartProcureX-srv#flowable-async-job-executor-thread-2161#
[PollStartAppStatusExecution] d9622003-7570-45ea-b8be-97c6305e4251 [2026-08-02T05:58:17.071777] Creating droplet for app with guid d9622003-7570-45ea-b8be-97c6305e4251 (STDOUT, API)#
#2026 08 02 07:55:17.549#Z#DEBUG#6828ea62-8e47-11f1-a22d-eeee0a847462.SmartProcureX-srv#flowable-async-job-executor-thread-2161#
[PollStartAppStatusExecution] d9622003-7570-45ea-b8be-97c6305e4251 [2026-08-02T05:58:21.141653] Uploaded droplet (59.4M) (STDOUT, STG)#
#2026 08 02 07:55:17.549#Z#DEBUG#6828ea62-8e47-11f1-a22d-eeee0a847462.SmartProcureX-srv#flowable-async-job-executor-thread-2161#
[PollStartAppStatusExecution] d9622003-7570-45ea-b8be-97c6305e4251 [2026-08-02T05:58:21.156282] Uploading complete (STDOUT, STG)#
#2026 08 02 07:55:17.549#Z#DEBUG#6828ea62-8e47-11f1-a22d-eeee0a847462.SmartProcureX-srv#flowable-async-job-executor-thread-2161#
[PollStartAppStatusExecution] d9622003-7570-45ea-b8be-97c6305e4251 [2026-08-02T05:58:22.085641] Cell cdd66a98-00c8-41cf-94b2-8f9408d19596 stopping instance 462c1853-5c87-4f95-b247-4c5413f17d55 (STDOUT, STG)#
#2026 08 02 07:55:17.549#Z#DEBUG#6828ea62-8e47-11f1-a22d-eeee0a847462.SmartProcureX-srv#flowable-async-job-executor-thread-2161#
[PollStartAppStatusExecution] d9622003-7570-45ea-b8be-97c6305e4251 [2026-08-02T05:58:22.085681] Cell cdd66a98-00c8-41cf-94b2-8f9408d19596 destroying container for instance 462c1853-5c87-4f95-b247-4c5413f17d55 (STDOUT, STG)#
#2026 08 02 07:55:17.549#Z#DEBUG#6828ea62-8e47-11f1-a22d-eeee0a847462.SmartProcureX-srv#flowable-async-job-executor-thread-2161#
[PollStartAppStatusExecution] d9622003-7570-45ea-b8be-97c6305e4251 [2026-08-02T05:58:22.133583] Staging complete for build 462c1853-5c87-4f95-b247-4c5413f17d55 (STDOUT, API)#
#2026 08 02 07:55:17.549#Z#DEBUG#6828ea62-8e47-11f1-a22d-eeee0a847462.SmartProcureX-srv#flowable-async-job-executor-thread-2161#
[PollStartAppStatusExecution] d9622003-7570-45ea-b8be-97c6305e4251 [2026-08-02T05:58:23.338312] Cell cdd66a98-00c8-41cf-94b2-8f9408d19596 successfully destroyed container for instance 462c1853-5c87-4f95-b247-4c5413f17d55 (STDOUT, STG)#
#2026 08 02 07:55:17.549#Z#DEBUG#6828ea62-8e47-11f1-a22d-eeee0a847462.SmartProcureX-srv#flowable-async-job-executor-thread-2161#
[PollStartAppStatusExecution] d9622003-7570-45ea-b8be-97c6305e4251 [2026-08-02T05:58:25.196929] Stopping app with guid d9622003-7570-45ea-b8be-97c6305e4251 (STDOUT, API)#
#2026 08 02 07:55:17.549#Z#DEBUG#6828ea62-8e47-11f1-a22d-eeee0a847462.SmartProcureX-srv#flowable-async-job-executor-thread-2161#
[PollStartAppStatusExecution] d9622003-7570-45ea-b8be-97c6305e4251 [2026-08-02T05:58:25.230980] Cell 919653e1-7038-451d-ac9f-e4bd0de8dbda stopping instance 64faa002-1bf2-4b6b-751b-ef39 (STDOUT, CELL)#
#2026 08 02 07:55:17.549#Z#DEBUG#6828ea62-8e47-11f1-a22d-eeee0a847462.SmartProcureX-srv#flowable-async-job-executor-thread-2161#
[PollStartAppStatusExecution] d9622003-7570-45ea-b8be-97c6305e4251 [2026-08-02T05:58:25.755947] Updated app with guid d9622003-7570-45ea-b8be-97c6305e4251 ({:droplet_guid=>"2c1b09a8-f1fb-429f-8799-0730a3f26bab"}) (STDOUT, API)#
#2026 08 02 07:55:17.549#Z#DEBUG#6828ea62-8e47-11f1-a22d-eeee0a847462.SmartProcureX-srv#flowable-async-job-executor-thread-2161#
[PollStartAppStatusExecution] d9622003-7570-45ea-b8be-97c6305e4251 [2026-08-02T05:58:26.114984] Creating revision for app with guid d9622003-7570-45ea-b8be-97c6305e4251 (STDOUT, API)#
#2026 08 02 07:55:17.549#Z#DEBUG#6828ea62-8e47-11f1-a22d-eeee0a847462.SmartProcureX-srv#flowable-async-job-executor-thread-2161#
[PollStartAppStatusExecution] d9622003-7570-45ea-b8be-97c6305e4251 [2026-08-02T05:58:26.152210] Starting app with guid d9622003-7570-45ea-b8be-97c6305e4251 (STDOUT, API)#
#2026 08 02 07:55:17.549#Z#DEBUG#6828ea62-8e47-11f1-a22d-eeee0a847462.SmartProcureX-srv#flowable-async-job-executor-thread-2161#
[PollStartAppStatusExecution] d9622003-7570-45ea-b8be-97c6305e4251 [2026-08-02T05:58:26.282971] Cell cdd66a98-00c8-41cf-94b2-8f9408d19596 creating container for instance 9b40dc3b-51e5-42fd-609b-eb21 (STDOUT, CELL)#
#2026 08 02 07:55:17.549#Z#DEBUG#6828ea62-8e47-11f1-a22d-eeee0a847462.SmartProcureX-srv#flowable-async-job-executor-thread-2161#
[PollStartAppStatusExecution] d9622003-7570-45ea-b8be-97c6305e4251 [2026-08-02T05:58:26.579244] Security group rules were updated (STDOUT, CELL)#
#2026 08 02 07:55:17.549#Z#DEBUG#6828ea62-8e47-11f1-a22d-eeee0a847462.SmartProcureX-srv#flowable-async-job-executor-thread-2161#
[PollStartAppStatusExecution] d9622003-7570-45ea-b8be-97c6305e4251 [2026-08-02T05:58:26.633378] Cell cdd66a98-00c8-41cf-94b2-8f9408d19596 successfully created container for instance 9b40dc3b-51e5-42fd-609b-eb21 (STDOUT, CELL)#
#2026 08 02 07:55:17.549#Z#DEBUG#6828ea62-8e47-11f1-a22d-eeee0a847462.SmartProcureX-srv#flowable-async-job-executor-thread-2161#
[PollStartAppStatusExecution] d9622003-7570-45ea-b8be-97c6305e4251 [2026-08-02T05:58:26.874981] Downloading droplet... (STDOUT, CELL)#
#2026 08 02 07:55:17.549#Z#DEBUG#6828ea62-8e47-11f1-a22d-eeee0a847462.SmartProcureX-srv#flowable-async-job-executor-thread-2161#
[PollStartAppStatusExecution] d9622003-7570-45ea-b8be-97c6305e4251 [2026-08-02T05:58:29.640035] Downloaded droplet (59.4M) (STDOUT, CELL)#
#2026 08 02 07:55:17.549#Z#DEBUG#6828ea62-8e47-11f1-a22d-eeee0a847462.SmartProcureX-srv#flowable-async-job-executor-thread-2161#
[PollStartAppStatusExecution] d9622003-7570-45ea-b8be-97c6305e4251 [2026-08-02T05:58:29.640183] Starting health monitoring of container (STDOUT, CELL)#
#2026 08 02 07:55:17.549#Z#DEBUG#6828ea62-8e47-11f1-a22d-eeee0a847462.SmartProcureX-srv#flowable-async-job-executor-thread-2161#
[PollStartAppStatusExecution] d9622003-7570-45ea-b8be-97c6305e4251 [2026-08-02T05:58:29.691364] Invoking pre-start scripts. (STDOUT, APP/PROC/WEB)#
#2026 08 02 07:55:17.549#Z#DEBUG#6828ea62-8e47-11f1-a22d-eeee0a847462.SmartProcureX-srv#flowable-async-job-executor-thread-2161#
[PollStartAppStatusExecution] d9622003-7570-45ea-b8be-97c6305e4251 [2026-08-02T05:58:29.829672] Invoking start command. (STDOUT, APP/PROC/WEB)#
#2026 08 02 07:55:17.549#Z#DEBUG#6828ea62-8e47-11f1-a22d-eeee0a847462.SmartProcureX-srv#flowable-async-job-executor-thread-2161#
[PollStartAppStatusExecution] d9622003-7570-45ea-b8be-97c6305e4251 [2026-08-02T05:58:30.110467] > smart-procure-x@1.0.0 start (STDOUT, APP/PROC/WEB)#
#2026 08 02 07:55:17.549#Z#DEBUG#6828ea62-8e47-11f1-a22d-eeee0a847462.SmartProcureX-srv#flowable-async-job-executor-thread-2161#
[PollStartAppStatusExecution] d9622003-7570-45ea-b8be-97c6305e4251 [2026-08-02T05:58:30.110497] > cds-serve (STDOUT, APP/PROC/WEB)#
#2026 08 02 07:55:17.549#Z#DEBUG#6828ea62-8e47-11f1-a22d-eeee0a847462.SmartProcureX-srv#flowable-async-job-executor-thread-2161#
[PollStartAppStatusExecution] d9622003-7570-45ea-b8be-97c6305e4251 [2026-08-02T05:58:30.408204] {"level":"info","logger":"cds","timestamp":"2026-08-02T05:58:30.407Z","layer":"cds","component_type":"application","container_id":"10.37.193.4","component_id":"d9622003-7570-45ea-b8be-97c6305e4251","component_name":"SmartProcureX-srv","component_instance":0,"source_instance":0,"organization_name":"0d79b96ctrial","organization_id":"e8159873-0fc0-4477-a4f9-3c43fdb65fe4","space_name":"dev","space_id":"0628b1b5-c14d-4a0a-abf9-843360b5d7c0","msg":"loaded model from 1 file(s):\n ","type":"log"} (STDOUT, APP/PROC/WEB)#
#2026 08 02 07:55:17.549#Z#DEBUG#6828ea62-8e47-11f1-a22d-eeee0a847462.SmartProcureX-srv#flowable-async-job-executor-thread-2161#
[PollStartAppStatusExecution] d9622003-7570-45ea-b8be-97c6305e4251 [2026-08-02T05:58:30.408514] srv/csn.json (STDOUT, APP/PROC/WEB)#
#2026 08 02 07:55:17.549#Z#DEBUG#6828ea62-8e47-11f1-a22d-eeee0a847462.SmartProcureX-srv#flowable-async-job-executor-thread-2161#
[PollStartAppStatusExecution] d9622003-7570-45ea-b8be-97c6305e4251 [2026-08-02T05:58:30.627377] {"level":"info","logger":"cds","timestamp":"2026-08-02T05:58:30.626Z","layer":"cds","component_type":"application","container_id":"10.37.193.4","component_id":"d9622003-7570-45ea-b8be-97c6305e4251","component_name":"SmartProcureX-srv","component_instance":0,"source_instance":0,"organization_name":"0d79b96ctrial","organization_id":"e8159873-0fc0-4477-a4f9-3c43fdb65fe4","space_name":"dev","space_id":"0628b1b5-c14d-4a0a-abf9-843360b5d7c0","msg":"connect to db > hana {\n  database_id: 'ccb85f22-d9b4-4190-84d2-64f7029bd6f6',\n  host: 'ccb85f22-d9b4-4190-84d2-64f7029bd6f6.hna1.prod-us10.hanacloud.ondemand.com',\n  port: '443',\n  driver: 'com.sap.db.jdbc.Driver',\n  url: 'jdbc:sap://ccb85f22-d9b4-4190-84d2-64f7029bd6f6.hna1.prod-us10.hanacloud.ondemand.com:443?encrypt=true&validateCertificate=true&currentschema=B2E83F60A5C34A6E98091CC639322A6C',\n  schema: 'B2E83F60A5C34A6E98091CC639322A6C',\n  certificate: '...',\n  hdi_user: 'B2E83F60A5C34A6E98091CC639322A6C_F15SDO7AIVZ7IX7EZZDN0GDKE_DT',\n  hdi_password: '...',\n  user: 'B2E83F60A5C34A6E98091CC639322A6C_F15SDO7AIVZ7IX7EZZDN0GDKE_RT',\n  password: '...'\n}","type":"log"} (STDOUT, APP/PROC/WEB)#
#2026 08 02 07:55:17.549#Z#DEBUG#6828ea62-8e47-11f1-a22d-eeee0a847462.SmartProcureX-srv#flowable-async-job-executor-thread-2161#
[PollStartAppStatusExecution] d9622003-7570-45ea-b8be-97c6305e4251 [2026-08-02T05:58:30.681138] {"level":"info","logger":"cds","timestamp":"2026-08-02T05:58:30.680Z","layer":"cds","component_type":"application","container_id":"10.37.193.4","component_id":"d9622003-7570-45ea-b8be-97c6305e4251","component_name":"SmartProcureX-srv","component_instance":0,"source_instance":0,"organization_name":"0d79b96ctrial","organization_id":"e8159873-0fc0-4477-a4f9-3c43fdb65fe4","space_name":"dev","space_id":"0628b1b5-c14d-4a0a-abf9-843360b5d7c0","msg":"using auth strategy { kind: 'xsuaa' }","type":"log"} (STDOUT, APP/PROC/WEB)#
#2026 08 02 07:55:17.549#Z#DEBUG#6828ea62-8e47-11f1-a22d-eeee0a847462.SmartProcureX-srv#flowable-async-job-executor-thread-2161#
[PollStartAppStatusExecution] d9622003-7570-45ea-b8be-97c6305e4251 [2026-08-02T05:58:30.702630] {"level":"info","logger":"cds","timestamp":"2026-08-02T05:58:30.702Z","layer":"cds","component_type":"application","container_id":"10.37.193.4","component_id":"d9622003-7570-45ea-b8be-97c6305e4251","component_name":"SmartProcureX-srv","component_instance":0,"source_instance":0,"organization_name":"0d79b96ctrial","organization_id":"e8159873-0fc0-4477-a4f9-3c43fdb65fe4","space_name":"dev","space_id":"0628b1b5-c14d-4a0a-abf9-843360b5d7c0","msg":"serving AssetService {\n  at: [ '/odata/v4/asset' ],\n  decl: 'srv/csn.json:2988',\n  impl: 'srv/asset-service.js'\n}","type":"log"} (STDOUT, APP/PROC/WEB)#
#2026 08 02 07:55:17.549#Z#DEBUG#6828ea62-8e47-11f1-a22d-eeee0a847462.SmartProcureX-srv#flowable-async-job-executor-thread-2161#
[PollStartAppStatusExecution] d9622003-7570-45ea-b8be-97c6305e4251 [2026-08-02T05:58:30.703199] {"level":"info","logger":"cds","timestamp":"2026-08-02T05:58:30.702Z","layer":"cds","component_type":"application","container_id":"10.37.193.4","component_id":"d9622003-7570-45ea-b8be-97c6305e4251","component_name":"SmartProcureX-srv","component_instance":0,"source_instance":0,"organization_name":"0d79b96ctrial","organization_id":"e8159873-0fc0-4477-a4f9-3c43fdb65fe4","space_name":"dev","space_id":"0628b1b5-c14d-4a0a-abf9-843360b5d7c0","msg":"serving IdentityService {\n  at: [ '/odata/v4/identity' ],\n  decl: 'srv/csn.json:3519'\n}","type":"log"} (STDOUT, APP/PROC/WEB)#
#2026 08 02 07:55:17.549#Z#DEBUG#6828ea62-8e47-11f1-a22d-eeee0a847462.SmartProcureX-srv#flowable-async-job-executor-thread-2161#
[PollStartAppStatusExecution] d9622003-7570-45ea-b8be-97c6305e4251 [2026-08-02T05:58:30.703525] {"level":"info","logger":"cds","timestamp":"2026-08-02T05:58:30.703Z","layer":"cds","component_type":"application","container_id":"10.37.193.4","component_id":"d9622003-7570-45ea-b8be-97c6305e4251","component_name":"SmartProcureX-srv","component_instance":0,"source_instance":0,"organization_name":"0d79b96ctrial","organization_id":"e8159873-0fc0-4477-a4f9-3c43fdb65fe4","space_name":"dev","space_id":"0628b1b5-c14d-4a0a-abf9-843360b5d7c0","msg":"serving PlatformService {\n  at: [ '/odata/v4/platform' ],\n  decl: 'srv/csn.json:3855',\n  impl: 'srv/platform-service.js'\n}","type":"log"} (STDOUT, APP/PROC/WEB)#
#2026 08 02 07:55:17.549#Z#DEBUG#6828ea62-8e47-11f1-a22d-eeee0a847462.SmartProcureX-srv#flowable-async-job-executor-thread-2161#
[PollStartAppStatusExecution] d9622003-7570-45ea-b8be-97c6305e4251 [2026-08-02T05:58:30.703985] {"level":"info","logger":"cds","timestamp":"2026-08-02T05:58:30.703Z","layer":"cds","component_type":"application","container_id":"10.37.193.4","component_id":"d9622003-7570-45ea-b8be-97c6305e4251","component_name":"SmartProcureX-srv","component_instance":0,"source_instance":0,"organization_name":"0d79b96ctrial","organization_id":"e8159873-0fc0-4477-a4f9-3c43fdb65fe4","space_name":"dev","space_id":"0628b1b5-c14d-4a0a-abf9-843360b5d7c0","msg":"serving ProcurementService {\n  at: [ '/odata/v4/procurement' ],\n  decl: 'srv/csn.json:4427',\n  impl: 'srv/procurement-service.js'\n}","type":"log"} (STDOUT, APP/PROC/WEB)#
#2026 08 02 07:55:17.549#Z#DEBUG#6828ea62-8e47-11f1-a22d-eeee0a847462.SmartProcureX-srv#flowable-async-job-executor-thread-2161#
[PollStartAppStatusExecution] d9622003-7570-45ea-b8be-97c6305e4251 [2026-08-02T05:58:30.704527] {"level":"info","logger":"cds","timestamp":"2026-08-02T05:58:30.704Z","layer":"cds","component_type":"application","container_id":"10.37.193.4","component_id":"d9622003-7570-45ea-b8be-97c6305e4251","component_name":"SmartProcureX-srv","component_instance":0,"source_instance":0,"organization_name":"0d79b96ctrial","organization_id":"e8159873-0fc0-4477-a4f9-3c43fdb65fe4","space_name":"dev","space_id":"0628b1b5-c14d-4a0a-abf9-843360b5d7c0","msg":"serving ReportingService {\n  at: [ '/odata/v4/reporting' ],\n  decl: 'srv/csn.json:5370',\n  impl: 'srv/reporting-service.js'\n}","type":"log"} (STDOUT, APP/PROC/WEB)#
#2026 08 02 07:55:17.549#Z#DEBUG#6828ea62-8e47-11f1-a22d-eeee0a847462.SmartProcureX-srv#flowable-async-job-executor-thread-2161#
[PollStartAppStatusExecution] d9622003-7570-45ea-b8be-97c6305e4251 [2026-08-02T05:58:30.704939] {"level":"info","logger":"cds","timestamp":"2026-08-02T05:58:30.704Z","layer":"cds","component_type":"application","container_id":"10.37.193.4","component_id":"d9622003-7570-45ea-b8be-97c6305e4251","component_name":"SmartProcureX-srv","component_instance":0,"source_instance":0,"organization_name":"0d79b96ctrial","organization_id":"e8159873-0fc0-4477-a4f9-3c43fdb65fe4","space_name":"dev","space_id":"0628b1b5-c14d-4a0a-abf9-843360b5d7c0","msg":"serving SupplierService {\n  at: [ '/odata/v4/supplier' ],\n  decl: 'srv/csn.json:5853'\n}","type":"log"} (STDOUT, APP/PROC/WEB)#
#2026 08 02 07:55:17.549#Z#DEBUG#6828ea62-8e47-11f1-a22d-eeee0a847462.SmartProcureX-srv#flowable-async-job-executor-thread-2161#
[PollStartAppStatusExecution] d9622003-7570-45ea-b8be-97c6305e4251 [2026-08-02T05:58:30.705306] {"level":"info","logger":"cds","timestamp":"2026-08-02T05:58:30.705Z","layer":"cds","component_type":"application","container_id":"10.37.193.4","component_id":"d9622003-7570-45ea-b8be-97c6305e4251","component_name":"SmartProcureX-srv","component_instance":0,"source_instance":0,"organization_name":"0d79b96ctrial","organization_id":"e8159873-0fc0-4477-a4f9-3c43fdb65fe4","space_name":"dev","space_id":"0628b1b5-c14d-4a0a-abf9-843360b5d7c0","msg":"serving WarehouseService {\n  at: [ '/odata/v4/warehouse' ],\n  decl: 'srv/csn.json:6089',\n  impl: 'srv/warehouse-service.js'\n}","type":"log"} (STDOUT, APP/PROC/WEB)#
#2026 08 02 07:55:17.549#Z#DEBUG#6828ea62-8e47-11f1-a22d-eeee0a847462.SmartProcureX-srv#flowable-async-job-executor-thread-2161#
[PollStartAppStatusExecution] d9622003-7570-45ea-b8be-97c6305e4251 [2026-08-02T05:58:30.709138] {"level":"info","logger":"cds","timestamp":"2026-08-02T05:58:30.708Z","layer":"cds","component_type":"application","container_id":"10.37.193.4","component_id":"d9622003-7570-45ea-b8be-97c6305e4251","component_name":"SmartProcureX-srv","component_instance":0,"source_instance":0,"organization_name":"0d79b96ctrial","organization_id":"e8159873-0fc0-4477-a4f9-3c43fdb65fe4","space_name":"dev","space_id":"0628b1b5-c14d-4a0a-abf9-843360b5d7c0","msg":"server listening on { url: 'http://localhost:8080' }","type":"log"} (STDOUT, APP/PROC/WEB)#
#2026 08 02 07:55:17.549#Z#DEBUG#6828ea62-8e47-11f1-a22d-eeee0a847462.SmartProcureX-srv#flowable-async-job-executor-thread-2161#
[PollStartAppStatusExecution] d9622003-7570-45ea-b8be-97c6305e4251 [2026-08-02T05:58:30.709951] {"level":"info","logger":"cds","timestamp":"2026-08-02T05:58:30.709Z","layer":"cds","component_type":"application","container_id":"10.37.193.4","component_id":"d9622003-7570-45ea-b8be-97c6305e4251","component_name":"SmartProcureX-srv","component_instance":0,"source_instance":0,"organization_name":"0d79b96ctrial","organization_id":"e8159873-0fc0-4477-a4f9-3c43fdb65fe4","space_name":"dev","space_id":"0628b1b5-c14d-4a0a-abf9-843360b5d7c0","msg":"server v10.0.4 launched in 591 ms","type":"log"} (STDOUT, APP/PROC/WEB)#
#2026 08 02 07:55:17.549#Z#DEBUG#6828ea62-8e47-11f1-a22d-eeee0a847462.SmartProcureX-srv#flowable-async-job-executor-thread-2161#
[PollStartAppStatusExecution] d9622003-7570-45ea-b8be-97c6305e4251 [2026-08-02T05:58:31.714737] {"level":"warn","logger":"queue","correlation_id":"66ad04f7-601d-4f60-9aaf-91a5bbd25776","timestamp":"2026-08-02T05:58:31.713Z","msg":"Failed to fetch targets for flush Pool resource could not be acquired within 1s","stacktrace":["Error: Pool resource could not be acquired within 1s","at /home/vcap/app/node_modules/@cap-js/db-service/lib/common/generic-pool.js:71:21","at new Promise (<anonymous>)","at new Request (/home/vcap/app/node_modules/@cap-js/db-service/lib/common/generic-pool.js:59:20)","at Pool.acquire (/home/vcap/app/node_modules/@cap-js/db-service/lib/common/generic-pool.js:141:21)","at HANAService.acquire (/home/vcap/app/node_modules/@cap-js/db-service/lib/common/DatabaseService.js:106:28)","at HANAService.begin (/home/vcap/app/node_modules/@cap-js/db-service/lib/common/DatabaseService.js:66:27)","at HANAService._begin [as dispatch] (/home/vcap/app/node_modules/@sap/cds/lib/srv/srv-tx.js:195:38)","at /home/vcap/app/node_modules/@sap/cds/lib/srv/srv-dispatch.js:20:50","at HANAService.run (/home/vcap/app/node_modules/@sap/cds/lib/srv/cds.Service.js:171:44)","at HANAService.run (/home/vcap/app/node_modules/@cap-js/db-service/lib/common/DatabaseService.js:158:18)"],"layer":"cds","component_type":"application","container_id":"10.37.193.4","component_id":"d9622003-7570-45ea-b8be-97c6305e4251","component_name":"SmartProcureX-srv","component_instance":0,"source_instance":0,"organization_name":"0d79b96ctrial","organization_id":"e8159873-0fc0-4477-a4f9-3c43fdb65fe4","space_name":"dev","space_id":"0628b1b5-c14d-4a0a-abf9-843360b5d7c0","type":"log"} (STDERR, APP/PROC/WEB)#
#2026 08 02 07:55:17.549#Z#DEBUG#6828ea62-8e47-11f1-a22d-eeee0a847462.SmartProcureX-srv#flowable-async-job-executor-thread-2161#
[PollStartAppStatusExecution] d9622003-7570-45ea-b8be-97c6305e4251 [2026-08-02T05:58:33.024822] Container became healthy (STDOUT, CELL)#
#2026 08 02 07:55:17.549#Z#DEBUG#6828ea62-8e47-11f1-a22d-eeee0a847462.SmartProcureX-srv#flowable-async-job-executor-thread-2161#
[PollStartAppStatusExecution] d9622003-7570-45ea-b8be-97c6305e4251 [2026-08-02T05:58:33.048618] Process became ready with guid d9622003-7570-45ea-b8be-97c6305e4251 payload: {"instance"=>"9b40dc3b-51e5-42fd-609b-eb21", "index"=>0, "cell_id"=>"cdd66a98-00c8-41cf-94b2-8f9408d19596", "ready"=>true, "version"=>"4acb5d60-4044-443a-b77f-eb3f426a821a"} (STDOUT, API)#
#2026 08 02 07:55:17.549#Z#DEBUG#6828ea62-8e47-11f1-a22d-eeee0a847462.SmartProcureX-srv#flowable-async-job-executor-thread-2161#
[PollStartAppStatusExecution] d9622003-7570-45ea-b8be-97c6305e4251 [2026-08-02T05:59:31.701212] Cell 919653e1-7038-451d-ac9f-e4bd0de8dbda destroying container for instance 64faa002-1bf2-4b6b-751b-ef39 (STDOUT, CELL)#
#2026 08 02 07:55:17.549#Z#DEBUG#6828ea62-8e47-11f1-a22d-eeee0a847462.SmartProcureX-srv#flowable-async-job-executor-thread-2161#
[PollStartAppStatusExecution] d9622003-7570-45ea-b8be-97c6305e4251 [2026-08-02T05:59:31.782766] Exit status 137 (STDOUT, PROXY)#
#2026 08 02 07:55:17.549#Z#DEBUG#6828ea62-8e47-11f1-a22d-eeee0a847462.SmartProcureX-srv#flowable-async-job-executor-thread-2161#
[PollStartAppStatusExecution] d9622003-7570-45ea-b8be-97c6305e4251 [2026-08-02T05:59:32.886880] Cell 919653e1-7038-451d-ac9f-e4bd0de8dbda successfully destroyed container for instance 64faa002-1bf2-4b6b-751b-ef39 (STDOUT, CELL)#
#2026 08 02 07:55:17.549#Z#DEBUG#6828ea62-8e47-11f1-a22d-eeee0a847462.SmartProcureX-srv#flowable-async-job-executor-thread-2161#
[PollStartAppStatusExecution] d9622003-7570-45ea-b8be-97c6305e4251 [2026-08-02T06:00:45.707681] {"level":"info","logger":"odata","correlation_id":"0fde14a9-baad-47aa-7f4b-a3f6c4ef7f04","tenant_id":"5590af3c-9485-44fe-975e-4b748861d2ff","host":"0d79b96ctrial-dev-smartprocurex-srv.cfapps.us10-003.hana.ondemand.com","user_agent":"Mozilla/5.0 (Windows NT 10.0; Win64; x64) AppleWebKit/537.36 (KHTML, like Gecko) Chrome/151.0.0.0 Safari/537.36","accept":"*/*","accept_encoding":"gzip, deflate, br, zstd","accept_language":"en-US","authorization":"***","b3":"0fde14a9baad47aa7f4ba3f6c4ef7f04-7f4ba3f6c4ef7f04","cookie":"***","priority":"u=1, i","referer":"https://0d79b96ctrial-dev-com-smartprocurex-smartprocurexui.cfapps.us10-003.hana.ondemand.com/index.html","sec_ch_ua":"\"Not=A?Brand\";v=\"99\", \"Google Chrome\";v=\"151\", \"Chromium\";v=\"151\"","sec_ch_ua_mobile":"?0","sec_ch_ua_platform":"\"Windows\"","sec_fetch_dest":"empty","sec_fetch_mode":"cors","sec_fetch_site":"same-origin","tenantid":"0d79b96ctrial","x_b3_spanid":"7f4ba3f6c4ef7f04","x_b3_traceid":"0fde14a9baad47aa7f4ba3f6c4ef7f04","x_cf_applicationid":"d9622003-7570-45ea-b8be-97c6305e4251","x_cf_instanceid":"9b40dc3b-51e5-42fd-609b-eb21","x_cf_instanceindex":"0","x_cf_true_client_ip":"10.37.193.4","x_correlationid":"0fde14a9-baad-47aa-7f4b-a3f6c4ef7f04","x_forwarded_for":"152.57.234.150, 10.0.72.2, 10.37.193.4, 10.0.200.3","x_forwarded_host":"0d79b96ctrial-dev-com-smartprocurex-smartprocurexui.cfapps.us10-003.hana.ondemand.com","x_forwarded_path":"/odata/v4/supplier/$metadata","x_forwarded_proto":"https","x_request_start":"1785650445642","x_requested_with":"XMLHttpRequest","x_scp_request_id":"9aa5315b-a820-4309-8a47-2bd2b99a37a3-6A6EDD0D-1BB42C","x_vcap_request_id":"0fde14a9-baad-47aa-7f4b-a3f6c4ef7f04","request_id":"0fde14a9-baad-47aa-7f4b-a3f6c4ef7f04","x_correlation_id":"0fde14a9-baad-47aa-7f4b-a3f6c4ef7f04","timestamp":"2026-08-02T06:00:45.707Z","layer":"cds","component_type":"application","container_id":"10.37.193.4","component_id":"d9622003-7570-45ea-b8be-97c6305e4251","component_name":"SmartProcureX-srv","component_instance":0,"source_instance":0,"organization_name":"0d79b96ctrial","organization_id":"e8159873-0fc0-4477-a4f9-3c43fdb65fe4","space_name":"dev","space_id":"0628b1b5-c14d-4a0a-abf9-843360b5d7c0","tenant_subdomain":"0d79b96ctrial","msg":"GET /odata/v4/supplier/$metadata { 'sap-language': 'EN' }","type":"log"} (STDOUT, APP/PROC/WEB)#
#2026 08 02 07:55:17.549#Z#DEBUG#6828ea62-8e47-11f1-a22d-eeee0a847462.SmartProcureX-srv#flowable-async-job-executor-thread-2161#
[PollStartAppStatusExecution] d9622003-7570-45ea-b8be-97c6305e4251 [2026-08-02T06:00:45.708393] {"level":"info","logger":"odata","correlation_id":"78d2d0a9-74d5-4b1d-5bda-d9324e042177","tenant_id":"5590af3c-9485-44fe-975e-4b748861d2ff","host":"0d79b96ctrial-dev-smartprocurex-srv.cfapps.us10-003.hana.ondemand.com","user_agent":"Mozilla/5.0 (Windows NT 10.0; Win64; x64) AppleWebKit/537.36 (KHTML, like Gecko) Chrome/151.0.0.0 Safari/537.36","accept":"*/*","accept_encoding":"gzip, deflate, br, zstd","accept_language":"en-US","authorization":"***","b3":"78d2d0a974d54b1d5bdad9324e042177-5bdad9324e042177","cookie":"***","priority":"u=1, i","referer":"https://0d79b96ctrial-dev-com-smartprocurex-smartprocurexui.cfapps.us10-003.hana.ondemand.com/index.html","sec_ch_ua":"\"Not=A?Brand\";v=\"99\", \"Google Chrome\";v=\"151\", \"Chromium\";v=\"151\"","sec_ch_ua_mobile":"?0","sec_ch_ua_platform":"\"Windows\"","sec_fetch_dest":"empty","sec_fetch_mode":"cors","sec_fetch_site":"same-origin","tenantid":"0d79b96ctrial","x_b3_spanid":"5bdad9324e042177","x_b3_traceid":"78d2d0a974d54b1d5bdad9324e042177","x_cf_applicationid":"d9622003-7570-45ea-b8be-97c6305e4251","x_cf_instanceid":"9b40dc3b-51e5-42fd-609b-eb21","x_cf_instanceindex":"0","x_cf_true_client_ip":"10.37.193.4","x_correlationid":"78d2d0a9-74d5-4b1d-5bda-d9324e042177","x_csrf_token":"Fetch","x_forwarded_for":"152.57.234.150, 10.0.72.2, 10.37.193.4, 10.0.200.2","x_forwarded_host":"0d79b96ctrial-dev-com-smartprocurex-smartprocurexui.cfapps.us10-003.hana.ondemand.com","x_forwarded_path":"/odata/v4/procurement/","x_forwarded_proto":"https","x_request_start":"1785650445642","x_requested_with":"XMLHttpRequest","x_scp_request_id":"ed68c315-3eeb-4471-9fdc-9dc1d1fc79cc-6A6EDD0D-1B623A","x_vcap_request_id":"78d2d0a9-74d5-4b1d-5bda-d9324e042177","request_id":"78d2d0a9-74d5-4b1d-5bda-d9324e042177","x_correlation_id":"78d2d0a9-74d5-4b1d-5bda-d9324e042177","timestamp":"2026-08-02T06:00:45.708Z","layer":"cds","component_type":"application","container_id":"10.37.193.4","component_id":"d9622003-7570-45ea-b8be-97c6305e4251","component_name":"SmartProcureX-srv","component_instance":0,"source_instance":0,"organization_name":"0d79b96ctrial","organization_id":"e8159873-0fc0-4477-a4f9-3c43fdb65fe4","space_name":"dev","space_id":"0628b1b5-c14d-4a0a-abf9-843360b5d7c0","tenant_subdomain":"0d79b96ctrial","msg":"HEAD /odata/v4/procurement/ ","type":"log"} (STDOUT, APP/PROC/WEB)#
#2026 08 02 07:55:17.549#Z#DEBUG#6828ea62-8e47-11f1-a22d-eeee0a847462.SmartProcureX-srv#flowable-async-job-executor-thread-2161#
[PollStartAppStatusExecution] d9622003-7570-45ea-b8be-97c6305e4251 [2026-08-02T06:00:45.710484] {"level":"info","logger":"odata","correlation_id":"229f8688-1448-47af-55e2-420715e5554b","tenant_id":"5590af3c-9485-44fe-975e-4b748861d2ff","host":"0d79b96ctrial-dev-smartprocurex-srv.cfapps.us10-003.hana.ondemand.com","user_agent":"Mozilla/5.0 (Windows NT 10.0; Win64; x64) AppleWebKit/537.36 (KHTML, like Gecko) Chrome/151.0.0.0 Safari/537.36","accept":"*/*","accept_encoding":"gzip, deflate, br, zstd","accept_language":"en-US","authorization":"***","b3":"229f8688144847af55e2420715e5554b-55e2420715e5554b","cookie":"***","priority":"u=1, i","referer":"https://0d79b96ctrial-dev-com-smartprocurex-smartprocurexui.cfapps.us10-003.hana.ondemand.com/index.html","sec_ch_ua":"\"Not=A?Brand\";v=\"99\", \"Google Chrome\";v=\"151\", \"Chromium\";v=\"151\"","sec_ch_ua_mobile":"?0","sec_ch_ua_platform":"\"Windows\"","sec_fetch_dest":"empty","sec_fetch_mode":"cors","sec_fetch_site":"same-origin","tenantid":"0d79b96ctrial","x_b3_spanid":"55e2420715e5554b","x_b3_traceid":"229f8688144847af55e2420715e5554b","x_cf_applicationid":"d9622003-7570-45ea-b8be-97c6305e4251","x_cf_instanceid":"9b40dc3b-51e5-42fd-609b-eb21","x_cf_instanceindex":"0","x_cf_true_client_ip":"10.37.193.4","x_correlationid":"229f8688-1448-47af-55e2-420715e5554b","x_forwarded_for":"152.57.234.150, 10.0.72.2, 10.37.193.4, 10.0.200.3","x_forwarded_host":"0d79b96ctrial-dev-com-smartprocurex-smartprocurexui.cfapps.us10-003.hana.ondemand.com","x_forwarded_path":"/odata/v4/procurement/$metadata","x_forwarded_proto":"https","x_request_start":"1785650445642","x_requested_with":"XMLHttpRequest","x_scp_request_id":"9aa5315b-a820-4309-8a47-2bd2b99a37a3-6A6EDD0D-1BB42D","x_vcap_request_id":"229f8688-1448-47af-55e2-420715e5554b","request_id":"229f8688-1448-47af-55e2-420715e5554b","x_correlation_id":"229f8688-1448-47af-55e2-420715e5554b","timestamp":"2026-08-02T06:00:45.710Z","layer":"cds","component_type":"application","container_id":"10.37.193.4","component_id":"d9622003-7570-45ea-b8be-97c6305e4251","component_name":"SmartProcureX-srv","component_instance":0,"source_instance":0,"organization_name":"0d79b96ctrial","organization_id":"e8159873-0fc0-4477-a4f9-3c43fdb65fe4","space_name":"dev","space_id":"0628b1b5-c14d-4a0a-abf9-843360b5d7c0","tenant_subdomain":"0d79b96ctrial","msg":"GET /odata/v4/procurement/$metadata { 'sap-language': 'EN' }","type":"log"} (STDOUT, APP/PROC/WEB)#
#2026 08 02 07:55:17.549#Z#DEBUG#6828ea62-8e47-11f1-a22d-eeee0a847462.SmartProcureX-srv#flowable-async-job-executor-thread-2161#
[PollStartAppStatusExecution] d9622003-7570-45ea-b8be-97c6305e4251 [2026-08-02T06:00:45.710644] 0d79b96ctrial-dev-smartprocurex-srv.cfapps.us10-003.hana.ondemand.com - [2026-08-02T06:00:45.660536808Z] "HEAD /odata/v4/procurement/ HTTP/1.1" 200 0 0 "https://0d79b96ctrial-dev-com-smartprocurex-smartprocurexui.cfapps.us10-003.hana.ondemand.com/index.html" "Mozilla/5.0 (Windows NT 10.0; Win64; x64) AppleWebKit/537.36 (KHTML, like Gecko) Chrome/151.0.0.0 Safari/537.36" "10.0.200.2:31328" "10.37.193.4:61003" x_forwarded_for:"152.57.234.150, 10.0.72.2, 10.37.193.4, 10.0.200.2" x_forwarded_proto:"https" vcap_request_id:"78d2d0a9-74d5-4b1d-5bda-d9324e042177" response_time:0.049972 gorouter_time:0.000072 app_id:"d9622003-7570-45ea-b8be-97c6305e4251" app_index:"0" instance_id:"9b40dc3b-51e5-42fd-609b-eb21" failed_attempts:0 failed_attempts_time:"-" dns_time:0.000000 dial_time:0.000510 tls_time:0.007645 backend_time:0.049900 local_address:"10.0.193.9:22734" x_cf_routererror:"-" x_correlationid:"78d2d0a9-74d5-4b1d-5bda-d9324e042177" tenantid:"0d79b96ctrial" sap_passport:"-" x_scp_request_id:"ed68c315-3eeb-4471-9fdc-9dc1d1fc79cc-6A6EDD0D-1B623A" x_cf_app_instance:"-" x_forwarded_host:"0d79b96ctrial-dev-com-smartprocurex-smartprocurexui.cfapps.us10-003.hana.ondemand.com" x_custom_host:"-" x_ssl_client:"-" x_ssl_client_session_id:"-" x_ssl_client_verify:"-" x_ssl_client_subject_dn:"-" x_ssl_client_subject_cn:"-" x_ssl_client_issuer_dn:"-" x_ssl_client_notbefore:"-" x_ssl_client_notafter:"-" x_cf_forwarded_url:"-" traceparent:"-" true_client_ip:"-" x_cf_true_client_ip:"10.37.193.4" x_request_id:"-" x_b3_traceid:"78d2d0a974d54b1d5bdad9324e042177" x_b3_spanid:"5bdad9324e042177" x_b3_parentspanid:"-" b3:"78d2d0a974d54b1d5bdad9324e042177-5bdad9324e042177" (STDOUT, RTR)#
#2026 08 02 07:55:17.549#Z#DEBUG#6828ea62-8e47-11f1-a22d-eeee0a847462.SmartProcureX-srv#flowable-async-job-executor-thread-2161#
[PollStartAppStatusExecution] d9622003-7570-45ea-b8be-97c6305e4251 [2026-08-02T06:00:45.710771] {"level":"info","logger":"odata","correlation_id":"9a959298-7d14-4c66-7380-491dd41f2be5","tenant_id":"5590af3c-9485-44fe-975e-4b748861d2ff","host":"0d79b96ctrial-dev-smartprocurex-srv.cfapps.us10-003.hana.ondemand.com","user_agent":"Mozilla/5.0 (Windows NT 10.0; Win64; x64) AppleWebKit/537.36 (KHTML, like Gecko) Chrome/151.0.0.0 Safari/537.36","accept":"*/*","accept_encoding":"gzip, deflate, br, zstd","accept_language":"en-US","authorization":"***","b3":"9a9592987d144c667380491dd41f2be5-7380491dd41f2be5","cookie":"***","priority":"u=1, i","referer":"https://0d79b96ctrial-dev-com-smartprocurex-smartprocurexui.cfapps.us10-003.hana.ondemand.com/index.html","sec_ch_ua":"\"Not=A?Brand\";v=\"99\", \"Google Chrome\";v=\"151\", \"Chromium\";v=\"151\"","sec_ch_ua_mobile":"?0","sec_ch_ua_platform":"\"Windows\"","sec_fetch_dest":"empty","sec_fetch_mode":"cors","sec_fetch_site":"same-origin","tenantid":"0d79b96ctrial","x_b3_spanid":"7380491dd41f2be5","x_b3_traceid":"9a9592987d144c667380491dd41f2be5","x_cf_applicationid":"d9622003-7570-45ea-b8be-97c6305e4251","x_cf_instanceid":"9b40dc3b-51e5-42fd-609b-eb21","x_cf_instanceindex":"0","x_cf_true_client_ip":"10.37.193.4","x_correlationid":"9a959298-7d14-4c66-7380-491dd41f2be5","x_csrf_token":"Fetch","x_forwarded_for":"152.57.234.150, 10.0.72.2, 10.37.193.4, 10.0.200.0","x_forwarded_host":"0d79b96ctrial-dev-com-smartprocurex-smartprocurexui.cfapps.us10-003.hana.ondemand.com","x_forwarded_path":"/odata/v4/supplier/","x_forwarded_proto":"https","x_request_start":"1785650445642","x_requested_with":"XMLHttpRequest","x_scp_request_id":"8b3a38ad-b837-4495-bf5b-66c85e07a4db-6A6EDD0D-1B3E4C","x_vcap_request_id":"9a959298-7d14-4c66-7380-491dd41f2be5","request_id":"9a959298-7d14-4c66-7380-491dd41f2be5","x_correlation_id":"9a959298-7d14-4c66-7380-491dd41f2be5","timestamp":"2026-08-02T06:00:45.710Z","layer":"cds","component_type":"application","container_id":"10.37.193.4","component_id":"d9622003-7570-45ea-b8be-97c6305e4251","component_name":"SmartProcureX-srv","component_instance":0,"source_instance":0,"organization_name":"0d79b96ctrial","organization_id":"e8159873-0fc0-4477-a4f9-3c43fdb65fe4","space_name":"dev","space_id":"0628b1b5-c14d-4a0a-abf9-843360b5d7c0","tenant_subdomain":"0d79b96ctrial","msg":"HEAD /odata/v4/supplier/ ","type":"log"} (STDOUT, APP/PROC/WEB)#
#2026 08 02 07:55:17.549#Z#DEBUG#6828ea62-8e47-11f1-a22d-eeee0a847462.SmartProcureX-srv#flowable-async-job-executor-thread-2161#
[PollStartAppStatusExecution] d9622003-7570-45ea-b8be-97c6305e4251 [2026-08-02T06:00:45.711404] 0d79b96ctrial-dev-smartprocurex-srv.cfapps.us10-003.hana.ondemand.com - [2026-08-02T06:00:45.669835409Z] "HEAD /odata/v4/supplier/ HTTP/1.1" 200 0 0 "https://0d79b96ctrial-dev-com-smartprocurex-smartprocurexui.cfapps.us10-003.hana.ondemand.com/index.html" "Mozilla/5.0 (Windows NT 10.0; Win64; x64) AppleWebKit/537.36 (KHTML, like Gecko) Chrome/151.0.0.0 Safari/537.36" "10.0.200.0:44756" "10.37.193.4:61003" x_forwarded_for:"152.57.234.150, 10.0.72.2, 10.37.193.4, 10.0.200.0" x_forwarded_proto:"https" vcap_request_id:"9a959298-7d14-4c66-7380-491dd41f2be5" response_time:0.041462 gorouter_time:0.000054 app_id:"d9622003-7570-45ea-b8be-97c6305e4251" app_index:"0" instance_id:"9b40dc3b-51e5-42fd-609b-eb21" failed_attempts:0 failed_attempts_time:"-" dns_time:0.000000 dial_time:0.000514 tls_time:0.012398 backend_time:0.041409 local_address:"10.0.193.9:22756" x_cf_routererror:"-" x_correlationid:"9a959298-7d14-4c66-7380-491dd41f2be5" tenantid:"0d79b96ctrial" sap_passport:"-" x_scp_request_id:"8b3a38ad-b837-4495-bf5b-66c85e07a4db-6A6EDD0D-1B3E4C" x_cf_app_instance:"-" x_forwarded_host:"0d79b96ctrial-dev-com-smartprocurex-smartprocurexui.cfapps.us10-003.hana.ondemand.com" x_custom_host:"-" x_ssl_client:"-" x_ssl_client_session_id:"-" x_ssl_client_verify:"-" x_ssl_client_subject_dn:"-" x_ssl_client_subject_cn:"-" x_ssl_client_issuer_dn:"-" x_ssl_client_notbefore:"-" x_ssl_client_notafter:"-" x_cf_forwarded_url:"-" traceparent:"-" true_client_ip:"-" x_cf_true_client_ip:"10.37.193.4" x_request_id:"-" x_b3_traceid:"9a9592987d144c667380491dd41f2be5" x_b3_spanid:"7380491dd41f2be5" x_b3_parentspanid:"-" b3:"9a9592987d144c667380491dd41f2be5-7380491dd41f2be5" (STDOUT, RTR)#
#2026 08 02 07:55:17.549#Z#DEBUG#6828ea62-8e47-11f1-a22d-eeee0a847462.SmartProcureX-srv#flowable-async-job-executor-thread-2161#
[PollStartAppStatusExecution] d9622003-7570-45ea-b8be-97c6305e4251 [2026-08-02T06:00:45.715156] 0d79b96ctrial-dev-smartprocurex-srv.cfapps.us10-003.hana.ondemand.com - [2026-08-02T06:00:45.659761736Z] "GET /odata/v4/supplier/$metadata?sap-language=EN HTTP/1.1" 200 0 7483 "https://0d79b96ctrial-dev-com-smartprocurex-smartprocurexui.cfapps.us10-003.hana.ondemand.com/index.html" "Mozilla/5.0 (Windows NT 10.0; Win64; x64) AppleWebKit/537.36 (KHTML, like Gecko) Chrome/151.0.0.0 Safari/537.36" "10.0.200.3:55922" "10.37.193.4:61003" x_forwarded_for:"152.57.234.150, 10.0.72.2, 10.37.193.4, 10.0.200.3" x_forwarded_proto:"https" vcap_request_id:"0fde14a9-baad-47aa-7f4b-a3f6c4ef7f04" response_time:0.055294 gorouter_time:0.000038 app_id:"d9622003-7570-45ea-b8be-97c6305e4251" app_index:"0" instance_id:"9b40dc3b-51e5-42fd-609b-eb21" failed_attempts:0 failed_attempts_time:"-" dns_time:0.000000 dial_time:0.000223 tls_time:0.007189 backend_time:0.055256 local_address:"10.0.193.8:39554" x_cf_routererror:"-" x_correlationid:"0fde14a9-baad-47aa-7f4b-a3f6c4ef7f04" tenantid:"0d79b96ctrial" sap_passport:"-" x_scp_request_id:"9aa5315b-a820-4309-8a47-2bd2b99a37a3-6A6EDD0D-1BB42C" x_cf_app_instance:"-" x_forwarded_host:"0d79b96ctrial-dev-com-smartprocurex-smartprocurexui.cfapps.us10-003.hana.ondemand.com" x_custom_host:"-" x_ssl_client:"-" x_ssl_client_session_id:"-" x_ssl_client_verify:"-" x_ssl_client_subject_dn:"-" x_ssl_client_subject_cn:"-" x_ssl_client_issuer_dn:"-" x_ssl_client_notbefore:"-" x_ssl_client_notafter:"-" x_cf_forwarded_url:"-" traceparent:"-" true_client_ip:"-" x_cf_true_client_ip:"10.37.193.4" x_request_id:"-" x_b3_traceid:"0fde14a9baad47aa7f4ba3f6c4ef7f04" x_b3_spanid:"7f4ba3f6c4ef7f04" x_b3_parentspanid:"-" b3:"0fde14a9baad47aa7f4ba3f6c4ef7f04-7f4ba3f6c4ef7f04" (STDOUT, RTR)#
#2026 08 02 07:55:17.549#Z#DEBUG#6828ea62-8e47-11f1-a22d-eeee0a847462.SmartProcureX-srv#flowable-async-job-executor-thread-2161#
[PollStartAppStatusExecution] d9622003-7570-45ea-b8be-97c6305e4251 [2026-08-02T06:00:45.716486] 0d79b96ctrial-dev-smartprocurex-srv.cfapps.us10-003.hana.ondemand.com - [2026-08-02T06:00:45.669568193Z] "GET /odata/v4/procurement/$metadata?sap-language=EN HTTP/1.1" 200 0 26469 "https://0d79b96ctrial-dev-com-smartprocurex-smartprocurexui.cfapps.us10-003.hana.ondemand.com/index.html" "Mozilla/5.0 (Windows NT 10.0; Win64; x64) AppleWebKit/537.36 (KHTML, like Gecko) Chrome/151.0.0.0 Safari/537.36" "10.0.200.3:20626" "10.37.193.4:61003" x_forwarded_for:"152.57.234.150, 10.0.72.2, 10.37.193.4, 10.0.200.3" x_forwarded_proto:"https" vcap_request_id:"229f8688-1448-47af-55e2-420715e5554b" response_time:0.046812 gorouter_time:0.000046 app_id:"d9622003-7570-45ea-b8be-97c6305e4251" app_index:"0" instance_id:"9b40dc3b-51e5-42fd-609b-eb21" failed_attempts:0 failed_attempts_time:"-" dns_time:0.000000 dial_time:0.000577 tls_time:0.007053 backend_time:0.046766 local_address:"10.0.193.9:22748" x_cf_routererror:"-" x_correlationid:"229f8688-1448-47af-55e2-420715e5554b" tenantid:"0d79b96ctrial" sap_passport:"-" x_scp_request_id:"9aa5315b-a820-4309-8a47-2bd2b99a37a3-6A6EDD0D-1BB42D" x_cf_app_instance:"-" x_forwarded_host:"0d79b96ctrial-dev-com-smartprocurex-smartprocurexui.cfapps.us10-003.hana.ondemand.com" x_custom_host:"-" x_ssl_client:"-" x_ssl_client_session_id:"-" x_ssl_client_verify:"-" x_ssl_client_subject_dn:"-" x_ssl_client_subject_cn:"-" x_ssl_client_issuer_dn:"-" x_ssl_client_notbefore:"-" x_ssl_client_notafter:"-" x_cf_forwarded_url:"-" traceparent:"-" true_client_ip:"-" x_cf_true_client_ip:"10.37.193.4" x_request_id:"-" x_b3_traceid:"229f8688144847af55e2420715e5554b" x_b3_spanid:"55e2420715e5554b" x_b3_parentspanid:"-" b3:"229f8688144847af55e2420715e5554b-55e2420715e5554b" (STDOUT, RTR)#
#2026 08 02 07:55:17.549#Z#DEBUG#6828ea62-8e47-11f1-a22d-eeee0a847462.SmartProcureX-srv#flowable-async-job-executor-thread-2161#
[PollStartAppStatusExecution] d9622003-7570-45ea-b8be-97c6305e4251 [2026-08-02T06:00:45.741991] {"level":"info","logger":"odata","correlation_id":"82037a7b-e3d3-4c11-5fd8-7dc9f7ba9803","tenant_id":"5590af3c-9485-44fe-975e-4b748861d2ff","host":"0d79b96ctrial-dev-smartprocurex-srv.cfapps.us10-003.hana.ondemand.com","user_agent":"Mozilla/5.0 (Windows NT 10.0; Win64; x64) AppleWebKit/537.36 (KHTML, like Gecko) Chrome/151.0.0.0 Safari/537.36","accept":"*/*","accept_encoding":"gzip, deflate, br, zstd","accept_language":"en-US,en;q=0.9","authorization":"***","b3":"82037a7be3d34c115fd87dc9f7ba9803-5fd87dc9f7ba9803","cookie":"***","priority":"u=1, i","referer":"https://0d79b96ctrial-dev-com-smartprocurex-smartprocurexui.cfapps.us10-003.hana.ondemand.com/index.html","sec_ch_ua":"\"Not=A?Brand\";v=\"99\", \"Google Chrome\";v=\"151\", \"Chromium\";v=\"151\"","sec_ch_ua_mobile":"?0","sec_ch_ua_platform":"\"Windows\"","sec_fetch_dest":"empty","sec_fetch_mode":"cors","sec_fetch_site":"same-origin","tenantid":"0d79b96ctrial","x_b3_spanid":"5fd87dc9f7ba9803","x_b3_traceid":"82037a7be3d34c115fd87dc9f7ba9803","x_cf_applicationid":"d9622003-7570-45ea-b8be-97c6305e4251","x_cf_instanceid":"9b40dc3b-51e5-42fd-609b-eb21","x_cf_instanceindex":"0","x_cf_true_client_ip":"10.37.193.4","x_correlationid":"82037a7b-e3d3-4c11-5fd8-7dc9f7ba9803","x_forwarded_for":"152.57.234.150, 10.0.72.2, 10.37.193.4, 10.0.200.2","x_forwarded_host":"0d79b96ctrial-dev-com-smartprocurex-smartprocurexui.cfapps.us10-003.hana.ondemand.com","x_forwarded_path":"/odata/v4/procurement/PurchaseRequests","x_forwarded_proto":"https","x_request_start":"1785650445737","x_scp_request_id":"ed68c315-3eeb-4471-9fdc-9dc1d1fc79cc-6A6EDD0D-1B623C","x_vcap_request_id":"82037a7b-e3d3-4c11-5fd8-7dc9f7ba9803","request_id":"82037a7b-e3d3-4c11-5fd8-7dc9f7ba9803","x_correlation_id":"82037a7b-e3d3-4c11-5fd8-7dc9f7ba9803","timestamp":"2026-08-02T06:00:45.741Z","layer":"cds","component_type":"application","container_id":"10.37.193.4","component_id":"d9622003-7570-45ea-b8be-97c6305e4251","component_name":"SmartProcureX-srv","component_instance":0,"source_instance":0,"organization_name":"0d79b96ctrial","organization_id":"e8159873-0fc0-4477-a4f9-3c43fdb65fe4","space_name":"dev","space_id":"0628b1b5-c14d-4a0a-abf9-843360b5d7c0","tenant_subdomain":"0d79b96ctrial","msg":"GET /odata/v4/procurement/PurchaseRequests ","type":"log"} (STDOUT, APP/PROC/WEB)#
#2026 08 02 07:55:17.549#Z#DEBUG#6828ea62-8e47-11f1-a22d-eeee0a847462.SmartProcureX-srv#flowable-async-job-executor-thread-2161#
[PollStartAppStatusExecution] d9622003-7570-45ea-b8be-97c6305e4251 [2026-08-02T06:00:45.752585] {"level":"warn","logger":"odata","correlation_id":"82037a7b-e3d3-4c11-5fd8-7dc9f7ba9803","tenant_id":"5590af3c-9485-44fe-975e-4b748861d2ff","host":"0d79b96ctrial-dev-smartprocurex-srv.cfapps.us10-003.hana.ondemand.com","user_agent":"Mozilla/5.0 (Windows NT 10.0; Win64; x64) AppleWebKit/537.36 (KHTML, like Gecko) Chrome/151.0.0.0 Safari/537.36","accept":"*/*","accept_encoding":"gzip, deflate, br, zstd","accept_language":"en-US,en;q=0.9","authorization":"***","b3":"82037a7be3d34c115fd87dc9f7ba9803-5fd87dc9f7ba9803","cookie":"***","priority":"u=1, i","referer":"https://0d79b96ctrial-dev-com-smartprocurex-smartprocurexui.cfapps.us10-003.hana.ondemand.com/index.html","sec_ch_ua":"\"Not=A?Brand\";v=\"99\", \"Google Chrome\";v=\"151\", \"Chromium\";v=\"151\"","sec_ch_ua_mobile":"?0","sec_ch_ua_platform":"\"Windows\"","sec_fetch_dest":"empty","sec_fetch_mode":"cors","sec_fetch_site":"same-origin","tenantid":"0d79b96ctrial","x_b3_spanid":"5fd87dc9f7ba9803","x_b3_traceid":"82037a7be3d34c115fd87dc9f7ba9803","x_cf_applicationid":"d9622003-7570-45ea-b8be-97c6305e4251","x_cf_instanceid":"9b40dc3b-51e5-42fd-609b-eb21","x_cf_instanceindex":"0","x_cf_true_client_ip":"10.37.193.4","x_correlationid":"82037a7b-e3d3-4c11-5fd8-7dc9f7ba9803","x_forwarded_for":"152.57.234.150, 10.0.72.2, 10.37.193.4, 10.0.200.2","x_forwarded_host":"0d79b96ctrial-dev-com-smartprocurex-smartprocurexui.cfapps.us10-003.hana.ondemand.com","x_forwarded_path":"/odata/v4/procurement/PurchaseRequests","x_forwarded_proto":"https","x_request_start":"1785650445737","x_scp_request_id":"ed68c315-3eeb-4471-9fdc-9dc1d1fc79cc-6A6EDD0D-1B623C","x_vcap_request_id":"82037a7b-e3d3-4c11-5fd8-7dc9f7ba9803","request_id":"82037a7b-e3d3-4c11-5fd8-7dc9f7ba9803","x_correlation_id":"82037a7b-e3d3-4c11-5fd8-7dc9f7ba9803","timestamp":"2026-08-02T06:00:45.752Z","layer":"cds","component_type":"application","container_id":"10.37.193.4","component_id":"d9622003-7570-45ea-b8be-97c6305e4251","component_name":"SmartProcureX-srv","component_instance":0,"source_instance":0,"organization_name":"0d79b96ctrial","organization_id":"e8159873-0fc0-4477-a4f9-3c43fdb65fe4","space_name":"dev","space_id":"0628b1b5-c14d-4a0a-abf9-843360b5d7c0","tenant_subdomain":"0d79b96ctrial","msg":"403 - Error: Forbidden\n    at reject (/home/vcap/app/node_modules/@sap/cds/libx/_runtime/common/generic/auth/utils.js:10:19)\n    at ApplicationService.enforce_auth (/home/vcap/app/node_modules/@sap/cds/libx/_runtime/common/generic/auth/restrict.js:229:5)\n    at ApplicationService.handle_authorization (/home/vcap/app/node_modules/@sap/cds/libx/_runtime/common/generic/auth/index.js:79:27)\n    at ApplicationService.handle (/home/vcap/app/node_modules/@sap/cds/libx/_runtime/common/Service.js:73:47)\n    at ApplicationService.dispatch (/home/vcap/app/node_modules/@sap/cds/lib/srv/srv-dispatch.js:32:17)\n    at /home/vcap/app/node_modules/@sap/cds/lib/srv/srv-dispatch.js:20:50\n    at ApplicationService.run (/home/vcap/app/node_modules/@sap/cds/lib/srv/cds.Service.js:171:44)\n    at ApplicationService.dispatch (/home/vcap/app/node_modules/@sap/cds/lib/srv/srv-dispatch.js:20:36)\n    at /home/vcap/app/node_modules/@sap/cds/libx/odata/middleware/read.js:258:24\n    at /home/vcap/app/node_modules/@sap/cds/lib/srv/srv-tx.js:27:48 {\n  internal: null,\n  code: '403',\n  status: 403,\n  _i18n: 1\n}","type":"log"} (STDERR, APP/PROC/WEB)#
#2026 08 02 07:55:17.549#Z#DEBUG#6828ea62-8e47-11f1-a22d-eeee0a847462.SmartProcureX-srv#flowable-async-job-executor-thread-2161#
[PollStartAppStatusExecution] d9622003-7570-45ea-b8be-97c6305e4251 [2026-08-02T06:00:45.753407] 0d79b96ctrial-dev-smartprocurex-srv.cfapps.us10-003.hana.ondemand.com - [2026-08-02T06:00:45.740612289Z] "GET /odata/v4/procurement/PurchaseRequests HTTP/1.1" 403 0 74 "https://0d79b96ctrial-dev-com-smartprocurex-smartprocurexui.cfapps.us10-003.hana.ondemand.com/index.html" "Mozilla/5.0 (Windows NT 10.0; Win64; x64) AppleWebKit/537.36 (KHTML, like Gecko) Chrome/151.0.0.0 Safari/537.36" "10.0.200.2:27356" "10.37.193.4:61003" x_forwarded_for:"152.57.234.150, 10.0.72.2, 10.37.193.4, 10.0.200.2" x_forwarded_proto:"https" vcap_request_id:"82037a7b-e3d3-4c11-5fd8-7dc9f7ba9803" response_time:0.012602 gorouter_time:0.000068 app_id:"d9622003-7570-45ea-b8be-97c6305e4251" app_index:"0" instance_id:"9b40dc3b-51e5-42fd-609b-eb21" failed_attempts:0 failed_attempts_time:"-" dns_time:0.000000 dial_time:0.000000 tls_time:0.000000 backend_time:0.012534 local_address:"10.0.193.8:39554" x_cf_routererror:"-" x_correlationid:"82037a7b-e3d3-4c11-5fd8-7dc9f7ba9803" tenantid:"0d79b96ctrial" sap_passport:"-" x_scp_request_id:"ed68c315-3eeb-4471-9fdc-9dc1d1fc79cc-6A6EDD0D-1B623C" x_cf_app_instance:"-" x_forwarded_host:"0d79b96ctrial-dev-com-smartprocurex-smartprocurexui.cfapps.us10-003.hana.ondemand.com" x_custom_host:"-" x_ssl_client:"-" x_ssl_client_session_id:"-" x_ssl_client_verify:"-" x_ssl_client_subject_dn:"-" x_ssl_client_subject_cn:"-" x_ssl_client_issuer_dn:"-" x_ssl_client_notbefore:"-" x_ssl_client_notafter:"-" x_cf_forwarded_url:"-" traceparent:"-" true_client_ip:"-" x_cf_true_client_ip:"10.37.193.4" x_request_id:"-" x_b3_traceid:"82037a7be3d34c115fd87dc9f7ba9803" x_b3_spanid:"5fd87dc9f7ba9803" x_b3_parentspanid:"-" b3:"82037a7be3d34c115fd87dc9f7ba9803-5fd87dc9f7ba9803" (STDOUT, RTR)#
#2026 08 02 07:55:17.549#Z#DEBUG#6828ea62-8e47-11f1-a22d-eeee0a847462.SmartProcureX-srv#flowable-async-job-executor-thread-2161#
[PollStartAppStatusExecution] d9622003-7570-45ea-b8be-97c6305e4251 [2026-08-02T06:00:46.003414] {"level":"info","logger":"odata","correlation_id":"2bd44a53-95a5-4af4-4fb9-9802097a89db","tenant_id":"5590af3c-9485-44fe-975e-4b748861d2ff","host":"0d79b96ctrial-dev-smartprocurex-srv.cfapps.us10-003.hana.ondemand.com","user_agent":"Mozilla/5.0 (Windows NT 10.0; Win64; x64) AppleWebKit/537.36 (KHTML, like Gecko) Chrome/151.0.0.0 Safari/537.36","content_length":"772","request_size_b":"772","accept":"multipart/mixed","accept_encoding":"gzip, deflate, br, zstd","accept_language":"en-US","authorization":"***","b3":"2bd44a5395a54af44fb99802097a89db-4fb99802097a89db","content_type":"multipart/mixed; boundary=batch_id-1785650443627-21","cookie":"***","mime_version":"1.0","odata_maxversion":"4.0","odata_version":"4.0","origin":"https://0d79b96ctrial-dev-com-smartprocurex-smartprocurexui.cfapps.us10-003.hana.ondemand.com","priority":"u=1, i","referer":"https://0d79b96ctrial-dev-com-smartprocurex-smartprocurexui.cfapps.us10-003.hana.ondemand.com/index.html","sap_cancel_on_close":"true","sec_ch_ua":"\"Not=A?Brand\";v=\"99\", \"Google Chrome\";v=\"151\", \"Chromium\";v=\"151\"","sec_ch_ua_mobile":"?0","sec_ch_ua_platform":"\"Windows\"","sec_fetch_dest":"empty","sec_fetch_mode":"cors","sec_fetch_site":"same-origin","tenantid":"0d79b96ctrial","x_b3_spanid":"4fb99802097a89db","x_b3_traceid":"2bd44a5395a54af44fb99802097a89db","x_cf_applicationid":"d9622003-7570-45ea-b8be-97c6305e4251","x_cf_instanceid":"9b40dc3b-51e5-42fd-609b-eb21","x_cf_instanceindex":"0","x_cf_true_client_ip":"10.37.193.4","x_correlationid":"2bd44a53-95a5-4af4-4fb9-9802097a89db","x_csrf_token":"Fetch","x_forwarded_for":"152.57.234.150, 10.0.72.2, 10.37.193.4, 10.0.200.0","x_forwarded_host":"0d79b96ctrial-dev-com-smartprocurex-smartprocurexui.cfapps.us10-003.hana.ondemand.com","x_forwarded_path":"/odata/v4/procurement/$batch","x_forwarded_proto":"https","x_request_start":"1785650445997","x_requested_with":"XMLHttpRequest","x_scp_request_id":"8b3a38ad-b837-4495-bf5b-66c85e07a4db-6A6EDD0D-1B3E50","x_vcap_request_id":"2bd44a53-95a5-4af4-4fb9-9802097a89db","request_id":"2bd44a53-95a5-4af4-4fb9-9802097a89db","x_correlation_id":"2bd44a53-95a5-4af4-4fb9-9802097a89db","timestamp":"2026-08-02T06:00:46.003Z","layer":"cds","component_type":"application","container_id":"10.37.193.4","component_id":"d9622003-7570-45ea-b8be-97c6305e4251","component_name":"SmartProcureX-srv","component_instance":0,"source_instance":0,"organization_name":"0d79b96ctrial","organization_id":"e8159873-0fc0-4477-a4f9-3c43fdb65fe4","space_name":"dev","space_id":"0628b1b5-c14d-4a0a-abf9-843360b5d7c0","tenant_subdomain":"0d79b96ctrial","msg":"POST /odata/v4/procurement/$batch ","type":"log"} (STDOUT, APP/PROC/WEB)#
#2026 08 02 07:55:17.549#Z#DEBUG#6828ea62-8e47-11f1-a22d-eeee0a847462.SmartProcureX-srv#flowable-async-job-executor-thread-2161#
[PollStartAppStatusExecution] d9622003-7570-45ea-b8be-97c6305e4251 [2026-08-02T06:00:46.013968] {"level":"info","logger":"odata","correlation_id":"2bd44a53-95a5-4af4-4fb9-9802097a89db","tenant_id":"5590af3c-9485-44fe-975e-4b748861d2ff","host":"0d79b96ctrial-dev-smartprocurex-srv.cfapps.us10-003.hana.ondemand.com","user_agent":"Mozilla/5.0 (Windows NT 10.0; Win64; x64) AppleWebKit/537.36 (KHTML, like Gecko) Chrome/151.0.0.0 Safari/537.36","content_length":"772","request_size_b":"772","accept":"multipart/mixed","accept_encoding":"gzip, deflate, br, zstd","accept_language":"en-US","authorization":"***","b3":"2bd44a5395a54af44fb99802097a89db-4fb99802097a89db","content_type":"multipart/mixed; boundary=batch_id-1785650443627-21","cookie":"***","mime_version":"1.0","odata_maxversion":"4.0","odata_version":"4.0","origin":"https://0d79b96ctrial-dev-com-smartprocurex-smartprocurexui.cfapps.us10-003.hana.ondemand.com","priority":"u=1, i","referer":"https://0d79b96ctrial-dev-com-smartprocurex-smartprocurexui.cfapps.us10-003.hana.ondemand.com/index.html","sap_cancel_on_close":"true","sec_ch_ua":"\"Not=A?Brand\";v=\"99\", \"Google Chrome\";v=\"151\", \"Chromium\";v=\"151\"","sec_ch_ua_mobile":"?0","sec_ch_ua_platform":"\"Windows\"","sec_fetch_dest":"empty","sec_fetch_mode":"cors","sec_fetch_site":"same-origin","tenantid":"0d79b96ctrial","x_b3_spanid":"4fb99802097a89db","x_b3_traceid":"2bd44a5395a54af44fb99802097a89db","x_cf_applicationid":"d9622003-7570-45ea-b8be-97c6305e4251","x_cf_instanceid":"9b40dc3b-51e5-42fd-609b-eb21","x_cf_instanceindex":"0","x_cf_true_client_ip":"10.37.193.4","x_correlationid":"2bd44a53-95a5-4af4-4fb9-9802097a89db","x_csrf_token":"Fetch","x_forwarded_for":"152.57.234.150, 10.0.72.2, 10.37.193.4, 10.0.200.0","x_forwarded_host":"0d79b96ctrial-dev-com-smartprocurex-smartprocurexui.cfapps.us10-003.hana.ondemand.com","x_forwarded_path":"/odata/v4/procurement/$batch","x_forwarded_proto":"https","x_request_start":"1785650445997","x_requested_with":"XMLHttpRequest","x_scp_request_id":"8b3a38ad-b837-4495-bf5b-66c85e07a4db-6A6EDD0D-1B3E50","x_vcap_request_id":"2bd44a53-95a5-4af4-4fb9-9802097a89db","request_id":"2bd44a53-95a5-4af4-4fb9-9802097a89db","x_correlation_id":"2bd44a53-95a5-4af4-4fb9-9802097a89db","timestamp":"2026-08-02T06:00:46.013Z","layer":"cds","component_type":"application","container_id":"10.37.193.4","component_id":"d9622003-7570-45ea-b8be-97c6305e4251","component_name":"SmartProcureX-srv","component_instance":0,"source_instance":0,"organization_name":"0d79b96ctrial","organization_id":"e8159873-0fc0-4477-a4f9-3c43fdb65fe4","space_name":"dev","space_id":"0628b1b5-c14d-4a0a-abf9-843360b5d7c0","tenant_subdomain":"0d79b96ctrial","msg":"> GET /PurchaseRequests {\n  '$select': 'ID,priority,requestNumber,status,totalAmount',\n  '$skip': '0',\n  '$top': '100'\n}","type":"log"} (STDOUT, APP/PROC/WEB)#
#2026 08 02 07:55:17.549#Z#DEBUG#6828ea62-8e47-11f1-a22d-eeee0a847462.SmartProcureX-srv#flowable-async-job-executor-thread-2161#
[PollStartAppStatusExecution] d9622003-7570-45ea-b8be-97c6305e4251 [2026-08-02T06:00:46.016962] {"level":"warn","logger":"odata","correlation_id":"2bd44a53-95a5-4af4-4fb9-9802097a89db","tenant_id":"5590af3c-9485-44fe-975e-4b748861d2ff","host":"0d79b96ctrial-dev-smartprocurex-srv.cfapps.us10-003.hana.ondemand.com","user_agent":"Mozilla/5.0 (Windows NT 10.0; Win64; x64) AppleWebKit/537.36 (KHTML, like Gecko) Chrome/151.0.0.0 Safari/537.36","content_length":"772","request_size_b":"772","accept":"multipart/mixed","accept_encoding":"gzip, deflate, br, zstd","accept_language":"en-US","authorization":"***","b3":"2bd44a5395a54af44fb99802097a89db-4fb99802097a89db","content_type":"multipart/mixed; boundary=batch_id-1785650443627-21","cookie":"***","mime_version":"1.0","odata_maxversion":"4.0","odata_version":"4.0","origin":"https://0d79b96ctrial-dev-com-smartprocurex-smartprocurexui.cfapps.us10-003.hana.ondemand.com","priority":"u=1, i","referer":"https://0d79b96ctrial-dev-com-smartprocurex-smartprocurexui.cfapps.us10-003.hana.ondemand.com/index.html","sap_cancel_on_close":"true","sec_ch_ua":"\"Not=A?Brand\";v=\"99\", \"Google Chrome\";v=\"151\", \"Chromium\";v=\"151\"","sec_ch_ua_mobile":"?0","sec_ch_ua_platform":"\"Windows\"","sec_fetch_dest":"empty","sec_fetch_mode":"cors","sec_fetch_site":"same-origin","tenantid":"0d79b96ctrial","x_b3_spanid":"4fb99802097a89db","x_b3_traceid":"2bd44a5395a54af44fb99802097a89db","x_cf_applicationid":"d9622003-7570-45ea-b8be-97c6305e4251","x_cf_instanceid":"9b40dc3b-51e5-42fd-609b-eb21","x_cf_instanceindex":"0","x_cf_true_client_ip":"10.37.193.4","x_correlationid":"2bd44a53-95a5-4af4-4fb9-9802097a89db","x_csrf_token":"Fetch","x_forwarded_for":"152.57.234.150, 10.0.72.2, 10.37.193.4, 10.0.200.0","x_forwarded_host":"0d79b96ctrial-dev-com-smartprocurex-smartprocurexui.cfapps.us10-003.hana.ondemand.com","x_forwarded_path":"/odata/v4/procurement/$batch","x_forwarded_proto":"https","x_request_start":"1785650445997","x_requested_with":"XMLHttpRequest","x_scp_request_id":"8b3a38ad-b837-4495-bf5b-66c85e07a4db-6A6EDD0D-1B3E50","x_vcap_request_id":"2bd44a53-95a5-4af4-4fb9-9802097a89db","request_id":"2bd44a53-95a5-4af4-4fb9-9802097a89db","x_correlation_id":"2bd44a53-95a5-4af4-4fb9-9802097a89db","timestamp":"2026-08-02T06:00:46.016Z","layer":"cds","component_type":"application","container_id":"10.37.193.4","component_id":"d9622003-7570-45ea-b8be-97c6305e4251","component_name":"SmartProcureX-srv","component_instance":0,"source_instance":0,"organization_name":"0d79b96ctrial","organization_id":"e8159873-0fc0-4477-a4f9-3c43fdb65fe4","space_name":"dev","space_id":"0628b1b5-c14d-4a0a-abf9-843360b5d7c0","tenant_subdomain":"0d79b96ctrial","msg":"403 - Error: Forbidden\n    at reject (/home/vcap/app/node_modules/@sap/cds/libx/_runtime/common/generic/auth/utils.js:10:19)\n    at ApplicationService.enforce_auth (/home/vcap/app/node_modules/@sap/cds/libx/_runtime/common/generic/auth/restrict.js:229:5)\n    at ApplicationService.handle_authorization (/home/vcap/app/node_modules/@sap/cds/libx/_runtime/common/generic/auth/index.js:79:27)\n    at ApplicationService.handle (/home/vcap/app/node_modules/@sap/cds/libx/_runtime/common/Service.js:73:47)\n    at ApplicationService.dispatch (/home/vcap/app/node_modules/@sap/cds/lib/srv/srv-dispatch.js:32:17)\n    at /home/vcap/app/node_modules/@sap/cds/lib/srv/srv-dispatch.js:20:50\n    at ApplicationService.run (/home/vcap/app/node_modules/@sap/cds/lib/srv/cds.Service.js:171:44)\n    at ApplicationService.dispatch (/home/vcap/app/node_modules/@sap/cds/lib/srv/srv-dispatch.js:20:36)\n    at /home/vcap/app/node_modules/@sap/cds/libx/odata/middleware/read.js:258:24\n    at ApplicationService.run (/home/vcap/app/node_modules/@sap/cds/lib/srv/cds.Service.js:171:44) {\n  internal: null,\n  code: '403',\n  status: 403,\n  _i18n: 1\n}","type":"log"} (STDERR, APP/PROC/WEB)#
#2026 08 02 07:55:17.549#Z#DEBUG#6828ea62-8e47-11f1-a22d-eeee0a847462.SmartProcureX-srv#flowable-async-job-executor-thread-2161#
[PollStartAppStatusExecution] d9622003-7570-45ea-b8be-97c6305e4251 [2026-08-02T06:00:46.017957] 0d79b96ctrial-dev-smartprocurex-srv.cfapps.us10-003.hana.ondemand.com - [2026-08-02T06:00:46.001614541Z] "POST /odata/v4/procurement/$batch HTTP/1.1" 200 772 318 "https://0d79b96ctrial-dev-com-smartprocurex-smartprocurexui.cfapps.us10-003.hana.ondemand.com/index.html" "Mozilla/5.0 (Windows NT 10.0; Win64; x64) AppleWebKit/537.36 (KHTML, like Gecko) Chrome/151.0.0.0 Safari/537.36" "10.0.200.0:44756" "10.37.193.4:61003" x_forwarded_for:"152.57.234.150, 10.0.72.2, 10.37.193.4, 10.0.200.0" x_forwarded_proto:"https" vcap_request_id:"2bd44a53-95a5-4af4-4fb9-9802097a89db" response_time:0.016250 gorouter_time:0.000038 app_id:"d9622003-7570-45ea-b8be-97c6305e4251" app_index:"0" instance_id:"9b40dc3b-51e5-42fd-609b-eb21" failed_attempts:0 failed_attempts_time:"-" dns_time:0.000000 dial_time:0.000000 tls_time:0.000000 backend_time:0.016212 local_address:"10.0.193.9:22748" x_cf_routererror:"-" x_correlationid:"2bd44a53-95a5-4af4-4fb9-9802097a89db" tenantid:"0d79b96ctrial" sap_passport:"-" x_scp_request_id:"8b3a38ad-b837-4495-bf5b-66c85e07a4db-6A6EDD0D-1B3E50" x_cf_app_instance:"-" x_forwarded_host:"0d79b96ctrial-dev-com-smartprocurex-smartprocurexui.cfapps.us10-003.hana.ondemand.com" x_custom_host:"-" x_ssl_client:"-" x_ssl_client_session_id:"-" x_ssl_client_verify:"-" x_ssl_client_subject_dn:"-" x_ssl_client_subject_cn:"-" x_ssl_client_issuer_dn:"-" x_ssl_client_notbefore:"-" x_ssl_client_notafter:"-" x_cf_forwarded_url:"-" traceparent:"-" true_client_ip:"-" x_cf_true_client_ip:"10.37.193.4" x_request_id:"-" x_b3_traceid:"2bd44a5395a54af44fb99802097a89db" x_b3_spanid:"4fb99802097a89db" x_b3_parentspanid:"-" b3:"2bd44a5395a54af44fb99802097a89db-4fb99802097a89db" (STDOUT, RTR)#
#2026 08 02 07:55:17.549#Z#DEBUG#6828ea62-8e47-11f1-a22d-eeee0a847462.SmartProcureX-srv#flowable-async-job-executor-thread-2161#
[PollStartAppStatusExecution] d9622003-7570-45ea-b8be-97c6305e4251 [2026-08-02T06:00:46.026970] {"level":"info","logger":"odata","correlation_id":"2fc51ab7-eaf3-4128-6458-65fccf9003d3","tenant_id":"5590af3c-9485-44fe-975e-4b748861d2ff","host":"0d79b96ctrial-dev-smartprocurex-srv.cfapps.us10-003.hana.ondemand.com","user_agent":"Mozilla/5.0 (Windows NT 10.0; Win64; x64) AppleWebKit/537.36 (KHTML, like Gecko) Chrome/151.0.0.0 Safari/537.36","accept":"*/*","accept_encoding":"gzip, deflate, br, zstd","accept_language":"en-US,en;q=0.9","authorization":"***","b3":"2fc51ab7eaf34128645865fccf9003d3-645865fccf9003d3","cookie":"***","priority":"u=1, i","referer":"https://0d79b96ctrial-dev-com-smartprocurex-smartprocurexui.cfapps.us10-003.hana.ondemand.com/index.html","sec_ch_ua":"\"Not=A?Brand\";v=\"99\", \"Google Chrome\";v=\"151\", \"Chromium\";v=\"151\"","sec_ch_ua_mobile":"?0","sec_ch_ua_platform":"\"Windows\"","sec_fetch_dest":"empty","sec_fetch_mode":"cors","sec_fetch_site":"same-origin","tenantid":"0d79b96ctrial","x_b3_spanid":"645865fccf9003d3","x_b3_traceid":"2fc51ab7eaf34128645865fccf9003d3","x_cf_applicationid":"d9622003-7570-45ea-b8be-97c6305e4251","x_cf_instanceid":"9b40dc3b-51e5-42fd-609b-eb21","x_cf_instanceindex":"0","x_cf_true_client_ip":"10.37.193.4","x_correlationid":"2fc51ab7-eaf3-4128-6458-65fccf9003d3","x_forwarded_for":"152.57.234.150, 10.0.72.2, 10.37.193.4, 10.0.200.3","x_forwarded_host":"0d79b96ctrial-dev-com-smartprocurex-smartprocurexui.cfapps.us10-003.hana.ondemand.com","x_forwarded_path":"/odata/v4/procurement/PurchaseOrders","x_forwarded_proto":"https","x_request_start":"1785650446021","x_scp_request_id":"9aa5315b-a820-4309-8a47-2bd2b99a37a3-6A6EDD0D-1BB42E","x_vcap_request_id":"2fc51ab7-eaf3-4128-6458-65fccf9003d3","request_id":"2fc51ab7-eaf3-4128-6458-65fccf9003d3","x_correlation_id":"2fc51ab7-eaf3-4128-6458-65fccf9003d3","timestamp":"2026-08-02T06:00:46.026Z","layer":"cds","component_type":"application","container_id":"10.37.193.4","component_id":"d9622003-7570-45ea-b8be-97c6305e4251","component_name":"SmartProcureX-srv","component_instance":0,"source_instance":0,"organization_name":"0d79b96ctrial","organization_id":"e8159873-0fc0-4477-a4f9-3c43fdb65fe4","space_name":"dev","space_id":"0628b1b5-c14d-4a0a-abf9-843360b5d7c0","tenant_subdomain":"0d79b96ctrial","msg":"GET /odata/v4/procurement/PurchaseOrders ","type":"log"} (STDOUT, APP/PROC/WEB)#
#2026 08 02 07:55:17.549#Z#DEBUG#6828ea62-8e47-11f1-a22d-eeee0a847462.SmartProcureX-srv#flowable-async-job-executor-thread-2161#
[PollStartAppStatusExecution] d9622003-7570-45ea-b8be-97c6305e4251 [2026-08-02T06:00:46.027673] {"level":"warn","logger":"odata","correlation_id":"2fc51ab7-eaf3-4128-6458-65fccf9003d3","tenant_id":"5590af3c-9485-44fe-975e-4b748861d2ff","host":"0d79b96ctrial-dev-smartprocurex-srv.cfapps.us10-003.hana.ondemand.com","user_agent":"Mozilla/5.0 (Windows NT 10.0; Win64; x64) AppleWebKit/537.36 (KHTML, like Gecko) Chrome/151.0.0.0 Safari/537.36","accept":"*/*","accept_encoding":"gzip, deflate, br, zstd","accept_language":"en-US,en;q=0.9","authorization":"***","b3":"2fc51ab7eaf34128645865fccf9003d3-645865fccf9003d3","cookie":"***","priority":"u=1, i","referer":"https://0d79b96ctrial-dev-com-smartprocurex-smartprocurexui.cfapps.us10-003.hana.ondemand.com/index.html","sec_ch_ua":"\"Not=A?Brand\";v=\"99\", \"Google Chrome\";v=\"151\", \"Chromium\";v=\"151\"","sec_ch_ua_mobile":"?0","sec_ch_ua_platform":"\"Windows\"","sec_fetch_dest":"empty","sec_fetch_mode":"cors","sec_fetch_site":"same-origin","tenantid":"0d79b96ctrial","x_b3_spanid":"645865fccf9003d3","x_b3_traceid":"2fc51ab7eaf34128645865fccf9003d3","x_cf_applicationid":"d9622003-7570-45ea-b8be-97c6305e4251","x_cf_instanceid":"9b40dc3b-51e5-42fd-609b-eb21","x_cf_instanceindex":"0","x_cf_true_client_ip":"10.37.193.4","x_correlationid":"2fc51ab7-eaf3-4128-6458-65fccf9003d3","x_forwarded_for":"152.57.234.150, 10.0.72.2, 10.37.193.4, 10.0.200.3","x_forwarded_host":"0d79b96ctrial-dev-com-smartprocurex-smartprocurexui.cfapps.us10-003.hana.ondemand.com","x_forwarded_path":"/odata/v4/procurement/PurchaseOrders","x_forwarded_proto":"https","x_request_start":"1785650446021","x_scp_request_id":"9aa5315b-a820-4309-8a47-2bd2b99a37a3-6A6EDD0D-1BB42E","x_vcap_request_id":"2fc51ab7-eaf3-4128-6458-65fccf9003d3","request_id":"2fc51ab7-eaf3-4128-6458-65fccf9003d3","x_correlation_id":"2fc51ab7-eaf3-4128-6458-65fccf9003d3","timestamp":"2026-08-02T06:00:46.027Z","layer":"cds","component_type":"application","container_id":"10.37.193.4","component_id":"d9622003-7570-45ea-b8be-97c6305e4251","component_name":"SmartProcureX-srv","component_instance":0,"source_instance":0,"organization_name":"0d79b96ctrial","organization_id":"e8159873-0fc0-4477-a4f9-3c43fdb65fe4","space_name":"dev","space_id":"0628b1b5-c14d-4a0a-abf9-843360b5d7c0","tenant_subdomain":"0d79b96ctrial","msg":"403 - Error: Forbidden\n    at reject (/home/vcap/app/node_modules/@sap/cds/libx/_runtime/common/generic/auth/utils.js:10:19)\n    at ApplicationService.enforce_auth (/home/vcap/app/node_modules/@sap/cds/libx/_runtime/common/generic/auth/restrict.js:229:5)\n    at ApplicationService.handle_authorization (/home/vcap/app/node_modules/@sap/cds/libx/_runtime/common/generic/auth/index.js:79:27)\n    at ApplicationService.handle (/home/vcap/app/node_modules/@sap/cds/libx/_runtime/common/Service.js:73:47)\n    at ApplicationService.dispatch (/home/vcap/app/node_modules/@sap/cds/lib/srv/srv-dispatch.js:32:17)\n    at /home/vcap/app/node_modules/@sap/cds/lib/srv/srv-dispatch.js:20:50\n    at ApplicationService.run (/home/vcap/app/node_modules/@sap/cds/lib/srv/cds.Service.js:171:44)\n    at ApplicationService.dispatch (/home/vcap/app/node_modules/@sap/cds/lib/srv/srv-dispatch.js:20:36)\n    at /home/vcap/app/node_modules/@sap/cds/libx/odata/middleware/read.js:258:24\n    at /home/vcap/app/node_modules/@sap/cds/lib/srv/srv-tx.js:27:48 {\n  internal: null,\n  code: '403',\n  status: 403,\n  _i18n: 1\n}","type":"log"} (STDERR, APP/PROC/WEB)#
#2026 08 02 07:55:17.549#Z#DEBUG#6828ea62-8e47-11f1-a22d-eeee0a847462.SmartProcureX-srv#flowable-async-job-executor-thread-2161#
[PollStartAppStatusExecution] d9622003-7570-45ea-b8be-97c6305e4251 [2026-08-02T06:00:46.028018] 0d79b96ctrial-dev-smartprocurex-srv.cfapps.us10-003.hana.ondemand.com - [2026-08-02T06:00:46.025219703Z] "GET /odata/v4/procurement/PurchaseOrders HTTP/1.1" 403 0 74 "https://0d79b96ctrial-dev-com-smartprocurex-smartprocurexui.cfapps.us10-003.hana.ondemand.com/index.html" "Mozilla/5.0 (Windows NT 10.0; Win64; x64) AppleWebKit/537.36 (KHTML, like Gecko) Chrome/151.0.0.0 Safari/537.36" "10.0.200.3:55922" "10.37.193.4:61003" x_forwarded_for:"152.57.234.150, 10.0.72.2, 10.37.193.4, 10.0.200.3" x_forwarded_proto:"https" vcap_request_id:"2fc51ab7-eaf3-4128-6458-65fccf9003d3" response_time:0.002698 gorouter_time:0.000036 app_id:"d9622003-7570-45ea-b8be-97c6305e4251" app_index:"0" instance_id:"9b40dc3b-51e5-42fd-609b-eb21" failed_attempts:0 failed_attempts_time:"-" dns_time:0.000000 dial_time:0.000000 tls_time:0.000000 backend_time:0.002662 local_address:"10.0.193.8:39554" x_cf_routererror:"-" x_correlationid:"2fc51ab7-eaf3-4128-6458-65fccf9003d3" tenantid:"0d79b96ctrial" sap_passport:"-" x_scp_request_id:"9aa5315b-a820-4309-8a47-2bd2b99a37a3-6A6EDD0D-1BB42E" x_cf_app_instance:"-" x_forwarded_host:"0d79b96ctrial-dev-com-smartprocurex-smartprocurexui.cfapps.us10-003.hana.ondemand.com" x_custom_host:"-" x_ssl_client:"-" x_ssl_client_session_id:"-" x_ssl_client_verify:"-" x_ssl_client_subject_dn:"-" x_ssl_client_subject_cn:"-" x_ssl_client_issuer_dn:"-" x_ssl_client_notbefore:"-" x_ssl_client_notafter:"-" x_cf_forwarded_url:"-" traceparent:"-" true_client_ip:"-" x_cf_true_client_ip:"10.37.193.4" x_request_id:"-" x_b3_traceid:"2fc51ab7eaf34128645865fccf9003d3" x_b3_spanid:"645865fccf9003d3" x_b3_parentspanid:"-" b3:"2fc51ab7eaf34128645865fccf9003d3-645865fccf9003d3" (STDOUT, RTR)#
#2026 08 02 07:55:17.549#Z#DEBUG#6828ea62-8e47-11f1-a22d-eeee0a847462.SmartProcureX-srv#flowable-async-job-executor-thread-2161#
[PollStartAppStatusExecution] d9622003-7570-45ea-b8be-97c6305e4251 [2026-08-02T06:00:46.282276] {"level":"info","logger":"odata","correlation_id":"3f3d5d83-73ab-4ba0-50e5-9920a2c3a049","tenant_id":"5590af3c-9485-44fe-975e-4b748861d2ff","host":"0d79b96ctrial-dev-smartprocurex-srv.cfapps.us10-003.hana.ondemand.com","user_agent":"Mozilla/5.0 (Windows NT 10.0; Win64; x64) AppleWebKit/537.36 (KHTML, like Gecko) Chrome/151.0.0.0 Safari/537.36","accept":"*/*","accept_encoding":"gzip, deflate, br, zstd","accept_language":"en-US,en;q=0.9","authorization":"***","b3":"3f3d5d8373ab4ba050e59920a2c3a049-50e59920a2c3a049","cookie":"***","priority":"u=1, i","referer":"https://0d79b96ctrial-dev-com-smartprocurex-smartprocurexui.cfapps.us10-003.hana.ondemand.com/index.html","sec_ch_ua":"\"Not=A?Brand\";v=\"99\", \"Google Chrome\";v=\"151\", \"Chromium\";v=\"151\"","sec_ch_ua_mobile":"?0","sec_ch_ua_platform":"\"Windows\"","sec_fetch_dest":"empty","sec_fetch_mode":"cors","sec_fetch_site":"same-origin","tenantid":"0d79b96ctrial","x_b3_spanid":"50e59920a2c3a049","x_b3_traceid":"3f3d5d8373ab4ba050e59920a2c3a049","x_cf_applicationid":"d9622003-7570-45ea-b8be-97c6305e4251","x_cf_instanceid":"9b40dc3b-51e5-42fd-609b-eb21","x_cf_instanceindex":"0","x_cf_true_client_ip":"10.37.193.4","x_correlationid":"3f3d5d83-73ab-4ba0-50e5-9920a2c3a049","x_forwarded_for":"152.57.234.150, 10.0.72.2, 10.37.193.4, 10.0.200.3","x_forwarded_host":"0d79b96ctrial-dev-com-smartprocurex-smartprocurexui.cfapps.us10-003.hana.ondemand.com","x_forwarded_path":"/odata/v4/supplier/Suppliers","x_forwarded_proto":"https","x_request_start":"1785650446277","x_scp_request_id":"9aa5315b-a820-4309-8a47-2bd2b99a37a3-6A6EDD0D-1BB42F","x_vcap_request_id":"3f3d5d83-73ab-4ba0-50e5-9920a2c3a049","request_id":"3f3d5d83-73ab-4ba0-50e5-9920a2c3a049","x_correlation_id":"3f3d5d83-73ab-4ba0-50e5-9920a2c3a049","timestamp":"2026-08-02T06:00:46.282Z","layer":"cds","component_type":"application","container_id":"10.37.193.4","component_id":"d9622003-7570-45ea-b8be-97c6305e4251","component_name":"SmartProcureX-srv","component_instance":0,"source_instance":0,"organization_name":"0d79b96ctrial","organization_id":"e8159873-0fc0-4477-a4f9-3c43fdb65fe4","space_name":"dev","space_id":"0628b1b5-c14d-4a0a-abf9-843360b5d7c0","tenant_subdomain":"0d79b96ctrial","msg":"GET /odata/v4/supplier/Suppliers ","type":"log"} (STDOUT, APP/PROC/WEB)#
#2026 08 02 07:55:17.550#Z#DEBUG#6828ea62-8e47-11f1-a22d-eeee0a847462.SmartProcureX-srv#flowable-async-job-executor-thread-2161#
[PollStartAppStatusExecution] d9622003-7570-45ea-b8be-97c6305e4251 [2026-08-02T06:00:47.284372] {"level":"error","logger":"odata","correlation_id":"3f3d5d83-73ab-4ba0-50e5-9920a2c3a049","tenant_id":"5590af3c-9485-44fe-975e-4b748861d2ff","host":"0d79b96ctrial-dev-smartprocurex-srv.cfapps.us10-003.hana.ondemand.com","user_agent":"Mozilla/5.0 (Windows NT 10.0; Win64; x64) AppleWebKit/537.36 (KHTML, like Gecko) Chrome/151.0.0.0 Safari/537.36","accept":"*/*","accept_encoding":"gzip, deflate, br, zstd","accept_language":"en-US,en;q=0.9","authorization":"***","b3":"3f3d5d8373ab4ba050e59920a2c3a049-50e59920a2c3a049","cookie":"***","priority":"u=1, i","referer":"https://0d79b96ctrial-dev-com-smartprocurex-smartprocurexui.cfapps.us10-003.hana.ondemand.com/index.html","sec_ch_ua":"\"Not=A?Brand\";v=\"99\", \"Google Chrome\";v=\"151\", \"Chromium\";v=\"151\"","sec_ch_ua_mobile":"?0","sec_ch_ua_platform":"\"Windows\"","sec_fetch_dest":"empty","sec_fetch_mode":"cors","sec_fetch_site":"same-origin","tenantid":"0d79b96ctrial","x_b3_spanid":"50e59920a2c3a049","x_b3_traceid":"3f3d5d8373ab4ba050e59920a2c3a049","x_cf_applicationid":"d9622003-7570-45ea-b8be-97c6305e4251","x_cf_instanceid":"9b40dc3b-51e5-42fd-609b-eb21","x_cf_instanceindex":"0","x_cf_true_client_ip":"10.37.193.4","x_correlationid":"3f3d5d83-73ab-4ba0-50e5-9920a2c3a049","x_forwarded_for":"152.57.234.150, 10.0.72.2, 10.37.193.4, 10.0.200.3","x_forwarded_host":"0d79b96ctrial-dev-com-smartprocurex-smartprocurexui.cfapps.us10-003.hana.ondemand.com","x_forwarded_path":"/odata/v4/supplier/Suppliers","x_forwarded_proto":"https","x_request_start":"1785650446277","x_scp_request_id":"9aa5315b-a820-4309-8a47-2bd2b99a37a3-6A6EDD0D-1BB42F","x_vcap_request_id":"3f3d5d83-73ab-4ba0-50e5-9920a2c3a049","request_id":"3f3d5d83-73ab-4ba0-50e5-9920a2c3a049","x_correlation_id":"3f3d5d83-73ab-4ba0-50e5-9920a2c3a049","timestamp":"2026-08-02T06:00:47.283Z","layer":"cds","component_type":"application","container_id":"10.37.193.4","component_id":"d9622003-7570-45ea-b8be-97c6305e4251","component_name":"SmartProcureX-srv","component_instance":0,"source_instance":0,"organization_name":"0d79b96ctrial","organization_id":"e8159873-0fc0-4477-a4f9-3c43fdb65fe4","space_name":"dev","space_id":"0628b1b5-c14d-4a0a-abf9-843360b5d7c0","tenant_subdomain":"0d79b96ctrial","msg":"500 - Error: Pool resource could not be acquired within 1s\n    at /home/vcap/app/node_modules/@cap-js/db-service/lib/common/generic-pool.js:71:21\n    at new Promise (<anonymous>)\n    at new Request (/home/vcap/app/node_modules/@cap-js/db-service/lib/common/generic-pool.js:59:20)\n    at Pool.acquire (/home/vcap/app/node_modules/@cap-js/db-service/lib/common/generic-pool.js:141:21)\n    at HANAService.acquire (/home/vcap/app/node_modules/@cap-js/db-service/lib/common/DatabaseService.js:106:28)\n    at HANAService.begin (/home/vcap/app/node_modules/@cap-js/db-service/lib/common/DatabaseService.js:66:27)\n    at HANAService._begin [as dispatch] (/home/vcap/app/node_modules/@sap/cds/lib/srv/srv-tx.js:195:38)\n    at /home/vcap/app/node_modules/@sap/cds/lib/srv/srv-dispatch.js:20:50\n    at HANAService.run (/home/vcap/app/node_modules/@sap/cds/lib/srv/cds.Service.js:171:44)\n    at HANAService.run (/home/vcap/app/node_modules/@cap-js/db-service/lib/common/DatabaseService.js:158:18) {\n  status: 500,\n  code: '500'\n}","type":"log"} (STDERR, APP/PROC/WEB)#
#2026 08 02 07:55:17.550#Z#DEBUG#6828ea62-8e47-11f1-a22d-eeee0a847462.SmartProcureX-srv#flowable-async-job-executor-thread-2161#
[PollStartAppStatusExecution] d9622003-7570-45ea-b8be-97c6305e4251 [2026-08-02T06:00:47.285174] 0d79b96ctrial-dev-smartprocurex-srv.cfapps.us10-003.hana.ondemand.com - [2026-08-02T06:00:46.280645016Z] "GET /odata/v4/supplier/Suppliers HTTP/1.1" 500 0 58 "https://0d79b96ctrial-dev-com-smartprocurex-smartprocurexui.cfapps.us10-003.hana.ondemand.com/index.html" "Mozilla/5.0 (Windows NT 10.0; Win64; x64) AppleWebKit/537.36 (KHTML, like Gecko) Chrome/151.0.0.0 Safari/537.36" "10.0.200.3:20608" "10.37.193.4:61003" x_forwarded_for:"152.57.234.150, 10.0.72.2, 10.37.193.4, 10.0.200.3" x_forwarded_proto:"https" vcap_request_id:"3f3d5d83-73ab-4ba0-50e5-9920a2c3a049" response_time:1.004414 gorouter_time:0.000076 app_id:"d9622003-7570-45ea-b8be-97c6305e4251" app_index:"0" instance_id:"9b40dc3b-51e5-42fd-609b-eb21" failed_attempts:0 failed_attempts_time:"-" dns_time:0.000000 dial_time:0.000000 tls_time:0.000000 backend_time:1.004337 local_address:"10.0.193.9:22748" x_cf_routererror:"-" x_correlationid:"3f3d5d83-73ab-4ba0-50e5-9920a2c3a049" tenantid:"0d79b96ctrial" sap_passport:"-" x_scp_request_id:"9aa5315b-a820-4309-8a47-2bd2b99a37a3-6A6EDD0D-1BB42F" x_cf_app_instance:"-" x_forwarded_host:"0d79b96ctrial-dev-com-smartprocurex-smartprocurexui.cfapps.us10-003.hana.ondemand.com" x_custom_host:"-" x_ssl_client:"-" x_ssl_client_session_id:"-" x_ssl_client_verify:"-" x_ssl_client_subject_dn:"-" x_ssl_client_subject_cn:"-" x_ssl_client_issuer_dn:"-" x_ssl_client_notbefore:"-" x_ssl_client_notafter:"-" x_cf_forwarded_url:"-" traceparent:"-" true_client_ip:"-" x_cf_true_client_ip:"10.37.193.4" x_request_id:"-" x_b3_traceid:"3f3d5d8373ab4ba050e59920a2c3a049" x_b3_spanid:"50e59920a2c3a049" x_b3_parentspanid:"-" b3:"3f3d5d8373ab4ba050e59920a2c3a049-50e59920a2c3a049" (STDOUT, RTR)#
#2026 08 02 07:55:17.550#Z#DEBUG#6828ea62-8e47-11f1-a22d-eeee0a847462.SmartProcureX-srv#flowable-async-job-executor-thread-2161#
[PollStartAppStatusExecution] d9622003-7570-45ea-b8be-97c6305e4251 [2026-08-02T06:00:51.165873] {"level":"info","logger":"odata","correlation_id":"ddd18aa9-c3f2-453b-77a7-678111199f97","tenant_id":"5590af3c-9485-44fe-975e-4b748861d2ff","host":"0d79b96ctrial-dev-smartprocurex-srv.cfapps.us10-003.hana.ondemand.com","user_agent":"Mozilla/5.0 (Windows NT 10.0; Win64; x64) AppleWebKit/537.36 (KHTML, like Gecko) Chrome/151.0.0.0 Safari/537.36","accept":"*/*","accept_encoding":"gzip, deflate, br, zstd","accept_language":"en-US","authorization":"***","b3":"ddd18aa9c3f2453b77a7678111199f97-77a7678111199f97","cookie":"***","if_none_match":"W/\"NoCaKBlsTAo/pE0+BZ/oYR8zpX0jOra+mrs7IIi6h68=\"","priority":"u=1, i","referer":"https://0d79b96ctrial-dev-com-smartprocurex-smartprocurexui.cfapps.us10-003.hana.ondemand.com/index.html","sec_ch_ua":"\"Not=A?Brand\";v=\"99\", \"Google Chrome\";v=\"151\", \"Chromium\";v=\"151\"","sec_ch_ua_mobile":"?0","sec_ch_ua_platform":"\"Windows\"","sec_fetch_dest":"empty","sec_fetch_mode":"cors","sec_fetch_site":"same-origin","tenantid":"0d79b96ctrial","x_b3_spanid":"77a7678111199f97","x_b3_traceid":"ddd18aa9c3f2453b77a7678111199f97","x_cf_applicationid":"d9622003-7570-45ea-b8be-97c6305e4251","x_cf_instanceid":"9b40dc3b-51e5-42fd-609b-eb21","x_cf_instanceindex":"0","x_cf_true_client_ip":"10.37.193.4","x_correlationid":"ddd18aa9-c3f2-453b-77a7-678111199f97","x_forwarded_for":"152.57.234.150, 10.0.72.2, 10.37.193.4, 10.0.200.2","x_forwarded_host":"0d79b96ctrial-dev-com-smartprocurex-smartprocurexui.cfapps.us10-003.hana.ondemand.com","x_forwarded_path":"/odata/v4/procurement/$metadata","x_forwarded_proto":"https","x_request_start":"1785650451157","x_requested_with":"XMLHttpRequest","x_scp_request_id":"ed68c315-3eeb-4471-9fdc-9dc1d1fc79cc-6A6EDD0D-1B6250","x_vcap_request_id":"ddd18aa9-c3f2-453b-77a7-678111199f97","request_id":"ddd18aa9-c3f2-453b-77a7-678111199f97","x_correlation_id":"ddd18aa9-c3f2-453b-77a7-678111199f97","timestamp":"2026-08-02T06:00:51.165Z","layer":"cds","component_type":"application","container_id":"10.37.193.4","component_id":"d9622003-7570-45ea-b8be-97c6305e4251","component_name":"SmartProcureX-srv","component_instance":0,"source_instance":0,"organization_name":"0d79b96ctrial","organization_id":"e8159873-0fc0-4477-a4f9-3c43fdb65fe4","space_name":"dev","space_id":"0628b1b5-c14d-4a0a-abf9-843360b5d7c0","tenant_subdomain":"0d79b96ctrial","msg":"GET /odata/v4/procurement/$metadata { 'sap-language': 'EN' }","type":"log"} (STDOUT, APP/PROC/WEB)#
#2026 08 02 07:55:17.550#Z#DEBUG#6828ea62-8e47-11f1-a22d-eeee0a847462.SmartProcureX-srv#flowable-async-job-executor-thread-2161#
[PollStartAppStatusExecution] d9622003-7570-45ea-b8be-97c6305e4251 [2026-08-02T06:00:51.166698] 0d79b96ctrial-dev-smartprocurex-srv.cfapps.us10-003.hana.ondemand.com - [2026-08-02T06:00:51.163505197Z] "GET /odata/v4/procurement/$metadata?sap-language=EN HTTP/1.1" 304 0 0 "https://0d79b96ctrial-dev-com-smartprocurex-smartprocurexui.cfapps.us10-003.hana.ondemand.com/index.html" "Mozilla/5.0 (Windows NT 10.0; Win64; x64) AppleWebKit/537.36 (KHTML, like Gecko) Chrome/151.0.0.0 Safari/537.36" "10.0.200.2:31330" "10.37.193.4:61003" x_forwarded_for:"152.57.234.150, 10.0.72.2, 10.37.193.4, 10.0.200.2" x_forwarded_proto:"https" vcap_request_id:"ddd18aa9-c3f2-453b-77a7-678111199f97" response_time:0.003069 gorouter_time:0.000080 app_id:"d9622003-7570-45ea-b8be-97c6305e4251" app_index:"0" instance_id:"9b40dc3b-51e5-42fd-609b-eb21" failed_attempts:0 failed_attempts_time:"-" dns_time:0.000000 dial_time:0.000000 tls_time:0.000000 backend_time:0.002989 local_address:"10.0.193.9:22748" x_cf_routererror:"-" x_correlationid:"ddd18aa9-c3f2-453b-77a7-678111199f97" tenantid:"0d79b96ctrial" sap_passport:"-" x_scp_request_id:"ed68c315-3eeb-4471-9fdc-9dc1d1fc79cc-6A6EDD0D-1B6250" x_cf_app_instance:"-" x_forwarded_host:"0d79b96ctrial-dev-com-smartprocurex-smartprocurexui.cfapps.us10-003.hana.ondemand.com" x_custom_host:"-" x_ssl_client:"-" x_ssl_client_session_id:"-" x_ssl_client_verify:"-" x_ssl_client_subject_dn:"-" x_ssl_client_subject_cn:"-" x_ssl_client_issuer_dn:"-" x_ssl_client_notbefore:"-" x_ssl_client_notafter:"-" x_cf_forwarded_url:"-" traceparent:"-" true_client_ip:"-" x_cf_true_client_ip:"10.37.193.4" x_request_id:"-" x_b3_traceid:"ddd18aa9c3f2453b77a7678111199f97" x_b3_spanid:"77a7678111199f97" x_b3_parentspanid:"-" b3:"ddd18aa9c3f2453b77a7678111199f97-77a7678111199f97" (STDOUT, RTR)#
#2026 08 02 07:55:17.550#Z#DEBUG#6828ea62-8e47-11f1-a22d-eeee0a847462.SmartProcureX-srv#flowable-async-job-executor-thread-2161#
[PollStartAppStatusExecution] d9622003-7570-45ea-b8be-97c6305e4251 [2026-08-02T06:00:51.167659] {"level":"info","logger":"odata","correlation_id":"0dff1cf6-324c-4c0a-66f0-79e02e2efd74","tenant_id":"5590af3c-9485-44fe-975e-4b748861d2ff","host":"0d79b96ctrial-dev-smartprocurex-srv.cfapps.us10-003.hana.ondemand.com","user_agent":"Mozilla/5.0 (Windows NT 10.0; Win64; x64) AppleWebKit/537.36 (KHTML, like Gecko) Chrome/151.0.0.0 Safari/537.36","accept":"*/*","accept_encoding":"gzip, deflate, br, zstd","accept_language":"en-US","authorization":"***","b3":"0dff1cf6324c4c0a66f079e02e2efd74-66f079e02e2efd74","cookie":"***","priority":"u=1, i","referer":"https://0d79b96ctrial-dev-com-smartprocurex-smartprocurexui.cfapps.us10-003.hana.ondemand.com/index.html","sec_ch_ua":"\"Not=A?Brand\";v=\"99\", \"Google Chrome\";v=\"151\", \"Chromium\";v=\"151\"","sec_ch_ua_mobile":"?0","sec_ch_ua_platform":"\"Windows\"","sec_fetch_dest":"empty","sec_fetch_mode":"cors","sec_fetch_site":"same-origin","tenantid":"0d79b96ctrial","x_b3_spanid":"66f079e02e2efd74","x_b3_traceid":"0dff1cf6324c4c0a66f079e02e2efd74","x_cf_applicationid":"d9622003-7570-45ea-b8be-97c6305e4251","x_cf_instanceid":"9b40dc3b-51e5-42fd-609b-eb21","x_cf_instanceindex":"0","x_cf_true_client_ip":"10.37.193.4","x_correlationid":"0dff1cf6-324c-4c0a-66f0-79e02e2efd74","x_csrf_token":"Fetch","x_forwarded_for":"152.57.234.150, 10.0.72.2, 10.37.193.4, 10.0.200.0","x_forwarded_host":"0d79b96ctrial-dev-com-smartprocurex-smartprocurexui.cfapps.us10-003.hana.ondemand.com","x_forwarded_path":"/odata/v4/procurement/","x_forwarded_proto":"https","x_request_start":"1785650451157","x_requested_with":"XMLHttpRequest","x_scp_request_id":"8b3a38ad-b837-4495-bf5b-66c85e07a4db-6A6EDD0E-1B3E71","x_vcap_request_id":"0dff1cf6-324c-4c0a-66f0-79e02e2efd74","request_id":"0dff1cf6-324c-4c0a-66f0-79e02e2efd74","x_correlation_id":"0dff1cf6-324c-4c0a-66f0-79e02e2efd74","timestamp":"2026-08-02T06:00:51.167Z","layer":"cds","component_type":"application","container_id":"10.37.193.4","component_id":"d9622003-7570-45ea-b8be-97c6305e4251","component_name":"SmartProcureX-srv","component_instance":0,"source_instance":0,"organization_name":"0d79b96ctrial","organization_id":"e8159873-0fc0-4477-a4f9-3c43fdb65fe4","space_name":"dev","space_id":"0628b1b5-c14d-4a0a-abf9-843360b5d7c0","tenant_subdomain":"0d79b96ctrial","msg":"HEAD /odata/v4/procurement/ ","type":"log"} (STDOUT, APP/PROC/WEB)#
#2026 08 02 07:55:17.550#Z#DEBUG#6828ea62-8e47-11f1-a22d-eeee0a847462.SmartProcureX-srv#flowable-async-job-executor-thread-2161#
[PollStartAppStatusExecution] d9622003-7570-45ea-b8be-97c6305e4251 [2026-08-02T06:00:51.168263] 0d79b96ctrial-dev-smartprocurex-srv.cfapps.us10-003.hana.ondemand.com - [2026-08-02T06:00:51.166668827Z] "HEAD /odata/v4/procurement/ HTTP/1.1" 200 0 0 "https://0d79b96ctrial-dev-com-smartprocurex-smartprocurexui.cfapps.us10-003.hana.ondemand.com/index.html" "Mozilla/5.0 (Windows NT 10.0; Win64; x64) AppleWebKit/537.36 (KHTML, like Gecko) Chrome/151.0.0.0 Safari/537.36" "10.0.200.0:57394" "10.37.193.4:61003" x_forwarded_for:"152.57.234.150, 10.0.72.2, 10.37.193.4, 10.0.200.0" x_forwarded_proto:"https" vcap_request_id:"0dff1cf6-324c-4c0a-66f0-79e02e2efd74" response_time:0.001488 gorouter_time:0.000047 app_id:"d9622003-7570-45ea-b8be-97c6305e4251" app_index:"0" instance_id:"9b40dc3b-51e5-42fd-609b-eb21" failed_attempts:0 failed_attempts_time:"-" dns_time:0.000000 dial_time:0.000000 tls_time:0.000000 backend_time:0.001442 local_address:"10.0.193.9:22748" x_cf_routererror:"-" x_correlationid:"0dff1cf6-324c-4c0a-66f0-79e02e2efd74" tenantid:"0d79b96ctrial" sap_passport:"-" x_scp_request_id:"8b3a38ad-b837-4495-bf5b-66c85e07a4db-6A6EDD0E-1B3E71" x_cf_app_instance:"-" x_forwarded_host:"0d79b96ctrial-dev-com-smartprocurex-smartprocurexui.cfapps.us10-003.hana.ondemand.com" x_custom_host:"-" x_ssl_client:"-" x_ssl_client_session_id:"-" x_ssl_client_verify:"-" x_ssl_client_subject_dn:"-" x_ssl_client_subject_cn:"-" x_ssl_client_issuer_dn:"-" x_ssl_client_notbefore:"-" x_ssl_client_notafter:"-" x_cf_forwarded_url:"-" traceparent:"-" true_client_ip:"-" x_cf_true_client_ip:"10.37.193.4" x_request_id:"-" x_b3_traceid:"0dff1cf6324c4c0a66f079e02e2efd74" x_b3_spanid:"66f079e02e2efd74" x_b3_parentspanid:"-" b3:"0dff1cf6324c4c0a66f079e02e2efd74-66f079e02e2efd74" (STDOUT, RTR)#
#2026 08 02 07:55:17.550#Z#DEBUG#6828ea62-8e47-11f1-a22d-eeee0a847462.SmartProcureX-srv#flowable-async-job-executor-thread-2161#
[PollStartAppStatusExecution] d9622003-7570-45ea-b8be-97c6305e4251 [2026-08-02T06:00:51.168624] {"level":"info","logger":"odata","correlation_id":"07bfb6e9-0e71-40fa-6099-01445a39941b","tenant_id":"5590af3c-9485-44fe-975e-4b748861d2ff","host":"0d79b96ctrial-dev-smartprocurex-srv.cfapps.us10-003.hana.ondemand.com","user_agent":"Mozilla/5.0 (Windows NT 10.0; Win64; x64) AppleWebKit/537.36 (KHTML, like Gecko) Chrome/151.0.0.0 Safari/537.36","accept":"*/*","accept_encoding":"gzip, deflate, br, zstd","accept_language":"en-US","authorization":"***","b3":"07bfb6e90e7140fa609901445a39941b-609901445a39941b","cookie":"***","if_none_match":"W/\"TzIwEMPeKzfvIlNeEHEa0L8tCcT0HSsQIXFasv1PgOY=\"","priority":"u=1, i","referer":"https://0d79b96ctrial-dev-com-smartprocurex-smartprocurexui.cfapps.us10-003.hana.ondemand.com/index.html","sec_ch_ua":"\"Not=A?Brand\";v=\"99\", \"Google Chrome\";v=\"151\", \"Chromium\";v=\"151\"","sec_ch_ua_mobile":"?0","sec_ch_ua_platform":"\"Windows\"","sec_fetch_dest":"empty","sec_fetch_mode":"cors","sec_fetch_site":"same-origin","tenantid":"0d79b96ctrial","x_b3_spanid":"609901445a39941b","x_b3_traceid":"07bfb6e90e7140fa609901445a39941b","x_cf_applicationid":"d9622003-7570-45ea-b8be-97c6305e4251","x_cf_instanceid":"9b40dc3b-51e5-42fd-609b-eb21","x_cf_instanceindex":"0","x_cf_true_client_ip":"10.37.193.4","x_correlationid":"07bfb6e9-0e71-40fa-6099-01445a39941b","x_forwarded_for":"152.57.234.150, 10.0.72.2, 10.37.193.4, 10.0.200.3","x_forwarded_host":"0d79b96ctrial-dev-com-smartprocurex-smartprocurexui.cfapps.us10-003.hana.ondemand.com","x_forwarded_path":"/odata/v4/supplier/$metadata","x_forwarded_proto":"https","x_request_start":"1785650451157","x_requested_with":"XMLHttpRequest","x_scp_request_id":"9aa5315b-a820-4309-8a47-2bd2b99a37a3-6A6EDD0F-1BB44B","x_vcap_request_id":"07bfb6e9-0e71-40fa-6099-01445a39941b","request_id":"07bfb6e9-0e71-40fa-6099-01445a39941b","x_correlation_id":"07bfb6e9-0e71-40fa-6099-01445a39941b","timestamp":"2026-08-02T06:00:51.168Z","layer":"cds","component_type":"application","container_id":"10.37.193.4","component_id":"d9622003-7570-45ea-b8be-97c6305e4251","component_name":"SmartProcureX-srv","component_instance":0,"source_instance":0,"organization_name":"0d79b96ctrial","organization_id":"e8159873-0fc0-4477-a4f9-3c43fdb65fe4","space_name":"dev","space_id":"0628b1b5-c14d-4a0a-abf9-843360b5d7c0","tenant_subdomain":"0d79b96ctrial","msg":"GET /odata/v4/supplier/$metadata { 'sap-language': 'EN' }","type":"log"} (STDOUT, APP/PROC/WEB)#
#2026 08 02 07:55:17.550#Z#DEBUG#6828ea62-8e47-11f1-a22d-eeee0a847462.SmartProcureX-srv#flowable-async-job-executor-thread-2161#
[PollStartAppStatusExecution] d9622003-7570-45ea-b8be-97c6305e4251 [2026-08-02T06:00:51.169246] {"level":"info","logger":"odata","correlation_id":"6293cb9f-07f0-4edc-489e-c2a96059ebda","tenant_id":"5590af3c-9485-44fe-975e-4b748861d2ff","host":"0d79b96ctrial-dev-smartprocurex-srv.cfapps.us10-003.hana.ondemand.com","user_agent":"Mozilla/5.0 (Windows NT 10.0; Win64; x64) AppleWebKit/537.36 (KHTML, like Gecko) Chrome/151.0.0.0 Safari/537.36","accept":"*/*","accept_encoding":"gzip, deflate, br, zstd","accept_language":"en-US","authorization":"***","b3":"6293cb9f07f04edc489ec2a96059ebda-489ec2a96059ebda","cookie":"***","priority":"u=1, i","referer":"https://0d79b96ctrial-dev-com-smartprocurex-smartprocurexui.cfapps.us10-003.hana.ondemand.com/index.html","sec_ch_ua":"\"Not=A?Brand\";v=\"99\", \"Google Chrome\";v=\"151\", \"Chromium\";v=\"151\"","sec_ch_ua_mobile":"?0","sec_ch_ua_platform":"\"Windows\"","sec_fetch_dest":"empty","sec_fetch_mode":"cors","sec_fetch_site":"same-origin","tenantid":"0d79b96ctrial","x_b3_spanid":"489ec2a96059ebda","x_b3_traceid":"6293cb9f07f04edc489ec2a96059ebda","x_cf_applicationid":"d9622003-7570-45ea-b8be-97c6305e4251","x_cf_instanceid":"9b40dc3b-51e5-42fd-609b-eb21","x_cf_instanceindex":"0","x_cf_true_client_ip":"10.37.193.4","x_correlationid":"6293cb9f-07f0-4edc-489e-c2a96059ebda","x_csrf_token":"Fetch","x_forwarded_for":"152.57.234.150, 10.0.72.2, 10.37.193.4, 10.0.200.3","x_forwarded_host":"0d79b96ctrial-dev-com-smartprocurex-smartprocurexui.cfapps.us10-003.hana.ondemand.com","x_forwarded_path":"/odata/v4/supplier/","x_forwarded_proto":"https","x_request_start":"1785650451157","x_requested_with":"XMLHttpRequest","x_scp_request_id":"9aa5315b-a820-4309-8a47-2bd2b99a37a3-6A6EDD0E-1BB44A","x_vcap_request_id":"6293cb9f-07f0-4edc-489e-c2a96059ebda","request_id":"6293cb9f-07f0-4edc-489e-c2a96059ebda","x_correlation_id":"6293cb9f-07f0-4edc-489e-c2a96059ebda","timestamp":"2026-08-02T06:00:51.169Z","layer":"cds","component_type":"application","container_id":"10.37.193.4","component_id":"d9622003-7570-45ea-b8be-97c6305e4251","component_name":"SmartProcureX-srv","component_instance":0,"source_instance":0,"organization_name":"0d79b96ctrial","organization_id":"e8159873-0fc0-4477-a4f9-3c43fdb65fe4","space_name":"dev","space_id":"0628b1b5-c14d-4a0a-abf9-843360b5d7c0","tenant_subdomain":"0d79b96ctrial","msg":"HEAD /odata/v4/supplier/ ","type":"log"} (STDOUT, APP/PROC/WEB)#
#2026 08 02 07:55:17.550#Z#DEBUG#6828ea62-8e47-11f1-a22d-eeee0a847462.SmartProcureX-srv#flowable-async-job-executor-thread-2161#
[PollStartAppStatusExecution] d9622003-7570-45ea-b8be-97c6305e4251 [2026-08-02T06:00:51.169342] 0d79b96ctrial-dev-smartprocurex-srv.cfapps.us10-003.hana.ondemand.com - [2026-08-02T06:00:51.167656454Z] "GET /odata/v4/supplier/$metadata?sap-language=EN HTTP/1.1" 304 0 0 "https://0d79b96ctrial-dev-com-smartprocurex-smartprocurexui.cfapps.us10-003.hana.ondemand.com/index.html" "Mozilla/5.0 (Windows NT 10.0; Win64; x64) AppleWebKit/537.36 (KHTML, like Gecko) Chrome/151.0.0.0 Safari/537.36" "10.0.200.3:55922" "10.37.193.4:61003" x_forwarded_for:"152.57.234.150, 10.0.72.2, 10.37.193.4, 10.0.200.3" x_forwarded_proto:"https" vcap_request_id:"07bfb6e9-0e71-40fa-6099-01445a39941b" response_time:0.001444 gorouter_time:0.000109 app_id:"d9622003-7570-45ea-b8be-97c6305e4251" app_index:"0" instance_id:"9b40dc3b-51e5-42fd-609b-eb21" failed_attempts:0 failed_attempts_time:"-" dns_time:0.000000 dial_time:0.000000 tls_time:0.000000 backend_time:0.001335 local_address:"10.0.193.8:39554" x_cf_routererror:"-" x_correlationid:"07bfb6e9-0e71-40fa-6099-01445a39941b" tenantid:"0d79b96ctrial" sap_passport:"-" x_scp_request_id:"9aa5315b-a820-4309-8a47-2bd2b99a37a3-6A6EDD0F-1BB44B" x_cf_app_instance:"-" x_forwarded_host:"0d79b96ctrial-dev-com-smartprocurex-smartprocurexui.cfapps.us10-003.hana.ondemand.com" x_custom_host:"-" x_ssl_client:"-" x_ssl_client_session_id:"-" x_ssl_client_verify:"-" x_ssl_client_subject_dn:"-" x_ssl_client_subject_cn:"-" x_ssl_client_issuer_dn:"-" x_ssl_client_notbefore:"-" x_ssl_client_notafter:"-" x_cf_forwarded_url:"-" traceparent:"-" true_client_ip:"-" x_cf_true_client_ip:"10.37.193.4" x_request_id:"-" x_b3_traceid:"07bfb6e90e7140fa609901445a39941b" x_b3_spanid:"609901445a39941b" x_b3_parentspanid:"-" b3:"07bfb6e90e7140fa609901445a39941b-609901445a39941b" (STDOUT, RTR)#
#2026 08 02 07:55:17.550#Z#DEBUG#6828ea62-8e47-11f1-a22d-eeee0a847462.SmartProcureX-srv#flowable-async-job-executor-thread-2161#
[PollStartAppStatusExecution] d9622003-7570-45ea-b8be-97c6305e4251 [2026-08-02T06:00:51.169795] 0d79b96ctrial-dev-smartprocurex-srv.cfapps.us10-003.hana.ondemand.com - [2026-08-02T06:00:51.167862735Z] "HEAD /odata/v4/supplier/ HTTP/1.1" 200 0 0 "https://0d79b96ctrial-dev-com-smartprocurex-smartprocurexui.cfapps.us10-003.hana.ondemand.com/index.html" "Mozilla/5.0 (Windows NT 10.0; Win64; x64) AppleWebKit/537.36 (KHTML, like Gecko) Chrome/151.0.0.0 Safari/537.36" "10.0.200.3:13388" "10.37.193.4:61003" x_forwarded_for:"152.57.234.150, 10.0.72.2, 10.37.193.4, 10.0.200.3" x_forwarded_proto:"https" vcap_request_id:"6293cb9f-07f0-4edc-489e-c2a96059ebda" response_time:0.001836 gorouter_time:0.000056 app_id:"d9622003-7570-45ea-b8be-97c6305e4251" app_index:"0" instance_id:"9b40dc3b-51e5-42fd-609b-eb21" failed_attempts:0 failed_attempts_time:"-" dns_time:0.000000 dial_time:0.000000 tls_time:0.000000 backend_time:0.001781 local_address:"10.0.193.9:22756" x_cf_routererror:"-" x_correlationid:"6293cb9f-07f0-4edc-489e-c2a96059ebda" tenantid:"0d79b96ctrial" sap_passport:"-" x_scp_request_id:"9aa5315b-a820-4309-8a47-2bd2b99a37a3-6A6EDD0E-1BB44A" x_cf_app_instance:"-" x_forwarded_host:"0d79b96ctrial-dev-com-smartprocurex-smartprocurexui.cfapps.us10-003.hana.ondemand.com" x_custom_host:"-" x_ssl_client:"-" x_ssl_client_session_id:"-" x_ssl_client_verify:"-" x_ssl_client_subject_dn:"-" x_ssl_client_subject_cn:"-" x_ssl_client_issuer_dn:"-" x_ssl_client_notbefore:"-" x_ssl_client_notafter:"-" x_cf_forwarded_url:"-" traceparent:"-" true_client_ip:"-" x_cf_true_client_ip:"10.37.193.4" x_request_id:"-" x_b3_traceid:"6293cb9f07f04edc489ec2a96059ebda" x_b3_spanid:"489ec2a96059ebda" x_b3_parentspanid:"-" b3:"6293cb9f07f04edc489ec2a96059ebda-489ec2a96059ebda" (STDOUT, RTR)#
#2026 08 02 07:55:17.550#Z#DEBUG#6828ea62-8e47-11f1-a22d-eeee0a847462.SmartProcureX-srv#flowable-async-job-executor-thread-2161#
[PollStartAppStatusExecution] d9622003-7570-45ea-b8be-97c6305e4251 [2026-08-02T06:00:51.196507] {"level":"info","logger":"odata","correlation_id":"f0943f78-189f-41eb-7782-3c114abde6ae","tenant_id":"5590af3c-9485-44fe-975e-4b748861d2ff","host":"0d79b96ctrial-dev-smartprocurex-srv.cfapps.us10-003.hana.ondemand.com","user_agent":"Mozilla/5.0 (Windows NT 10.0; Win64; x64) AppleWebKit/537.36 (KHTML, like Gecko) Chrome/151.0.0.0 Safari/537.36","accept":"*/*","accept_encoding":"gzip, deflate, br, zstd","accept_language":"en-US,en;q=0.9","authorization":"***","b3":"f0943f78189f41eb77823c114abde6ae-77823c114abde6ae","cookie":"***","priority":"u=1, i","referer":"https://0d79b96ctrial-dev-com-smartprocurex-smartprocurexui.cfapps.us10-003.hana.ondemand.com/index.html","sec_ch_ua":"\"Not=A?Brand\";v=\"99\", \"Google Chrome\";v=\"151\", \"Chromium\";v=\"151\"","sec_ch_ua_mobile":"?0","sec_ch_ua_platform":"\"Windows\"","sec_fetch_dest":"empty","sec_fetch_mode":"cors","sec_fetch_site":"same-origin","tenantid":"0d79b96ctrial","x_b3_spanid":"77823c114abde6ae","x_b3_traceid":"f0943f78189f41eb77823c114abde6ae","x_cf_applicationid":"d9622003-7570-45ea-b8be-97c6305e4251","x_cf_instanceid":"9b40dc3b-51e5-42fd-609b-eb21","x_cf_instanceindex":"0","x_cf_true_client_ip":"10.37.193.4","x_correlationid":"f0943f78-189f-41eb-7782-3c114abde6ae","x_forwarded_for":"152.57.234.150, 10.0.72.2, 10.37.193.4, 10.0.200.2","x_forwarded_host":"0d79b96ctrial-dev-com-smartprocurex-smartprocurexui.cfapps.us10-003.hana.ondemand.com","x_forwarded_path":"/odata/v4/procurement/PurchaseRequests","x_forwarded_proto":"https","x_request_start":"1785650451192","x_scp_request_id":"ed68c315-3eeb-4471-9fdc-9dc1d1fc79cc-6A6EDD13-1B6251","x_vcap_request_id":"f0943f78-189f-41eb-7782-3c114abde6ae","request_id":"f0943f78-189f-41eb-7782-3c114abde6ae","x_correlation_id":"f0943f78-189f-41eb-7782-3c114abde6ae","timestamp":"2026-08-02T06:00:51.196Z","layer":"cds","component_type":"application","container_id":"10.37.193.4","component_id":"d9622003-7570-45ea-b8be-97c6305e4251","component_name":"SmartProcureX-srv","component_instance":0,"source_instance":0,"organization_name":"0d79b96ctrial","organization_id":"e8159873-0fc0-4477-a4f9-3c43fdb65fe4","space_name":"dev","space_id":"0628b1b5-c14d-4a0a-abf9-843360b5d7c0","tenant_subdomain":"0d79b96ctrial","msg":"GET /odata/v4/procurement/PurchaseRequests ","type":"log"} (STDOUT, APP/PROC/WEB)#
#2026 08 02 07:55:17.550#Z#DEBUG#6828ea62-8e47-11f1-a22d-eeee0a847462.SmartProcureX-srv#flowable-async-job-executor-thread-2161#
[PollStartAppStatusExecution] d9622003-7570-45ea-b8be-97c6305e4251 [2026-08-02T06:00:51.197382] {"level":"warn","logger":"odata","correlation_id":"f0943f78-189f-41eb-7782-3c114abde6ae","tenant_id":"5590af3c-9485-44fe-975e-4b748861d2ff","host":"0d79b96ctrial-dev-smartprocurex-srv.cfapps.us10-003.hana.ondemand.com","user_agent":"Mozilla/5.0 (Windows NT 10.0; Win64; x64) AppleWebKit/537.36 (KHTML, like Gecko) Chrome/151.0.0.0 Safari/537.36","accept":"*/*","accept_encoding":"gzip, deflate, br, zstd","accept_language":"en-US,en;q=0.9","authorization":"***","b3":"f0943f78189f41eb77823c114abde6ae-77823c114abde6ae","cookie":"***","priority":"u=1, i","referer":"https://0d79b96ctrial-dev-com-smartprocurex-smartprocurexui.cfapps.us10-003.hana.ondemand.com/index.html","sec_ch_ua":"\"Not=A?Brand\";v=\"99\", \"Google Chrome\";v=\"151\", \"Chromium\";v=\"151\"","sec_ch_ua_mobile":"?0","sec_ch_ua_platform":"\"Windows\"","sec_fetch_dest":"empty","sec_fetch_mode":"cors","sec_fetch_site":"same-origin","tenantid":"0d79b96ctrial","x_b3_spanid":"77823c114abde6ae","x_b3_traceid":"f0943f78189f41eb77823c114abde6ae","x_cf_applicationid":"d9622003-7570-45ea-b8be-97c6305e4251","x_cf_instanceid":"9b40dc3b-51e5-42fd-609b-eb21","x_cf_instanceindex":"0","x_cf_true_client_ip":"10.37.193.4","x_correlationid":"f0943f78-189f-41eb-7782-3c114abde6ae","x_forwarded_for":"152.57.234.150, 10.0.72.2, 10.37.193.4, 10.0.200.2","x_forwarded_host":"0d79b96ctrial-dev-com-smartprocurex-smartprocurexui.cfapps.us10-003.hana.ondemand.com","x_forwarded_path":"/odata/v4/procurement/PurchaseRequests","x_forwarded_proto":"https","x_request_start":"1785650451192","x_scp_request_id":"ed68c315-3eeb-4471-9fdc-9dc1d1fc79cc-6A6EDD13-1B6251","x_vcap_request_id":"f0943f78-189f-41eb-7782-3c114abde6ae","request_id":"f0943f78-189f-41eb-7782-3c114abde6ae","x_correlation_id":"f0943f78-189f-41eb-7782-3c114abde6ae","timestamp":"2026-08-02T06:00:51.197Z","layer":"cds","component_type":"application","container_id":"10.37.193.4","component_id":"d9622003-7570-45ea-b8be-97c6305e4251","component_name":"SmartProcureX-srv","component_instance":0,"source_instance":0,"organization_name":"0d79b96ctrial","organization_id":"e8159873-0fc0-4477-a4f9-3c43fdb65fe4","space_name":"dev","space_id":"0628b1b5-c14d-4a0a-abf9-843360b5d7c0","tenant_subdomain":"0d79b96ctrial","msg":"403 - Error: Forbidden\n    at reject (/home/vcap/app/node_modules/@sap/cds/libx/_runtime/common/generic/auth/utils.js:10:19)\n    at ApplicationService.enforce_auth (/home/vcap/app/node_modules/@sap/cds/libx/_runtime/common/generic/auth/restrict.js:229:5)\n    at ApplicationService.handle_authorization (/home/vcap/app/node_modules/@sap/cds/libx/_runtime/common/generic/auth/index.js:79:27)\n    at ApplicationService.handle (/home/vcap/app/node_modules/@sap/cds/libx/_runtime/common/Service.js:73:47)\n    at ApplicationService.dispatch (/home/vcap/app/node_modules/@sap/cds/lib/srv/srv-dispatch.js:32:17)\n    at /home/vcap/app/node_modules/@sap/cds/lib/srv/srv-dispatch.js:20:50\n    at ApplicationService.run (/home/vcap/app/node_modules/@sap/cds/lib/srv/cds.Service.js:171:44)\n    at ApplicationService.dispatch (/home/vcap/app/node_modules/@sap/cds/lib/srv/srv-dispatch.js:20:36)\n    at /home/vcap/app/node_modules/@sap/cds/libx/odata/middleware/read.js:258:24\n    at /home/vcap/app/node_modules/@sap/cds/lib/srv/srv-tx.js:27:48 {\n  internal: null,\n  code: '403',\n  status: 403,\n  _i18n: 1\n}","type":"log"} (STDERR, APP/PROC/WEB)#
#2026 08 02 07:55:17.550#Z#DEBUG#6828ea62-8e47-11f1-a22d-eeee0a847462.SmartProcureX-srv#flowable-async-job-executor-thread-2161#
[PollStartAppStatusExecution] d9622003-7570-45ea-b8be-97c6305e4251 [2026-08-02T06:00:51.197730] 0d79b96ctrial-dev-smartprocurex-srv.cfapps.us10-003.hana.ondemand.com - [2026-08-02T06:00:51.195302495Z] "GET /odata/v4/procurement/PurchaseRequests HTTP/1.1" 403 0 74 "https://0d79b96ctrial-dev-com-smartprocurex-smartprocurexui.cfapps.us10-003.hana.ondemand.com/index.html" "Mozilla/5.0 (Windows NT 10.0; Win64; x64) AppleWebKit/537.36 (KHTML, like Gecko) Chrome/151.0.0.0 Safari/537.36" "10.0.200.2:27356" "10.37.193.4:61003" x_forwarded_for:"152.57.234.150, 10.0.72.2, 10.37.193.4, 10.0.200.2" x_forwarded_proto:"https" vcap_request_id:"f0943f78-189f-41eb-7782-3c114abde6ae" response_time:0.002301 gorouter_time:0.000055 app_id:"d9622003-7570-45ea-b8be-97c6305e4251" app_index:"0" instance_id:"9b40dc3b-51e5-42fd-609b-eb21" failed_attempts:0 failed_attempts_time:"-" dns_time:0.000000 dial_time:0.000000 tls_time:0.000000 backend_time:0.002246 local_address:"10.0.193.8:39554" x_cf_routererror:"-" x_correlationid:"f0943f78-189f-41eb-7782-3c114abde6ae" tenantid:"0d79b96ctrial" sap_passport:"-" x_scp_request_id:"ed68c315-3eeb-4471-9fdc-9dc1d1fc79cc-6A6EDD13-1B6251" x_cf_app_instance:"-" x_forwarded_host:"0d79b96ctrial-dev-com-smartprocurex-smartprocurexui.cfapps.us10-003.hana.ondemand.com" x_custom_host:"-" x_ssl_client:"-" x_ssl_client_session_id:"-" x_ssl_client_verify:"-" x_ssl_client_subject_dn:"-" x_ssl_client_subject_cn:"-" x_ssl_client_issuer_dn:"-" x_ssl_client_notbefore:"-" x_ssl_client_notafter:"-" x_cf_forwarded_url:"-" traceparent:"-" true_client_ip:"-" x_cf_true_client_ip:"10.37.193.4" x_request_id:"-" x_b3_traceid:"f0943f78189f41eb77823c114abde6ae" x_b3_spanid:"77823c114abde6ae" x_b3_parentspanid:"-" b3:"f0943f78189f41eb77823c114abde6ae-77823c114abde6ae" (STDOUT, RTR)#
#2026 08 02 07:55:17.550#Z#DEBUG#6828ea62-8e47-11f1-a22d-eeee0a847462.SmartProcureX-srv#flowable-async-job-executor-thread-2161#
[PollStartAppStatusExecution] d9622003-7570-45ea-b8be-97c6305e4251 [2026-08-02T06:00:51.456580] {"level":"info","logger":"odata","correlation_id":"d3278903-5418-40f5-5583-581bdbc5679d","tenant_id":"5590af3c-9485-44fe-975e-4b748861d2ff","host":"0d79b96ctrial-dev-smartprocurex-srv.cfapps.us10-003.hana.ondemand.com","user_agent":"Mozilla/5.0 (Windows NT 10.0; Win64; x64) AppleWebKit/537.36 (KHTML, like Gecko) Chrome/151.0.0.0 Safari/537.36","accept":"*/*","accept_encoding":"gzip, deflate, br, zstd","accept_language":"en-US,en;q=0.9","authorization":"***","b3":"d3278903541840f55583581bdbc5679d-5583581bdbc5679d","cookie":"***","priority":"u=1, i","referer":"https://0d79b96ctrial-dev-com-smartprocurex-smartprocurexui.cfapps.us10-003.hana.ondemand.com/index.html","sec_ch_ua":"\"Not=A?Brand\";v=\"99\", \"Google Chrome\";v=\"151\", \"Chromium\";v=\"151\"","sec_ch_ua_mobile":"?0","sec_ch_ua_platform":"\"Windows\"","sec_fetch_dest":"empty","sec_fetch_mode":"cors","sec_fetch_site":"same-origin","tenantid":"0d79b96ctrial","x_b3_spanid":"5583581bdbc5679d","x_b3_traceid":"d3278903541840f55583581bdbc5679d","x_cf_applicationid":"d9622003-7570-45ea-b8be-97c6305e4251","x_cf_instanceid":"9b40dc3b-51e5-42fd-609b-eb21","x_cf_instanceindex":"0","x_cf_true_client_ip":"10.37.193.4","x_correlationid":"d3278903-5418-40f5-5583-581bdbc5679d","x_forwarded_for":"152.57.234.150, 10.0.72.2, 10.37.193.4, 10.0.200.3","x_forwarded_host":"0d79b96ctrial-dev-com-smartprocurex-smartprocurexui.cfapps.us10-003.hana.ondemand.com","x_forwarded_path":"/odata/v4/procurement/PurchaseOrders","x_forwarded_proto":"https","x_request_start":"1785650451452","x_scp_request_id":"9aa5315b-a820-4309-8a47-2bd2b99a37a3-6A6EDD13-1BB44C","x_vcap_request_id":"d3278903-5418-40f5-5583-581bdbc5679d","request_id":"d3278903-5418-40f5-5583-581bdbc5679d","x_correlation_id":"d3278903-5418-40f5-5583-581bdbc5679d","timestamp":"2026-08-02T06:00:51.456Z","layer":"cds","component_type":"application","container_id":"10.37.193.4","component_id":"d9622003-7570-45ea-b8be-97c6305e4251","component_name":"SmartProcureX-srv","component_instance":0,"source_instance":0,"organization_name":"0d79b96ctrial","organization_id":"e8159873-0fc0-4477-a4f9-3c43fdb65fe4","space_name":"dev","space_id":"0628b1b5-c14d-4a0a-abf9-843360b5d7c0","tenant_subdomain":"0d79b96ctrial","msg":"GET /odata/v4/procurement/PurchaseOrders ","type":"log"} (STDOUT, APP/PROC/WEB)#
#2026 08 02 07:55:17.550#Z#DEBUG#6828ea62-8e47-11f1-a22d-eeee0a847462.SmartProcureX-srv#flowable-async-job-executor-thread-2161#
[PollStartAppStatusExecution] d9622003-7570-45ea-b8be-97c6305e4251 [2026-08-02T06:00:51.457420] {"level":"warn","logger":"odata","correlation_id":"d3278903-5418-40f5-5583-581bdbc5679d","tenant_id":"5590af3c-9485-44fe-975e-4b748861d2ff","host":"0d79b96ctrial-dev-smartprocurex-srv.cfapps.us10-003.hana.ondemand.com","user_agent":"Mozilla/5.0 (Windows NT 10.0; Win64; x64) AppleWebKit/537.36 (KHTML, like Gecko) Chrome/151.0.0.0 Safari/537.36","accept":"*/*","accept_encoding":"gzip, deflate, br, zstd","accept_language":"en-US,en;q=0.9","authorization":"***","b3":"d3278903541840f55583581bdbc5679d-5583581bdbc5679d","cookie":"***","priority":"u=1, i","referer":"https://0d79b96ctrial-dev-com-smartprocurex-smartprocurexui.cfapps.us10-003.hana.ondemand.com/index.html","sec_ch_ua":"\"Not=A?Brand\";v=\"99\", \"Google Chrome\";v=\"151\", \"Chromium\";v=\"151\"","sec_ch_ua_mobile":"?0","sec_ch_ua_platform":"\"Windows\"","sec_fetch_dest":"empty","sec_fetch_mode":"cors","sec_fetch_site":"same-origin","tenantid":"0d79b96ctrial","x_b3_spanid":"5583581bdbc5679d","x_b3_traceid":"d3278903541840f55583581bdbc5679d","x_cf_applicationid":"d9622003-7570-45ea-b8be-97c6305e4251","x_cf_instanceid":"9b40dc3b-51e5-42fd-609b-eb21","x_cf_instanceindex":"0","x_cf_true_client_ip":"10.37.193.4","x_correlationid":"d3278903-5418-40f5-5583-581bdbc5679d","x_forwarded_for":"152.57.234.150, 10.0.72.2, 10.37.193.4, 10.0.200.3","x_forwarded_host":"0d79b96ctrial-dev-com-smartprocurex-smartprocurexui.cfapps.us10-003.hana.ondemand.com","x_forwarded_path":"/odata/v4/procurement/PurchaseOrders","x_forwarded_proto":"https","x_request_start":"1785650451452","x_scp_request_id":"9aa5315b-a820-4309-8a47-2bd2b99a37a3-6A6EDD13-1BB44C","x_vcap_request_id":"d3278903-5418-40f5-5583-581bdbc5679d","request_id":"d3278903-5418-40f5-5583-581bdbc5679d","x_correlation_id":"d3278903-5418-40f5-5583-581bdbc5679d","timestamp":"2026-08-02T06:00:51.457Z","layer":"cds","component_type":"application","container_id":"10.37.193.4","component_id":"d9622003-7570-45ea-b8be-97c6305e4251","component_name":"SmartProcureX-srv","component_instance":0,"source_instance":0,"organization_name":"0d79b96ctrial","organization_id":"e8159873-0fc0-4477-a4f9-3c43fdb65fe4","space_name":"dev","space_id":"0628b1b5-c14d-4a0a-abf9-843360b5d7c0","tenant_subdomain":"0d79b96ctrial","msg":"403 - Error: Forbidden\n    at reject (/home/vcap/app/node_modules/@sap/cds/libx/_runtime/common/generic/auth/utils.js:10:19)\n    at ApplicationService.enforce_auth (/home/vcap/app/node_modules/@sap/cds/libx/_runtime/common/generic/auth/restrict.js:229:5)\n    at ApplicationService.handle_authorization (/home/vcap/app/node_modules/@sap/cds/libx/_runtime/common/generic/auth/index.js:79:27)\n    at ApplicationService.handle (/home/vcap/app/node_modules/@sap/cds/libx/_runtime/common/Service.js:73:47)\n    at ApplicationService.dispatch (/home/vcap/app/node_modules/@sap/cds/lib/srv/srv-dispatch.js:32:17)\n    at /home/vcap/app/node_modules/@sap/cds/lib/srv/srv-dispatch.js:20:50\n    at ApplicationService.run (/home/vcap/app/node_modules/@sap/cds/lib/srv/cds.Service.js:171:44)\n    at ApplicationService.dispatch (/home/vcap/app/node_modules/@sap/cds/lib/srv/srv-dispatch.js:20:36)\n    at /home/vcap/app/node_modules/@sap/cds/libx/odata/middleware/read.js:258:24\n    at /home/vcap/app/node_modules/@sap/cds/lib/srv/srv-tx.js:27:48 {\n  internal: null,\n  code: '403',\n  status: 403,\n  _i18n: 1\n}","type":"log"} (STDERR, APP/PROC/WEB)#
#2026 08 02 07:55:17.550#Z#DEBUG#6828ea62-8e47-11f1-a22d-eeee0a847462.SmartProcureX-srv#flowable-async-job-executor-thread-2161#
[PollStartAppStatusExecution] d9622003-7570-45ea-b8be-97c6305e4251 [2026-08-02T06:00:51.457876] 0d79b96ctrial-dev-smartprocurex-srv.cfapps.us10-003.hana.ondemand.com - [2026-08-02T06:00:51.455110819Z] "GET /odata/v4/procurement/PurchaseOrders HTTP/1.1" 403 0 74 "https://0d79b96ctrial-dev-com-smartprocurex-smartprocurexui.cfapps.us10-003.hana.ondemand.com/index.html" "Mozilla/5.0 (Windows NT 10.0; Win64; x64) AppleWebKit/537.36 (KHTML, like Gecko) Chrome/151.0.0.0 Safari/537.36" "10.0.200.3:13388" "10.37.193.4:61003" x_forwarded_for:"152.57.234.150, 10.0.72.2, 10.37.193.4, 10.0.200.3" x_forwarded_proto:"https" vcap_request_id:"d3278903-5418-40f5-5583-581bdbc5679d" response_time:0.002682 gorouter_time:0.000044 app_id:"d9622003-7570-45ea-b8be-97c6305e4251" app_index:"0" instance_id:"9b40dc3b-51e5-42fd-609b-eb21" failed_attempts:0 failed_attempts_time:"-" dns_time:0.000000 dial_time:0.000000 tls_time:0.000000 backend_time:0.002637 local_address:"10.0.193.9:22756" x_cf_routererror:"-" x_correlationid:"d3278903-5418-40f5-5583-581bdbc5679d" tenantid:"0d79b96ctrial" sap_passport:"-" x_scp_request_id:"9aa5315b-a820-4309-8a47-2bd2b99a37a3-6A6EDD13-1BB44C" x_cf_app_instance:"-" x_forwarded_host:"0d79b96ctrial-dev-com-smartprocurex-smartprocurexui.cfapps.us10-003.hana.ondemand.com" x_custom_host:"-" x_ssl_client:"-" x_ssl_client_session_id:"-" x_ssl_client_verify:"-" x_ssl_client_subject_dn:"-" x_ssl_client_subject_cn:"-" x_ssl_client_issuer_dn:"-" x_ssl_client_notbefore:"-" x_ssl_client_notafter:"-" x_cf_forwarded_url:"-" traceparent:"-" true_client_ip:"-" x_cf_true_client_ip:"10.37.193.4" x_request_id:"-" x_b3_traceid:"d3278903541840f55583581bdbc5679d" x_b3_spanid:"5583581bdbc5679d" x_b3_parentspanid:"-" b3:"d3278903541840f55583581bdbc5679d-5583581bdbc5679d" (STDOUT, RTR)#
#2026 08 02 07:55:17.550#Z#DEBUG#6828ea62-8e47-11f1-a22d-eeee0a847462.SmartProcureX-srv#flowable-async-job-executor-thread-2161#
[PollStartAppStatusExecution] d9622003-7570-45ea-b8be-97c6305e4251 [2026-08-02T06:00:51.458007] {"level":"info","logger":"odata","correlation_id":"e99b3fba-9922-4990-68a4-aee8c09ae649","tenant_id":"5590af3c-9485-44fe-975e-4b748861d2ff","host":"0d79b96ctrial-dev-smartprocurex-srv.cfapps.us10-003.hana.ondemand.com","user_agent":"Mozilla/5.0 (Windows NT 10.0; Win64; x64) AppleWebKit/537.36 (KHTML, like Gecko) Chrome/151.0.0.0 Safari/537.36","content_length":"772","request_size_b":"772","accept":"multipart/mixed","accept_encoding":"gzip, deflate, br, zstd","accept_language":"en-US","authorization":"***","b3":"e99b3fba9922499068a4aee8c09ae649-68a4aee8c09ae649","content_type":"multipart/mixed; boundary=batch_id-1785650449077-21","cookie":"***","mime_version":"1.0","odata_maxversion":"4.0","odata_version":"4.0","origin":"https://0d79b96ctrial-dev-com-smartprocurex-smartprocurexui.cfapps.us10-003.hana.ondemand.com","priority":"u=1, i","referer":"https://0d79b96ctrial-dev-com-smartprocurex-smartprocurexui.cfapps.us10-003.hana.ondemand.com/index.html","sap_cancel_on_close":"true","sec_ch_ua":"\"Not=A?Brand\";v=\"99\", \"Google Chrome\";v=\"151\", \"Chromium\";v=\"151\"","sec_ch_ua_mobile":"?0","sec_ch_ua_platform":"\"Windows\"","sec_fetch_dest":"empty","sec_fetch_mode":"cors","sec_fetch_site":"same-origin","tenantid":"0d79b96ctrial","x_b3_spanid":"68a4aee8c09ae649","x_b3_traceid":"e99b3fba9922499068a4aee8c09ae649","x_cf_applicationid":"d9622003-7570-45ea-b8be-97c6305e4251","x_cf_instanceid":"9b40dc3b-51e5-42fd-609b-eb21","x_cf_instanceindex":"0","x_cf_true_client_ip":"10.37.193.4","x_correlationid":"e99b3fba-9922-4990-68a4-aee8c09ae649","x_csrf_token":"Fetch","x_forwarded_for":"152.57.234.150, 10.0.72.2, 10.37.193.4, 10.0.200.0","x_forwarded_host":"0d79b96ctrial-dev-com-smartprocurex-smartprocurexui.cfapps.us10-003.hana.ondemand.com","x_forwarded_path":"/odata/v4/procurement/$batch","x_forwarded_proto":"https","x_request_start":"1785650451446","x_requested_with":"XMLHttpRequest","x_scp_request_id":"8b3a38ad-b837-4495-bf5b-66c85e07a4db-6A6EDD13-1B3E73","x_vcap_request_id":"e99b3fba-9922-4990-68a4-aee8c09ae649","request_id":"e99b3fba-9922-4990-68a4-aee8c09ae649","x_correlation_id":"e99b3fba-9922-4990-68a4-aee8c09ae649","timestamp":"2026-08-02T06:00:51.457Z","layer":"cds","component_type":"application","container_id":"10.37.193.4","component_id":"d9622003-7570-45ea-b8be-97c6305e4251","component_name":"SmartProcureX-srv","component_instance":0,"source_instance":0,"organization_name":"0d79b96ctrial","organization_id":"e8159873-0fc0-4477-a4f9-3c43fdb65fe4","space_name":"dev","space_id":"0628b1b5-c14d-4a0a-abf9-843360b5d7c0","tenant_subdomain":"0d79b96ctrial","msg":"POST /odata/v4/procurement/$batch ","type":"log"} (STDOUT, APP/PROC/WEB)#
#2026 08 02 07:55:17.550#Z#DEBUG#6828ea62-8e47-11f1-a22d-eeee0a847462.SmartProcureX-srv#flowable-async-job-executor-thread-2161#
[PollStartAppStatusExecution] d9622003-7570-45ea-b8be-97c6305e4251 [2026-08-02T06:00:51.459504] {"level":"info","logger":"odata","correlation_id":"e99b3fba-9922-4990-68a4-aee8c09ae649","tenant_id":"5590af3c-9485-44fe-975e-4b748861d2ff","host":"0d79b96ctrial-dev-smartprocurex-srv.cfapps.us10-003.hana.ondemand.com","user_agent":"Mozilla/5.0 (Windows NT 10.0; Win64; x64) AppleWebKit/537.36 (KHTML, like Gecko) Chrome/151.0.0.0 Safari/537.36","content_length":"772","request_size_b":"772","accept":"multipart/mixed","accept_encoding":"gzip, deflate, br, zstd","accept_language":"en-US","authorization":"***","b3":"e99b3fba9922499068a4aee8c09ae649-68a4aee8c09ae649","content_type":"multipart/mixed; boundary=batch_id-1785650449077-21","cookie":"***","mime_version":"1.0","odata_maxversion":"4.0","odata_version":"4.0","origin":"https://0d79b96ctrial-dev-com-smartprocurex-smartprocurexui.cfapps.us10-003.hana.ondemand.com","priority":"u=1, i","referer":"https://0d79b96ctrial-dev-com-smartprocurex-smartprocurexui.cfapps.us10-003.hana.ondemand.com/index.html","sap_cancel_on_close":"true","sec_ch_ua":"\"Not=A?Brand\";v=\"99\", \"Google Chrome\";v=\"151\", \"Chromium\";v=\"151\"","sec_ch_ua_mobile":"?0","sec_ch_ua_platform":"\"Windows\"","sec_fetch_dest":"empty","sec_fetch_mode":"cors","sec_fetch_site":"same-origin","tenantid":"0d79b96ctrial","x_b3_spanid":"68a4aee8c09ae649","x_b3_traceid":"e99b3fba9922499068a4aee8c09ae649","x_cf_applicationid":"d9622003-7570-45ea-b8be-97c6305e4251","x_cf_instanceid":"9b40dc3b-51e5-42fd-609b-eb21","x_cf_instanceindex":"0","x_cf_true_client_ip":"10.37.193.4","x_correlationid":"e99b3fba-9922-4990-68a4-aee8c09ae649","x_csrf_token":"Fetch","x_forwarded_for":"152.57.234.150, 10.0.72.2, 10.37.193.4, 10.0.200.0","x_forwarded_host":"0d79b96ctrial-dev-com-smartprocurex-smartprocurexui.cfapps.us10-003.hana.ondemand.com","x_forwarded_path":"/odata/v4/procurement/$batch","x_forwarded_proto":"https","x_request_start":"1785650451446","x_requested_with":"XMLHttpRequest","x_scp_request_id":"8b3a38ad-b837-4495-bf5b-66c85e07a4db-6A6EDD13-1B3E73","x_vcap_request_id":"e99b3fba-9922-4990-68a4-aee8c09ae649","request_id":"e99b3fba-9922-4990-68a4-aee8c09ae649","x_correlation_id":"e99b3fba-9922-4990-68a4-aee8c09ae649","timestamp":"2026-08-02T06:00:51.459Z","layer":"cds","component_type":"application","container_id":"10.37.193.4","component_id":"d9622003-7570-45ea-b8be-97c6305e4251","component_name":"SmartProcureX-srv","component_instance":0,"source_instance":0,"organization_name":"0d79b96ctrial","organization_id":"e8159873-0fc0-4477-a4f9-3c43fdb65fe4","space_name":"dev","space_id":"0628b1b5-c14d-4a0a-abf9-843360b5d7c0","tenant_subdomain":"0d79b96ctrial","msg":"> GET /PurchaseRequests {\n  '$select': 'ID,priority,requestNumber,status,totalAmount',\n  '$skip': '0',\n  '$top': '100'\n}","type":"log"} (STDOUT, APP/PROC/WEB)#
#2026 08 02 07:55:17.550#Z#DEBUG#6828ea62-8e47-11f1-a22d-eeee0a847462.SmartProcureX-srv#flowable-async-job-executor-thread-2161#
[PollStartAppStatusExecution] d9622003-7570-45ea-b8be-97c6305e4251 [2026-08-02T06:00:51.460345] {"level":"warn","logger":"odata","correlation_id":"e99b3fba-9922-4990-68a4-aee8c09ae649","tenant_id":"5590af3c-9485-44fe-975e-4b748861d2ff","host":"0d79b96ctrial-dev-smartprocurex-srv.cfapps.us10-003.hana.ondemand.com","user_agent":"Mozilla/5.0 (Windows NT 10.0; Win64; x64) AppleWebKit/537.36 (KHTML, like Gecko) Chrome/151.0.0.0 Safari/537.36","content_length":"772","request_size_b":"772","accept":"multipart/mixed","accept_encoding":"gzip, deflate, br, zstd","accept_language":"en-US","authorization":"***","b3":"e99b3fba9922499068a4aee8c09ae649-68a4aee8c09ae649","content_type":"multipart/mixed; boundary=batch_id-1785650449077-21","cookie":"***","mime_version":"1.0","odata_maxversion":"4.0","odata_version":"4.0","origin":"https://0d79b96ctrial-dev-com-smartprocurex-smartprocurexui.cfapps.us10-003.hana.ondemand.com","priority":"u=1, i","referer":"https://0d79b96ctrial-dev-com-smartprocurex-smartprocurexui.cfapps.us10-003.hana.ondemand.com/index.html","sap_cancel_on_close":"true","sec_ch_ua":"\"Not=A?Brand\";v=\"99\", \"Google Chrome\";v=\"151\", \"Chromium\";v=\"151\"","sec_ch_ua_mobile":"?0","sec_ch_ua_platform":"\"Windows\"","sec_fetch_dest":"empty","sec_fetch_mode":"cors","sec_fetch_site":"same-origin","tenantid":"0d79b96ctrial","x_b3_spanid":"68a4aee8c09ae649","x_b3_traceid":"e99b3fba9922499068a4aee8c09ae649","x_cf_applicationid":"d9622003-7570-45ea-b8be-97c6305e4251","x_cf_instanceid":"9b40dc3b-51e5-42fd-609b-eb21","x_cf_instanceindex":"0","x_cf_true_client_ip":"10.37.193.4","x_correlationid":"e99b3fba-9922-4990-68a4-aee8c09ae649","x_csrf_token":"Fetch","x_forwarded_for":"152.57.234.150, 10.0.72.2, 10.37.193.4, 10.0.200.0","x_forwarded_host":"0d79b96ctrial-dev-com-smartprocurex-smartprocurexui.cfapps.us10-003.hana.ondemand.com","x_forwarded_path":"/odata/v4/procurement/$batch","x_forwarded_proto":"https","x_request_start":"1785650451446","x_requested_with":"XMLHttpRequest","x_scp_request_id":"8b3a38ad-b837-4495-bf5b-66c85e07a4db-6A6EDD13-1B3E73","x_vcap_request_id":"e99b3fba-9922-4990-68a4-aee8c09ae649","request_id":"e99b3fba-9922-4990-68a4-aee8c09ae649","x_correlation_id":"e99b3fba-9922-4990-68a4-aee8c09ae649","timestamp":"2026-08-02T06:00:51.460Z","layer":"cds","component_type":"application","container_id":"10.37.193.4","component_id":"d9622003-7570-45ea-b8be-97c6305e4251","component_name":"SmartProcureX-srv","component_instance":0,"source_instance":0,"organization_name":"0d79b96ctrial","organization_id":"e8159873-0fc0-4477-a4f9-3c43fdb65fe4","space_name":"dev","space_id":"0628b1b5-c14d-4a0a-abf9-843360b5d7c0","tenant_subdomain":"0d79b96ctrial","msg":"403 - Error: Forbidden\n    at reject (/home/vcap/app/node_modules/@sap/cds/libx/_runtime/common/generic/auth/utils.js:10:19)\n    at ApplicationService.enforce_auth (/home/vcap/app/node_modules/@sap/cds/libx/_runtime/common/generic/auth/restrict.js:229:5)\n    at ApplicationService.handle_authorization (/home/vcap/app/node_modules/@sap/cds/libx/_runtime/common/generic/auth/index.js:79:27)\n    at ApplicationService.handle (/home/vcap/app/node_modules/@sap/cds/libx/_runtime/common/Service.js:73:47)\n    at ApplicationService.dispatch (/home/vcap/app/node_modules/@sap/cds/lib/srv/srv-dispatch.js:32:17)\n    at /home/vcap/app/node_modules/@sap/cds/lib/srv/srv-dispatch.js:20:50\n    at ApplicationService.run (/home/vcap/app/node_modules/@sap/cds/lib/srv/cds.Service.js:171:44)\n    at ApplicationService.dispatch (/home/vcap/app/node_modules/@sap/cds/lib/srv/srv-dispatch.js:20:36)\n    at /home/vcap/app/node_modules/@sap/cds/libx/odata/middleware/read.js:258:24\n    at ApplicationService.run (/home/vcap/app/node_modules/@sap/cds/lib/srv/cds.Service.js:171:44) {\n  internal: null,\n  code: '403',\n  status: 403,\n  _i18n: 1\n}","type":"log"} (STDERR, APP/PROC/WEB)#
#2026 08 02 07:55:17.550#Z#DEBUG#6828ea62-8e47-11f1-a22d-eeee0a847462.SmartProcureX-srv#flowable-async-job-executor-thread-2161#
[PollStartAppStatusExecution] d9622003-7570-45ea-b8be-97c6305e4251 [2026-08-02T06:00:51.461024] 0d79b96ctrial-dev-smartprocurex-srv.cfapps.us10-003.hana.ondemand.com - [2026-08-02T06:00:51.455377351Z] "POST /odata/v4/procurement/$batch HTTP/1.1" 200 772 318 "https://0d79b96ctrial-dev-com-smartprocurex-smartprocurexui.cfapps.us10-003.hana.ondemand.com/index.html" "Mozilla/5.0 (Windows NT 10.0; Win64; x64) AppleWebKit/537.36 (KHTML, like Gecko) Chrome/151.0.0.0 Safari/537.36" "10.0.200.0:11064" "10.37.193.4:61003" x_forwarded_for:"152.57.234.150, 10.0.72.2, 10.37.193.4, 10.0.200.0" x_forwarded_proto:"https" vcap_request_id:"e99b3fba-9922-4990-68a4-aee8c09ae649" response_time:0.005510 gorouter_time:0.000055 app_id:"d9622003-7570-45ea-b8be-97c6305e4251" app_index:"0" instance_id:"9b40dc3b-51e5-42fd-609b-eb21" failed_attempts:0 failed_attempts_time:"-" dns_time:0.000000 dial_time:0.000000 tls_time:0.000000 backend_time:0.005456 local_address:"10.0.193.8:39554" x_cf_routererror:"-" x_correlationid:"e99b3fba-9922-4990-68a4-aee8c09ae649" tenantid:"0d79b96ctrial" sap_passport:"-" x_scp_request_id:"8b3a38ad-b837-4495-bf5b-66c85e07a4db-6A6EDD13-1B3E73" x_cf_app_instance:"-" x_forwarded_host:"0d79b96ctrial-dev-com-smartprocurex-smartprocurexui.cfapps.us10-003.hana.ondemand.com" x_custom_host:"-" x_ssl_client:"-" x_ssl_client_session_id:"-" x_ssl_client_verify:"-" x_ssl_client_subject_dn:"-" x_ssl_client_subject_cn:"-" x_ssl_client_issuer_dn:"-" x_ssl_client_notbefore:"-" x_ssl_client_notafter:"-" x_cf_forwarded_url:"-" traceparent:"-" true_client_ip:"-" x_cf_true_client_ip:"10.37.193.4" x_request_id:"-" x_b3_traceid:"e99b3fba9922499068a4aee8c09ae649" x_b3_spanid:"68a4aee8c09ae649" x_b3_parentspanid:"-" b3:"e99b3fba9922499068a4aee8c09ae649-68a4aee8c09ae649" (STDOUT, RTR)#
#2026 08 02 07:55:17.550#Z#DEBUG#6828ea62-8e47-11f1-a22d-eeee0a847462.SmartProcureX-srv#flowable-async-job-executor-thread-2161#
[PollStartAppStatusExecution] d9622003-7570-45ea-b8be-97c6305e4251 [2026-08-02T06:00:51.722200] {"level":"info","logger":"odata","correlation_id":"901a6171-94bf-492c-62e3-5e23f53a7a0a","tenant_id":"5590af3c-9485-44fe-975e-4b748861d2ff","host":"0d79b96ctrial-dev-smartprocurex-srv.cfapps.us10-003.hana.ondemand.com","user_agent":"Mozilla/5.0 (Windows NT 10.0; Win64; x64) AppleWebKit/537.36 (KHTML, like Gecko) Chrome/151.0.0.0 Safari/537.36","accept":"*/*","accept_encoding":"gzip, deflate, br, zstd","accept_language":"en-US,en;q=0.9","authorization":"***","b3":"901a617194bf492c62e35e23f53a7a0a-62e35e23f53a7a0a","cookie":"***","priority":"u=1, i","referer":"https://0d79b96ctrial-dev-com-smartprocurex-smartprocurexui.cfapps.us10-003.hana.ondemand.com/index.html","sec_ch_ua":"\"Not=A?Brand\";v=\"99\", \"Google Chrome\";v=\"151\", \"Chromium\";v=\"151\"","sec_ch_ua_mobile":"?0","sec_ch_ua_platform":"\"Windows\"","sec_fetch_dest":"empty","sec_fetch_mode":"cors","sec_fetch_site":"same-origin","tenantid":"0d79b96ctrial","x_b3_spanid":"62e35e23f53a7a0a","x_b3_traceid":"901a617194bf492c62e35e23f53a7a0a","x_cf_applicationid":"d9622003-7570-45ea-b8be-97c6305e4251","x_cf_instanceid":"9b40dc3b-51e5-42fd-609b-eb21","x_cf_instanceindex":"0","x_cf_true_client_ip":"10.37.193.4","x_correlationid":"901a6171-94bf-492c-62e3-5e23f53a7a0a","x_forwarded_for":"152.57.234.150, 10.0.72.2, 10.37.193.4, 10.0.200.3","x_forwarded_host":"0d79b96ctrial-dev-com-smartprocurex-smartprocurexui.cfapps.us10-003.hana.ondemand.com","x_forwarded_path":"/odata/v4/supplier/Suppliers","x_forwarded_proto":"https","x_request_start":"1785650451717","x_scp_request_id":"9aa5315b-a820-4309-8a47-2bd2b99a37a3-6A6EDD13-1BB450","x_vcap_request_id":"901a6171-94bf-492c-62e3-5e23f53a7a0a","request_id":"901a6171-94bf-492c-62e3-5e23f53a7a0a","x_correlation_id":"901a6171-94bf-492c-62e3-5e23f53a7a0a","timestamp":"2026-08-02T06:00:51.721Z","layer":"cds","component_type":"application","container_id":"10.37.193.4","component_id":"d9622003-7570-45ea-b8be-97c6305e4251","component_name":"SmartProcureX-srv","component_instance":0,"source_instance":0,"organization_name":"0d79b96ctrial","organization_id":"e8159873-0fc0-4477-a4f9-3c43fdb65fe4","space_name":"dev","space_id":"0628b1b5-c14d-4a0a-abf9-843360b5d7c0","tenant_subdomain":"0d79b96ctrial","msg":"GET /odata/v4/supplier/Suppliers ","type":"log"} (STDOUT, APP/PROC/WEB)#
#2026 08 02 07:55:17.550#Z#DEBUG#6828ea62-8e47-11f1-a22d-eeee0a847462.SmartProcureX-srv#flowable-async-job-executor-thread-2161#
[PollStartAppStatusExecution] d9622003-7570-45ea-b8be-97c6305e4251 [2026-08-02T06:00:52.724714] {"level":"error","logger":"odata","correlation_id":"901a6171-94bf-492c-62e3-5e23f53a7a0a","tenant_id":"5590af3c-9485-44fe-975e-4b748861d2ff","host":"0d79b96ctrial-dev-smartprocurex-srv.cfapps.us10-003.hana.ondemand.com","user_agent":"Mozilla/5.0 (Windows NT 10.0; Win64; x64) AppleWebKit/537.36 (KHTML, like Gecko) Chrome/151.0.0.0 Safari/537.36","accept":"*/*","accept_encoding":"gzip, deflate, br, zstd","accept_language":"en-US,en;q=0.9","authorization":"***","b3":"901a617194bf492c62e35e23f53a7a0a-62e35e23f53a7a0a","cookie":"***","priority":"u=1, i","referer":"https://0d79b96ctrial-dev-com-smartprocurex-smartprocurexui.cfapps.us10-003.hana.ondemand.com/index.html","sec_ch_ua":"\"Not=A?Brand\";v=\"99\", \"Google Chrome\";v=\"151\", \"Chromium\";v=\"151\"","sec_ch_ua_mobile":"?0","sec_ch_ua_platform":"\"Windows\"","sec_fetch_dest":"empty","sec_fetch_mode":"cors","sec_fetch_site":"same-origin","tenantid":"0d79b96ctrial","x_b3_spanid":"62e35e23f53a7a0a","x_b3_traceid":"901a617194bf492c62e35e23f53a7a0a","x_cf_applicationid":"d9622003-7570-45ea-b8be-97c6305e4251","x_cf_instanceid":"9b40dc3b-51e5-42fd-609b-eb21","x_cf_instanceindex":"0","x_cf_true_client_ip":"10.37.193.4","x_correlationid":"901a6171-94bf-492c-62e3-5e23f53a7a0a","x_forwarded_for":"152.57.234.150, 10.0.72.2, 10.37.193.4, 10.0.200.3","x_forwarded_host":"0d79b96ctrial-dev-com-smartprocurex-smartprocurexui.cfapps.us10-003.hana.ondemand.com","x_forwarded_path":"/odata/v4/supplier/Suppliers","x_forwarded_proto":"https","x_request_start":"1785650451717","x_scp_request_id":"9aa5315b-a820-4309-8a47-2bd2b99a37a3-6A6EDD13-1BB450","x_vcap_request_id":"901a6171-94bf-492c-62e3-5e23f53a7a0a","request_id":"901a6171-94bf-492c-62e3-5e23f53a7a0a","x_correlation_id":"901a6171-94bf-492c-62e3-5e23f53a7a0a","timestamp":"2026-08-02T06:00:52.724Z","layer":"cds","component_type":"application","container_id":"10.37.193.4","component_id":"d9622003-7570-45ea-b8be-97c6305e4251","component_name":"SmartProcureX-srv","component_instance":0,"source_instance":0,"organization_name":"0d79b96ctrial","organization_id":"e8159873-0fc0-4477-a4f9-3c43fdb65fe4","space_name":"dev","space_id":"0628b1b5-c14d-4a0a-abf9-843360b5d7c0","tenant_subdomain":"0d79b96ctrial","msg":"500 - Error: Pool resource could not be acquired within 1s\n    at /home/vcap/app/node_modules/@cap-js/db-service/lib/common/generic-pool.js:71:21\n    at new Promise (<anonymous>)\n    at new Request (/home/vcap/app/node_modules/@cap-js/db-service/lib/common/generic-pool.js:59:20)\n    at Pool.acquire (/home/vcap/app/node_modules/@cap-js/db-service/lib/common/generic-pool.js:141:21)\n    at HANAService.acquire (/home/vcap/app/node_modules/@cap-js/db-service/lib/common/DatabaseService.js:106:28)\n    at HANAService.begin (/home/vcap/app/node_modules/@cap-js/db-service/lib/common/DatabaseService.js:66:27)\n    at HANAService._begin [as dispatch] (/home/vcap/app/node_modules/@sap/cds/lib/srv/srv-tx.js:195:38)\n    at /home/vcap/app/node_modules/@sap/cds/lib/srv/srv-dispatch.js:20:50\n    at HANAService.run (/home/vcap/app/node_modules/@sap/cds/lib/srv/cds.Service.js:171:44)\n    at HANAService.run (/home/vcap/app/node_modules/@cap-js/db-service/lib/common/DatabaseService.js:158:18) {\n  status: 500,\n  code: '500'\n}","type":"log"} (STDERR, APP/PROC/WEB)#
#2026 08 02 07:55:17.550#Z#DEBUG#6828ea62-8e47-11f1-a22d-eeee0a847462.SmartProcureX-srv#flowable-async-job-executor-thread-2161#
[PollStartAppStatusExecution] d9622003-7570-45ea-b8be-97c6305e4251 [2026-08-02T06:00:52.725416] 0d79b96ctrial-dev-smartprocurex-srv.cfapps.us10-003.hana.ondemand.com - [2026-08-02T06:00:51.720770620Z] "GET /odata/v4/supplier/Suppliers HTTP/1.1" 500 0 58 "https://0d79b96ctrial-dev-com-smartprocurex-smartprocurexui.cfapps.us10-003.hana.ondemand.com/index.html" "Mozilla/5.0 (Windows NT 10.0; Win64; x64) AppleWebKit/537.36 (KHTML, like Gecko) Chrome/151.0.0.0 Safari/537.36" "10.0.200.3:55922" "10.37.193.4:61003" x_forwarded_for:"152.57.234.150, 10.0.72.2, 10.37.193.4, 10.0.200.3" x_forwarded_proto:"https" vcap_request_id:"901a6171-94bf-492c-62e3-5e23f53a7a0a" response_time:1.004424 gorouter_time:0.000069 app_id:"d9622003-7570-45ea-b8be-97c6305e4251" app_index:"0" instance_id:"9b40dc3b-51e5-42fd-609b-eb21" failed_attempts:0 failed_attempts_time:"-" dns_time:0.000000 dial_time:0.000000 tls_time:0.000000 backend_time:1.004355 local_address:"10.0.193.8:39554" x_cf_routererror:"-" x_correlationid:"901a6171-94bf-492c-62e3-5e23f53a7a0a" tenantid:"0d79b96ctrial" sap_passport:"-" x_scp_request_id:"9aa5315b-a820-4309-8a47-2bd2b99a37a3-6A6EDD13-1BB450" x_cf_app_instance:"-" x_forwarded_host:"0d79b96ctrial-dev-com-smartprocurex-smartprocurexui.cfapps.us10-003.hana.ondemand.com" x_custom_host:"-" x_ssl_client:"-" x_ssl_client_session_id:"-" x_ssl_client_verify:"-" x_ssl_client_subject_dn:"-" x_ssl_client_subject_cn:"-" x_ssl_client_issuer_dn:"-" x_ssl_client_notbefore:"-" x_ssl_client_notafter:"-" x_cf_forwarded_url:"-" traceparent:"-" true_client_ip:"-" x_cf_true_client_ip:"10.37.193.4" x_request_id:"-" x_b3_traceid:"901a617194bf492c62e35e23f53a7a0a" x_b3_spanid:"62e35e23f53a7a0a" x_b3_parentspanid:"-" b3:"901a617194bf492c62e35e23f53a7a0a-62e35e23f53a7a0a" (STDOUT, RTR)#
#2026 08 02 07:55:17.550#Z#DEBUG#6828ea62-8e47-11f1-a22d-eeee0a847462.SmartProcureX-srv#flowable-async-job-executor-thread-2161#
[PollStartAppStatusExecution] d9622003-7570-45ea-b8be-97c6305e4251 [2026-08-02T06:01:27.102034] {"level":"info","logger":"odata","correlation_id":"1d47dd69-0d13-4be9-5b41-57f266e406c2","tenant_id":"5590af3c-9485-44fe-975e-4b748861d2ff","host":"0d79b96ctrial-dev-smartprocurex-srv.cfapps.us10-003.hana.ondemand.com","user_agent":"Mozilla/5.0 (Windows NT 10.0; Win64; x64) AppleWebKit/537.36 (KHTML, like Gecko) Chrome/151.0.0.0 Safari/537.36","accept":"*/*","accept_encoding":"gzip, deflate, br, zstd","accept_language":"en-US","authorization":"***","b3":"1d47dd690d134be95b4157f266e406c2-5b4157f266e406c2","cookie":"***","priority":"u=1, i","referer":"https://0d79b96ctrial-dev-com-smartprocurex-smartprocurexui.cfapps.us10-003.hana.ondemand.com/index.html","sec_ch_ua":"\"Not=A?Brand\";v=\"99\", \"Google Chrome\";v=\"151\", \"Chromium\";v=\"151\"","sec_ch_ua_mobile":"?0","sec_ch_ua_platform":"\"Windows\"","sec_fetch_dest":"empty","sec_fetch_mode":"cors","sec_fetch_site":"same-origin","tenantid":"0d79b96ctrial","x_b3_spanid":"5b4157f266e406c2","x_b3_traceid":"1d47dd690d134be95b4157f266e406c2","x_cf_applicationid":"d9622003-7570-45ea-b8be-97c6305e4251","x_cf_instanceid":"9b40dc3b-51e5-42fd-609b-eb21","x_cf_instanceindex":"0","x_cf_true_client_ip":"10.37.193.4","x_correlationid":"1d47dd69-0d13-4be9-5b41-57f266e406c2","x_forwarded_for":"152.57.234.150, 10.0.72.0, 10.37.193.4, 10.0.200.2","x_forwarded_host":"0d79b96ctrial-dev-com-smartprocurex-smartprocurexui.cfapps.us10-003.hana.ondemand.com","x_forwarded_path":"/odata/v4/supplier/$metadata","x_forwarded_proto":"https","x_request_start":"1785650487079","x_requested_with":"XMLHttpRequest","x_scp_request_id":"ed68c315-3eeb-4471-9fdc-9dc1d1fc79cc-6A6EDD37-1B62CF","x_vcap_request_id":"1d47dd69-0d13-4be9-5b41-57f266e406c2","request_id":"1d47dd69-0d13-4be9-5b41-57f266e406c2","x_correlation_id":"1d47dd69-0d13-4be9-5b41-57f266e406c2","timestamp":"2026-08-02T06:01:27.101Z","layer":"cds","component_type":"application","container_id":"10.37.193.4","component_id":"d9622003-7570-45ea-b8be-97c6305e4251","component_name":"SmartProcureX-srv","component_instance":0,"source_instance":0,"organization_name":"0d79b96ctrial","organization_id":"e8159873-0fc0-4477-a4f9-3c43fdb65fe4","space_name":"dev","space_id":"0628b1b5-c14d-4a0a-abf9-843360b5d7c0","tenant_subdomain":"0d79b96ctrial","msg":"GET /odata/v4/supplier/$metadata { 'sap-language': 'EN' }","type":"log"} (STDOUT, APP/PROC/WEB)#
#2026 08 02 07:55:17.550#Z#DEBUG#6828ea62-8e47-11f1-a22d-eeee0a847462.SmartProcureX-srv#flowable-async-job-executor-thread-2161#
[PollStartAppStatusExecution] d9622003-7570-45ea-b8be-97c6305e4251 [2026-08-02T06:01:27.102627] {"level":"info","logger":"odata","correlation_id":"11d5009b-8ff8-4236-52aa-8cdba2cbe499","tenant_id":"5590af3c-9485-44fe-975e-4b748861d2ff","host":"0d79b96ctrial-dev-smartprocurex-srv.cfapps.us10-003.hana.ondemand.com","user_agent":"Mozilla/5.0 (Windows NT 10.0; Win64; x64) AppleWebKit/537.36 (KHTML, like Gecko) Chrome/151.0.0.0 Safari/537.36","accept":"*/*","accept_encoding":"gzip, deflate, br, zstd","accept_language":"en-US","authorization":"***","b3":"11d5009b8ff8423652aa8cdba2cbe499-52aa8cdba2cbe499","cookie":"***","priority":"u=1, i","referer":"https://0d79b96ctrial-dev-com-smartprocurex-smartprocurexui.cfapps.us10-003.hana.ondemand.com/index.html","sec_ch_ua":"\"Not=A?Brand\";v=\"99\", \"Google Chrome\";v=\"151\", \"Chromium\";v=\"151\"","sec_ch_ua_mobile":"?0","sec_ch_ua_platform":"\"Windows\"","sec_fetch_dest":"empty","sec_fetch_mode":"cors","sec_fetch_site":"same-origin","tenantid":"0d79b96ctrial","x_b3_spanid":"52aa8cdba2cbe499","x_b3_traceid":"11d5009b8ff8423652aa8cdba2cbe499","x_cf_applicationid":"d9622003-7570-45ea-b8be-97c6305e4251","x_cf_instanceid":"9b40dc3b-51e5-42fd-609b-eb21","x_cf_instanceindex":"0","x_cf_true_client_ip":"10.37.193.4","x_correlationid":"11d5009b-8ff8-4236-52aa-8cdba2cbe499","x_csrf_token":"Fetch","x_forwarded_for":"152.57.234.150, 10.0.72.0, 10.37.193.4, 10.0.200.2","x_forwarded_host":"0d79b96ctrial-dev-com-smartprocurex-smartprocurexui.cfapps.us10-003.hana.ondemand.com","x_forwarded_path":"/odata/v4/supplier/","x_forwarded_proto":"https","x_request_start":"1785650487079","x_requested_with":"XMLHttpRequest","x_scp_request_id":"ed68c315-3eeb-4471-9fdc-9dc1d1fc79cc-6A6EDD37-1B62CE","x_vcap_request_id":"11d5009b-8ff8-4236-52aa-8cdba2cbe499","request_id":"11d5009b-8ff8-4236-52aa-8cdba2cbe499","x_correlation_id":"11d5009b-8ff8-4236-52aa-8cdba2cbe499","timestamp":"2026-08-02T06:01:27.102Z","layer":"cds","component_type":"application","container_id":"10.37.193.4","component_id":"d9622003-7570-45ea-b8be-97c6305e4251","component_name":"SmartProcureX-srv","component_instance":0,"source_instance":0,"organization_name":"0d79b96ctrial","organization_id":"e8159873-0fc0-4477-a4f9-3c43fdb65fe4","space_name":"dev","space_id":"0628b1b5-c14d-4a0a-abf9-843360b5d7c0","tenant_subdomain":"0d79b96ctrial","msg":"HEAD /odata/v4/supplier/ ","type":"log"} (STDOUT, APP/PROC/WEB)#
#2026 08 02 07:55:17.550#Z#DEBUG#6828ea62-8e47-11f1-a22d-eeee0a847462.SmartProcureX-srv#flowable-async-job-executor-thread-2161#
[PollStartAppStatusExecution] d9622003-7570-45ea-b8be-97c6305e4251 [2026-08-02T06:01:27.103323] 0d79b96ctrial-dev-smartprocurex-srv.cfapps.us10-003.hana.ondemand.com - [2026-08-02T06:01:27.101362388Z] "HEAD /odata/v4/supplier/ HTTP/1.1" 200 0 0 "https://0d79b96ctrial-dev-com-smartprocurex-smartprocurexui.cfapps.us10-003.hana.ondemand.com/index.html" "Mozilla/5.0 (Windows NT 10.0; Win64; x64) AppleWebKit/537.36 (KHTML, like Gecko) Chrome/151.0.0.0 Safari/537.36" "10.0.200.2:49622" "10.37.193.4:61003" x_forwarded_for:"152.57.234.150, 10.0.72.0, 10.37.193.4, 10.0.200.2" x_forwarded_proto:"https" vcap_request_id:"11d5009b-8ff8-4236-52aa-8cdba2cbe499" response_time:0.001858 gorouter_time:0.000069 app_id:"d9622003-7570-45ea-b8be-97c6305e4251" app_index:"0" instance_id:"9b40dc3b-51e5-42fd-609b-eb21" failed_attempts:0 failed_attempts_time:"-" dns_time:0.000000 dial_time:0.000000 tls_time:0.000000 backend_time:0.001789 local_address:"10.0.193.9:22756" x_cf_routererror:"-" x_correlationid:"11d5009b-8ff8-4236-52aa-8cdba2cbe499" tenantid:"0d79b96ctrial" sap_passport:"-" x_scp_request_id:"ed68c315-3eeb-4471-9fdc-9dc1d1fc79cc-6A6EDD37-1B62CE" x_cf_app_instance:"-" x_forwarded_host:"0d79b96ctrial-dev-com-smartprocurex-smartprocurexui.cfapps.us10-003.hana.ondemand.com" x_custom_host:"-" x_ssl_client:"-" x_ssl_client_session_id:"-" x_ssl_client_verify:"-" x_ssl_client_subject_dn:"-" x_ssl_client_subject_cn:"-" x_ssl_client_issuer_dn:"-" x_ssl_client_notbefore:"-" x_ssl_client_notafter:"-" x_cf_forwarded_url:"-" traceparent:"-" true_client_ip:"-" x_cf_true_client_ip:"10.37.193.4" x_request_id:"-" x_b3_traceid:"11d5009b8ff8423652aa8cdba2cbe499" x_b3_spanid:"52aa8cdba2cbe499" x_b3_parentspanid:"-" b3:"11d5009b8ff8423652aa8cdba2cbe499-52aa8cdba2cbe499" (STDOUT, RTR)#
#2026 08 02 07:55:17.550#Z#DEBUG#6828ea62-8e47-11f1-a22d-eeee0a847462.SmartProcureX-srv#flowable-async-job-executor-thread-2161#
[PollStartAppStatusExecution] d9622003-7570-45ea-b8be-97c6305e4251 [2026-08-02T06:01:27.107899] 0d79b96ctrial-dev-smartprocurex-srv.cfapps.us10-003.hana.ondemand.com - [2026-08-02T06:01:27.100229219Z] "GET /odata/v4/supplier/$metadata?sap-language=EN HTTP/1.1" 200 0 7483 "https://0d79b96ctrial-dev-com-smartprocurex-smartprocurexui.cfapps.us10-003.hana.ondemand.com/index.html" "Mozilla/5.0 (Windows NT 10.0; Win64; x64) AppleWebKit/537.36 (KHTML, like Gecko) Chrome/151.0.0.0 Safari/537.36" "10.0.200.2:27356" "10.37.193.4:61003" x_forwarded_for:"152.57.234.150, 10.0.72.0, 10.37.193.4, 10.0.200.2" x_forwarded_proto:"https" vcap_request_id:"1d47dd69-0d13-4be9-5b41-57f266e406c2" response_time:0.007562 gorouter_time:0.000043 app_id:"d9622003-7570-45ea-b8be-97c6305e4251" app_index:"0" instance_id:"9b40dc3b-51e5-42fd-609b-eb21" failed_attempts:0 failed_attempts_time:"-" dns_time:0.000000 dial_time:0.000000 tls_time:0.000000 backend_time:0.007519 local_address:"10.0.193.8:39554" x_cf_routererror:"-" x_correlationid:"1d47dd69-0d13-4be9-5b41-57f266e406c2" tenantid:"0d79b96ctrial" sap_passport:"-" x_scp_request_id:"ed68c315-3eeb-4471-9fdc-9dc1d1fc79cc-6A6EDD37-1B62CF" x_cf_app_instance:"-" x_forwarded_host:"0d79b96ctrial-dev-com-smartprocurex-smartprocurexui.cfapps.us10-003.hana.ondemand.com" x_custom_host:"-" x_ssl_client:"-" x_ssl_client_session_id:"-" x_ssl_client_verify:"-" x_ssl_client_subject_dn:"-" x_ssl_client_subject_cn:"-" x_ssl_client_issuer_dn:"-" x_ssl_client_notbefore:"-" x_ssl_client_notafter:"-" x_cf_forwarded_url:"-" traceparent:"-" true_client_ip:"-" x_cf_true_client_ip:"10.37.193.4" x_request_id:"-" x_b3_traceid:"1d47dd690d134be95b4157f266e406c2" x_b3_spanid:"5b4157f266e406c2" x_b3_parentspanid:"-" b3:"1d47dd690d134be95b4157f266e406c2-5b4157f266e406c2" (STDOUT, RTR)#
#2026 08 02 07:55:17.550#Z#DEBUG#6828ea62-8e47-11f1-a22d-eeee0a847462.SmartProcureX-srv#flowable-async-job-executor-thread-2161#
[PollStartAppStatusExecution] d9622003-7570-45ea-b8be-97c6305e4251 [2026-08-02T06:01:27.109005] {"level":"info","logger":"odata","correlation_id":"758ecf4f-dc87-4f8e-6f9f-51e7c94ab439","tenant_id":"5590af3c-9485-44fe-975e-4b748861d2ff","host":"0d79b96ctrial-dev-smartprocurex-srv.cfapps.us10-003.hana.ondemand.com","user_agent":"Mozilla/5.0 (Windows NT 10.0; Win64; x64) AppleWebKit/537.36 (KHTML, like Gecko) Chrome/151.0.0.0 Safari/537.36","accept":"*/*","accept_encoding":"gzip, deflate, br, zstd","accept_language":"en-US","authorization":"***","b3":"758ecf4fdc874f8e6f9f51e7c94ab439-6f9f51e7c94ab439","cookie":"***","priority":"u=1, i","referer":"https://0d79b96ctrial-dev-com-smartprocurex-smartprocurexui.cfapps.us10-003.hana.ondemand.com/index.html","sec_ch_ua":"\"Not=A?Brand\";v=\"99\", \"Google Chrome\";v=\"151\", \"Chromium\";v=\"151\"","sec_ch_ua_mobile":"?0","sec_ch_ua_platform":"\"Windows\"","sec_fetch_dest":"empty","sec_fetch_mode":"cors","sec_fetch_site":"same-origin","tenantid":"0d79b96ctrial","x_b3_spanid":"6f9f51e7c94ab439","x_b3_traceid":"758ecf4fdc874f8e6f9f51e7c94ab439","x_cf_applicationid":"d9622003-7570-45ea-b8be-97c6305e4251","x_cf_instanceid":"9b40dc3b-51e5-42fd-609b-eb21","x_cf_instanceindex":"0","x_cf_true_client_ip":"10.37.193.4","x_correlationid":"758ecf4f-dc87-4f8e-6f9f-51e7c94ab439","x_csrf_token":"Fetch","x_forwarded_for":"152.57.234.150, 10.0.72.0, 10.37.193.4, 10.0.200.0","x_forwarded_host":"0d79b96ctrial-dev-com-smartprocurex-smartprocurexui.cfapps.us10-003.hana.ondemand.com","x_forwarded_path":"/odata/v4/procurement/","x_forwarded_proto":"https","x_request_start":"1785650487079","x_requested_with":"XMLHttpRequest","x_scp_request_id":"8b3a38ad-b837-4495-bf5b-66c85e07a4db-6A6EDD37-1B3EEC","x_vcap_request_id":"758ecf4f-dc87-4f8e-6f9f-51e7c94ab439","request_id":"758ecf4f-dc87-4f8e-6f9f-51e7c94ab439","x_correlation_id":"758ecf4f-dc87-4f8e-6f9f-51e7c94ab439","timestamp":"2026-08-02T06:01:27.108Z","layer":"cds","component_type":"application","container_id":"10.37.193.4","component_id":"d9622003-7570-45ea-b8be-97c6305e4251","component_name":"SmartProcureX-srv","component_instance":0,"source_instance":0,"organization_name":"0d79b96ctrial","organization_id":"e8159873-0fc0-4477-a4f9-3c43fdb65fe4","space_name":"dev","space_id":"0628b1b5-c14d-4a0a-abf9-843360b5d7c0","tenant_subdomain":"0d79b96ctrial","msg":"HEAD /odata/v4/procurement/ ","type":"log"} (STDOUT, APP/PROC/WEB)#
#2026 08 02 07:55:17.550#Z#DEBUG#6828ea62-8e47-11f1-a22d-eeee0a847462.SmartProcureX-srv#flowable-async-job-executor-thread-2161#
[PollStartAppStatusExecution] d9622003-7570-45ea-b8be-97c6305e4251 [2026-08-02T06:01:27.109419] 0d79b96ctrial-dev-smartprocurex-srv.cfapps.us10-003.hana.ondemand.com - [2026-08-02T06:01:27.101557830Z] "HEAD /odata/v4/procurement/ HTTP/1.1" 200 0 0 "https://0d79b96ctrial-dev-com-smartprocurex-smartprocurexui.cfapps.us10-003.hana.ondemand.com/index.html" "Mozilla/5.0 (Windows NT 10.0; Win64; x64) AppleWebKit/537.36 (KHTML, like Gecko) Chrome/151.0.0.0 Safari/537.36" "10.0.200.0:42832" "10.37.193.4:61003" x_forwarded_for:"152.57.234.150, 10.0.72.0, 10.37.193.4, 10.0.200.0" x_forwarded_proto:"https" vcap_request_id:"758ecf4f-dc87-4f8e-6f9f-51e7c94ab439" response_time:0.007748 gorouter_time:0.000043 app_id:"d9622003-7570-45ea-b8be-97c6305e4251" app_index:"0" instance_id:"9b40dc3b-51e5-42fd-609b-eb21" failed_attempts:0 failed_attempts_time:"-" dns_time:0.000000 dial_time:0.000216 tls_time:"-" backend_time:0.007705 local_address:"10.0.193.8:39554" x_cf_routererror:"-" x_correlationid:"758ecf4f-dc87-4f8e-6f9f-51e7c94ab439" tenantid:"0d79b96ctrial" sap_passport:"-" x_scp_request_id:"8b3a38ad-b837-4495-bf5b-66c85e07a4db-6A6EDD37-1B3EEC" x_cf_app_instance:"-" x_forwarded_host:"0d79b96ctrial-dev-com-smartprocurex-smartprocurexui.cfapps.us10-003.hana.ondemand.com" x_custom_host:"-" x_ssl_client:"-" x_ssl_client_session_id:"-" x_ssl_client_verify:"-" x_ssl_client_subject_dn:"-" x_ssl_client_subject_cn:"-" x_ssl_client_issuer_dn:"-" x_ssl_client_notbefore:"-" x_ssl_client_notafter:"-" x_cf_forwarded_url:"-" traceparent:"-" true_client_ip:"-" x_cf_true_client_ip:"10.37.193.4" x_request_id:"-" x_b3_traceid:"758ecf4fdc874f8e6f9f51e7c94ab439" x_b3_spanid:"6f9f51e7c94ab439" x_b3_parentspanid:"-" b3:"758ecf4fdc874f8e6f9f51e7c94ab439-6f9f51e7c94ab439" (STDOUT, RTR)#
#2026 08 02 07:55:17.550#Z#DEBUG#6828ea62-8e47-11f1-a22d-eeee0a847462.SmartProcureX-srv#flowable-async-job-executor-thread-2161#
[PollStartAppStatusExecution] d9622003-7570-45ea-b8be-97c6305e4251 [2026-08-02T06:01:27.109633] {"level":"info","logger":"odata","correlation_id":"55b64b89-f618-42d1-6518-232d83ef300c","tenant_id":"5590af3c-9485-44fe-975e-4b748861d2ff","host":"0d79b96ctrial-dev-smartprocurex-srv.cfapps.us10-003.hana.ondemand.com","user_agent":"Mozilla/5.0 (Windows NT 10.0; Win64; x64) AppleWebKit/537.36 (KHTML, like Gecko) Chrome/151.0.0.0 Safari/537.36","accept":"*/*","accept_encoding":"gzip, deflate, br, zstd","accept_language":"en-US","authorization":"***","b3":"55b64b89f61842d16518232d83ef300c-6518232d83ef300c","cookie":"***","priority":"u=1, i","referer":"https://0d79b96ctrial-dev-com-smartprocurex-smartprocurexui.cfapps.us10-003.hana.ondemand.com/index.html","sec_ch_ua":"\"Not=A?Brand\";v=\"99\", \"Google Chrome\";v=\"151\", \"Chromium\";v=\"151\"","sec_ch_ua_mobile":"?0","sec_ch_ua_platform":"\"Windows\"","sec_fetch_dest":"empty","sec_fetch_mode":"cors","sec_fetch_site":"same-origin","tenantid":"0d79b96ctrial","x_b3_spanid":"6518232d83ef300c","x_b3_traceid":"55b64b89f61842d16518232d83ef300c","x_cf_applicationid":"d9622003-7570-45ea-b8be-97c6305e4251","x_cf_instanceid":"9b40dc3b-51e5-42fd-609b-eb21","x_cf_instanceindex":"0","x_cf_true_client_ip":"10.37.193.4","x_correlationid":"55b64b89-f618-42d1-6518-232d83ef300c","x_forwarded_for":"152.57.234.150, 10.0.72.0, 10.37.193.4, 10.0.200.3","x_forwarded_host":"0d79b96ctrial-dev-com-smartprocurex-smartprocurexui.cfapps.us10-003.hana.ondemand.com","x_forwarded_path":"/odata/v4/procurement/$metadata","x_forwarded_proto":"https","x_request_start":"1785650487079","x_requested_with":"XMLHttpRequest","x_scp_request_id":"9aa5315b-a820-4309-8a47-2bd2b99a37a3-6A6EDD37-1BB4C8","x_vcap_request_id":"55b64b89-f618-42d1-6518-232d83ef300c","request_id":"55b64b89-f618-42d1-6518-232d83ef300c","x_correlation_id":"55b64b89-f618-42d1-6518-232d83ef300c","timestamp":"2026-08-02T06:01:27.109Z","layer":"cds","component_type":"application","container_id":"10.37.193.4","component_id":"d9622003-7570-45ea-b8be-97c6305e4251","component_name":"SmartProcureX-srv","component_instance":0,"source_instance":0,"organization_name":"0d79b96ctrial","organization_id":"e8159873-0fc0-4477-a4f9-3c43fdb65fe4","space_name":"dev","space_id":"0628b1b5-c14d-4a0a-abf9-843360b5d7c0","tenant_subdomain":"0d79b96ctrial","msg":"GET /odata/v4/procurement/$metadata { 'sap-language': 'EN' }","type":"log"} (STDOUT, APP/PROC/WEB)#
#2026 08 02 07:55:17.550#Z#DEBUG#6828ea62-8e47-11f1-a22d-eeee0a847462.SmartProcureX-srv#flowable-async-job-executor-thread-2161#
[PollStartAppStatusExecution] d9622003-7570-45ea-b8be-97c6305e4251 [2026-08-02T06:01:27.110731] 0d79b96ctrial-dev-smartprocurex-srv.cfapps.us10-003.hana.ondemand.com - [2026-08-02T06:01:27.100301810Z] "GET /odata/v4/procurement/$metadata?sap-language=EN HTTP/1.1" 200 0 26469 "https://0d79b96ctrial-dev-com-smartprocurex-smartprocurexui.cfapps.us10-003.hana.ondemand.com/index.html" "Mozilla/5.0 (Windows NT 10.0; Win64; x64) AppleWebKit/537.36 (KHTML, like Gecko) Chrome/151.0.0.0 Safari/537.36" "10.0.200.3:49270" "10.37.193.4:61003" x_forwarded_for:"152.57.234.150, 10.0.72.0, 10.37.193.4, 10.0.200.3" x_forwarded_proto:"https" vcap_request_id:"55b64b89-f618-42d1-6518-232d83ef300c" response_time:0.010330 gorouter_time:0.000090 app_id:"d9622003-7570-45ea-b8be-97c6305e4251" app_index:"0" instance_id:"9b40dc3b-51e5-42fd-609b-eb21" failed_attempts:0 failed_attempts_time:"-" dns_time:0.000000 dial_time:0.000366 tls_time:0.006755 backend_time:0.010240 local_address:"10.0.193.8:25184" x_cf_routererror:"-" x_correlationid:"55b64b89-f618-42d1-6518-232d83ef300c" tenantid:"0d79b96ctrial" sap_passport:"-" x_scp_request_id:"9aa5315b-a820-4309-8a47-2bd2b99a37a3-6A6EDD37-1BB4C8" x_cf_app_instance:"-" x_forwarded_host:"0d79b96ctrial-dev-com-smartprocurex-smartprocurexui.cfapps.us10-003.hana.ondemand.com" x_custom_host:"-" x_ssl_client:"-" x_ssl_client_session_id:"-" x_ssl_client_verify:"-" x_ssl_client_subject_dn:"-" x_ssl_client_subject_cn:"-" x_ssl_client_issuer_dn:"-" x_ssl_client_notbefore:"-" x_ssl_client_notafter:"-" x_cf_forwarded_url:"-" traceparent:"-" true_client_ip:"-" x_cf_true_client_ip:"10.37.193.4" x_request_id:"-" x_b3_traceid:"55b64b89f61842d16518232d83ef300c" x_b3_spanid:"6518232d83ef300c" x_b3_parentspanid:"-" b3:"55b64b89f61842d16518232d83ef300c-6518232d83ef300c" (STDOUT, RTR)#
#2026 08 02 07:55:17.550#Z#DEBUG#6828ea62-8e47-11f1-a22d-eeee0a847462.SmartProcureX-srv#flowable-async-job-executor-thread-2161#
[PollStartAppStatusExecution] d9622003-7570-45ea-b8be-97c6305e4251 [2026-08-02T06:01:27.158610] {"level":"info","logger":"odata","correlation_id":"bab97227-d4e2-4af8-6994-95b5d8e8cabe","tenant_id":"5590af3c-9485-44fe-975e-4b748861d2ff","host":"0d79b96ctrial-dev-smartprocurex-srv.cfapps.us10-003.hana.ondemand.com","user_agent":"Mozilla/5.0 (Windows NT 10.0; Win64; x64) AppleWebKit/537.36 (KHTML, like Gecko) Chrome/151.0.0.0 Safari/537.36","accept":"*/*","accept_encoding":"gzip, deflate, br, zstd","accept_language":"en-US,en;q=0.9","authorization":"***","b3":"bab97227d4e24af8699495b5d8e8cabe-699495b5d8e8cabe","cookie":"***","priority":"u=1, i","referer":"https://0d79b96ctrial-dev-com-smartprocurex-smartprocurexui.cfapps.us10-003.hana.ondemand.com/index.html","sec_ch_ua":"\"Not=A?Brand\";v=\"99\", \"Google Chrome\";v=\"151\", \"Chromium\";v=\"151\"","sec_ch_ua_mobile":"?0","sec_ch_ua_platform":"\"Windows\"","sec_fetch_dest":"empty","sec_fetch_mode":"cors","sec_fetch_site":"same-origin","tenantid":"0d79b96ctrial","x_b3_spanid":"699495b5d8e8cabe","x_b3_traceid":"bab97227d4e24af8699495b5d8e8cabe","x_cf_applicationid":"d9622003-7570-45ea-b8be-97c6305e4251","x_cf_instanceid":"9b40dc3b-51e5-42fd-609b-eb21","x_cf_instanceindex":"0","x_cf_true_client_ip":"10.37.193.4","x_correlationid":"bab97227-d4e2-4af8-6994-95b5d8e8cabe","x_forwarded_for":"152.57.234.150, 10.0.72.0, 10.37.193.4, 10.0.200.2","x_forwarded_host":"0d79b96ctrial-dev-com-smartprocurex-smartprocurexui.cfapps.us10-003.hana.ondemand.com","x_forwarded_path":"/odata/v4/procurement/PurchaseRequests","x_forwarded_proto":"https","x_request_start":"1785650487154","x_scp_request_id":"ed68c315-3eeb-4471-9fdc-9dc1d1fc79cc-6A6EDD37-1B62D0","x_vcap_request_id":"bab97227-d4e2-4af8-6994-95b5d8e8cabe","request_id":"bab97227-d4e2-4af8-6994-95b5d8e8cabe","x_correlation_id":"bab97227-d4e2-4af8-6994-95b5d8e8cabe","timestamp":"2026-08-02T06:01:27.158Z","layer":"cds","component_type":"application","container_id":"10.37.193.4","component_id":"d9622003-7570-45ea-b8be-97c6305e4251","component_name":"SmartProcureX-srv","component_instance":0,"source_instance":0,"organization_name":"0d79b96ctrial","organization_id":"e8159873-0fc0-4477-a4f9-3c43fdb65fe4","space_name":"dev","space_id":"0628b1b5-c14d-4a0a-abf9-843360b5d7c0","tenant_subdomain":"0d79b96ctrial","msg":"GET /odata/v4/procurement/PurchaseRequests ","type":"log"} (STDOUT, APP/PROC/WEB)#
#2026 08 02 07:55:17.550#Z#DEBUG#6828ea62-8e47-11f1-a22d-eeee0a847462.SmartProcureX-srv#flowable-async-job-executor-thread-2161#
[PollStartAppStatusExecution] d9622003-7570-45ea-b8be-97c6305e4251 [2026-08-02T06:01:27.159736] {"level":"warn","logger":"odata","correlation_id":"bab97227-d4e2-4af8-6994-95b5d8e8cabe","tenant_id":"5590af3c-9485-44fe-975e-4b748861d2ff","host":"0d79b96ctrial-dev-smartprocurex-srv.cfapps.us10-003.hana.ondemand.com","user_agent":"Mozilla/5.0 (Windows NT 10.0; Win64; x64) AppleWebKit/537.36 (KHTML, like Gecko) Chrome/151.0.0.0 Safari/537.36","accept":"*/*","accept_encoding":"gzip, deflate, br, zstd","accept_language":"en-US,en;q=0.9","authorization":"***","b3":"bab97227d4e24af8699495b5d8e8cabe-699495b5d8e8cabe","cookie":"***","priority":"u=1, i","referer":"https://0d79b96ctrial-dev-com-smartprocurex-smartprocurexui.cfapps.us10-003.hana.ondemand.com/index.html","sec_ch_ua":"\"Not=A?Brand\";v=\"99\", \"Google Chrome\";v=\"151\", \"Chromium\";v=\"151\"","sec_ch_ua_mobile":"?0","sec_ch_ua_platform":"\"Windows\"","sec_fetch_dest":"empty","sec_fetch_mode":"cors","sec_fetch_site":"same-origin","tenantid":"0d79b96ctrial","x_b3_spanid":"699495b5d8e8cabe","x_b3_traceid":"bab97227d4e24af8699495b5d8e8cabe","x_cf_applicationid":"d9622003-7570-45ea-b8be-97c6305e4251","x_cf_instanceid":"9b40dc3b-51e5-42fd-609b-eb21","x_cf_instanceindex":"0","x_cf_true_client_ip":"10.37.193.4","x_correlationid":"bab97227-d4e2-4af8-6994-95b5d8e8cabe","x_forwarded_for":"152.57.234.150, 10.0.72.0, 10.37.193.4, 10.0.200.2","x_forwarded_host":"0d79b96ctrial-dev-com-smartprocurex-smartprocurexui.cfapps.us10-003.hana.ondemand.com","x_forwarded_path":"/odata/v4/procurement/PurchaseRequests","x_forwarded_proto":"https","x_request_start":"1785650487154","x_scp_request_id":"ed68c315-3eeb-4471-9fdc-9dc1d1fc79cc-6A6EDD37-1B62D0","x_vcap_request_id":"bab97227-d4e2-4af8-6994-95b5d8e8cabe","request_id":"bab97227-d4e2-4af8-6994-95b5d8e8cabe","x_correlation_id":"bab97227-d4e2-4af8-6994-95b5d8e8cabe","timestamp":"2026-08-02T06:01:27.159Z","layer":"cds","component_type":"application","container_id":"10.37.193.4","component_id":"d9622003-7570-45ea-b8be-97c6305e4251","component_name":"SmartProcureX-srv","component_instance":0,"source_instance":0,"organization_name":"0d79b96ctrial","organization_id":"e8159873-0fc0-4477-a4f9-3c43fdb65fe4","space_name":"dev","space_id":"0628b1b5-c14d-4a0a-abf9-843360b5d7c0","tenant_subdomain":"0d79b96ctrial","msg":"403 - Error: Forbidden\n    at reject (/home/vcap/app/node_modules/@sap/cds/libx/_runtime/common/generic/auth/utils.js:10:19)\n    at ApplicationService.enforce_auth (/home/vcap/app/node_modules/@sap/cds/libx/_runtime/common/generic/auth/restrict.js:229:5)\n    at ApplicationService.handle_authorization (/home/vcap/app/node_modules/@sap/cds/libx/_runtime/common/generic/auth/index.js:79:27)\n    at ApplicationService.handle (/home/vcap/app/node_modules/@sap/cds/libx/_runtime/common/Service.js:73:47)\n    at ApplicationService.dispatch (/home/vcap/app/node_modules/@sap/cds/lib/srv/srv-dispatch.js:32:17)\n    at /home/vcap/app/node_modules/@sap/cds/lib/srv/srv-dispatch.js:20:50\n    at ApplicationService.run (/home/vcap/app/node_modules/@sap/cds/lib/srv/cds.Service.js:171:44)\n    at ApplicationService.dispatch (/home/vcap/app/node_modules/@sap/cds/lib/srv/srv-dispatch.js:20:36)\n    at /home/vcap/app/node_modules/@sap/cds/libx/odata/middleware/read.js:258:24\n    at /home/vcap/app/node_modules/@sap/cds/lib/srv/srv-tx.js:27:48 {\n  internal: null,\n  code: '403',\n  status: 403,\n  _i18n: 1\n}","type":"log"} (STDERR, APP/PROC/WEB)#
#2026 08 02 07:55:17.550#Z#DEBUG#6828ea62-8e47-11f1-a22d-eeee0a847462.SmartProcureX-srv#flowable-async-job-executor-thread-2161#
[PollStartAppStatusExecution] d9622003-7570-45ea-b8be-97c6305e4251 [2026-08-02T06:01:27.160315] 0d79b96ctrial-dev-smartprocurex-srv.cfapps.us10-003.hana.ondemand.com - [2026-08-02T06:01:27.157204022Z] "GET /odata/v4/procurement/PurchaseRequests HTTP/1.1" 403 0 74 "https://0d79b96ctrial-dev-com-smartprocurex-smartprocurexui.cfapps.us10-003.hana.ondemand.com/index.html" "Mozilla/5.0 (Windows NT 10.0; Win64; x64) AppleWebKit/537.36 (KHTML, like Gecko) Chrome/151.0.0.0 Safari/537.36" "10.0.200.2:49620" "10.37.193.4:61003" x_forwarded_for:"152.57.234.150, 10.0.72.0, 10.37.193.4, 10.0.200.2" x_forwarded_proto:"https" vcap_request_id:"bab97227-d4e2-4af8-6994-95b5d8e8cabe" response_time:0.003010 gorouter_time:0.000030 app_id:"d9622003-7570-45ea-b8be-97c6305e4251" app_index:"0" instance_id:"9b40dc3b-51e5-42fd-609b-eb21" failed_attempts:0 failed_attempts_time:"-" dns_time:0.000000 dial_time:0.000000 tls_time:0.000000 backend_time:0.002980 local_address:"10.0.193.9:22756" x_cf_routererror:"-" x_correlationid:"bab97227-d4e2-4af8-6994-95b5d8e8cabe" tenantid:"0d79b96ctrial" sap_passport:"-" x_scp_request_id:"ed68c315-3eeb-4471-9fdc-9dc1d1fc79cc-6A6EDD37-1B62D0" x_cf_app_instance:"-" x_forwarded_host:"0d79b96ctrial-dev-com-smartprocurex-smartprocurexui.cfapps.us10-003.hana.ondemand.com" x_custom_host:"-" x_ssl_client:"-" x_ssl_client_session_id:"-" x_ssl_client_verify:"-" x_ssl_client_subject_dn:"-" x_ssl_client_subject_cn:"-" x_ssl_client_issuer_dn:"-" x_ssl_client_notbefore:"-" x_ssl_client_notafter:"-" x_cf_forwarded_url:"-" traceparent:"-" true_client_ip:"-" x_cf_true_client_ip:"10.37.193.4" x_request_id:"-" x_b3_traceid:"bab97227d4e24af8699495b5d8e8cabe" x_b3_spanid:"699495b5d8e8cabe" x_b3_parentspanid:"-" b3:"bab97227d4e24af8699495b5d8e8cabe-699495b5d8e8cabe" (STDOUT, RTR)#
#2026 08 02 07:55:17.550#Z#DEBUG#6828ea62-8e47-11f1-a22d-eeee0a847462.SmartProcureX-srv#flowable-async-job-executor-thread-2161#
[PollStartAppStatusExecution] d9622003-7570-45ea-b8be-97c6305e4251 [2026-08-02T06:01:27.424330] {"level":"info","logger":"odata","correlation_id":"7f64dc7d-199a-4fdf-458c-b531c14cbf3e","tenant_id":"5590af3c-9485-44fe-975e-4b748861d2ff","host":"0d79b96ctrial-dev-smartprocurex-srv.cfapps.us10-003.hana.ondemand.com","user_agent":"Mozilla/5.0 (Windows NT 10.0; Win64; x64) AppleWebKit/537.36 (KHTML, like Gecko) Chrome/151.0.0.0 Safari/537.36","accept":"*/*","accept_encoding":"gzip, deflate, br, zstd","accept_language":"en-US,en;q=0.9","authorization":"***","b3":"7f64dc7d199a4fdf458cb531c14cbf3e-458cb531c14cbf3e","cookie":"***","priority":"u=1, i","referer":"https://0d79b96ctrial-dev-com-smartprocurex-smartprocurexui.cfapps.us10-003.hana.ondemand.com/index.html","sec_ch_ua":"\"Not=A?Brand\";v=\"99\", \"Google Chrome\";v=\"151\", \"Chromium\";v=\"151\"","sec_ch_ua_mobile":"?0","sec_ch_ua_platform":"\"Windows\"","sec_fetch_dest":"empty","sec_fetch_mode":"cors","sec_fetch_site":"same-origin","tenantid":"0d79b96ctrial","x_b3_spanid":"458cb531c14cbf3e","x_b3_traceid":"7f64dc7d199a4fdf458cb531c14cbf3e","x_cf_applicationid":"d9622003-7570-45ea-b8be-97c6305e4251","x_cf_instanceid":"9b40dc3b-51e5-42fd-609b-eb21","x_cf_instanceindex":"0","x_cf_true_client_ip":"10.37.193.4","x_correlationid":"7f64dc7d-199a-4fdf-458c-b531c14cbf3e","x_forwarded_for":"152.57.234.150, 10.0.72.0, 10.37.193.4, 10.0.200.2","x_forwarded_host":"0d79b96ctrial-dev-com-smartprocurex-smartprocurexui.cfapps.us10-003.hana.ondemand.com","x_forwarded_path":"/odata/v4/procurement/PurchaseOrders","x_forwarded_proto":"https","x_request_start":"1785650487419","x_scp_request_id":"ed68c315-3eeb-4471-9fdc-9dc1d1fc79cc-6A6EDD37-1B62D2","x_vcap_request_id":"7f64dc7d-199a-4fdf-458c-b531c14cbf3e","request_id":"7f64dc7d-199a-4fdf-458c-b531c14cbf3e","x_correlation_id":"7f64dc7d-199a-4fdf-458c-b531c14cbf3e","timestamp":"2026-08-02T06:01:27.424Z","layer":"cds","component_type":"application","container_id":"10.37.193.4","component_id":"d9622003-7570-45ea-b8be-97c6305e4251","component_name":"SmartProcureX-srv","component_instance":0,"source_instance":0,"organization_name":"0d79b96ctrial","organization_id":"e8159873-0fc0-4477-a4f9-3c43fdb65fe4","space_name":"dev","space_id":"0628b1b5-c14d-4a0a-abf9-843360b5d7c0","tenant_subdomain":"0d79b96ctrial","msg":"GET /odata/v4/procurement/PurchaseOrders ","type":"log"} (STDOUT, APP/PROC/WEB)#
#2026 08 02 07:55:17.550#Z#DEBUG#6828ea62-8e47-11f1-a22d-eeee0a847462.SmartProcureX-srv#flowable-async-job-executor-thread-2161#
[PollStartAppStatusExecution] d9622003-7570-45ea-b8be-97c6305e4251 [2026-08-02T06:01:27.425032] {"level":"warn","logger":"odata","correlation_id":"7f64dc7d-199a-4fdf-458c-b531c14cbf3e","tenant_id":"5590af3c-9485-44fe-975e-4b748861d2ff","host":"0d79b96ctrial-dev-smartprocurex-srv.cfapps.us10-003.hana.ondemand.com","user_agent":"Mozilla/5.0 (Windows NT 10.0; Win64; x64) AppleWebKit/537.36 (KHTML, like Gecko) Chrome/151.0.0.0 Safari/537.36","accept":"*/*","accept_encoding":"gzip, deflate, br, zstd","accept_language":"en-US,en;q=0.9","authorization":"***","b3":"7f64dc7d199a4fdf458cb531c14cbf3e-458cb531c14cbf3e","cookie":"***","priority":"u=1, i","referer":"https://0d79b96ctrial-dev-com-smartprocurex-smartprocurexui.cfapps.us10-003.hana.ondemand.com/index.html","sec_ch_ua":"\"Not=A?Brand\";v=\"99\", \"Google Chrome\";v=\"151\", \"Chromium\";v=\"151\"","sec_ch_ua_mobile":"?0","sec_ch_ua_platform":"\"Windows\"","sec_fetch_dest":"empty","sec_fetch_mode":"cors","sec_fetch_site":"same-origin","tenantid":"0d79b96ctrial","x_b3_spanid":"458cb531c14cbf3e","x_b3_traceid":"7f64dc7d199a4fdf458cb531c14cbf3e","x_cf_applicationid":"d9622003-7570-45ea-b8be-97c6305e4251","x_cf_instanceid":"9b40dc3b-51e5-42fd-609b-eb21","x_cf_instanceindex":"0","x_cf_true_client_ip":"10.37.193.4","x_correlationid":"7f64dc7d-199a-4fdf-458c-b531c14cbf3e","x_forwarded_for":"152.57.234.150, 10.0.72.0, 10.37.193.4, 10.0.200.2","x_forwarded_host":"0d79b96ctrial-dev-com-smartprocurex-smartprocurexui.cfapps.us10-003.hana.ondemand.com","x_forwarded_path":"/odata/v4/procurement/PurchaseOrders","x_forwarded_proto":"https","x_request_start":"1785650487419","x_scp_request_id":"ed68c315-3eeb-4471-9fdc-9dc1d1fc79cc-6A6EDD37-1B62D2","x_vcap_request_id":"7f64dc7d-199a-4fdf-458c-b531c14cbf3e","request_id":"7f64dc7d-199a-4fdf-458c-b531c14cbf3e","x_correlation_id":"7f64dc7d-199a-4fdf-458c-b531c14cbf3e","timestamp":"2026-08-02T06:01:27.424Z","layer":"cds","component_type":"application","container_id":"10.37.193.4","component_id":"d9622003-7570-45ea-b8be-97c6305e4251","component_name":"SmartProcureX-srv","component_instance":0,"source_instance":0,"organization_name":"0d79b96ctrial","organization_id":"e8159873-0fc0-4477-a4f9-3c43fdb65fe4","space_name":"dev","space_id":"0628b1b5-c14d-4a0a-abf9-843360b5d7c0","tenant_subdomain":"0d79b96ctrial","msg":"403 - Error: Forbidden\n    at reject (/home/vcap/app/node_modules/@sap/cds/libx/_runtime/common/generic/auth/utils.js:10:19)\n    at ApplicationService.enforce_auth (/home/vcap/app/node_modules/@sap/cds/libx/_runtime/common/generic/auth/restrict.js:229:5)\n    at ApplicationService.handle_authorization (/home/vcap/app/node_modules/@sap/cds/libx/_runtime/common/generic/auth/index.js:79:27)\n    at ApplicationService.handle (/home/vcap/app/node_modules/@sap/cds/libx/_runtime/common/Service.js:73:47)\n    at ApplicationService.dispatch (/home/vcap/app/node_modules/@sap/cds/lib/srv/srv-dispatch.js:32:17)\n    at /home/vcap/app/node_modules/@sap/cds/lib/srv/srv-dispatch.js:20:50\n    at ApplicationService.run (/home/vcap/app/node_modules/@sap/cds/lib/srv/cds.Service.js:171:44)\n    at ApplicationService.dispatch (/home/vcap/app/node_modules/@sap/cds/lib/srv/srv-dispatch.js:20:36)\n    at /home/vcap/app/node_modules/@sap/cds/libx/odata/middleware/read.js:258:24\n    at /home/vcap/app/node_modules/@sap/cds/lib/srv/srv-tx.js:27:48 {\n  internal: null,\n  code: '403',\n  status: 403,\n  _i18n: 1\n}","type":"log"} (STDERR, APP/PROC/WEB)#
#2026 08 02 07:55:17.550#Z#DEBUG#6828ea62-8e47-11f1-a22d-eeee0a847462.SmartProcureX-srv#flowable-async-job-executor-thread-2161#
[PollStartAppStatusExecution] d9622003-7570-45ea-b8be-97c6305e4251 [2026-08-02T06:01:27.425469] {"level":"info","logger":"odata","correlation_id":"be68a471-7a19-4a83-7d68-b0efcbeca5b6","tenant_id":"5590af3c-9485-44fe-975e-4b748861d2ff","host":"0d79b96ctrial-dev-smartprocurex-srv.cfapps.us10-003.hana.ondemand.com","user_agent":"Mozilla/5.0 (Windows NT 10.0; Win64; x64) AppleWebKit/537.36 (KHTML, like Gecko) Chrome/151.0.0.0 Safari/537.36","content_length":"772","request_size_b":"772","accept":"multipart/mixed","accept_encoding":"gzip, deflate, br, zstd","accept_language":"en-US","authorization":"***","b3":"be68a4717a194a837d68b0efcbeca5b6-7d68b0efcbeca5b6","content_type":"multipart/mixed; boundary=batch_id-1785650485041-21","cookie":"***","mime_version":"1.0","odata_maxversion":"4.0","odata_version":"4.0","origin":"https://0d79b96ctrial-dev-com-smartprocurex-smartprocurexui.cfapps.us10-003.hana.ondemand.com","priority":"u=1, i","referer":"https://0d79b96ctrial-dev-com-smartprocurex-smartprocurexui.cfapps.us10-003.hana.ondemand.com/index.html","sap_cancel_on_close":"true","sec_ch_ua":"\"Not=A?Brand\";v=\"99\", \"Google Chrome\";v=\"151\", \"Chromium\";v=\"151\"","sec_ch_ua_mobile":"?0","sec_ch_ua_platform":"\"Windows\"","sec_fetch_dest":"empty","sec_fetch_mode":"cors","sec_fetch_site":"same-origin","tenantid":"0d79b96ctrial","x_b3_spanid":"7d68b0efcbeca5b6","x_b3_traceid":"be68a4717a194a837d68b0efcbeca5b6","x_cf_applicationid":"d9622003-7570-45ea-b8be-97c6305e4251","x_cf_instanceid":"9b40dc3b-51e5-42fd-609b-eb21","x_cf_instanceindex":"0","x_cf_true_client_ip":"10.37.193.4","x_correlationid":"be68a471-7a19-4a83-7d68-b0efcbeca5b6","x_csrf_token":"Fetch","x_forwarded_for":"152.57.234.150, 10.0.72.0, 10.37.193.4, 10.0.200.0","x_forwarded_host":"0d79b96ctrial-dev-com-smartprocurex-smartprocurexui.cfapps.us10-003.hana.ondemand.com","x_forwarded_path":"/odata/v4/procurement/$batch","x_forwarded_proto":"https","x_request_start":"1785650487420","x_requested_with":"XMLHttpRequest","x_scp_request_id":"8b3a38ad-b837-4495-bf5b-66c85e07a4db-6A6EDD37-1B3EED","x_vcap_request_id":"be68a471-7a19-4a83-7d68-b0efcbeca5b6","request_id":"be68a471-7a19-4a83-7d68-b0efcbeca5b6","x_correlation_id":"be68a471-7a19-4a83-7d68-b0efcbeca5b6","timestamp":"2026-08-02T06:01:27.425Z","layer":"cds","component_type":"application","container_id":"10.37.193.4","component_id":"d9622003-7570-45ea-b8be-97c6305e4251","component_name":"SmartProcureX-srv","component_instance":0,"source_instance":0,"organization_name":"0d79b96ctrial","organization_id":"e8159873-0fc0-4477-a4f9-3c43fdb65fe4","space_name":"dev","space_id":"0628b1b5-c14d-4a0a-abf9-843360b5d7c0","tenant_subdomain":"0d79b96ctrial","msg":"POST /odata/v4/procurement/$batch ","type":"log"} (STDOUT, APP/PROC/WEB)#
#2026 08 02 07:55:17.550#Z#DEBUG#6828ea62-8e47-11f1-a22d-eeee0a847462.SmartProcureX-srv#flowable-async-job-executor-thread-2161#
[PollStartAppStatusExecution] d9622003-7570-45ea-b8be-97c6305e4251 [2026-08-02T06:01:27.425612] 0d79b96ctrial-dev-smartprocurex-srv.cfapps.us10-003.hana.ondemand.com - [2026-08-02T06:01:27.422757840Z] "GET /odata/v4/procurement/PurchaseOrders HTTP/1.1" 403 0 74 "https://0d79b96ctrial-dev-com-smartprocurex-smartprocurexui.cfapps.us10-003.hana.ondemand.com/index.html" "Mozilla/5.0 (Windows NT 10.0; Win64; x64) AppleWebKit/537.36 (KHTML, like Gecko) Chrome/151.0.0.0 Safari/537.36" "10.0.200.2:27356" "10.37.193.4:61003" x_forwarded_for:"152.57.234.150, 10.0.72.0, 10.37.193.4, 10.0.200.2" x_forwarded_proto:"https" vcap_request_id:"7f64dc7d-199a-4fdf-458c-b531c14cbf3e" response_time:0.002637 gorouter_time:0.000088 app_id:"d9622003-7570-45ea-b8be-97c6305e4251" app_index:"0" instance_id:"9b40dc3b-51e5-42fd-609b-eb21" failed_attempts:0 failed_attempts_time:"-" dns_time:0.000000 dial_time:0.000000 tls_time:0.000000 backend_time:0.002549 local_address:"10.0.193.8:25198" x_cf_routererror:"-" x_correlationid:"7f64dc7d-199a-4fdf-458c-b531c14cbf3e" tenantid:"0d79b96ctrial" sap_passport:"-" x_scp_request_id:"ed68c315-3eeb-4471-9fdc-9dc1d1fc79cc-6A6EDD37-1B62D2" x_cf_app_instance:"-" x_forwarded_host:"0d79b96ctrial-dev-com-smartprocurex-smartprocurexui.cfapps.us10-003.hana.ondemand.com" x_custom_host:"-" x_ssl_client:"-" x_ssl_client_session_id:"-" x_ssl_client_verify:"-" x_ssl_client_subject_dn:"-" x_ssl_client_subject_cn:"-" x_ssl_client_issuer_dn:"-" x_ssl_client_notbefore:"-" x_ssl_client_notafter:"-" x_cf_forwarded_url:"-" traceparent:"-" true_client_ip:"-" x_cf_true_client_ip:"10.37.193.4" x_request_id:"-" x_b3_traceid:"7f64dc7d199a4fdf458cb531c14cbf3e" x_b3_spanid:"458cb531c14cbf3e" x_b3_parentspanid:"-" b3:"7f64dc7d199a4fdf458cb531c14cbf3e-458cb531c14cbf3e" (STDOUT, RTR)#
#2026 08 02 07:55:17.550#Z#DEBUG#6828ea62-8e47-11f1-a22d-eeee0a847462.SmartProcureX-srv#flowable-async-job-executor-thread-2161#
[PollStartAppStatusExecution] d9622003-7570-45ea-b8be-97c6305e4251 [2026-08-02T06:01:27.426882] {"level":"info","logger":"odata","correlation_id":"be68a471-7a19-4a83-7d68-b0efcbeca5b6","tenant_id":"5590af3c-9485-44fe-975e-4b748861d2ff","host":"0d79b96ctrial-dev-smartprocurex-srv.cfapps.us10-003.hana.ondemand.com","user_agent":"Mozilla/5.0 (Windows NT 10.0; Win64; x64) AppleWebKit/537.36 (KHTML, like Gecko) Chrome/151.0.0.0 Safari/537.36","content_length":"772","request_size_b":"772","accept":"multipart/mixed","accept_encoding":"gzip, deflate, br, zstd","accept_language":"en-US","authorization":"***","b3":"be68a4717a194a837d68b0efcbeca5b6-7d68b0efcbeca5b6","content_type":"multipart/mixed; boundary=batch_id-1785650485041-21","cookie":"***","mime_version":"1.0","odata_maxversion":"4.0","odata_version":"4.0","origin":"https://0d79b96ctrial-dev-com-smartprocurex-smartprocurexui.cfapps.us10-003.hana.ondemand.com","priority":"u=1, i","referer":"https://0d79b96ctrial-dev-com-smartprocurex-smartprocurexui.cfapps.us10-003.hana.ondemand.com/index.html","sap_cancel_on_close":"true","sec_ch_ua":"\"Not=A?Brand\";v=\"99\", \"Google Chrome\";v=\"151\", \"Chromium\";v=\"151\"","sec_ch_ua_mobile":"?0","sec_ch_ua_platform":"\"Windows\"","sec_fetch_dest":"empty","sec_fetch_mode":"cors","sec_fetch_site":"same-origin","tenantid":"0d79b96ctrial","x_b3_spanid":"7d68b0efcbeca5b6","x_b3_traceid":"be68a4717a194a837d68b0efcbeca5b6","x_cf_applicationid":"d9622003-7570-45ea-b8be-97c6305e4251","x_cf_instanceid":"9b40dc3b-51e5-42fd-609b-eb21","x_cf_instanceindex":"0","x_cf_true_client_ip":"10.37.193.4","x_correlationid":"be68a471-7a19-4a83-7d68-b0efcbeca5b6","x_csrf_token":"Fetch","x_forwarded_for":"152.57.234.150, 10.0.72.0, 10.37.193.4, 10.0.200.0","x_forwarded_host":"0d79b96ctrial-dev-com-smartprocurex-smartprocurexui.cfapps.us10-003.hana.ondemand.com","x_forwarded_path":"/odata/v4/procurement/$batch","x_forwarded_proto":"https","x_request_start":"1785650487420","x_requested_with":"XMLHttpRequest","x_scp_request_id":"8b3a38ad-b837-4495-bf5b-66c85e07a4db-6A6EDD37-1B3EED","x_vcap_request_id":"be68a471-7a19-4a83-7d68-b0efcbeca5b6","request_id":"be68a471-7a19-4a83-7d68-b0efcbeca5b6","x_correlation_id":"be68a471-7a19-4a83-7d68-b0efcbeca5b6","timestamp":"2026-08-02T06:01:27.426Z","layer":"cds","component_type":"application","container_id":"10.37.193.4","component_id":"d9622003-7570-45ea-b8be-97c6305e4251","component_name":"SmartProcureX-srv","component_instance":0,"source_instance":0,"organization_name":"0d79b96ctrial","organization_id":"e8159873-0fc0-4477-a4f9-3c43fdb65fe4","space_name":"dev","space_id":"0628b1b5-c14d-4a0a-abf9-843360b5d7c0","tenant_subdomain":"0d79b96ctrial","msg":"> GET /PurchaseRequests {\n  '$select': 'ID,priority,requestNumber,status,totalAmount',\n  '$skip': '0',\n  '$top': '100'\n}","type":"log"} (STDOUT, APP/PROC/WEB)#
#2026 08 02 07:55:17.550#Z#DEBUG#6828ea62-8e47-11f1-a22d-eeee0a847462.SmartProcureX-srv#flowable-async-job-executor-thread-2161#
[PollStartAppStatusExecution] d9622003-7570-45ea-b8be-97c6305e4251 [2026-08-02T06:01:27.428104] {"level":"warn","logger":"odata","correlation_id":"be68a471-7a19-4a83-7d68-b0efcbeca5b6","tenant_id":"5590af3c-9485-44fe-975e-4b748861d2ff","host":"0d79b96ctrial-dev-smartprocurex-srv.cfapps.us10-003.hana.ondemand.com","user_agent":"Mozilla/5.0 (Windows NT 10.0; Win64; x64) AppleWebKit/537.36 (KHTML, like Gecko) Chrome/151.0.0.0 Safari/537.36","content_length":"772","request_size_b":"772","accept":"multipart/mixed","accept_encoding":"gzip, deflate, br, zstd","accept_language":"en-US","authorization":"***","b3":"be68a4717a194a837d68b0efcbeca5b6-7d68b0efcbeca5b6","content_type":"multipart/mixed; boundary=batch_id-1785650485041-21","cookie":"***","mime_version":"1.0","odata_maxversion":"4.0","odata_version":"4.0","origin":"https://0d79b96ctrial-dev-com-smartprocurex-smartprocurexui.cfapps.us10-003.hana.ondemand.com","priority":"u=1, i","referer":"https://0d79b96ctrial-dev-com-smartprocurex-smartprocurexui.cfapps.us10-003.hana.ondemand.com/index.html","sap_cancel_on_close":"true","sec_ch_ua":"\"Not=A?Brand\";v=\"99\", \"Google Chrome\";v=\"151\", \"Chromium\";v=\"151\"","sec_ch_ua_mobile":"?0","sec_ch_ua_platform":"\"Windows\"","sec_fetch_dest":"empty","sec_fetch_mode":"cors","sec_fetch_site":"same-origin","tenantid":"0d79b96ctrial","x_b3_spanid":"7d68b0efcbeca5b6","x_b3_traceid":"be68a4717a194a837d68b0efcbeca5b6","x_cf_applicationid":"d9622003-7570-45ea-b8be-97c6305e4251","x_cf_instanceid":"9b40dc3b-51e5-42fd-609b-eb21","x_cf_instanceindex":"0","x_cf_true_client_ip":"10.37.193.4","x_correlationid":"be68a471-7a19-4a83-7d68-b0efcbeca5b6","x_csrf_token":"Fetch","x_forwarded_for":"152.57.234.150, 10.0.72.0, 10.37.193.4, 10.0.200.0","x_forwarded_host":"0d79b96ctrial-dev-com-smartprocurex-smartprocurexui.cfapps.us10-003.hana.ondemand.com","x_forwarded_path":"/odata/v4/procurement/$batch","x_forwarded_proto":"https","x_request_start":"1785650487420","x_requested_with":"XMLHttpRequest","x_scp_request_id":"8b3a38ad-b837-4495-bf5b-66c85e07a4db-6A6EDD37-1B3EED","x_vcap_request_id":"be68a471-7a19-4a83-7d68-b0efcbeca5b6","request_id":"be68a471-7a19-4a83-7d68-b0efcbeca5b6","x_correlation_id":"be68a471-7a19-4a83-7d68-b0efcbeca5b6","timestamp":"2026-08-02T06:01:27.427Z","layer":"cds","component_type":"application","container_id":"10.37.193.4","component_id":"d9622003-7570-45ea-b8be-97c6305e4251","component_name":"SmartProcureX-srv","component_instance":0,"source_instance":0,"organization_name":"0d79b96ctrial","organization_id":"e8159873-0fc0-4477-a4f9-3c43fdb65fe4","space_name":"dev","space_id":"0628b1b5-c14d-4a0a-abf9-843360b5d7c0","tenant_subdomain":"0d79b96ctrial","msg":"403 - Error: Forbidden\n    at reject (/home/vcap/app/node_modules/@sap/cds/libx/_runtime/common/generic/auth/utils.js:10:19)\n    at ApplicationService.enforce_auth (/home/vcap/app/node_modules/@sap/cds/libx/_runtime/common/generic/auth/restrict.js:229:5)\n    at ApplicationService.handle_authorization (/home/vcap/app/node_modules/@sap/cds/libx/_runtime/common/generic/auth/index.js:79:27)\n    at ApplicationService.handle (/home/vcap/app/node_modules/@sap/cds/libx/_runtime/common/Service.js:73:47)\n    at ApplicationService.dispatch (/home/vcap/app/node_modules/@sap/cds/lib/srv/srv-dispatch.js:32:17)\n    at /home/vcap/app/node_modules/@sap/cds/lib/srv/srv-dispatch.js:20:50\n    at ApplicationService.run (/home/vcap/app/node_modules/@sap/cds/lib/srv/cds.Service.js:171:44)\n    at ApplicationService.dispatch (/home/vcap/app/node_modules/@sap/cds/lib/srv/srv-dispatch.js:20:36)\n    at /home/vcap/app/node_modules/@sap/cds/libx/odata/middleware/read.js:258:24\n    at ApplicationService.run (/home/vcap/app/node_modules/@sap/cds/lib/srv/cds.Service.js:171:44) {\n  internal: null,\n  code: '403',\n  status: 403,\n  _i18n: 1\n}","type":"log"} (STDERR, APP/PROC/WEB)#
#2026 08 02 07:55:17.550#Z#DEBUG#6828ea62-8e47-11f1-a22d-eeee0a847462.SmartProcureX-srv#flowable-async-job-executor-thread-2161#
[PollStartAppStatusExecution] d9622003-7570-45ea-b8be-97c6305e4251 [2026-08-02T06:01:27.428854] 0d79b96ctrial-dev-smartprocurex-srv.cfapps.us10-003.hana.ondemand.com - [2026-08-02T06:01:27.424383550Z] "POST /odata/v4/procurement/$batch HTTP/1.1" 200 772 318 "https://0d79b96ctrial-dev-com-smartprocurex-smartprocurexui.cfapps.us10-003.hana.ondemand.com/index.html" "Mozilla/5.0 (Windows NT 10.0; Win64; x64) AppleWebKit/537.36 (KHTML, like Gecko) Chrome/151.0.0.0 Safari/537.36" "10.0.200.0:57394" "10.37.193.4:61003" x_forwarded_for:"152.57.234.150, 10.0.72.0, 10.37.193.4, 10.0.200.0" x_forwarded_proto:"https" vcap_request_id:"be68a471-7a19-4a83-7d68-b0efcbeca5b6" response_time:0.004353 gorouter_time:0.000097 app_id:"d9622003-7570-45ea-b8be-97c6305e4251" app_index:"0" instance_id:"9b40dc3b-51e5-42fd-609b-eb21" failed_attempts:0 failed_attempts_time:"-" dns_time:0.000000 dial_time:0.000000 tls_time:0.000000 backend_time:0.004256 local_address:"10.0.193.9:22756" x_cf_routererror:"-" x_correlationid:"be68a471-7a19-4a83-7d68-b0efcbeca5b6" tenantid:"0d79b96ctrial" sap_passport:"-" x_scp_request_id:"8b3a38ad-b837-4495-bf5b-66c85e07a4db-6A6EDD37-1B3EED" x_cf_app_instance:"-" x_forwarded_host:"0d79b96ctrial-dev-com-smartprocurex-smartprocurexui.cfapps.us10-003.hana.ondemand.com" x_custom_host:"-" x_ssl_client:"-" x_ssl_client_session_id:"-" x_ssl_client_verify:"-" x_ssl_client_subject_dn:"-" x_ssl_client_subject_cn:"-" x_ssl_client_issuer_dn:"-" x_ssl_client_notbefore:"-" x_ssl_client_notafter:"-" x_cf_forwarded_url:"-" traceparent:"-" true_client_ip:"-" x_cf_true_client_ip:"10.37.193.4" x_request_id:"-" x_b3_traceid:"be68a4717a194a837d68b0efcbeca5b6" x_b3_spanid:"7d68b0efcbeca5b6" x_b3_parentspanid:"-" b3:"be68a4717a194a837d68b0efcbeca5b6-7d68b0efcbeca5b6" (STDOUT, RTR)#
#2026 08 02 07:55:17.550#Z#DEBUG#6828ea62-8e47-11f1-a22d-eeee0a847462.SmartProcureX-srv#flowable-async-job-executor-thread-2161#
[PollStartAppStatusExecution] d9622003-7570-45ea-b8be-97c6305e4251 [2026-08-02T06:01:27.729120] {"level":"info","logger":"odata","correlation_id":"8ca7eb85-96e9-4949-5fc3-943b26c5a252","tenant_id":"5590af3c-9485-44fe-975e-4b748861d2ff","host":"0d79b96ctrial-dev-smartprocurex-srv.cfapps.us10-003.hana.ondemand.com","user_agent":"Mozilla/5.0 (Windows NT 10.0; Win64; x64) AppleWebKit/537.36 (KHTML, like Gecko) Chrome/151.0.0.0 Safari/537.36","accept":"*/*","accept_encoding":"gzip, deflate, br, zstd","accept_language":"en-US,en;q=0.9","authorization":"***","b3":"8ca7eb8596e949495fc3943b26c5a252-5fc3943b26c5a252","cookie":"***","priority":"u=1, i","referer":"https://0d79b96ctrial-dev-com-smartprocurex-smartprocurexui.cfapps.us10-003.hana.ondemand.com/index.html","sec_ch_ua":"\"Not=A?Brand\";v=\"99\", \"Google Chrome\";v=\"151\", \"Chromium\";v=\"151\"","sec_ch_ua_mobile":"?0","sec_ch_ua_platform":"\"Windows\"","sec_fetch_dest":"empty","sec_fetch_mode":"cors","sec_fetch_site":"same-origin","tenantid":"0d79b96ctrial","x_b3_spanid":"5fc3943b26c5a252","x_b3_traceid":"8ca7eb8596e949495fc3943b26c5a252","x_cf_applicationid":"d9622003-7570-45ea-b8be-97c6305e4251","x_cf_instanceid":"9b40dc3b-51e5-42fd-609b-eb21","x_cf_instanceindex":"0","x_cf_true_client_ip":"10.37.193.4","x_correlationid":"8ca7eb85-96e9-4949-5fc3-943b26c5a252","x_forwarded_for":"152.57.234.150, 10.0.72.0, 10.37.193.4, 10.0.200.3","x_forwarded_host":"0d79b96ctrial-dev-com-smartprocurex-smartprocurexui.cfapps.us10-003.hana.ondemand.com","x_forwarded_path":"/odata/v4/supplier/Suppliers","x_forwarded_proto":"https","x_request_start":"1785650487724","x_scp_request_id":"9aa5315b-a820-4309-8a47-2bd2b99a37a3-6A6EDD37-1BB4CB","x_vcap_request_id":"8ca7eb85-96e9-4949-5fc3-943b26c5a252","request_id":"8ca7eb85-96e9-4949-5fc3-943b26c5a252","x_correlation_id":"8ca7eb85-96e9-4949-5fc3-943b26c5a252","timestamp":"2026-08-02T06:01:27.728Z","layer":"cds","component_type":"application","container_id":"10.37.193.4","component_id":"d9622003-7570-45ea-b8be-97c6305e4251","component_name":"SmartProcureX-srv","component_instance":0,"source_instance":0,"organization_name":"0d79b96ctrial","organization_id":"e8159873-0fc0-4477-a4f9-3c43fdb65fe4","space_name":"dev","space_id":"0628b1b5-c14d-4a0a-abf9-843360b5d7c0","tenant_subdomain":"0d79b96ctrial","msg":"GET /odata/v4/supplier/Suppliers ","type":"log"} (STDOUT, APP/PROC/WEB)#
#2026 08 02 07:55:17.550#Z#DEBUG#6828ea62-8e47-11f1-a22d-eeee0a847462.SmartProcureX-srv#flowable-async-job-executor-thread-2161#
[PollStartAppStatusExecution] d9622003-7570-45ea-b8be-97c6305e4251 [2026-08-02T06:01:28.731096] {"level":"error","logger":"odata","correlation_id":"8ca7eb85-96e9-4949-5fc3-943b26c5a252","tenant_id":"5590af3c-9485-44fe-975e-4b748861d2ff","host":"0d79b96ctrial-dev-smartprocurex-srv.cfapps.us10-003.hana.ondemand.com","user_agent":"Mozilla/5.0 (Windows NT 10.0; Win64; x64) AppleWebKit/537.36 (KHTML, like Gecko) Chrome/151.0.0.0 Safari/537.36","accept":"*/*","accept_encoding":"gzip, deflate, br, zstd","accept_language":"en-US,en;q=0.9","authorization":"***","b3":"8ca7eb8596e949495fc3943b26c5a252-5fc3943b26c5a252","cookie":"***","priority":"u=1, i","referer":"https://0d79b96ctrial-dev-com-smartprocurex-smartprocurexui.cfapps.us10-003.hana.ondemand.com/index.html","sec_ch_ua":"\"Not=A?Brand\";v=\"99\", \"Google Chrome\";v=\"151\", \"Chromium\";v=\"151\"","sec_ch_ua_mobile":"?0","sec_ch_ua_platform":"\"Windows\"","sec_fetch_dest":"empty","sec_fetch_mode":"cors","sec_fetch_site":"same-origin","tenantid":"0d79b96ctrial","x_b3_spanid":"5fc3943b26c5a252","x_b3_traceid":"8ca7eb8596e949495fc3943b26c5a252","x_cf_applicationid":"d9622003-7570-45ea-b8be-97c6305e4251","x_cf_instanceid":"9b40dc3b-51e5-42fd-609b-eb21","x_cf_instanceindex":"0","x_cf_true_client_ip":"10.37.193.4","x_correlationid":"8ca7eb85-96e9-4949-5fc3-943b26c5a252","x_forwarded_for":"152.57.234.150, 10.0.72.0, 10.37.193.4, 10.0.200.3","x_forwarded_host":"0d79b96ctrial-dev-com-smartprocurex-smartprocurexui.cfapps.us10-003.hana.ondemand.com","x_forwarded_path":"/odata/v4/supplier/Suppliers","x_forwarded_proto":"https","x_request_start":"1785650487724","x_scp_request_id":"9aa5315b-a820-4309-8a47-2bd2b99a37a3-6A6EDD37-1BB4CB","x_vcap_request_id":"8ca7eb85-96e9-4949-5fc3-943b26c5a252","request_id":"8ca7eb85-96e9-4949-5fc3-943b26c5a252","x_correlation_id":"8ca7eb85-96e9-4949-5fc3-943b26c5a252","timestamp":"2026-08-02T06:01:28.730Z","layer":"cds","component_type":"application","container_id":"10.37.193.4","component_id":"d9622003-7570-45ea-b8be-97c6305e4251","component_name":"SmartProcureX-srv","component_instance":0,"source_instance":0,"organization_name":"0d79b96ctrial","organization_id":"e8159873-0fc0-4477-a4f9-3c43fdb65fe4","space_name":"dev","space_id":"0628b1b5-c14d-4a0a-abf9-843360b5d7c0","tenant_subdomain":"0d79b96ctrial","msg":"500 - Error: Pool resource could not be acquired within 1s\n    at /home/vcap/app/node_modules/@cap-js/db-service/lib/common/generic-pool.js:71:21\n    at new Promise (<anonymous>)\n    at new Request (/home/vcap/app/node_modules/@cap-js/db-service/lib/common/generic-pool.js:59:20)\n    at Pool.acquire (/home/vcap/app/node_modules/@cap-js/db-service/lib/common/generic-pool.js:141:21)\n    at HANAService.acquire (/home/vcap/app/node_modules/@cap-js/db-service/lib/common/DatabaseService.js:106:28)\n    at HANAService.begin (/home/vcap/app/node_modules/@cap-js/db-service/lib/common/DatabaseService.js:66:27)\n    at HANAService._begin [as dispatch] (/home/vcap/app/node_modules/@sap/cds/lib/srv/srv-tx.js:195:38)\n    at /home/vcap/app/node_modules/@sap/cds/lib/srv/srv-dispatch.js:20:50\n    at HANAService.run (/home/vcap/app/node_modules/@sap/cds/lib/srv/cds.Service.js:171:44)\n    at HANAService.run (/home/vcap/app/node_modules/@cap-js/db-service/lib/common/DatabaseService.js:158:18) {\n  status: 500,\n  code: '500'\n}","type":"log"} (STDERR, APP/PROC/WEB)#
#2026 08 02 07:55:17.550#Z#DEBUG#6828ea62-8e47-11f1-a22d-eeee0a847462.SmartProcureX-srv#flowable-async-job-executor-thread-2161#
[PollStartAppStatusExecution] d9622003-7570-45ea-b8be-97c6305e4251 [2026-08-02T06:01:28.731743] 0d79b96ctrial-dev-smartprocurex-srv.cfapps.us10-003.hana.ondemand.com - [2026-08-02T06:01:27.727540755Z] "GET /odata/v4/supplier/Suppliers HTTP/1.1" 500 0 58 "https://0d79b96ctrial-dev-com-smartprocurex-smartprocurexui.cfapps.us10-003.hana.ondemand.com/index.html" "Mozilla/5.0 (Windows NT 10.0; Win64; x64) AppleWebKit/537.36 (KHTML, like Gecko) Chrome/151.0.0.0 Safari/537.36" "10.0.200.3:49270" "10.37.193.4:61003" x_forwarded_for:"152.57.234.150, 10.0.72.0, 10.37.193.4, 10.0.200.3" x_forwarded_proto:"https" vcap_request_id:"8ca7eb85-96e9-4949-5fc3-943b26c5a252" response_time:1.004010 gorouter_time:0.000097 app_id:"d9622003-7570-45ea-b8be-97c6305e4251" app_index:"0" instance_id:"9b40dc3b-51e5-42fd-609b-eb21" failed_attempts:0 failed_attempts_time:"-" dns_time:0.000000 dial_time:0.000000 tls_time:0.000000 backend_time:1.003913 local_address:"10.0.193.8:25198" x_cf_routererror:"-" x_correlationid:"8ca7eb85-96e9-4949-5fc3-943b26c5a252" tenantid:"0d79b96ctrial" sap_passport:"-" x_scp_request_id:"9aa5315b-a820-4309-8a47-2bd2b99a37a3-6A6EDD37-1BB4CB" x_cf_app_instance:"-" x_forwarded_host:"0d79b96ctrial-dev-com-smartprocurex-smartprocurexui.cfapps.us10-003.hana.ondemand.com" x_custom_host:"-" x_ssl_client:"-" x_ssl_client_session_id:"-" x_ssl_client_verify:"-" x_ssl_client_subject_dn:"-" x_ssl_client_subject_cn:"-" x_ssl_client_issuer_dn:"-" x_ssl_client_notbefore:"-" x_ssl_client_notafter:"-" x_cf_forwarded_url:"-" traceparent:"-" true_client_ip:"-" x_cf_true_client_ip:"10.37.193.4" x_request_id:"-" x_b3_traceid:"8ca7eb8596e949495fc3943b26c5a252" x_b3_spanid:"5fc3943b26c5a252" x_b3_parentspanid:"-" b3:"8ca7eb8596e949495fc3943b26c5a252-5fc3943b26c5a252" (STDOUT, RTR)#
#2026 08 02 07:55:17.550#Z#DEBUG#6828ea62-8e47-11f1-a22d-eeee0a847462.SmartProcureX-srv#flowable-async-job-executor-thread-2161#
[PollStartAppStatusExecution] d9622003-7570-45ea-b8be-97c6305e4251 [2026-08-02T06:45:13.275328] Updated app with guid d9622003-7570-45ea-b8be-97c6305e4251 ({"lifecycle"=>{"data"=>{"buildpacks"=>["nodejs_buildpack"]}, "type"=>"buildpack"}}) (STDOUT, API)#
#2026 08 02 07:55:17.550#Z#DEBUG#6828ea62-8e47-11f1-a22d-eeee0a847462.SmartProcureX-srv#flowable-async-job-executor-thread-2161#
[PollStartAppStatusExecution] d9622003-7570-45ea-b8be-97c6305e4251 [2026-08-02T06:45:13.379340] Updating process: "web" (STDOUT, API)#
#2026 08 02 07:55:17.550#Z#DEBUG#6828ea62-8e47-11f1-a22d-eeee0a847462.SmartProcureX-srv#flowable-async-job-executor-thread-2161#
[PollStartAppStatusExecution] d9622003-7570-45ea-b8be-97c6305e4251 [2026-08-02T06:45:42.940735] Uploading app package for app with guid d9622003-7570-45ea-b8be-97c6305e4251 (STDOUT, API)#
#2026 08 02 07:55:17.550#Z#DEBUG#6828ea62-8e47-11f1-a22d-eeee0a847462.SmartProcureX-srv#flowable-async-job-executor-thread-2161#
[PollStartAppStatusExecution] d9622003-7570-45ea-b8be-97c6305e4251 [2026-08-02T06:45:43.122582] Updated app with guid d9622003-7570-45ea-b8be-97c6305e4251 ({"environment_variables"=>"[PRIVATE DATA HIDDEN]"}) (STDOUT, API)#
#2026 08 02 07:55:17.550#Z#DEBUG#6828ea62-8e47-11f1-a22d-eeee0a847462.SmartProcureX-srv#flowable-async-job-executor-thread-2161#
[PollStartAppStatusExecution] d9622003-7570-45ea-b8be-97c6305e4251 [2026-08-02T06:45:53.089166] Stopping app with guid d9622003-7570-45ea-b8be-97c6305e4251 (STDOUT, API)#
#2026 08 02 07:55:17.550#Z#DEBUG#6828ea62-8e47-11f1-a22d-eeee0a847462.SmartProcureX-srv#flowable-async-job-executor-thread-2161#
[PollStartAppStatusExecution] d9622003-7570-45ea-b8be-97c6305e4251 [2026-08-02T06:45:53.135344] Cell cdd66a98-00c8-41cf-94b2-8f9408d19596 stopping instance 9b40dc3b-51e5-42fd-609b-eb21 (STDOUT, CELL)#
#2026 08 02 07:55:17.550#Z#DEBUG#6828ea62-8e47-11f1-a22d-eeee0a847462.SmartProcureX-srv#flowable-async-job-executor-thread-2161#
[PollStartAppStatusExecution] d9622003-7570-45ea-b8be-97c6305e4251 [2026-08-02T06:45:53.308522] Creating build for app with guid d9622003-7570-45ea-b8be-97c6305e4251 (STDOUT, API)#
#2026 08 02 07:55:17.550#Z#DEBUG#6828ea62-8e47-11f1-a22d-eeee0a847462.SmartProcureX-srv#flowable-async-job-executor-thread-2161#
[PollStartAppStatusExecution] d9622003-7570-45ea-b8be-97c6305e4251 [2026-08-02T06:45:53.615612] Downloading nodejs_buildpack... (STDOUT, STG)#
#2026 08 02 07:55:17.550#Z#DEBUG#6828ea62-8e47-11f1-a22d-eeee0a847462.SmartProcureX-srv#flowable-async-job-executor-thread-2161#
[PollStartAppStatusExecution] d9622003-7570-45ea-b8be-97c6305e4251 [2026-08-02T06:45:53.660538] Downloaded nodejs_buildpack (STDOUT, STG)#
#2026 08 02 07:55:17.550#Z#DEBUG#6828ea62-8e47-11f1-a22d-eeee0a847462.SmartProcureX-srv#flowable-async-job-executor-thread-2161#
[PollStartAppStatusExecution] d9622003-7570-45ea-b8be-97c6305e4251 [2026-08-02T06:45:53.660629] Cell 2cba0a63-a06b-4c2d-9ff8-cb3bec259489 creating container for instance 3bc754a4-350e-48be-926f-ea24958b7272 (STDOUT, STG)#
#2026 08 02 07:55:17.550#Z#DEBUG#6828ea62-8e47-11f1-a22d-eeee0a847462.SmartProcureX-srv#flowable-async-job-executor-thread-2161#
[PollStartAppStatusExecution] d9622003-7570-45ea-b8be-97c6305e4251 [2026-08-02T06:45:53.979630] Security group rules were updated (STDOUT, STG)#
#2026 08 02 07:55:17.550#Z#DEBUG#6828ea62-8e47-11f1-a22d-eeee0a847462.SmartProcureX-srv#flowable-async-job-executor-thread-2161#
[PollStartAppStatusExecution] d9622003-7570-45ea-b8be-97c6305e4251 [2026-08-02T06:45:54.033817] Cell 2cba0a63-a06b-4c2d-9ff8-cb3bec259489 successfully created container for instance 3bc754a4-350e-48be-926f-ea24958b7272 (STDOUT, STG)#
#2026 08 02 07:55:17.550#Z#DEBUG#6828ea62-8e47-11f1-a22d-eeee0a847462.SmartProcureX-srv#flowable-async-job-executor-thread-2161#
[PollStartAppStatusExecution] d9622003-7570-45ea-b8be-97c6305e4251 [2026-08-02T06:45:54.420263] Downloading app package... (STDOUT, STG)#
#2026 08 02 07:55:17.550#Z#DEBUG#6828ea62-8e47-11f1-a22d-eeee0a847462.SmartProcureX-srv#flowable-async-job-executor-thread-2161#
[PollStartAppStatusExecution] d9622003-7570-45ea-b8be-97c6305e4251 [2026-08-02T06:45:54.420331] Downloading build artifacts cache... (STDOUT, STG)#
#2026 08 02 07:55:17.550#Z#DEBUG#6828ea62-8e47-11f1-a22d-eeee0a847462.SmartProcureX-srv#flowable-async-job-executor-thread-2161#
[PollStartAppStatusExecution] d9622003-7570-45ea-b8be-97c6305e4251 [2026-08-02T06:45:54.483669] Downloaded build artifacts cache (223B) (STDOUT, STG)#
#2026 08 02 07:55:17.550#Z#DEBUG#6828ea62-8e47-11f1-a22d-eeee0a847462.SmartProcureX-srv#flowable-async-job-executor-thread-2161#
[PollStartAppStatusExecution] d9622003-7570-45ea-b8be-97c6305e4251 [2026-08-02T06:45:54.745697] Downloaded app package (3.5M) (STDOUT, STG)#
#2026 08 02 07:55:17.550#Z#DEBUG#6828ea62-8e47-11f1-a22d-eeee0a847462.SmartProcureX-srv#flowable-async-job-executor-thread-2161#
[PollStartAppStatusExecution] d9622003-7570-45ea-b8be-97c6305e4251 [2026-08-02T06:45:54.796361] -----> Nodejs Buildpack version 1.9.2 (STDOUT, STG)#
#2026 08 02 07:55:17.550#Z#DEBUG#6828ea62-8e47-11f1-a22d-eeee0a847462.SmartProcureX-srv#flowable-async-job-executor-thread-2161#
[PollStartAppStatusExecution] d9622003-7570-45ea-b8be-97c6305e4251 [2026-08-02T06:45:54.941838] -----> Bootstrapping python (STDOUT, STG)#
#2026 08 02 07:55:17.550#Z#DEBUG#6828ea62-8e47-11f1-a22d-eeee0a847462.SmartProcureX-srv#flowable-async-job-executor-thread-2161#
[PollStartAppStatusExecution] d9622003-7570-45ea-b8be-97c6305e4251 [2026-08-02T06:45:54.941860] -----> Installing python 3.13.13 (STDOUT, STG)#
#2026 08 02 07:55:17.550#Z#DEBUG#6828ea62-8e47-11f1-a22d-eeee0a847462.SmartProcureX-srv#flowable-async-job-executor-thread-2161#
[PollStartAppStatusExecution] d9622003-7570-45ea-b8be-97c6305e4251 [2026-08-02T06:45:54.942013] Copy [/tmp/buildpacks/411ec6166282b4d1/dependencies/268a5e3743d51a14b86ea9da64439307/python_3.13.13_linux_x64_cflinuxfs4_8311abbf.tgz] (STDOUT, STG)#
#2026 08 02 07:55:17.550#Z#DEBUG#6828ea62-8e47-11f1-a22d-eeee0a847462.SmartProcureX-srv#flowable-async-job-executor-thread-2161#
[PollStartAppStatusExecution] d9622003-7570-45ea-b8be-97c6305e4251 [2026-08-02T06:45:57.853342] -----> Installing binaries (STDOUT, STG)#
#2026 08 02 07:55:17.550#Z#DEBUG#6828ea62-8e47-11f1-a22d-eeee0a847462.SmartProcureX-srv#flowable-async-job-executor-thread-2161#
[PollStartAppStatusExecution] d9622003-7570-45ea-b8be-97c6305e4251 [2026-08-02T06:45:57.853375] engines.node (package.json): ^24 (STDOUT, STG)#
#2026 08 02 07:55:17.550#Z#DEBUG#6828ea62-8e47-11f1-a22d-eeee0a847462.SmartProcureX-srv#flowable-async-job-executor-thread-2161#
[PollStartAppStatusExecution] d9622003-7570-45ea-b8be-97c6305e4251 [2026-08-02T06:45:57.853384] engines.npm (package.json): unspecified (use default) (STDOUT, STG)#
#2026 08 02 07:55:17.550#Z#DEBUG#6828ea62-8e47-11f1-a22d-eeee0a847462.SmartProcureX-srv#flowable-async-job-executor-thread-2161#
[PollStartAppStatusExecution] d9622003-7570-45ea-b8be-97c6305e4251 [2026-08-02T06:45:57.853444] -----> Installing node 24.15.0 (STDOUT, STG)#
#2026 08 02 07:55:17.550#Z#DEBUG#6828ea62-8e47-11f1-a22d-eeee0a847462.SmartProcureX-srv#flowable-async-job-executor-thread-2161#
[PollStartAppStatusExecution] d9622003-7570-45ea-b8be-97c6305e4251 [2026-08-02T06:45:57.853550] Copy [/tmp/buildpacks/411ec6166282b4d1/dependencies/6441e97e6386f47ec4c16cfdf8db0a17/node_24.15.0_linux_x64_cflinuxfs4_1a62d98b.tgz] (STDOUT, STG)#
#2026 08 02 07:55:17.550#Z#DEBUG#6828ea62-8e47-11f1-a22d-eeee0a847462.SmartProcureX-srv#flowable-async-job-executor-thread-2161#
[PollStartAppStatusExecution] d9622003-7570-45ea-b8be-97c6305e4251 [2026-08-02T06:45:59.566180] Using default npm version: 11.12.1 (STDOUT, STG)#
#2026 08 02 07:55:17.550#Z#DEBUG#6828ea62-8e47-11f1-a22d-eeee0a847462.SmartProcureX-srv#flowable-async-job-executor-thread-2161#
[PollStartAppStatusExecution] d9622003-7570-45ea-b8be-97c6305e4251 [2026-08-02T06:45:59.566202] -----> Installing yarn 1.22.22 (STDOUT, STG)#
#2026 08 02 07:55:17.550#Z#DEBUG#6828ea62-8e47-11f1-a22d-eeee0a847462.SmartProcureX-srv#flowable-async-job-executor-thread-2161#
[PollStartAppStatusExecution] d9622003-7570-45ea-b8be-97c6305e4251 [2026-08-02T06:45:59.566295] Copy [/tmp/buildpacks/411ec6166282b4d1/dependencies/e4fe26756e9984a665478d350474fa2e/yarn_1.22.22_linux_noarch_any-stack_b6132b86.tgz] (STDOUT, STG)#
#2026 08 02 07:55:17.550#Z#DEBUG#6828ea62-8e47-11f1-a22d-eeee0a847462.SmartProcureX-srv#flowable-async-job-executor-thread-2161#
[PollStartAppStatusExecution] d9622003-7570-45ea-b8be-97c6305e4251 [2026-08-02T06:45:59.818220] Installed yarn 1.22.22 (STDOUT, STG)#
#2026 08 02 07:55:17.550#Z#DEBUG#6828ea62-8e47-11f1-a22d-eeee0a847462.SmartProcureX-srv#flowable-async-job-executor-thread-2161#
[PollStartAppStatusExecution] d9622003-7570-45ea-b8be-97c6305e4251 [2026-08-02T06:45:59.818257] -----> Creating runtime environment (STDOUT, STG)#
#2026 08 02 07:55:17.550#Z#DEBUG#6828ea62-8e47-11f1-a22d-eeee0a847462.SmartProcureX-srv#flowable-async-job-executor-thread-2161#
[PollStartAppStatusExecution] d9622003-7570-45ea-b8be-97c6305e4251 [2026-08-02T06:45:59.820111] NODE_ENV=production (STDOUT, STG)#
#2026 08 02 07:55:17.550#Z#DEBUG#6828ea62-8e47-11f1-a22d-eeee0a847462.SmartProcureX-srv#flowable-async-job-executor-thread-2161#
[PollStartAppStatusExecution] d9622003-7570-45ea-b8be-97c6305e4251 [2026-08-02T06:45:59.820126] NODE_HOME=/tmp/contents3758836242/deps/0/node (STDOUT, STG)#
#2026 08 02 07:55:17.550#Z#DEBUG#6828ea62-8e47-11f1-a22d-eeee0a847462.SmartProcureX-srv#flowable-async-job-executor-thread-2161#
[PollStartAppStatusExecution] d9622003-7570-45ea-b8be-97c6305e4251 [2026-08-02T06:45:59.820129] NODE_MODULES_CACHE=true (STDOUT, STG)#
#2026 08 02 07:55:17.550#Z#DEBUG#6828ea62-8e47-11f1-a22d-eeee0a847462.SmartProcureX-srv#flowable-async-job-executor-thread-2161#
[PollStartAppStatusExecution] d9622003-7570-45ea-b8be-97c6305e4251 [2026-08-02T06:45:59.820131] NODE_VERBOSE=false (STDOUT, STG)#
#2026 08 02 07:55:17.550#Z#DEBUG#6828ea62-8e47-11f1-a22d-eeee0a847462.SmartProcureX-srv#flowable-async-job-executor-thread-2161#
[PollStartAppStatusExecution] d9622003-7570-45ea-b8be-97c6305e4251 [2026-08-02T06:45:59.820136] NPM_CONFIG_LOGLEVEL=error (STDOUT, STG)#
#2026 08 02 07:55:17.550#Z#DEBUG#6828ea62-8e47-11f1-a22d-eeee0a847462.SmartProcureX-srv#flowable-async-job-executor-thread-2161#
[PollStartAppStatusExecution] d9622003-7570-45ea-b8be-97c6305e4251 [2026-08-02T06:45:59.820145] NPM_CONFIG_PRODUCTION=true (STDOUT, STG)#
#2026 08 02 07:55:17.550#Z#DEBUG#6828ea62-8e47-11f1-a22d-eeee0a847462.SmartProcureX-srv#flowable-async-job-executor-thread-2161#
[PollStartAppStatusExecution] d9622003-7570-45ea-b8be-97c6305e4251 [2026-08-02T06:45:59.820207] -----> Building dependencies (STDOUT, STG)#
#2026 08 02 07:55:17.550#Z#DEBUG#6828ea62-8e47-11f1-a22d-eeee0a847462.SmartProcureX-srv#flowable-async-job-executor-thread-2161#
[PollStartAppStatusExecution] d9622003-7570-45ea-b8be-97c6305e4251 [2026-08-02T06:45:59.820222] Prebuild detected (node_modules already exists) (STDOUT, STG)#
#2026 08 02 07:55:17.550#Z#DEBUG#6828ea62-8e47-11f1-a22d-eeee0a847462.SmartProcureX-srv#flowable-async-job-executor-thread-2161#
[PollStartAppStatusExecution] d9622003-7570-45ea-b8be-97c6305e4251 [2026-08-02T06:45:59.820233] Rebuilding any native modules (STDOUT, STG)#
#2026 08 02 07:55:17.550#Z#DEBUG#6828ea62-8e47-11f1-a22d-eeee0a847462.SmartProcureX-srv#flowable-async-job-executor-thread-2161#
[PollStartAppStatusExecution] d9622003-7570-45ea-b8be-97c6305e4251 [2026-08-02T06:46:00.287224] rebuilt dependencies successfully (STDOUT, STG)#
#2026 08 02 07:55:17.550#Z#DEBUG#6828ea62-8e47-11f1-a22d-eeee0a847462.SmartProcureX-srv#flowable-async-job-executor-thread-2161#
[PollStartAppStatusExecution] d9622003-7570-45ea-b8be-97c6305e4251 [2026-08-02T06:46:00.288663] npm notice (STDOUT, STG)#
#2026 08 02 07:55:17.550#Z#DEBUG#6828ea62-8e47-11f1-a22d-eeee0a847462.SmartProcureX-srv#flowable-async-job-executor-thread-2161#
[PollStartAppStatusExecution] d9622003-7570-45ea-b8be-97c6305e4251 [2026-08-02T06:46:00.288683] npm notice New major version of npm available! 11.12.1 -> 12.0.2 (STDOUT, STG)#
#2026 08 02 07:55:17.550#Z#DEBUG#6828ea62-8e47-11f1-a22d-eeee0a847462.SmartProcureX-srv#flowable-async-job-executor-thread-2161#
[PollStartAppStatusExecution] d9622003-7570-45ea-b8be-97c6305e4251 [2026-08-02T06:46:00.288688] npm notice Changelog: https://github.com/npm/cli/releases/tag/v12.0.2 (STDOUT, STG)#
#2026 08 02 07:55:17.550#Z#DEBUG#6828ea62-8e47-11f1-a22d-eeee0a847462.SmartProcureX-srv#flowable-async-job-executor-thread-2161#
[PollStartAppStatusExecution] d9622003-7570-45ea-b8be-97c6305e4251 [2026-08-02T06:46:00.288691] npm notice To update run: npm install -g npm@12.0.2 (STDOUT, STG)#
#2026 08 02 07:55:17.550#Z#DEBUG#6828ea62-8e47-11f1-a22d-eeee0a847462.SmartProcureX-srv#flowable-async-job-executor-thread-2161#
[PollStartAppStatusExecution] d9622003-7570-45ea-b8be-97c6305e4251 [2026-08-02T06:46:00.288696] npm notice (STDOUT, STG)#
#2026 08 02 07:55:17.550#Z#DEBUG#6828ea62-8e47-11f1-a22d-eeee0a847462.SmartProcureX-srv#flowable-async-job-executor-thread-2161#
[PollStartAppStatusExecution] d9622003-7570-45ea-b8be-97c6305e4251 [2026-08-02T06:46:00.337312] Installing any new modules (package.json + package-lock.json) (STDOUT, STG)#
#2026 08 02 07:55:17.550#Z#DEBUG#6828ea62-8e47-11f1-a22d-eeee0a847462.SmartProcureX-srv#flowable-async-job-executor-thread-2161#
[PollStartAppStatusExecution] d9622003-7570-45ea-b8be-97c6305e4251 [2026-08-02T06:46:00.778875] up to date in 380ms (STDOUT, STG)#
#2026 08 02 07:55:17.550#Z#DEBUG#6828ea62-8e47-11f1-a22d-eeee0a847462.SmartProcureX-srv#flowable-async-job-executor-thread-2161#
[PollStartAppStatusExecution] d9622003-7570-45ea-b8be-97c6305e4251 [2026-08-02T06:46:00.779141] 29 packages are looking for funding (STDOUT, STG)#
#2026 08 02 07:55:17.550#Z#DEBUG#6828ea62-8e47-11f1-a22d-eeee0a847462.SmartProcureX-srv#flowable-async-job-executor-thread-2161#
[PollStartAppStatusExecution] d9622003-7570-45ea-b8be-97c6305e4251 [2026-08-02T06:46:00.779163] run `npm fund` for details (STDOUT, STG)#
#2026 08 02 07:55:17.550#Z#DEBUG#6828ea62-8e47-11f1-a22d-eeee0a847462.SmartProcureX-srv#flowable-async-job-executor-thread-2161#
[PollStartAppStatusExecution] d9622003-7570-45ea-b8be-97c6305e4251 [2026-08-02T06:46:01.298019] Contrast Security no credentials found. Will not write environment files. (STDOUT, STG)#
#2026 08 02 07:55:17.550#Z#DEBUG#6828ea62-8e47-11f1-a22d-eeee0a847462.SmartProcureX-srv#flowable-async-job-executor-thread-2161#
[PollStartAppStatusExecution] d9622003-7570-45ea-b8be-97c6305e4251 [2026-08-02T06:46:10.260037] Exit status 0 (STDOUT, STG)#
#2026 08 02 07:55:17.550#Z#DEBUG#6828ea62-8e47-11f1-a22d-eeee0a847462.SmartProcureX-srv#flowable-async-job-executor-thread-2161#
[PollStartAppStatusExecution] d9622003-7570-45ea-b8be-97c6305e4251 [2026-08-02T06:46:10.260078] Uploading droplet, build artifacts cache... (STDOUT, STG)#
#2026 08 02 07:55:17.550#Z#DEBUG#6828ea62-8e47-11f1-a22d-eeee0a847462.SmartProcureX-srv#flowable-async-job-executor-thread-2161#
[PollStartAppStatusExecution] d9622003-7570-45ea-b8be-97c6305e4251 [2026-08-02T06:46:10.260105] Uploading build artifacts cache... (STDOUT, STG)#
#2026 08 02 07:55:17.550#Z#DEBUG#6828ea62-8e47-11f1-a22d-eeee0a847462.SmartProcureX-srv#flowable-async-job-executor-thread-2161#
[PollStartAppStatusExecution] d9622003-7570-45ea-b8be-97c6305e4251 [2026-08-02T06:46:10.260112] Uploading droplet... (STDOUT, STG)#
#2026 08 02 07:55:17.550#Z#DEBUG#6828ea62-8e47-11f1-a22d-eeee0a847462.SmartProcureX-srv#flowable-async-job-executor-thread-2161#
[PollStartAppStatusExecution] d9622003-7570-45ea-b8be-97c6305e4251 [2026-08-02T06:46:10.285486] Uploaded build artifacts cache (224B) (STDOUT, STG)#
#2026 08 02 07:55:17.550#Z#DEBUG#6828ea62-8e47-11f1-a22d-eeee0a847462.SmartProcureX-srv#flowable-async-job-executor-thread-2161#
[PollStartAppStatusExecution] d9622003-7570-45ea-b8be-97c6305e4251 [2026-08-02T06:46:10.865463] Creating droplet for app with guid d9622003-7570-45ea-b8be-97c6305e4251 (STDOUT, API)#
#2026 08 02 07:55:17.550#Z#DEBUG#6828ea62-8e47-11f1-a22d-eeee0a847462.SmartProcureX-srv#flowable-async-job-executor-thread-2161#
[PollStartAppStatusExecution] d9622003-7570-45ea-b8be-97c6305e4251 [2026-08-02T06:46:13.933588] Uploaded droplet (59.4M) (STDOUT, STG)#
#2026 08 02 07:55:17.550#Z#DEBUG#6828ea62-8e47-11f1-a22d-eeee0a847462.SmartProcureX-srv#flowable-async-job-executor-thread-2161#
[PollStartAppStatusExecution] d9622003-7570-45ea-b8be-97c6305e4251 [2026-08-02T06:46:13.948318] Uploading complete (STDOUT, STG)#
#2026 08 02 07:55:17.550#Z#DEBUG#6828ea62-8e47-11f1-a22d-eeee0a847462.SmartProcureX-srv#flowable-async-job-executor-thread-2161#
[PollStartAppStatusExecution] d9622003-7570-45ea-b8be-97c6305e4251 [2026-08-02T06:46:14.160855] Cell 2cba0a63-a06b-4c2d-9ff8-cb3bec259489 stopping instance 3bc754a4-350e-48be-926f-ea24958b7272 (STDOUT, STG)#
#2026 08 02 07:55:17.550#Z#DEBUG#6828ea62-8e47-11f1-a22d-eeee0a847462.SmartProcureX-srv#flowable-async-job-executor-thread-2161#
[PollStartAppStatusExecution] d9622003-7570-45ea-b8be-97c6305e4251 [2026-08-02T06:46:14.160905] Cell 2cba0a63-a06b-4c2d-9ff8-cb3bec259489 destroying container for instance 3bc754a4-350e-48be-926f-ea24958b7272 (STDOUT, STG)#
#2026 08 02 07:55:17.550#Z#DEBUG#6828ea62-8e47-11f1-a22d-eeee0a847462.SmartProcureX-srv#flowable-async-job-executor-thread-2161#
[PollStartAppStatusExecution] d9622003-7570-45ea-b8be-97c6305e4251 [2026-08-02T06:46:14.226242] Staging complete for build 3bc754a4-350e-48be-926f-ea24958b7272 (STDOUT, API)#
#2026 08 02 07:55:17.550#Z#DEBUG#6828ea62-8e47-11f1-a22d-eeee0a847462.SmartProcureX-srv#flowable-async-job-executor-thread-2161#
[PollStartAppStatusExecution] d9622003-7570-45ea-b8be-97c6305e4251 [2026-08-02T06:46:15.764302] Cell 2cba0a63-a06b-4c2d-9ff8-cb3bec259489 successfully destroyed container for instance 3bc754a4-350e-48be-926f-ea24958b7272 (STDOUT, STG)#
#2026 08 02 07:55:17.550#Z#DEBUG#6828ea62-8e47-11f1-a22d-eeee0a847462.SmartProcureX-srv#flowable-async-job-executor-thread-2161#
[PollStartAppStatusExecution] d9622003-7570-45ea-b8be-97c6305e4251 [2026-08-02T06:46:23.033192] Updated app with guid d9622003-7570-45ea-b8be-97c6305e4251 ({:droplet_guid=>"9cc1464e-bec8-40fd-adce-9fd9ada3172a"}) (STDOUT, API)#
#2026 08 02 07:55:17.550#Z#DEBUG#6828ea62-8e47-11f1-a22d-eeee0a847462.SmartProcureX-srv#flowable-async-job-executor-thread-2161#
[PollStartAppStatusExecution] d9622003-7570-45ea-b8be-97c6305e4251 [2026-08-02T06:46:23.189223] Creating revision for app with guid d9622003-7570-45ea-b8be-97c6305e4251 (STDOUT, API)#
#2026 08 02 07:55:17.550#Z#DEBUG#6828ea62-8e47-11f1-a22d-eeee0a847462.SmartProcureX-srv#flowable-async-job-executor-thread-2161#
[PollStartAppStatusExecution] d9622003-7570-45ea-b8be-97c6305e4251 [2026-08-02T06:46:23.224257] Starting app with guid d9622003-7570-45ea-b8be-97c6305e4251 (STDOUT, API)#
#2026 08 02 07:55:17.550#Z#DEBUG#6828ea62-8e47-11f1-a22d-eeee0a847462.SmartProcureX-srv#flowable-async-job-executor-thread-2161#
[PollStartAppStatusExecution] d9622003-7570-45ea-b8be-97c6305e4251 [2026-08-02T06:46:23.389794] Cell 919653e1-7038-451d-ac9f-e4bd0de8dbda creating container for instance 90b69c96-43e4-4f19-75c0-664a (STDOUT, CELL)#
#2026 08 02 07:55:17.550#Z#DEBUG#6828ea62-8e47-11f1-a22d-eeee0a847462.SmartProcureX-srv#flowable-async-job-executor-thread-2161#
[PollStartAppStatusExecution] d9622003-7570-45ea-b8be-97c6305e4251 [2026-08-02T06:46:23.712353] Security group rules were updated (STDOUT, CELL)#
#2026 08 02 07:55:17.550#Z#DEBUG#6828ea62-8e47-11f1-a22d-eeee0a847462.SmartProcureX-srv#flowable-async-job-executor-thread-2161#
[PollStartAppStatusExecution] d9622003-7570-45ea-b8be-97c6305e4251 [2026-08-02T06:46:23.767363] Cell 919653e1-7038-451d-ac9f-e4bd0de8dbda successfully created container for instance 90b69c96-43e4-4f19-75c0-664a (STDOUT, CELL)#
#2026 08 02 07:55:17.550#Z#DEBUG#6828ea62-8e47-11f1-a22d-eeee0a847462.SmartProcureX-srv#flowable-async-job-executor-thread-2161#
[PollStartAppStatusExecution] d9622003-7570-45ea-b8be-97c6305e4251 [2026-08-02T06:46:24.230159] Downloading droplet... (STDOUT, CELL)#
#2026 08 02 07:55:17.550#Z#DEBUG#6828ea62-8e47-11f1-a22d-eeee0a847462.SmartProcureX-srv#flowable-async-job-executor-thread-2161#
[PollStartAppStatusExecution] d9622003-7570-45ea-b8be-97c6305e4251 [2026-08-02T06:46:27.198030] Downloaded droplet (59.4M) (STDOUT, CELL)#
#2026 08 02 07:55:17.550#Z#DEBUG#6828ea62-8e47-11f1-a22d-eeee0a847462.SmartProcureX-srv#flowable-async-job-executor-thread-2161#
[PollStartAppStatusExecution] d9622003-7570-45ea-b8be-97c6305e4251 [2026-08-02T06:46:27.198274] Starting health monitoring of container (STDOUT, CELL)#
#2026 08 02 07:55:17.550#Z#DEBUG#6828ea62-8e47-11f1-a22d-eeee0a847462.SmartProcureX-srv#flowable-async-job-executor-thread-2161#
[PollStartAppStatusExecution] d9622003-7570-45ea-b8be-97c6305e4251 [2026-08-02T06:46:27.249433] Invoking pre-start scripts. (STDOUT, APP/PROC/WEB)#
#2026 08 02 07:55:17.550#Z#DEBUG#6828ea62-8e47-11f1-a22d-eeee0a847462.SmartProcureX-srv#flowable-async-job-executor-thread-2161#
[PollStartAppStatusExecution] d9622003-7570-45ea-b8be-97c6305e4251 [2026-08-02T06:46:27.391768] Invoking start command. (STDOUT, APP/PROC/WEB)#
#2026 08 02 07:55:17.550#Z#DEBUG#6828ea62-8e47-11f1-a22d-eeee0a847462.SmartProcureX-srv#flowable-async-job-executor-thread-2161#
[PollStartAppStatusExecution] d9622003-7570-45ea-b8be-97c6305e4251 [2026-08-02T06:46:27.679169] > smart-procure-x@1.0.0 start (STDOUT, APP/PROC/WEB)#
#2026 08 02 07:55:17.550#Z#DEBUG#6828ea62-8e47-11f1-a22d-eeee0a847462.SmartProcureX-srv#flowable-async-job-executor-thread-2161#
[PollStartAppStatusExecution] d9622003-7570-45ea-b8be-97c6305e4251 [2026-08-02T06:46:27.679189] > cds-serve (STDOUT, APP/PROC/WEB)#
#2026 08 02 07:55:17.550#Z#DEBUG#6828ea62-8e47-11f1-a22d-eeee0a847462.SmartProcureX-srv#flowable-async-job-executor-thread-2161#
[PollStartAppStatusExecution] d9622003-7570-45ea-b8be-97c6305e4251 [2026-08-02T06:46:27.979659] {"level":"info","logger":"cds","timestamp":"2026-08-02T06:46:27.978Z","layer":"cds","component_type":"application","container_id":"10.37.66.4","component_id":"d9622003-7570-45ea-b8be-97c6305e4251","component_name":"SmartProcureX-srv","component_instance":0,"source_instance":0,"organization_name":"0d79b96ctrial","organization_id":"e8159873-0fc0-4477-a4f9-3c43fdb65fe4","space_name":"dev","space_id":"0628b1b5-c14d-4a0a-abf9-843360b5d7c0","msg":"loaded model from 1 file(s):\n ","type":"log"} (STDOUT, APP/PROC/WEB)#
#2026 08 02 07:55:17.550#Z#DEBUG#6828ea62-8e47-11f1-a22d-eeee0a847462.SmartProcureX-srv#flowable-async-job-executor-thread-2161#
[PollStartAppStatusExecution] d9622003-7570-45ea-b8be-97c6305e4251 [2026-08-02T06:46:27.980045] srv/csn.json (STDOUT, APP/PROC/WEB)#
#2026 08 02 07:55:17.550#Z#DEBUG#6828ea62-8e47-11f1-a22d-eeee0a847462.SmartProcureX-srv#flowable-async-job-executor-thread-2161#
[PollStartAppStatusExecution] d9622003-7570-45ea-b8be-97c6305e4251 [2026-08-02T06:46:28.207386] {"level":"info","logger":"cds","timestamp":"2026-08-02T06:46:28.206Z","layer":"cds","component_type":"application","container_id":"10.37.66.4","component_id":"d9622003-7570-45ea-b8be-97c6305e4251","component_name":"SmartProcureX-srv","component_instance":0,"source_instance":0,"organization_name":"0d79b96ctrial","organization_id":"e8159873-0fc0-4477-a4f9-3c43fdb65fe4","space_name":"dev","space_id":"0628b1b5-c14d-4a0a-abf9-843360b5d7c0","msg":"connect to db > hana {\n  database_id: 'ccb85f22-d9b4-4190-84d2-64f7029bd6f6',\n  host: 'ccb85f22-d9b4-4190-84d2-64f7029bd6f6.hna1.prod-us10.hanacloud.ondemand.com',\n  port: '443',\n  driver: 'com.sap.db.jdbc.Driver',\n  url: 'jdbc:sap://ccb85f22-d9b4-4190-84d2-64f7029bd6f6.hna1.prod-us10.hanacloud.ondemand.com:443?encrypt=true&validateCertificate=true&currentschema=B2E83F60A5C34A6E98091CC639322A6C',\n  schema: 'B2E83F60A5C34A6E98091CC639322A6C',\n  certificate: '...',\n  hdi_user: 'B2E83F60A5C34A6E98091CC639322A6C_F15SDO7AIVZ7IX7EZZDN0GDKE_DT',\n  hdi_password: '...',\n  user: 'B2E83F60A5C34A6E98091CC639322A6C_F15SDO7AIVZ7IX7EZZDN0GDKE_RT',\n  password: '...'\n}","type":"log"} (STDOUT, APP/PROC/WEB)#
#2026 08 02 07:55:17.550#Z#DEBUG#6828ea62-8e47-11f1-a22d-eeee0a847462.SmartProcureX-srv#flowable-async-job-executor-thread-2161#
[PollStartAppStatusExecution] d9622003-7570-45ea-b8be-97c6305e4251 [2026-08-02T06:46:28.263212] file:///home/vcap/app/srv/whoami-service.js:1 (STDERR, APP/PROC/WEB)#
#2026 08 02 07:55:17.550#Z#DEBUG#6828ea62-8e47-11f1-a22d-eeee0a847462.SmartProcureX-srv#flowable-async-job-executor-thread-2161#
[PollStartAppStatusExecution] d9622003-7570-45ea-b8be-97c6305e4251 [2026-08-02T06:46:28.263234] module.exports = class WhoAmIService extends cds.ApplicationService { (STDERR, APP/PROC/WEB)#
#2026 08 02 07:55:17.550#Z#DEBUG#6828ea62-8e47-11f1-a22d-eeee0a847462.SmartProcureX-srv#flowable-async-job-executor-thread-2161#
[PollStartAppStatusExecution] d9622003-7570-45ea-b8be-97c6305e4251 [2026-08-02T06:46:28.263238] ^ (STDERR, APP/PROC/WEB)#
#2026 08 02 07:55:17.550#Z#DEBUG#6828ea62-8e47-11f1-a22d-eeee0a847462.SmartProcureX-srv#flowable-async-job-executor-thread-2161#
[PollStartAppStatusExecution] d9622003-7570-45ea-b8be-97c6305e4251 [2026-08-02T06:46:28.263242] ReferenceError: module is not defined in ES module scope (STDERR, APP/PROC/WEB)#
#2026 08 02 07:55:17.550#Z#DEBUG#6828ea62-8e47-11f1-a22d-eeee0a847462.SmartProcureX-srv#flowable-async-job-executor-thread-2161#
[PollStartAppStatusExecution] d9622003-7570-45ea-b8be-97c6305e4251 [2026-08-02T06:46:28.263247] This file is being treated as an ES module because it has a '.js' file extension and '/home/vcap/app/package.json' contains "type": "module". To treat it as a CommonJS script, rename it to use the '.cjs' file extension. (STDERR, APP/PROC/WEB)#
#2026 08 02 07:55:17.550#Z#DEBUG#6828ea62-8e47-11f1-a22d-eeee0a847462.SmartProcureX-srv#flowable-async-job-executor-thread-2161#
[PollStartAppStatusExecution] d9622003-7570-45ea-b8be-97c6305e4251 [2026-08-02T06:46:28.263251] at file:///home/vcap/app/srv/whoami-service.js:1:1 (STDERR, APP/PROC/WEB)#
#2026 08 02 07:55:17.550#Z#DEBUG#6828ea62-8e47-11f1-a22d-eeee0a847462.SmartProcureX-srv#flowable-async-job-executor-thread-2161#
[PollStartAppStatusExecution] d9622003-7570-45ea-b8be-97c6305e4251 [2026-08-02T06:46:28.263254] at ModuleJob.run (node:internal/modules/esm/module_job:437:25) (STDERR, APP/PROC/WEB)#
#2026 08 02 07:55:17.550#Z#DEBUG#6828ea62-8e47-11f1-a22d-eeee0a847462.SmartProcureX-srv#flowable-async-job-executor-thread-2161#
[PollStartAppStatusExecution] d9622003-7570-45ea-b8be-97c6305e4251 [2026-08-02T06:46:28.263256] at async node:internal/modules/esm/loader:639:26 (STDERR, APP/PROC/WEB)#
#2026 08 02 07:55:17.550#Z#DEBUG#6828ea62-8e47-11f1-a22d-eeee0a847462.SmartProcureX-srv#flowable-async-job-executor-thread-2161#
[PollStartAppStatusExecution] d9622003-7570-45ea-b8be-97c6305e4251 [2026-08-02T06:46:28.263259] at async _use (/home/vcap/app/node_modules/@sap/cds/lib/srv/factory.js:32:14) (STDERR, APP/PROC/WEB)#
#2026 08 02 07:55:17.550#Z#DEBUG#6828ea62-8e47-11f1-a22d-eeee0a847462.SmartProcureX-srv#flowable-async-job-executor-thread-2161#
[PollStartAppStatusExecution] d9622003-7570-45ea-b8be-97c6305e4251 [2026-08-02T06:46:28.263264] at async Promise.all (index 7) (STDERR, APP/PROC/WEB)#
#2026 08 02 07:55:17.550#Z#DEBUG#6828ea62-8e47-11f1-a22d-eeee0a847462.SmartProcureX-srv#flowable-async-job-executor-thread-2161#
[PollStartAppStatusExecution] d9622003-7570-45ea-b8be-97c6305e4251 [2026-08-02T06:46:28.263266] at async _cds_serve (/home/vcap/app/node_modules/@sap/cds/lib/srv/cds-serve.js:32:16) (STDERR, APP/PROC/WEB)#
#2026 08 02 07:55:17.550#Z#DEBUG#6828ea62-8e47-11f1-a22d-eeee0a847462.SmartProcureX-srv#flowable-async-job-executor-thread-2161#
[PollStartAppStatusExecution] d9622003-7570-45ea-b8be-97c6305e4251 [2026-08-02T06:46:28.263268] at async cds_server (/home/vcap/app/node_modules/@sap/cds/server.js:61:3) (STDERR, APP/PROC/WEB)#
#2026 08 02 07:55:17.550#Z#DEBUG#6828ea62-8e47-11f1-a22d-eeee0a847462.SmartProcureX-srv#flowable-async-job-executor-thread-2161#
[PollStartAppStatusExecution] d9622003-7570-45ea-b8be-97c6305e4251 [2026-08-02T06:46:28.263270] at async serve (/home/vcap/app/node_modules/@sap/cds/bin/serve.js:207:18) (STDERR, APP/PROC/WEB)#
#2026 08 02 07:55:17.550#Z#DEBUG#6828ea62-8e47-11f1-a22d-eeee0a847462.SmartProcureX-srv#flowable-async-job-executor-thread-2161#
[PollStartAppStatusExecution] d9622003-7570-45ea-b8be-97c6305e4251 [2026-08-02T06:46:28.263273] Node.js v24.15.0 (STDERR, APP/PROC/WEB)#
#2026 08 02 07:55:17.550#Z#DEBUG#6828ea62-8e47-11f1-a22d-eeee0a847462.SmartProcureX-srv#flowable-async-job-executor-thread-2161#
[PollStartAppStatusExecution] d9622003-7570-45ea-b8be-97c6305e4251 [2026-08-02T06:46:28.277560] npm notice (STDERR, APP/PROC/WEB)#
#2026 08 02 07:55:17.550#Z#DEBUG#6828ea62-8e47-11f1-a22d-eeee0a847462.SmartProcureX-srv#flowable-async-job-executor-thread-2161#
[PollStartAppStatusExecution] d9622003-7570-45ea-b8be-97c6305e4251 [2026-08-02T06:46:28.277581] npm notice New major version of npm available! 11.12.1 -> 12.0.2 (STDERR, APP/PROC/WEB)#
#2026 08 02 07:55:17.550#Z#DEBUG#6828ea62-8e47-11f1-a22d-eeee0a847462.SmartProcureX-srv#flowable-async-job-executor-thread-2161#
[PollStartAppStatusExecution] d9622003-7570-45ea-b8be-97c6305e4251 [2026-08-02T06:46:28.277584] npm notice Changelog: https://github.com/npm/cli/releases/tag/v12.0.2 (STDERR, APP/PROC/WEB)#
#2026 08 02 07:55:17.550#Z#DEBUG#6828ea62-8e47-11f1-a22d-eeee0a847462.SmartProcureX-srv#flowable-async-job-executor-thread-2161#
[PollStartAppStatusExecution] d9622003-7570-45ea-b8be-97c6305e4251 [2026-08-02T06:46:28.277587] npm notice To update run: npm install -g npm@12.0.2 (STDERR, APP/PROC/WEB)#
#2026 08 02 07:55:17.550#Z#DEBUG#6828ea62-8e47-11f1-a22d-eeee0a847462.SmartProcureX-srv#flowable-async-job-executor-thread-2161#
[PollStartAppStatusExecution] d9622003-7570-45ea-b8be-97c6305e4251 [2026-08-02T06:46:28.277589] npm notice (STDERR, APP/PROC/WEB)#
#2026 08 02 07:55:17.550#Z#DEBUG#6828ea62-8e47-11f1-a22d-eeee0a847462.SmartProcureX-srv#flowable-async-job-executor-thread-2161#
[PollStartAppStatusExecution] d9622003-7570-45ea-b8be-97c6305e4251 [2026-08-02T06:46:28.328238] Exit status 1 (STDOUT, APP/PROC/WEB)#
#2026 08 02 07:55:17.550#Z#DEBUG#6828ea62-8e47-11f1-a22d-eeee0a847462.SmartProcureX-srv#flowable-async-job-executor-thread-2161#
[PollStartAppStatusExecution] d9622003-7570-45ea-b8be-97c6305e4251 [2026-08-02T06:46:35.039741] Cell 919653e1-7038-451d-ac9f-e4bd0de8dbda stopping instance 90b69c96-43e4-4f19-75c0-664a (STDOUT, CELL)#
#2026 08 02 07:55:17.550#Z#DEBUG#6828ea62-8e47-11f1-a22d-eeee0a847462.SmartProcureX-srv#flowable-async-job-executor-thread-2161#
[PollStartAppStatusExecution] d9622003-7570-45ea-b8be-97c6305e4251 [2026-08-02T06:46:35.039803] Cell 919653e1-7038-451d-ac9f-e4bd0de8dbda destroying container for instance 90b69c96-43e4-4f19-75c0-664a (STDOUT, CELL)#
#2026 08 02 07:55:17.550#Z#DEBUG#6828ea62-8e47-11f1-a22d-eeee0a847462.SmartProcureX-srv#flowable-async-job-executor-thread-2161#
[PollStartAppStatusExecution] d9622003-7570-45ea-b8be-97c6305e4251 [2026-08-02T06:46:35.043688] Process has crashed with type: "web" (STDOUT, API)#
#2026 08 02 07:55:17.550#Z#DEBUG#6828ea62-8e47-11f1-a22d-eeee0a847462.SmartProcureX-srv#flowable-async-job-executor-thread-2161#
[PollStartAppStatusExecution] d9622003-7570-45ea-b8be-97c6305e4251 [2026-08-02T06:46:35.056847] App instance exited with guid d9622003-7570-45ea-b8be-97c6305e4251 payload: {"instance"=>"90b69c96-43e4-4f19-75c0-664a", "index"=>0, "cell_id"=>"919653e1-7038-451d-ac9f-e4bd0de8dbda", "reason"=>"CRASHED", "exit_description"=>"APP/PROC/WEB: Exited with status 1", "crash_count"=>1, "crash_timestamp"=>1785653195023541861, "version"=>"43394f61-e2cb-48cc-a519-642741c80937"} (STDOUT, API)#
#2026 08 02 07:55:17.550#Z#DEBUG#6828ea62-8e47-11f1-a22d-eeee0a847462.SmartProcureX-srv#flowable-async-job-executor-thread-2161#
[PollStartAppStatusExecution] d9622003-7570-45ea-b8be-97c6305e4251 [2026-08-02T06:46:35.066031] Cell 4761c3fb-8e91-4ced-804b-3db53058de34 creating container for instance e64f91ad-9dcc-48b6-7676-44c9 (STDOUT, CELL)#
#2026 08 02 07:55:17.550#Z#DEBUG#6828ea62-8e47-11f1-a22d-eeee0a847462.SmartProcureX-srv#flowable-async-job-executor-thread-2161#
[PollStartAppStatusExecution] d9622003-7570-45ea-b8be-97c6305e4251 [2026-08-02T06:46:35.131021] Exit status 137 (STDOUT, PROXY)#
#2026 08 02 07:55:17.550#Z#DEBUG#6828ea62-8e47-11f1-a22d-eeee0a847462.SmartProcureX-srv#flowable-async-job-executor-thread-2161#
[PollStartAppStatusExecution] d9622003-7570-45ea-b8be-97c6305e4251 [2026-08-02T06:46:35.392405] Security group rules were updated (STDOUT, CELL)#
#2026 08 02 07:55:17.550#Z#DEBUG#6828ea62-8e47-11f1-a22d-eeee0a847462.SmartProcureX-srv#flowable-async-job-executor-thread-2161#
[PollStartAppStatusExecution] d9622003-7570-45ea-b8be-97c6305e4251 [2026-08-02T06:46:35.446857] Cell 4761c3fb-8e91-4ced-804b-3db53058de34 successfully created container for instance e64f91ad-9dcc-48b6-7676-44c9 (STDOUT, CELL)#
#2026 08 02 07:55:17.550#Z#DEBUG#6828ea62-8e47-11f1-a22d-eeee0a847462.SmartProcureX-srv#flowable-async-job-executor-thread-2161#
[PollStartAppStatusExecution] d9622003-7570-45ea-b8be-97c6305e4251 [2026-08-02T06:46:35.863438] Downloading droplet... (STDOUT, CELL)#
#2026 08 02 07:55:17.550#Z#DEBUG#6828ea62-8e47-11f1-a22d-eeee0a847462.SmartProcureX-srv#flowable-async-job-executor-thread-2161#
[PollStartAppStatusExecution] d9622003-7570-45ea-b8be-97c6305e4251 [2026-08-02T06:46:36.281815] Cell 919653e1-7038-451d-ac9f-e4bd0de8dbda successfully destroyed container for instance 90b69c96-43e4-4f19-75c0-664a (STDOUT, CELL)#
#2026 08 02 07:55:17.550#Z#DEBUG#6828ea62-8e47-11f1-a22d-eeee0a847462.SmartProcureX-srv#flowable-async-job-executor-thread-2161#
[PollStartAppStatusExecution] d9622003-7570-45ea-b8be-97c6305e4251 [2026-08-02T06:46:38.795211] Downloaded droplet (59.4M) (STDOUT, CELL)#
#2026 08 02 07:55:17.550#Z#DEBUG#6828ea62-8e47-11f1-a22d-eeee0a847462.SmartProcureX-srv#flowable-async-job-executor-thread-2161#
[PollStartAppStatusExecution] d9622003-7570-45ea-b8be-97c6305e4251 [2026-08-02T06:46:38.795322] Starting health monitoring of container (STDOUT, CELL)#
#2026 08 02 07:55:17.550#Z#DEBUG#6828ea62-8e47-11f1-a22d-eeee0a847462.SmartProcureX-srv#flowable-async-job-executor-thread-2161#
[PollStartAppStatusExecution] d9622003-7570-45ea-b8be-97c6305e4251 [2026-08-02T06:46:38.845935] Invoking pre-start scripts. (STDOUT, APP/PROC/WEB)#
#2026 08 02 07:55:17.550#Z#DEBUG#6828ea62-8e47-11f1-a22d-eeee0a847462.SmartProcureX-srv#flowable-async-job-executor-thread-2161#
[PollStartAppStatusExecution] d9622003-7570-45ea-b8be-97c6305e4251 [2026-08-02T06:46:38.986889] Invoking start command. (STDOUT, APP/PROC/WEB)#
#2026 08 02 07:55:17.550#Z#DEBUG#6828ea62-8e47-11f1-a22d-eeee0a847462.SmartProcureX-srv#flowable-async-job-executor-thread-2161#
[PollStartAppStatusExecution] d9622003-7570-45ea-b8be-97c6305e4251 [2026-08-02T06:46:39.274590] > smart-procure-x@1.0.0 start (STDOUT, APP/PROC/WEB)#
#2026 08 02 07:55:17.550#Z#DEBUG#6828ea62-8e47-11f1-a22d-eeee0a847462.SmartProcureX-srv#flowable-async-job-executor-thread-2161#
[PollStartAppStatusExecution] d9622003-7570-45ea-b8be-97c6305e4251 [2026-08-02T06:46:39.274613] > cds-serve (STDOUT, APP/PROC/WEB)#
#2026 08 02 07:55:17.550#Z#DEBUG#6828ea62-8e47-11f1-a22d-eeee0a847462.SmartProcureX-srv#flowable-async-job-executor-thread-2161#
[PollStartAppStatusExecution] d9622003-7570-45ea-b8be-97c6305e4251 [2026-08-02T06:46:39.580192] {"level":"info","logger":"cds","timestamp":"2026-08-02T06:46:39.579Z","layer":"cds","component_type":"application","container_id":"10.37.130.5","component_id":"d9622003-7570-45ea-b8be-97c6305e4251","component_name":"SmartProcureX-srv","component_instance":0,"source_instance":0,"organization_name":"0d79b96ctrial","organization_id":"e8159873-0fc0-4477-a4f9-3c43fdb65fe4","space_name":"dev","space_id":"0628b1b5-c14d-4a0a-abf9-843360b5d7c0","msg":"loaded model from 1 file(s):\n ","type":"log"} (STDOUT, APP/PROC/WEB)#
#2026 08 02 07:55:17.550#Z#DEBUG#6828ea62-8e47-11f1-a22d-eeee0a847462.SmartProcureX-srv#flowable-async-job-executor-thread-2161#
[PollStartAppStatusExecution] d9622003-7570-45ea-b8be-97c6305e4251 [2026-08-02T06:46:39.580405] srv/csn.json (STDOUT, APP/PROC/WEB)#
#2026 08 02 07:55:17.551#Z#DEBUG#6828ea62-8e47-11f1-a22d-eeee0a847462.SmartProcureX-srv#flowable-async-job-executor-thread-2161#
[PollStartAppStatusExecution] d9622003-7570-45ea-b8be-97c6305e4251 [2026-08-02T06:46:39.803012] {"level":"info","logger":"cds","timestamp":"2026-08-02T06:46:39.802Z","layer":"cds","component_type":"application","container_id":"10.37.130.5","component_id":"d9622003-7570-45ea-b8be-97c6305e4251","component_name":"SmartProcureX-srv","component_instance":0,"source_instance":0,"organization_name":"0d79b96ctrial","organization_id":"e8159873-0fc0-4477-a4f9-3c43fdb65fe4","space_name":"dev","space_id":"0628b1b5-c14d-4a0a-abf9-843360b5d7c0","msg":"connect to db > hana {\n  database_id: 'ccb85f22-d9b4-4190-84d2-64f7029bd6f6',\n  host: 'ccb85f22-d9b4-4190-84d2-64f7029bd6f6.hna1.prod-us10.hanacloud.ondemand.com',\n  port: '443',\n  driver: 'com.sap.db.jdbc.Driver',\n  url: 'jdbc:sap://ccb85f22-d9b4-4190-84d2-64f7029bd6f6.hna1.prod-us10.hanacloud.ondemand.com:443?encrypt=true&validateCertificate=true&currentschema=B2E83F60A5C34A6E98091CC639322A6C',\n  schema: 'B2E83F60A5C34A6E98091CC639322A6C',\n  certificate: '...',\n  hdi_user: 'B2E83F60A5C34A6E98091CC639322A6C_F15SDO7AIVZ7IX7EZZDN0GDKE_DT',\n  hdi_password: '...',\n  user: 'B2E83F60A5C34A6E98091CC639322A6C_F15SDO7AIVZ7IX7EZZDN0GDKE_RT',\n  password: '...'\n}","type":"log"} (STDOUT, APP/PROC/WEB)#
#2026 08 02 07:55:17.551#Z#DEBUG#6828ea62-8e47-11f1-a22d-eeee0a847462.SmartProcureX-srv#flowable-async-job-executor-thread-2161#
[PollStartAppStatusExecution] d9622003-7570-45ea-b8be-97c6305e4251 [2026-08-02T06:46:39.857656] file:///home/vcap/app/srv/whoami-service.js:1 (STDERR, APP/PROC/WEB)#
#2026 08 02 07:55:17.551#Z#DEBUG#6828ea62-8e47-11f1-a22d-eeee0a847462.SmartProcureX-srv#flowable-async-job-executor-thread-2161#
[PollStartAppStatusExecution] d9622003-7570-45ea-b8be-97c6305e4251 [2026-08-02T06:46:39.857680] module.exports = class WhoAmIService extends cds.ApplicationService { (STDERR, APP/PROC/WEB)#
#2026 08 02 07:55:17.551#Z#DEBUG#6828ea62-8e47-11f1-a22d-eeee0a847462.SmartProcureX-srv#flowable-async-job-executor-thread-2161#
[PollStartAppStatusExecution] d9622003-7570-45ea-b8be-97c6305e4251 [2026-08-02T06:46:39.857683] ^ (STDERR, APP/PROC/WEB)#
#2026 08 02 07:55:17.551#Z#DEBUG#6828ea62-8e47-11f1-a22d-eeee0a847462.SmartProcureX-srv#flowable-async-job-executor-thread-2161#
[PollStartAppStatusExecution] d9622003-7570-45ea-b8be-97c6305e4251 [2026-08-02T06:46:39.857687] ReferenceError: module is not defined in ES module scope (STDERR, APP/PROC/WEB)#
#2026 08 02 07:55:17.551#Z#DEBUG#6828ea62-8e47-11f1-a22d-eeee0a847462.SmartProcureX-srv#flowable-async-job-executor-thread-2161#
[PollStartAppStatusExecution] d9622003-7570-45ea-b8be-97c6305e4251 [2026-08-02T06:46:39.857693] This file is being treated as an ES module because it has a '.js' file extension and '/home/vcap/app/package.json' contains "type": "module". To treat it as a CommonJS script, rename it to use the '.cjs' file extension. (STDERR, APP/PROC/WEB)#
#2026 08 02 07:55:17.551#Z#DEBUG#6828ea62-8e47-11f1-a22d-eeee0a847462.SmartProcureX-srv#flowable-async-job-executor-thread-2161#
[PollStartAppStatusExecution] d9622003-7570-45ea-b8be-97c6305e4251 [2026-08-02T06:46:39.857695] at file:///home/vcap/app/srv/whoami-service.js:1:1 (STDERR, APP/PROC/WEB)#
#2026 08 02 07:55:17.551#Z#DEBUG#6828ea62-8e47-11f1-a22d-eeee0a847462.SmartProcureX-srv#flowable-async-job-executor-thread-2161#
[PollStartAppStatusExecution] d9622003-7570-45ea-b8be-97c6305e4251 [2026-08-02T06:46:39.857697] at ModuleJob.run (node:internal/modules/esm/module_job:437:25) (STDERR, APP/PROC/WEB)#
#2026 08 02 07:55:17.551#Z#DEBUG#6828ea62-8e47-11f1-a22d-eeee0a847462.SmartProcureX-srv#flowable-async-job-executor-thread-2161#
[PollStartAppStatusExecution] d9622003-7570-45ea-b8be-97c6305e4251 [2026-08-02T06:46:39.857700] at async node:internal/modules/esm/loader:639:26 (STDERR, APP/PROC/WEB)#
#2026 08 02 07:55:17.551#Z#DEBUG#6828ea62-8e47-11f1-a22d-eeee0a847462.SmartProcureX-srv#flowable-async-job-executor-thread-2161#
[PollStartAppStatusExecution] d9622003-7570-45ea-b8be-97c6305e4251 [2026-08-02T06:46:39.857704] at async _use (/home/vcap/app/node_modules/@sap/cds/lib/srv/factory.js:32:14) (STDERR, APP/PROC/WEB)#
#2026 08 02 07:55:17.551#Z#DEBUG#6828ea62-8e47-11f1-a22d-eeee0a847462.SmartProcureX-srv#flowable-async-job-executor-thread-2161#
[PollStartAppStatusExecution] d9622003-7570-45ea-b8be-97c6305e4251 [2026-08-02T06:46:39.857706] at async Promise.all (index 7) (STDERR, APP/PROC/WEB)#
#2026 08 02 07:55:17.551#Z#DEBUG#6828ea62-8e47-11f1-a22d-eeee0a847462.SmartProcureX-srv#flowable-async-job-executor-thread-2161#
[PollStartAppStatusExecution] d9622003-7570-45ea-b8be-97c6305e4251 [2026-08-02T06:46:39.857712] at async _cds_serve (/home/vcap/app/node_modules/@sap/cds/lib/srv/cds-serve.js:32:16) (STDERR, APP/PROC/WEB)#
#2026 08 02 07:55:17.551#Z#DEBUG#6828ea62-8e47-11f1-a22d-eeee0a847462.SmartProcureX-srv#flowable-async-job-executor-thread-2161#
[PollStartAppStatusExecution] d9622003-7570-45ea-b8be-97c6305e4251 [2026-08-02T06:46:39.857714] at async cds_server (/home/vcap/app/node_modules/@sap/cds/server.js:61:3) (STDERR, APP/PROC/WEB)#
#2026 08 02 07:55:17.551#Z#DEBUG#6828ea62-8e47-11f1-a22d-eeee0a847462.SmartProcureX-srv#flowable-async-job-executor-thread-2161#
[PollStartAppStatusExecution] d9622003-7570-45ea-b8be-97c6305e4251 [2026-08-02T06:46:39.857716] at async serve (/home/vcap/app/node_modules/@sap/cds/bin/serve.js:207:18) (STDERR, APP/PROC/WEB)#
#2026 08 02 07:55:17.551#Z#DEBUG#6828ea62-8e47-11f1-a22d-eeee0a847462.SmartProcureX-srv#flowable-async-job-executor-thread-2161#
[PollStartAppStatusExecution] d9622003-7570-45ea-b8be-97c6305e4251 [2026-08-02T06:46:39.857718] Node.js v24.15.0 (STDERR, APP/PROC/WEB)#
#2026 08 02 07:55:17.551#Z#DEBUG#6828ea62-8e47-11f1-a22d-eeee0a847462.SmartProcureX-srv#flowable-async-job-executor-thread-2161#
[PollStartAppStatusExecution] d9622003-7570-45ea-b8be-97c6305e4251 [2026-08-02T06:46:39.872261] npm notice (STDERR, APP/PROC/WEB)#
#2026 08 02 07:55:17.551#Z#DEBUG#6828ea62-8e47-11f1-a22d-eeee0a847462.SmartProcureX-srv#flowable-async-job-executor-thread-2161#
[PollStartAppStatusExecution] d9622003-7570-45ea-b8be-97c6305e4251 [2026-08-02T06:46:39.872273] npm notice New major version of npm available! 11.12.1 -> 12.0.2 (STDERR, APP/PROC/WEB)#
#2026 08 02 07:55:17.551#Z#DEBUG#6828ea62-8e47-11f1-a22d-eeee0a847462.SmartProcureX-srv#flowable-async-job-executor-thread-2161#
[PollStartAppStatusExecution] d9622003-7570-45ea-b8be-97c6305e4251 [2026-08-02T06:46:39.872276] npm notice Changelog: https://github.com/npm/cli/releases/tag/v12.0.2 (STDERR, APP/PROC/WEB)#
#2026 08 02 07:55:17.551#Z#DEBUG#6828ea62-8e47-11f1-a22d-eeee0a847462.SmartProcureX-srv#flowable-async-job-executor-thread-2161#
[PollStartAppStatusExecution] d9622003-7570-45ea-b8be-97c6305e4251 [2026-08-02T06:46:39.872278] npm notice To update run: npm install -g npm@12.0.2 (STDERR, APP/PROC/WEB)#
#2026 08 02 07:55:17.551#Z#DEBUG#6828ea62-8e47-11f1-a22d-eeee0a847462.SmartProcureX-srv#flowable-async-job-executor-thread-2161#
[PollStartAppStatusExecution] d9622003-7570-45ea-b8be-97c6305e4251 [2026-08-02T06:46:39.872280] npm notice (STDERR, APP/PROC/WEB)#
#2026 08 02 07:55:17.551#Z#DEBUG#6828ea62-8e47-11f1-a22d-eeee0a847462.SmartProcureX-srv#flowable-async-job-executor-thread-2161#
[PollStartAppStatusExecution] d9622003-7570-45ea-b8be-97c6305e4251 [2026-08-02T06:46:39.923819] Exit status 1 (STDOUT, APP/PROC/WEB)#
#2026 08 02 07:55:17.551#Z#DEBUG#6828ea62-8e47-11f1-a22d-eeee0a847462.SmartProcureX-srv#flowable-async-job-executor-thread-2161#
[PollStartAppStatusExecution] d9622003-7570-45ea-b8be-97c6305e4251 [2026-08-02T06:46:46.482432] Cell 4761c3fb-8e91-4ced-804b-3db53058de34 stopping instance e64f91ad-9dcc-48b6-7676-44c9 (STDOUT, CELL)#
#2026 08 02 07:55:17.551#Z#DEBUG#6828ea62-8e47-11f1-a22d-eeee0a847462.SmartProcureX-srv#flowable-async-job-executor-thread-2161#
[PollStartAppStatusExecution] d9622003-7570-45ea-b8be-97c6305e4251 [2026-08-02T06:46:46.482487] Cell 4761c3fb-8e91-4ced-804b-3db53058de34 destroying container for instance e64f91ad-9dcc-48b6-7676-44c9 (STDOUT, CELL)#
#2026 08 02 07:55:17.551#Z#DEBUG#6828ea62-8e47-11f1-a22d-eeee0a847462.SmartProcureX-srv#flowable-async-job-executor-thread-2161#
[PollStartAppStatusExecution] d9622003-7570-45ea-b8be-97c6305e4251 [2026-08-02T06:46:46.487867] Process has crashed with type: "web" (STDOUT, API)#
#2026 08 02 07:55:17.551#Z#DEBUG#6828ea62-8e47-11f1-a22d-eeee0a847462.SmartProcureX-srv#flowable-async-job-executor-thread-2161#
[PollStartAppStatusExecution] d9622003-7570-45ea-b8be-97c6305e4251 [2026-08-02T06:46:46.500695] App instance exited with guid d9622003-7570-45ea-b8be-97c6305e4251 payload: {"instance"=>"e64f91ad-9dcc-48b6-7676-44c9", "index"=>0, "cell_id"=>"4761c3fb-8e91-4ced-804b-3db53058de34", "reason"=>"CRASHED", "exit_description"=>"APP/PROC/WEB: Exited with status 1", "crash_count"=>2, "crash_timestamp"=>1785653206465999119, "version"=>"43394f61-e2cb-48cc-a519-642741c80937"} (STDOUT, API)#
#2026 08 02 07:55:17.551#Z#DEBUG#6828ea62-8e47-11f1-a22d-eeee0a847462.SmartProcureX-srv#flowable-async-job-executor-thread-2161#
[PollStartAppStatusExecution] d9622003-7570-45ea-b8be-97c6305e4251 [2026-08-02T06:46:46.510401] Cell 919653e1-7038-451d-ac9f-e4bd0de8dbda creating container for instance e0079029-575e-476b-4c33-471d (STDOUT, CELL)#
#2026 08 02 07:55:17.551#Z#DEBUG#6828ea62-8e47-11f1-a22d-eeee0a847462.SmartProcureX-srv#flowable-async-job-executor-thread-2161#
[PollStartAppStatusExecution] d9622003-7570-45ea-b8be-97c6305e4251 [2026-08-02T06:46:46.557166] Exit status 137 (STDOUT, PROXY)#
#2026 08 02 07:55:17.551#Z#DEBUG#6828ea62-8e47-11f1-a22d-eeee0a847462.SmartProcureX-srv#flowable-async-job-executor-thread-2161#
[PollStartAppStatusExecution] d9622003-7570-45ea-b8be-97c6305e4251 [2026-08-02T06:46:46.840125] Security group rules were updated (STDOUT, CELL)#
#2026 08 02 07:55:17.551#Z#DEBUG#6828ea62-8e47-11f1-a22d-eeee0a847462.SmartProcureX-srv#flowable-async-job-executor-thread-2161#
[PollStartAppStatusExecution] d9622003-7570-45ea-b8be-97c6305e4251 [2026-08-02T06:46:46.895702] Cell 919653e1-7038-451d-ac9f-e4bd0de8dbda successfully created container for instance e0079029-575e-476b-4c33-471d (STDOUT, CELL)#
#2026 08 02 07:55:17.551#Z#DEBUG#6828ea62-8e47-11f1-a22d-eeee0a847462.SmartProcureX-srv#flowable-async-job-executor-thread-2161#
[PollStartAppStatusExecution] d9622003-7570-45ea-b8be-97c6305e4251 [2026-08-02T06:46:47.205720] Downloading droplet... (STDOUT, CELL)#
#2026 08 02 07:55:17.551#Z#DEBUG#6828ea62-8e47-11f1-a22d-eeee0a847462.SmartProcureX-srv#flowable-async-job-executor-thread-2161#
[PollStartAppStatusExecution] d9622003-7570-45ea-b8be-97c6305e4251 [2026-08-02T06:46:47.563940] Cell 4761c3fb-8e91-4ced-804b-3db53058de34 successfully destroyed container for instance e64f91ad-9dcc-48b6-7676-44c9 (STDOUT, CELL)#
#2026 08 02 07:55:17.551#Z#DEBUG#6828ea62-8e47-11f1-a22d-eeee0a847462.SmartProcureX-srv#flowable-async-job-executor-thread-2161#
[PollStartAppStatusExecution] d9622003-7570-45ea-b8be-97c6305e4251 [2026-08-02T06:46:48.040925] Downloaded droplet (STDOUT, CELL)#
#2026 08 02 07:55:17.551#Z#DEBUG#6828ea62-8e47-11f1-a22d-eeee0a847462.SmartProcureX-srv#flowable-async-job-executor-thread-2161#
[PollStartAppStatusExecution] d9622003-7570-45ea-b8be-97c6305e4251 [2026-08-02T06:46:48.041117] Starting health monitoring of container (STDOUT, CELL)#
#2026 08 02 07:55:17.551#Z#DEBUG#6828ea62-8e47-11f1-a22d-eeee0a847462.SmartProcureX-srv#flowable-async-job-executor-thread-2161#
[PollStartAppStatusExecution] d9622003-7570-45ea-b8be-97c6305e4251 [2026-08-02T06:46:48.092638] Invoking pre-start scripts. (STDOUT, APP/PROC/WEB)#
#2026 08 02 07:55:17.551#Z#DEBUG#6828ea62-8e47-11f1-a22d-eeee0a847462.SmartProcureX-srv#flowable-async-job-executor-thread-2161#
[PollStartAppStatusExecution] d9622003-7570-45ea-b8be-97c6305e4251 [2026-08-02T06:46:48.234692] Invoking start command. (STDOUT, APP/PROC/WEB)#
#2026 08 02 07:55:17.551#Z#DEBUG#6828ea62-8e47-11f1-a22d-eeee0a847462.SmartProcureX-srv#flowable-async-job-executor-thread-2161#
[PollStartAppStatusExecution] d9622003-7570-45ea-b8be-97c6305e4251 [2026-08-02T06:46:48.525163] > smart-procure-x@1.0.0 start (STDOUT, APP/PROC/WEB)#
#2026 08 02 07:55:17.551#Z#DEBUG#6828ea62-8e47-11f1-a22d-eeee0a847462.SmartProcureX-srv#flowable-async-job-executor-thread-2161#
[PollStartAppStatusExecution] d9622003-7570-45ea-b8be-97c6305e4251 [2026-08-02T06:46:48.525186] > cds-serve (STDOUT, APP/PROC/WEB)#
#2026 08 02 07:55:17.551#Z#DEBUG#6828ea62-8e47-11f1-a22d-eeee0a847462.SmartProcureX-srv#flowable-async-job-executor-thread-2161#
[PollStartAppStatusExecution] d9622003-7570-45ea-b8be-97c6305e4251 [2026-08-02T06:46:48.818347] {"level":"info","logger":"cds","timestamp":"2026-08-02T06:46:48.817Z","layer":"cds","component_type":"application","container_id":"10.37.66.4","component_id":"d9622003-7570-45ea-b8be-97c6305e4251","component_name":"SmartProcureX-srv","component_instance":0,"source_instance":0,"organization_name":"0d79b96ctrial","organization_id":"e8159873-0fc0-4477-a4f9-3c43fdb65fe4","space_name":"dev","space_id":"0628b1b5-c14d-4a0a-abf9-843360b5d7c0","msg":"loaded model from 1 file(s):\n ","type":"log"} (STDOUT, APP/PROC/WEB)#
#2026 08 02 07:55:17.551#Z#DEBUG#6828ea62-8e47-11f1-a22d-eeee0a847462.SmartProcureX-srv#flowable-async-job-executor-thread-2161#
[PollStartAppStatusExecution] d9622003-7570-45ea-b8be-97c6305e4251 [2026-08-02T06:46:48.818650] srv/csn.json (STDOUT, APP/PROC/WEB)#
#2026 08 02 07:55:17.551#Z#DEBUG#6828ea62-8e47-11f1-a22d-eeee0a847462.SmartProcureX-srv#flowable-async-job-executor-thread-2161#
[PollStartAppStatusExecution] d9622003-7570-45ea-b8be-97c6305e4251 [2026-08-02T06:46:49.033362] {"level":"info","logger":"cds","timestamp":"2026-08-02T06:46:49.032Z","layer":"cds","component_type":"application","container_id":"10.37.66.4","component_id":"d9622003-7570-45ea-b8be-97c6305e4251","component_name":"SmartProcureX-srv","component_instance":0,"source_instance":0,"organization_name":"0d79b96ctrial","organization_id":"e8159873-0fc0-4477-a4f9-3c43fdb65fe4","space_name":"dev","space_id":"0628b1b5-c14d-4a0a-abf9-843360b5d7c0","msg":"connect to db > hana {\n  database_id: 'ccb85f22-d9b4-4190-84d2-64f7029bd6f6',\n  host: 'ccb85f22-d9b4-4190-84d2-64f7029bd6f6.hna1.prod-us10.hanacloud.ondemand.com',\n  port: '443',\n  driver: 'com.sap.db.jdbc.Driver',\n  url: 'jdbc:sap://ccb85f22-d9b4-4190-84d2-64f7029bd6f6.hna1.prod-us10.hanacloud.ondemand.com:443?encrypt=true&validateCertificate=true&currentschema=B2E83F60A5C34A6E98091CC639322A6C',\n  schema: 'B2E83F60A5C34A6E98091CC639322A6C',\n  certificate: '...',\n  hdi_user: 'B2E83F60A5C34A6E98091CC639322A6C_F15SDO7AIVZ7IX7EZZDN0GDKE_DT',\n  hdi_password: '...',\n  user: 'B2E83F60A5C34A6E98091CC639322A6C_F15SDO7AIVZ7IX7EZZDN0GDKE_RT',\n  password: '...'\n}","type":"log"} (STDOUT, APP/PROC/WEB)#
#2026 08 02 07:55:17.551#Z#DEBUG#6828ea62-8e47-11f1-a22d-eeee0a847462.SmartProcureX-srv#flowable-async-job-executor-thread-2161#
[PollStartAppStatusExecution] d9622003-7570-45ea-b8be-97c6305e4251 [2026-08-02T06:46:49.086962] file:///home/vcap/app/srv/whoami-service.js:1 (STDERR, APP/PROC/WEB)#
#2026 08 02 07:55:17.551#Z#DEBUG#6828ea62-8e47-11f1-a22d-eeee0a847462.SmartProcureX-srv#flowable-async-job-executor-thread-2161#
[PollStartAppStatusExecution] d9622003-7570-45ea-b8be-97c6305e4251 [2026-08-02T06:46:49.086997] module.exports = class WhoAmIService extends cds.ApplicationService { (STDERR, APP/PROC/WEB)#
#2026 08 02 07:55:17.551#Z#DEBUG#6828ea62-8e47-11f1-a22d-eeee0a847462.SmartProcureX-srv#flowable-async-job-executor-thread-2161#
[PollStartAppStatusExecution] d9622003-7570-45ea-b8be-97c6305e4251 [2026-08-02T06:46:49.087004] ^ (STDERR, APP/PROC/WEB)#
#2026 08 02 07:55:17.551#Z#DEBUG#6828ea62-8e47-11f1-a22d-eeee0a847462.SmartProcureX-srv#flowable-async-job-executor-thread-2161#
[PollStartAppStatusExecution] d9622003-7570-45ea-b8be-97c6305e4251 [2026-08-02T06:46:49.087010] ReferenceError: module is not defined in ES module scope (STDERR, APP/PROC/WEB)#
#2026 08 02 07:55:17.551#Z#DEBUG#6828ea62-8e47-11f1-a22d-eeee0a847462.SmartProcureX-srv#flowable-async-job-executor-thread-2161#
[PollStartAppStatusExecution] d9622003-7570-45ea-b8be-97c6305e4251 [2026-08-02T06:46:49.087018] This file is being treated as an ES module because it has a '.js' file extension and '/home/vcap/app/package.json' contains "type": "module". To treat it as a CommonJS script, rename it to use the '.cjs' file extension. (STDERR, APP/PROC/WEB)#
#2026 08 02 07:55:17.551#Z#DEBUG#6828ea62-8e47-11f1-a22d-eeee0a847462.SmartProcureX-srv#flowable-async-job-executor-thread-2161#
[PollStartAppStatusExecution] d9622003-7570-45ea-b8be-97c6305e4251 [2026-08-02T06:46:49.087023] at file:///home/vcap/app/srv/whoami-service.js:1:1 (STDERR, APP/PROC/WEB)#
#2026 08 02 07:55:17.551#Z#DEBUG#6828ea62-8e47-11f1-a22d-eeee0a847462.SmartProcureX-srv#flowable-async-job-executor-thread-2161#
[PollStartAppStatusExecution] d9622003-7570-45ea-b8be-97c6305e4251 [2026-08-02T06:46:49.087028] at ModuleJob.run (node:internal/modules/esm/module_job:437:25) (STDERR, APP/PROC/WEB)#
#2026 08 02 07:55:17.551#Z#DEBUG#6828ea62-8e47-11f1-a22d-eeee0a847462.SmartProcureX-srv#flowable-async-job-executor-thread-2161#
[PollStartAppStatusExecution] d9622003-7570-45ea-b8be-97c6305e4251 [2026-08-02T06:46:49.087032] at async node:internal/modules/esm/loader:639:26 (STDERR, APP/PROC/WEB)#
#2026 08 02 07:55:17.551#Z#DEBUG#6828ea62-8e47-11f1-a22d-eeee0a847462.SmartProcureX-srv#flowable-async-job-executor-thread-2161#
[PollStartAppStatusExecution] d9622003-7570-45ea-b8be-97c6305e4251 [2026-08-02T06:46:49.087039] at async _use (/home/vcap/app/node_modules/@sap/cds/lib/srv/factory.js:32:14) (STDERR, APP/PROC/WEB)#
#2026 08 02 07:55:17.551#Z#DEBUG#6828ea62-8e47-11f1-a22d-eeee0a847462.SmartProcureX-srv#flowable-async-job-executor-thread-2161#
[PollStartAppStatusExecution] d9622003-7570-45ea-b8be-97c6305e4251 [2026-08-02T06:46:49.087043] at async Promise.all (index 7) (STDERR, APP/PROC/WEB)#
#2026 08 02 07:55:17.551#Z#DEBUG#6828ea62-8e47-11f1-a22d-eeee0a847462.SmartProcureX-srv#flowable-async-job-executor-thread-2161#
[PollStartAppStatusExecution] d9622003-7570-45ea-b8be-97c6305e4251 [2026-08-02T06:46:49.087050] at async _cds_serve (/home/vcap/app/node_modules/@sap/cds/lib/srv/cds-serve.js:32:16) (STDERR, APP/PROC/WEB)#
#2026 08 02 07:55:17.551#Z#DEBUG#6828ea62-8e47-11f1-a22d-eeee0a847462.SmartProcureX-srv#flowable-async-job-executor-thread-2161#
[PollStartAppStatusExecution] d9622003-7570-45ea-b8be-97c6305e4251 [2026-08-02T06:46:49.087054] at async cds_server (/home/vcap/app/node_modules/@sap/cds/server.js:61:3) (STDERR, APP/PROC/WEB)#
#2026 08 02 07:55:17.551#Z#DEBUG#6828ea62-8e47-11f1-a22d-eeee0a847462.SmartProcureX-srv#flowable-async-job-executor-thread-2161#
[PollStartAppStatusExecution] d9622003-7570-45ea-b8be-97c6305e4251 [2026-08-02T06:46:49.087058] at async serve (/home/vcap/app/node_modules/@sap/cds/bin/serve.js:207:18) (STDERR, APP/PROC/WEB)#
#2026 08 02 07:55:17.551#Z#DEBUG#6828ea62-8e47-11f1-a22d-eeee0a847462.SmartProcureX-srv#flowable-async-job-executor-thread-2161#
[PollStartAppStatusExecution] d9622003-7570-45ea-b8be-97c6305e4251 [2026-08-02T06:46:49.087061] Node.js v24.15.0 (STDERR, APP/PROC/WEB)#
#2026 08 02 07:55:17.551#Z#DEBUG#6828ea62-8e47-11f1-a22d-eeee0a847462.SmartProcureX-srv#flowable-async-job-executor-thread-2161#
[PollStartAppStatusExecution] d9622003-7570-45ea-b8be-97c6305e4251 [2026-08-02T06:46:49.101497] npm notice (STDERR, APP/PROC/WEB)#
#2026 08 02 07:55:17.551#Z#DEBUG#6828ea62-8e47-11f1-a22d-eeee0a847462.SmartProcureX-srv#flowable-async-job-executor-thread-2161#
[PollStartAppStatusExecution] d9622003-7570-45ea-b8be-97c6305e4251 [2026-08-02T06:46:49.101516] npm notice New major version of npm available! 11.12.1 -> 12.0.2 (STDERR, APP/PROC/WEB)#
#2026 08 02 07:55:17.551#Z#DEBUG#6828ea62-8e47-11f1-a22d-eeee0a847462.SmartProcureX-srv#flowable-async-job-executor-thread-2161#
[PollStartAppStatusExecution] d9622003-7570-45ea-b8be-97c6305e4251 [2026-08-02T06:46:49.101521] npm notice Changelog: https://github.com/npm/cli/releases/tag/v12.0.2 (STDERR, APP/PROC/WEB)#
#2026 08 02 07:55:17.551#Z#DEBUG#6828ea62-8e47-11f1-a22d-eeee0a847462.SmartProcureX-srv#flowable-async-job-executor-thread-2161#
[PollStartAppStatusExecution] d9622003-7570-45ea-b8be-97c6305e4251 [2026-08-02T06:46:49.101523] npm notice To update run: npm install -g npm@12.0.2 (STDERR, APP/PROC/WEB)#
#2026 08 02 07:55:17.551#Z#DEBUG#6828ea62-8e47-11f1-a22d-eeee0a847462.SmartProcureX-srv#flowable-async-job-executor-thread-2161#
[PollStartAppStatusExecution] d9622003-7570-45ea-b8be-97c6305e4251 [2026-08-02T06:46:49.101530] npm notice (STDERR, APP/PROC/WEB)#
#2026 08 02 07:55:17.551#Z#DEBUG#6828ea62-8e47-11f1-a22d-eeee0a847462.SmartProcureX-srv#flowable-async-job-executor-thread-2161#
[PollStartAppStatusExecution] d9622003-7570-45ea-b8be-97c6305e4251 [2026-08-02T06:46:49.153224] Exit status 1 (STDOUT, APP/PROC/WEB)#
#2026 08 02 07:55:17.551#Z#DEBUG#6828ea62-8e47-11f1-a22d-eeee0a847462.SmartProcureX-srv#flowable-async-job-executor-thread-2161#
[PollStartAppStatusExecution] d9622003-7570-45ea-b8be-97c6305e4251 [2026-08-02T06:46:56.082086] Cell 919653e1-7038-451d-ac9f-e4bd0de8dbda stopping instance e0079029-575e-476b-4c33-471d (STDOUT, CELL)#
#2026 08 02 07:55:17.551#Z#DEBUG#6828ea62-8e47-11f1-a22d-eeee0a847462.SmartProcureX-srv#flowable-async-job-executor-thread-2161#
[PollStartAppStatusExecution] d9622003-7570-45ea-b8be-97c6305e4251 [2026-08-02T06:46:56.082152] Cell 919653e1-7038-451d-ac9f-e4bd0de8dbda destroying container for instance e0079029-575e-476b-4c33-471d (STDOUT, CELL)#
#2026 08 02 07:55:17.551#Z#DEBUG#6828ea62-8e47-11f1-a22d-eeee0a847462.SmartProcureX-srv#flowable-async-job-executor-thread-2161#
[PollStartAppStatusExecution] d9622003-7570-45ea-b8be-97c6305e4251 [2026-08-02T06:46:56.099135] Process has crashed with type: "web" (STDOUT, API)#
#2026 08 02 07:55:17.551#Z#DEBUG#6828ea62-8e47-11f1-a22d-eeee0a847462.SmartProcureX-srv#flowable-async-job-executor-thread-2161#
[PollStartAppStatusExecution] d9622003-7570-45ea-b8be-97c6305e4251 [2026-08-02T06:46:56.111949] App instance exited with guid d9622003-7570-45ea-b8be-97c6305e4251 payload: {"instance"=>"e0079029-575e-476b-4c33-471d", "index"=>0, "cell_id"=>"919653e1-7038-451d-ac9f-e4bd0de8dbda", "reason"=>"CRASHED", "exit_description"=>"APP/PROC/WEB: Exited with status 1", "crash_count"=>3, "crash_timestamp"=>1785653216078942274, "version"=>"43394f61-e2cb-48cc-a519-642741c80937"} (STDOUT, API)#
#2026 08 02 07:55:17.551#Z#DEBUG#6828ea62-8e47-11f1-a22d-eeee0a847462.SmartProcureX-srv#flowable-async-job-executor-thread-2161#
[PollStartAppStatusExecution] d9622003-7570-45ea-b8be-97c6305e4251 [2026-08-02T06:46:56.173554] Exit status 137 (STDOUT, PROXY)#
#2026 08 02 07:55:17.551#Z#DEBUG#6828ea62-8e47-11f1-a22d-eeee0a847462.SmartProcureX-srv#flowable-async-job-executor-thread-2161#
[PollStartAppStatusExecution] d9622003-7570-45ea-b8be-97c6305e4251 [2026-08-02T06:46:57.243769] Cell 919653e1-7038-451d-ac9f-e4bd0de8dbda successfully destroyed container for instance e0079029-575e-476b-4c33-471d (STDOUT, CELL)#
#2026 08 02 07:55:17.551#Z#DEBUG#6828ea62-8e47-11f1-a22d-eeee0a847462.SmartProcureX-srv#flowable-async-job-executor-thread-2161#
[PollStartAppStatusExecution] d9622003-7570-45ea-b8be-97c6305e4251 [2026-08-02T06:46:59.765338] Cell cdd66a98-00c8-41cf-94b2-8f9408d19596 destroying container for instance 9b40dc3b-51e5-42fd-609b-eb21 (STDOUT, CELL)#
#2026 08 02 07:55:17.551#Z#DEBUG#6828ea62-8e47-11f1-a22d-eeee0a847462.SmartProcureX-srv#flowable-async-job-executor-thread-2161#
[PollStartAppStatusExecution] d9622003-7570-45ea-b8be-97c6305e4251 [2026-08-02T06:46:59.846156] Exit status 137 (STDOUT, PROXY)#
#2026 08 02 07:55:17.551#Z#DEBUG#6828ea62-8e47-11f1-a22d-eeee0a847462.SmartProcureX-srv#flowable-async-job-executor-thread-2161#
[PollStartAppStatusExecution] d9622003-7570-45ea-b8be-97c6305e4251 [2026-08-02T06:47:00.946338] Cell cdd66a98-00c8-41cf-94b2-8f9408d19596 successfully destroyed container for instance 9b40dc3b-51e5-42fd-609b-eb21 (STDOUT, CELL)#
#2026 08 02 07:55:17.551#Z#DEBUG#6828ea62-8e47-11f1-a22d-eeee0a847462.SmartProcureX-srv#flowable-async-job-executor-thread-2161#
[PollStartAppStatusExecution] d9622003-7570-45ea-b8be-97c6305e4251 [2026-08-02T06:47:33.296009] Cell cdd66a98-00c8-41cf-94b2-8f9408d19596 creating container for instance 573435cd-d399-41b8-749f-9b2f (STDOUT, CELL)#
#2026 08 02 07:55:17.551#Z#DEBUG#6828ea62-8e47-11f1-a22d-eeee0a847462.SmartProcureX-srv#flowable-async-job-executor-thread-2161#
[PollStartAppStatusExecution] d9622003-7570-45ea-b8be-97c6305e4251 [2026-08-02T06:47:33.595260] Security group rules were updated (STDOUT, CELL)#
#2026 08 02 07:55:17.551#Z#DEBUG#6828ea62-8e47-11f1-a22d-eeee0a847462.SmartProcureX-srv#flowable-async-job-executor-thread-2161#
[PollStartAppStatusExecution] d9622003-7570-45ea-b8be-97c6305e4251 [2026-08-02T06:47:33.650267] Cell cdd66a98-00c8-41cf-94b2-8f9408d19596 successfully created container for instance 573435cd-d399-41b8-749f-9b2f (STDOUT, CELL)#
#2026 08 02 07:55:17.551#Z#DEBUG#6828ea62-8e47-11f1-a22d-eeee0a847462.SmartProcureX-srv#flowable-async-job-executor-thread-2161#
[PollStartAppStatusExecution] d9622003-7570-45ea-b8be-97c6305e4251 [2026-08-02T06:47:34.170962] Downloading droplet... (STDOUT, CELL)#
#2026 08 02 07:55:17.551#Z#DEBUG#6828ea62-8e47-11f1-a22d-eeee0a847462.SmartProcureX-srv#flowable-async-job-executor-thread-2161#
[PollStartAppStatusExecution] d9622003-7570-45ea-b8be-97c6305e4251 [2026-08-02T06:47:37.329388] Downloaded droplet (59.4M) (STDOUT, CELL)#
#2026 08 02 07:55:17.551#Z#DEBUG#6828ea62-8e47-11f1-a22d-eeee0a847462.SmartProcureX-srv#flowable-async-job-executor-thread-2161#
[PollStartAppStatusExecution] d9622003-7570-45ea-b8be-97c6305e4251 [2026-08-02T06:47:37.329616] Starting health monitoring of container (STDOUT, CELL)#
#2026 08 02 07:55:17.551#Z#DEBUG#6828ea62-8e47-11f1-a22d-eeee0a847462.SmartProcureX-srv#flowable-async-job-executor-thread-2161#
[PollStartAppStatusExecution] d9622003-7570-45ea-b8be-97c6305e4251 [2026-08-02T06:47:37.381106] Invoking pre-start scripts. (STDOUT, APP/PROC/WEB)#
#2026 08 02 07:55:17.551#Z#DEBUG#6828ea62-8e47-11f1-a22d-eeee0a847462.SmartProcureX-srv#flowable-async-job-executor-thread-2161#
[PollStartAppStatusExecution] d9622003-7570-45ea-b8be-97c6305e4251 [2026-08-02T06:47:37.522230] Invoking start command. (STDOUT, APP/PROC/WEB)#
#2026 08 02 07:55:17.551#Z#DEBUG#6828ea62-8e47-11f1-a22d-eeee0a847462.SmartProcureX-srv#flowable-async-job-executor-thread-2161#
[PollStartAppStatusExecution] d9622003-7570-45ea-b8be-97c6305e4251 [2026-08-02T06:47:37.808774] > smart-procure-x@1.0.0 start (STDOUT, APP/PROC/WEB)#
#2026 08 02 07:55:17.551#Z#DEBUG#6828ea62-8e47-11f1-a22d-eeee0a847462.SmartProcureX-srv#flowable-async-job-executor-thread-2161#
[PollStartAppStatusExecution] d9622003-7570-45ea-b8be-97c6305e4251 [2026-08-02T06:47:37.808794] > cds-serve (STDOUT, APP/PROC/WEB)#
#2026 08 02 07:55:17.551#Z#DEBUG#6828ea62-8e47-11f1-a22d-eeee0a847462.SmartProcureX-srv#flowable-async-job-executor-thread-2161#
[PollStartAppStatusExecution] d9622003-7570-45ea-b8be-97c6305e4251 [2026-08-02T06:47:38.119256] {"level":"info","logger":"cds","timestamp":"2026-08-02T06:47:38.118Z","layer":"cds","component_type":"application","container_id":"10.37.193.4","component_id":"d9622003-7570-45ea-b8be-97c6305e4251","component_name":"SmartProcureX-srv","component_instance":0,"source_instance":0,"organization_name":"0d79b96ctrial","organization_id":"e8159873-0fc0-4477-a4f9-3c43fdb65fe4","space_name":"dev","space_id":"0628b1b5-c14d-4a0a-abf9-843360b5d7c0","msg":"loaded model from 1 file(s):\n ","type":"log"} (STDOUT, APP/PROC/WEB)#
#2026 08 02 07:55:17.551#Z#DEBUG#6828ea62-8e47-11f1-a22d-eeee0a847462.SmartProcureX-srv#flowable-async-job-executor-thread-2161#
[PollStartAppStatusExecution] d9622003-7570-45ea-b8be-97c6305e4251 [2026-08-02T06:47:38.119513] srv/csn.json (STDOUT, APP/PROC/WEB)#
#2026 08 02 07:55:17.551#Z#DEBUG#6828ea62-8e47-11f1-a22d-eeee0a847462.SmartProcureX-srv#flowable-async-job-executor-thread-2161#
[PollStartAppStatusExecution] d9622003-7570-45ea-b8be-97c6305e4251 [2026-08-02T06:47:38.343403] {"level":"info","logger":"cds","timestamp":"2026-08-02T06:47:38.342Z","layer":"cds","component_type":"application","container_id":"10.37.193.4","component_id":"d9622003-7570-45ea-b8be-97c6305e4251","component_name":"SmartProcureX-srv","component_instance":0,"source_instance":0,"organization_name":"0d79b96ctrial","organization_id":"e8159873-0fc0-4477-a4f9-3c43fdb65fe4","space_name":"dev","space_id":"0628b1b5-c14d-4a0a-abf9-843360b5d7c0","msg":"connect to db > hana {\n  database_id: 'ccb85f22-d9b4-4190-84d2-64f7029bd6f6',\n  host: 'ccb85f22-d9b4-4190-84d2-64f7029bd6f6.hna1.prod-us10.hanacloud.ondemand.com',\n  port: '443',\n  driver: 'com.sap.db.jdbc.Driver',\n  url: 'jdbc:sap://ccb85f22-d9b4-4190-84d2-64f7029bd6f6.hna1.prod-us10.hanacloud.ondemand.com:443?encrypt=true&validateCertificate=true&currentschema=B2E83F60A5C34A6E98091CC639322A6C',\n  schema: 'B2E83F60A5C34A6E98091CC639322A6C',\n  certificate: '...',\n  hdi_user: 'B2E83F60A5C34A6E98091CC639322A6C_F15SDO7AIVZ7IX7EZZDN0GDKE_DT',\n  hdi_password: '...',\n  user: 'B2E83F60A5C34A6E98091CC639322A6C_F15SDO7AIVZ7IX7EZZDN0GDKE_RT',\n  password: '...'\n}","type":"log"} (STDOUT, APP/PROC/WEB)#
#2026 08 02 07:55:17.551#Z#DEBUG#6828ea62-8e47-11f1-a22d-eeee0a847462.SmartProcureX-srv#flowable-async-job-executor-thread-2161#
[PollStartAppStatusExecution] d9622003-7570-45ea-b8be-97c6305e4251 [2026-08-02T06:47:38.396267] file:///home/vcap/app/srv/whoami-service.js:1 (STDERR, APP/PROC/WEB)#
#2026 08 02 07:55:17.551#Z#DEBUG#6828ea62-8e47-11f1-a22d-eeee0a847462.SmartProcureX-srv#flowable-async-job-executor-thread-2161#
[PollStartAppStatusExecution] d9622003-7570-45ea-b8be-97c6305e4251 [2026-08-02T06:47:38.396283] module.exports = class WhoAmIService extends cds.ApplicationService { (STDERR, APP/PROC/WEB)#
#2026 08 02 07:55:17.551#Z#DEBUG#6828ea62-8e47-11f1-a22d-eeee0a847462.SmartProcureX-srv#flowable-async-job-executor-thread-2161#
[PollStartAppStatusExecution] d9622003-7570-45ea-b8be-97c6305e4251 [2026-08-02T06:47:38.396286] ^ (STDERR, APP/PROC/WEB)#
#2026 08 02 07:55:17.551#Z#DEBUG#6828ea62-8e47-11f1-a22d-eeee0a847462.SmartProcureX-srv#flowable-async-job-executor-thread-2161#
[PollStartAppStatusExecution] d9622003-7570-45ea-b8be-97c6305e4251 [2026-08-02T06:47:38.396289] ReferenceError: module is not defined in ES module scope (STDERR, APP/PROC/WEB)#
#2026 08 02 07:55:17.551#Z#DEBUG#6828ea62-8e47-11f1-a22d-eeee0a847462.SmartProcureX-srv#flowable-async-job-executor-thread-2161#
[PollStartAppStatusExecution] d9622003-7570-45ea-b8be-97c6305e4251 [2026-08-02T06:47:38.396297] This file is being treated as an ES module because it has a '.js' file extension and '/home/vcap/app/package.json' contains "type": "module". To treat it as a CommonJS script, rename it to use the '.cjs' file extension. (STDERR, APP/PROC/WEB)#
#2026 08 02 07:55:17.551#Z#DEBUG#6828ea62-8e47-11f1-a22d-eeee0a847462.SmartProcureX-srv#flowable-async-job-executor-thread-2161#
[PollStartAppStatusExecution] d9622003-7570-45ea-b8be-97c6305e4251 [2026-08-02T06:47:38.396299] at file:///home/vcap/app/srv/whoami-service.js:1:1 (STDERR, APP/PROC/WEB)#
#2026 08 02 07:55:17.551#Z#DEBUG#6828ea62-8e47-11f1-a22d-eeee0a847462.SmartProcureX-srv#flowable-async-job-executor-thread-2161#
[PollStartAppStatusExecution] d9622003-7570-45ea-b8be-97c6305e4251 [2026-08-02T06:47:38.396301] at ModuleJob.run (node:internal/modules/esm/module_job:437:25) (STDERR, APP/PROC/WEB)#
#2026 08 02 07:55:17.551#Z#DEBUG#6828ea62-8e47-11f1-a22d-eeee0a847462.SmartProcureX-srv#flowable-async-job-executor-thread-2161#
[PollStartAppStatusExecution] d9622003-7570-45ea-b8be-97c6305e4251 [2026-08-02T06:47:38.396303] at async node:internal/modules/esm/loader:639:26 (STDERR, APP/PROC/WEB)#
#2026 08 02 07:55:17.551#Z#DEBUG#6828ea62-8e47-11f1-a22d-eeee0a847462.SmartProcureX-srv#flowable-async-job-executor-thread-2161#
[PollStartAppStatusExecution] d9622003-7570-45ea-b8be-97c6305e4251 [2026-08-02T06:47:38.396307] at async _use (/home/vcap/app/node_modules/@sap/cds/lib/srv/factory.js:32:14) (STDERR, APP/PROC/WEB)#
#2026 08 02 07:55:17.551#Z#DEBUG#6828ea62-8e47-11f1-a22d-eeee0a847462.SmartProcureX-srv#flowable-async-job-executor-thread-2161#
[PollStartAppStatusExecution] d9622003-7570-45ea-b8be-97c6305e4251 [2026-08-02T06:47:38.396309] at async Promise.all (index 7) (STDERR, APP/PROC/WEB)#
#2026 08 02 07:55:17.551#Z#DEBUG#6828ea62-8e47-11f1-a22d-eeee0a847462.SmartProcureX-srv#flowable-async-job-executor-thread-2161#
[PollStartAppStatusExecution] d9622003-7570-45ea-b8be-97c6305e4251 [2026-08-02T06:47:38.396311] at async _cds_serve (/home/vcap/app/node_modules/@sap/cds/lib/srv/cds-serve.js:32:16) (STDERR, APP/PROC/WEB)#
#2026 08 02 07:55:17.551#Z#DEBUG#6828ea62-8e47-11f1-a22d-eeee0a847462.SmartProcureX-srv#flowable-async-job-executor-thread-2161#
[PollStartAppStatusExecution] d9622003-7570-45ea-b8be-97c6305e4251 [2026-08-02T06:47:38.396315] at async cds_server (/home/vcap/app/node_modules/@sap/cds/server.js:61:3) (STDERR, APP/PROC/WEB)#
#2026 08 02 07:55:17.551#Z#DEBUG#6828ea62-8e47-11f1-a22d-eeee0a847462.SmartProcureX-srv#flowable-async-job-executor-thread-2161#
[PollStartAppStatusExecution] d9622003-7570-45ea-b8be-97c6305e4251 [2026-08-02T06:47:38.396318] at async serve (/home/vcap/app/node_modules/@sap/cds/bin/serve.js:207:18) (STDERR, APP/PROC/WEB)#
#2026 08 02 07:55:17.551#Z#DEBUG#6828ea62-8e47-11f1-a22d-eeee0a847462.SmartProcureX-srv#flowable-async-job-executor-thread-2161#
[PollStartAppStatusExecution] d9622003-7570-45ea-b8be-97c6305e4251 [2026-08-02T06:47:38.396322] Node.js v24.15.0 (STDERR, APP/PROC/WEB)#
#2026 08 02 07:55:17.551#Z#DEBUG#6828ea62-8e47-11f1-a22d-eeee0a847462.SmartProcureX-srv#flowable-async-job-executor-thread-2161#
[PollStartAppStatusExecution] d9622003-7570-45ea-b8be-97c6305e4251 [2026-08-02T06:47:38.411698] npm notice (STDERR, APP/PROC/WEB)#
#2026 08 02 07:55:17.551#Z#DEBUG#6828ea62-8e47-11f1-a22d-eeee0a847462.SmartProcureX-srv#flowable-async-job-executor-thread-2161#
[PollStartAppStatusExecution] d9622003-7570-45ea-b8be-97c6305e4251 [2026-08-02T06:47:38.411719] npm notice New major version of npm available! 11.12.1 -> 12.0.2 (STDERR, APP/PROC/WEB)#
#2026 08 02 07:55:17.551#Z#DEBUG#6828ea62-8e47-11f1-a22d-eeee0a847462.SmartProcureX-srv#flowable-async-job-executor-thread-2161#
[PollStartAppStatusExecution] d9622003-7570-45ea-b8be-97c6305e4251 [2026-08-02T06:47:38.411725] npm notice Changelog: https://github.com/npm/cli/releases/tag/v12.0.2 (STDERR, APP/PROC/WEB)#
#2026 08 02 07:55:17.551#Z#DEBUG#6828ea62-8e47-11f1-a22d-eeee0a847462.SmartProcureX-srv#flowable-async-job-executor-thread-2161#
[PollStartAppStatusExecution] d9622003-7570-45ea-b8be-97c6305e4251 [2026-08-02T06:47:38.411728] npm notice To update run: npm install -g npm@12.0.2 (STDERR, APP/PROC/WEB)#
#2026 08 02 07:55:17.551#Z#DEBUG#6828ea62-8e47-11f1-a22d-eeee0a847462.SmartProcureX-srv#flowable-async-job-executor-thread-2161#
[PollStartAppStatusExecution] d9622003-7570-45ea-b8be-97c6305e4251 [2026-08-02T06:47:38.411731] npm notice (STDERR, APP/PROC/WEB)#
#2026 08 02 07:55:17.551#Z#DEBUG#6828ea62-8e47-11f1-a22d-eeee0a847462.SmartProcureX-srv#flowable-async-job-executor-thread-2161#
[PollStartAppStatusExecution] d9622003-7570-45ea-b8be-97c6305e4251 [2026-08-02T06:47:38.463123] Exit status 1 (STDOUT, APP/PROC/WEB)#
#2026 08 02 07:55:17.551#Z#DEBUG#6828ea62-8e47-11f1-a22d-eeee0a847462.SmartProcureX-srv#flowable-async-job-executor-thread-2161#
[PollStartAppStatusExecution] d9622003-7570-45ea-b8be-97c6305e4251 [2026-08-02T06:47:45.359113] Cell cdd66a98-00c8-41cf-94b2-8f9408d19596 stopping instance 573435cd-d399-41b8-749f-9b2f (STDOUT, CELL)#
#2026 08 02 07:55:17.551#Z#DEBUG#6828ea62-8e47-11f1-a22d-eeee0a847462.SmartProcureX-srv#flowable-async-job-executor-thread-2161#
[PollStartAppStatusExecution] d9622003-7570-45ea-b8be-97c6305e4251 [2026-08-02T06:47:45.359166] Cell cdd66a98-00c8-41cf-94b2-8f9408d19596 destroying container for instance 573435cd-d399-41b8-749f-9b2f (STDOUT, CELL)#
#2026 08 02 07:55:17.551#Z#DEBUG#6828ea62-8e47-11f1-a22d-eeee0a847462.SmartProcureX-srv#flowable-async-job-executor-thread-2161#
[PollStartAppStatusExecution] d9622003-7570-45ea-b8be-97c6305e4251 [2026-08-02T06:47:45.379024] Process has crashed with type: "web" (STDOUT, API)#
#2026 08 02 07:55:17.551#Z#DEBUG#6828ea62-8e47-11f1-a22d-eeee0a847462.SmartProcureX-srv#flowable-async-job-executor-thread-2161#
[PollStartAppStatusExecution] d9622003-7570-45ea-b8be-97c6305e4251 [2026-08-02T06:47:45.395997] App instance exited with guid d9622003-7570-45ea-b8be-97c6305e4251 payload: {"instance"=>"573435cd-d399-41b8-749f-9b2f", "index"=>0, "cell_id"=>"cdd66a98-00c8-41cf-94b2-8f9408d19596", "reason"=>"CRASHED", "exit_description"=>"APP/PROC/WEB: Exited with status 1", "crash_count"=>4, "crash_timestamp"=>1785653265355638439, "version"=>"43394f61-e2cb-48cc-a519-642741c80937"} (STDOUT, API)#
#2026 08 02 07:55:17.551#Z#DEBUG#6828ea62-8e47-11f1-a22d-eeee0a847462.SmartProcureX-srv#flowable-async-job-executor-thread-2161#
[PollStartAppStatusExecution] d9622003-7570-45ea-b8be-97c6305e4251 [2026-08-02T06:47:45.442575] Exit status 137 (STDOUT, PROXY)#
#2026 08 02 07:55:17.551#Z#DEBUG#6828ea62-8e47-11f1-a22d-eeee0a847462.SmartProcureX-srv#flowable-async-job-executor-thread-2161#
[PollStartAppStatusExecution] d9622003-7570-45ea-b8be-97c6305e4251 [2026-08-02T06:47:46.475956] Cell cdd66a98-00c8-41cf-94b2-8f9408d19596 successfully destroyed container for instance 573435cd-d399-41b8-749f-9b2f (STDOUT, CELL)#
#2026 08 02 07:55:17.551#Z#DEBUG#6828ea62-8e47-11f1-a22d-eeee0a847462.SmartProcureX-srv#flowable-async-job-executor-thread-2161#
[PollStartAppStatusExecution] d9622003-7570-45ea-b8be-97c6305e4251 [2026-08-02T06:49:03.435258] Cell da97415f-d45d-4f73-b6f3-2c853ecdb03d creating container for instance 17b85ee6-5f3d-4c77-5df9-6177 (STDOUT, CELL)#
#2026 08 02 07:55:17.551#Z#DEBUG#6828ea62-8e47-11f1-a22d-eeee0a847462.SmartProcureX-srv#flowable-async-job-executor-thread-2161#
[PollStartAppStatusExecution] d9622003-7570-45ea-b8be-97c6305e4251 [2026-08-02T06:49:03.749813] Security group rules were updated (STDOUT, CELL)#
#2026 08 02 07:55:17.551#Z#DEBUG#6828ea62-8e47-11f1-a22d-eeee0a847462.SmartProcureX-srv#flowable-async-job-executor-thread-2161#
[PollStartAppStatusExecution] d9622003-7570-45ea-b8be-97c6305e4251 [2026-08-02T06:49:03.812240] Cell da97415f-d45d-4f73-b6f3-2c853ecdb03d successfully created container for instance 17b85ee6-5f3d-4c77-5df9-6177 (STDOUT, CELL)#
#2026 08 02 07:55:17.551#Z#DEBUG#6828ea62-8e47-11f1-a22d-eeee0a847462.SmartProcureX-srv#flowable-async-job-executor-thread-2161#
[PollStartAppStatusExecution] d9622003-7570-45ea-b8be-97c6305e4251 [2026-08-02T06:49:04.122054] Downloading droplet... (STDOUT, CELL)#
#2026 08 02 07:55:17.551#Z#DEBUG#6828ea62-8e47-11f1-a22d-eeee0a847462.SmartProcureX-srv#flowable-async-job-executor-thread-2161#
[PollStartAppStatusExecution] d9622003-7570-45ea-b8be-97c6305e4251 [2026-08-02T06:49:07.605804] Downloaded droplet (59.4M) (STDOUT, CELL)#
#2026 08 02 07:55:17.551#Z#DEBUG#6828ea62-8e47-11f1-a22d-eeee0a847462.SmartProcureX-srv#flowable-async-job-executor-thread-2161#
[PollStartAppStatusExecution] d9622003-7570-45ea-b8be-97c6305e4251 [2026-08-02T06:49:07.605935] Starting health monitoring of container (STDOUT, CELL)#
#2026 08 02 07:55:17.551#Z#DEBUG#6828ea62-8e47-11f1-a22d-eeee0a847462.SmartProcureX-srv#flowable-async-job-executor-thread-2161#
[PollStartAppStatusExecution] d9622003-7570-45ea-b8be-97c6305e4251 [2026-08-02T06:49:07.657698] Invoking pre-start scripts. (STDOUT, APP/PROC/WEB)#
#2026 08 02 07:55:17.551#Z#DEBUG#6828ea62-8e47-11f1-a22d-eeee0a847462.SmartProcureX-srv#flowable-async-job-executor-thread-2161#
[PollStartAppStatusExecution] d9622003-7570-45ea-b8be-97c6305e4251 [2026-08-02T06:49:07.799074] Invoking start command. (STDOUT, APP/PROC/WEB)#
#2026 08 02 07:55:17.551#Z#DEBUG#6828ea62-8e47-11f1-a22d-eeee0a847462.SmartProcureX-srv#flowable-async-job-executor-thread-2161#
[PollStartAppStatusExecution] d9622003-7570-45ea-b8be-97c6305e4251 [2026-08-02T06:49:08.086526] > smart-procure-x@1.0.0 start (STDOUT, APP/PROC/WEB)#
#2026 08 02 07:55:17.551#Z#DEBUG#6828ea62-8e47-11f1-a22d-eeee0a847462.SmartProcureX-srv#flowable-async-job-executor-thread-2161#
[PollStartAppStatusExecution] d9622003-7570-45ea-b8be-97c6305e4251 [2026-08-02T06:49:08.086554] > cds-serve (STDOUT, APP/PROC/WEB)#
#2026 08 02 07:55:17.551#Z#DEBUG#6828ea62-8e47-11f1-a22d-eeee0a847462.SmartProcureX-srv#flowable-async-job-executor-thread-2161#
[PollStartAppStatusExecution] d9622003-7570-45ea-b8be-97c6305e4251 [2026-08-02T06:49:08.380222] {"level":"info","logger":"cds","timestamp":"2026-08-02T06:49:08.379Z","layer":"cds","component_type":"application","container_id":"10.37.192.5","component_id":"d9622003-7570-45ea-b8be-97c6305e4251","component_name":"SmartProcureX-srv","component_instance":0,"source_instance":0,"organization_name":"0d79b96ctrial","organization_id":"e8159873-0fc0-4477-a4f9-3c43fdb65fe4","space_name":"dev","space_id":"0628b1b5-c14d-4a0a-abf9-843360b5d7c0","msg":"loaded model from 1 file(s):\n ","type":"log"} (STDOUT, APP/PROC/WEB)#
#2026 08 02 07:55:17.551#Z#DEBUG#6828ea62-8e47-11f1-a22d-eeee0a847462.SmartProcureX-srv#flowable-async-job-executor-thread-2161#
[PollStartAppStatusExecution] d9622003-7570-45ea-b8be-97c6305e4251 [2026-08-02T06:49:08.380531] srv/csn.json (STDOUT, APP/PROC/WEB)#
#2026 08 02 07:55:17.551#Z#DEBUG#6828ea62-8e47-11f1-a22d-eeee0a847462.SmartProcureX-srv#flowable-async-job-executor-thread-2161#
[PollStartAppStatusExecution] d9622003-7570-45ea-b8be-97c6305e4251 [2026-08-02T06:49:08.601480] {"level":"info","logger":"cds","timestamp":"2026-08-02T06:49:08.600Z","layer":"cds","component_type":"application","container_id":"10.37.192.5","component_id":"d9622003-7570-45ea-b8be-97c6305e4251","component_name":"SmartProcureX-srv","component_instance":0,"source_instance":0,"organization_name":"0d79b96ctrial","organization_id":"e8159873-0fc0-4477-a4f9-3c43fdb65fe4","space_name":"dev","space_id":"0628b1b5-c14d-4a0a-abf9-843360b5d7c0","msg":"connect to db > hana {\n  database_id: 'ccb85f22-d9b4-4190-84d2-64f7029bd6f6',\n  host: 'ccb85f22-d9b4-4190-84d2-64f7029bd6f6.hna1.prod-us10.hanacloud.ondemand.com',\n  port: '443',\n  driver: 'com.sap.db.jdbc.Driver',\n  url: 'jdbc:sap://ccb85f22-d9b4-4190-84d2-64f7029bd6f6.hna1.prod-us10.hanacloud.ondemand.com:443?encrypt=true&validateCertificate=true&currentschema=B2E83F60A5C34A6E98091CC639322A6C',\n  schema: 'B2E83F60A5C34A6E98091CC639322A6C',\n  certificate: '...',\n  hdi_user: 'B2E83F60A5C34A6E98091CC639322A6C_F15SDO7AIVZ7IX7EZZDN0GDKE_DT',\n  hdi_password: '...',\n  user: 'B2E83F60A5C34A6E98091CC639322A6C_F15SDO7AIVZ7IX7EZZDN0GDKE_RT',\n  password: '...'\n}","type":"log"} (STDOUT, APP/PROC/WEB)#
#2026 08 02 07:55:17.551#Z#DEBUG#6828ea62-8e47-11f1-a22d-eeee0a847462.SmartProcureX-srv#flowable-async-job-executor-thread-2161#
[PollStartAppStatusExecution] d9622003-7570-45ea-b8be-97c6305e4251 [2026-08-02T06:49:08.654720] file:///home/vcap/app/srv/whoami-service.js:1 (STDERR, APP/PROC/WEB)#
#2026 08 02 07:55:17.551#Z#DEBUG#6828ea62-8e47-11f1-a22d-eeee0a847462.SmartProcureX-srv#flowable-async-job-executor-thread-2161#
[PollStartAppStatusExecution] d9622003-7570-45ea-b8be-97c6305e4251 [2026-08-02T06:49:08.654742] module.exports = class WhoAmIService extends cds.ApplicationService { (STDERR, APP/PROC/WEB)#
#2026 08 02 07:55:17.551#Z#DEBUG#6828ea62-8e47-11f1-a22d-eeee0a847462.SmartProcureX-srv#flowable-async-job-executor-thread-2161#
[PollStartAppStatusExecution] d9622003-7570-45ea-b8be-97c6305e4251 [2026-08-02T06:49:08.654748] ^ (STDERR, APP/PROC/WEB)#
#2026 08 02 07:55:17.551#Z#DEBUG#6828ea62-8e47-11f1-a22d-eeee0a847462.SmartProcureX-srv#flowable-async-job-executor-thread-2161#
[PollStartAppStatusExecution] d9622003-7570-45ea-b8be-97c6305e4251 [2026-08-02T06:49:08.654751] ReferenceError: module is not defined in ES module scope (STDERR, APP/PROC/WEB)#
#2026 08 02 07:55:17.551#Z#DEBUG#6828ea62-8e47-11f1-a22d-eeee0a847462.SmartProcureX-srv#flowable-async-job-executor-thread-2161#
[PollStartAppStatusExecution] d9622003-7570-45ea-b8be-97c6305e4251 [2026-08-02T06:49:08.654758] This file is being treated as an ES module because it has a '.js' file extension and '/home/vcap/app/package.json' contains "type": "module". To treat it as a CommonJS script, rename it to use the '.cjs' file extension. (STDERR, APP/PROC/WEB)#
#2026 08 02 07:55:17.551#Z#DEBUG#6828ea62-8e47-11f1-a22d-eeee0a847462.SmartProcureX-srv#flowable-async-job-executor-thread-2161#
[PollStartAppStatusExecution] d9622003-7570-45ea-b8be-97c6305e4251 [2026-08-02T06:49:08.654763] at file:///home/vcap/app/srv/whoami-service.js:1:1 (STDERR, APP/PROC/WEB)#
#2026 08 02 07:55:17.551#Z#DEBUG#6828ea62-8e47-11f1-a22d-eeee0a847462.SmartProcureX-srv#flowable-async-job-executor-thread-2161#
[PollStartAppStatusExecution] d9622003-7570-45ea-b8be-97c6305e4251 [2026-08-02T06:49:08.654765] at ModuleJob.run (node:internal/modules/esm/module_job:437:25) (STDERR, APP/PROC/WEB)#
#2026 08 02 07:55:17.551#Z#DEBUG#6828ea62-8e47-11f1-a22d-eeee0a847462.SmartProcureX-srv#flowable-async-job-executor-thread-2161#
[PollStartAppStatusExecution] d9622003-7570-45ea-b8be-97c6305e4251 [2026-08-02T06:49:08.654767] at async node:internal/modules/esm/loader:639:26 (STDERR, APP/PROC/WEB)#
#2026 08 02 07:55:17.551#Z#DEBUG#6828ea62-8e47-11f1-a22d-eeee0a847462.SmartProcureX-srv#flowable-async-job-executor-thread-2161#
[PollStartAppStatusExecution] d9622003-7570-45ea-b8be-97c6305e4251 [2026-08-02T06:49:08.654770] at async _use (/home/vcap/app/node_modules/@sap/cds/lib/srv/factory.js:32:14) (STDERR, APP/PROC/WEB)#
#2026 08 02 07:55:17.551#Z#DEBUG#6828ea62-8e47-11f1-a22d-eeee0a847462.SmartProcureX-srv#flowable-async-job-executor-thread-2161#
[PollStartAppStatusExecution] d9622003-7570-45ea-b8be-97c6305e4251 [2026-08-02T06:49:08.654773] at async Promise.all (index 7) (STDERR, APP/PROC/WEB)#
#2026 08 02 07:55:17.551#Z#DEBUG#6828ea62-8e47-11f1-a22d-eeee0a847462.SmartProcureX-srv#flowable-async-job-executor-thread-2161#
[PollStartAppStatusExecution] d9622003-7570-45ea-b8be-97c6305e4251 [2026-08-02T06:49:08.654775] at async _cds_serve (/home/vcap/app/node_modules/@sap/cds/lib/srv/cds-serve.js:32:16) (STDERR, APP/PROC/WEB)#
#2026 08 02 07:55:17.551#Z#DEBUG#6828ea62-8e47-11f1-a22d-eeee0a847462.SmartProcureX-srv#flowable-async-job-executor-thread-2161#
[PollStartAppStatusExecution] d9622003-7570-45ea-b8be-97c6305e4251 [2026-08-02T06:49:08.654776] at async cds_server (/home/vcap/app/node_modules/@sap/cds/server.js:61:3) (STDERR, APP/PROC/WEB)#
#2026 08 02 07:55:17.551#Z#DEBUG#6828ea62-8e47-11f1-a22d-eeee0a847462.SmartProcureX-srv#flowable-async-job-executor-thread-2161#
[PollStartAppStatusExecution] d9622003-7570-45ea-b8be-97c6305e4251 [2026-08-02T06:49:08.654779] at async serve (/home/vcap/app/node_modules/@sap/cds/bin/serve.js:207:18) (STDERR, APP/PROC/WEB)#
#2026 08 02 07:55:17.551#Z#DEBUG#6828ea62-8e47-11f1-a22d-eeee0a847462.SmartProcureX-srv#flowable-async-job-executor-thread-2161#
[PollStartAppStatusExecution] d9622003-7570-45ea-b8be-97c6305e4251 [2026-08-02T06:49:08.654781] Node.js v24.15.0 (STDERR, APP/PROC/WEB)#
#2026 08 02 07:55:17.551#Z#DEBUG#6828ea62-8e47-11f1-a22d-eeee0a847462.SmartProcureX-srv#flowable-async-job-executor-thread-2161#
[PollStartAppStatusExecution] d9622003-7570-45ea-b8be-97c6305e4251 [2026-08-02T06:49:08.669131] npm notice (STDERR, APP/PROC/WEB)#
#2026 08 02 07:55:17.551#Z#DEBUG#6828ea62-8e47-11f1-a22d-eeee0a847462.SmartProcureX-srv#flowable-async-job-executor-thread-2161#
[PollStartAppStatusExecution] d9622003-7570-45ea-b8be-97c6305e4251 [2026-08-02T06:49:08.669148] npm notice New major version of npm available! 11.12.1 -> 12.0.2 (STDERR, APP/PROC/WEB)#
#2026 08 02 07:55:17.551#Z#DEBUG#6828ea62-8e47-11f1-a22d-eeee0a847462.SmartProcureX-srv#flowable-async-job-executor-thread-2161#
[PollStartAppStatusExecution] d9622003-7570-45ea-b8be-97c6305e4251 [2026-08-02T06:49:08.669153] npm notice Changelog: https://github.com/npm/cli/releases/tag/v12.0.2 (STDERR, APP/PROC/WEB)#
#2026 08 02 07:55:17.551#Z#DEBUG#6828ea62-8e47-11f1-a22d-eeee0a847462.SmartProcureX-srv#flowable-async-job-executor-thread-2161#
[PollStartAppStatusExecution] d9622003-7570-45ea-b8be-97c6305e4251 [2026-08-02T06:49:08.669157] npm notice To update run: npm install -g npm@12.0.2 (STDERR, APP/PROC/WEB)#
#2026 08 02 07:55:17.551#Z#DEBUG#6828ea62-8e47-11f1-a22d-eeee0a847462.SmartProcureX-srv#flowable-async-job-executor-thread-2161#
[PollStartAppStatusExecution] d9622003-7570-45ea-b8be-97c6305e4251 [2026-08-02T06:49:08.669159] npm notice (STDERR, APP/PROC/WEB)#
#2026 08 02 07:55:17.551#Z#DEBUG#6828ea62-8e47-11f1-a22d-eeee0a847462.SmartProcureX-srv#flowable-async-job-executor-thread-2161#
[PollStartAppStatusExecution] d9622003-7570-45ea-b8be-97c6305e4251 [2026-08-02T06:49:08.720061] Exit status 1 (STDOUT, APP/PROC/WEB)#
#2026 08 02 07:55:17.551#Z#DEBUG#6828ea62-8e47-11f1-a22d-eeee0a847462.SmartProcureX-srv#flowable-async-job-executor-thread-2161#
[PollStartAppStatusExecution] d9622003-7570-45ea-b8be-97c6305e4251 [2026-08-02T06:49:15.369995] Cell da97415f-d45d-4f73-b6f3-2c853ecdb03d stopping instance 17b85ee6-5f3d-4c77-5df9-6177 (STDOUT, CELL)#
#2026 08 02 07:55:17.551#Z#DEBUG#6828ea62-8e47-11f1-a22d-eeee0a847462.SmartProcureX-srv#flowable-async-job-executor-thread-2161#
[PollStartAppStatusExecution] d9622003-7570-45ea-b8be-97c6305e4251 [2026-08-02T06:49:15.370024] Cell da97415f-d45d-4f73-b6f3-2c853ecdb03d destroying container for instance 17b85ee6-5f3d-4c77-5df9-6177 (STDOUT, CELL)#
#2026 08 02 07:55:17.551#Z#DEBUG#6828ea62-8e47-11f1-a22d-eeee0a847462.SmartProcureX-srv#flowable-async-job-executor-thread-2161#
[PollStartAppStatusExecution] d9622003-7570-45ea-b8be-97c6305e4251 [2026-08-02T06:49:15.389186] Process has crashed with type: "web" (STDOUT, API)#
#2026 08 02 07:55:17.551#Z#DEBUG#6828ea62-8e47-11f1-a22d-eeee0a847462.SmartProcureX-srv#flowable-async-job-executor-thread-2161#
[PollStartAppStatusExecution] d9622003-7570-45ea-b8be-97c6305e4251 [2026-08-02T06:49:15.404977] App instance exited with guid d9622003-7570-45ea-b8be-97c6305e4251 payload: {"instance"=>"17b85ee6-5f3d-4c77-5df9-6177", "index"=>0, "cell_id"=>"da97415f-d45d-4f73-b6f3-2c853ecdb03d", "reason"=>"CRASHED", "exit_description"=>"APP/PROC/WEB: Exited with status 1", "crash_count"=>5, "crash_timestamp"=>1785653355366764815, "version"=>"43394f61-e2cb-48cc-a519-642741c80937"} (STDOUT, API)#
#2026 08 02 07:55:17.551#Z#DEBUG#6828ea62-8e47-11f1-a22d-eeee0a847462.SmartProcureX-srv#flowable-async-job-executor-thread-2161#
[PollStartAppStatusExecution] d9622003-7570-45ea-b8be-97c6305e4251 [2026-08-02T06:49:15.456717] Exit status 137 (STDOUT, PROXY)#
#2026 08 02 07:55:17.551#Z#DEBUG#6828ea62-8e47-11f1-a22d-eeee0a847462.SmartProcureX-srv#flowable-async-job-executor-thread-2161#
[PollStartAppStatusExecution] d9622003-7570-45ea-b8be-97c6305e4251 [2026-08-02T06:49:16.542959] Cell da97415f-d45d-4f73-b6f3-2c853ecdb03d successfully destroyed container for instance 17b85ee6-5f3d-4c77-5df9-6177 (STDOUT, CELL)#
#2026 08 02 07:55:17.551#Z#DEBUG#6828ea62-8e47-11f1-a22d-eeee0a847462.SmartProcureX-srv#flowable-async-job-executor-thread-2161#
[PollStartAppStatusExecution] d9622003-7570-45ea-b8be-97c6305e4251 [2026-08-02T06:51:33.706876] Cell cdd66a98-00c8-41cf-94b2-8f9408d19596 creating container for instance c44085b8-e46a-4433-4037-01fd (STDOUT, CELL)#
#2026 08 02 07:55:17.551#Z#DEBUG#6828ea62-8e47-11f1-a22d-eeee0a847462.SmartProcureX-srv#flowable-async-job-executor-thread-2161#
[PollStartAppStatusExecution] d9622003-7570-45ea-b8be-97c6305e4251 [2026-08-02T06:51:34.019110] Security group rules were updated (STDOUT, CELL)#
#2026 08 02 07:55:17.551#Z#DEBUG#6828ea62-8e47-11f1-a22d-eeee0a847462.SmartProcureX-srv#flowable-async-job-executor-thread-2161#
[PollStartAppStatusExecution] d9622003-7570-45ea-b8be-97c6305e4251 [2026-08-02T06:51:34.086338] Cell cdd66a98-00c8-41cf-94b2-8f9408d19596 successfully created container for instance c44085b8-e46a-4433-4037-01fd (STDOUT, CELL)#
#2026 08 02 07:55:17.551#Z#DEBUG#6828ea62-8e47-11f1-a22d-eeee0a847462.SmartProcureX-srv#flowable-async-job-executor-thread-2161#
[PollStartAppStatusExecution] d9622003-7570-45ea-b8be-97c6305e4251 [2026-08-02T06:51:34.838219] Downloading droplet... (STDOUT, CELL)#
#2026 08 02 07:55:17.551#Z#DEBUG#6828ea62-8e47-11f1-a22d-eeee0a847462.SmartProcureX-srv#flowable-async-job-executor-thread-2161#
[PollStartAppStatusExecution] d9622003-7570-45ea-b8be-97c6305e4251 [2026-08-02T06:51:35.659790] Downloaded droplet (STDOUT, CELL)#
#2026 08 02 07:55:17.551#Z#DEBUG#6828ea62-8e47-11f1-a22d-eeee0a847462.SmartProcureX-srv#flowable-async-job-executor-thread-2161#
[PollStartAppStatusExecution] d9622003-7570-45ea-b8be-97c6305e4251 [2026-08-02T06:51:35.659907] Starting health monitoring of container (STDOUT, CELL)#
#2026 08 02 07:55:17.551#Z#DEBUG#6828ea62-8e47-11f1-a22d-eeee0a847462.SmartProcureX-srv#flowable-async-job-executor-thread-2161#
[PollStartAppStatusExecution] d9622003-7570-45ea-b8be-97c6305e4251 [2026-08-02T06:51:35.708579] Invoking pre-start scripts. (STDOUT, APP/PROC/WEB)#
#2026 08 02 07:55:17.551#Z#DEBUG#6828ea62-8e47-11f1-a22d-eeee0a847462.SmartProcureX-srv#flowable-async-job-executor-thread-2161#
[PollStartAppStatusExecution] d9622003-7570-45ea-b8be-97c6305e4251 [2026-08-02T06:51:35.848691] Invoking start command. (STDOUT, APP/PROC/WEB)#
#2026 08 02 07:55:17.551#Z#DEBUG#6828ea62-8e47-11f1-a22d-eeee0a847462.SmartProcureX-srv#flowable-async-job-executor-thread-2161#
[PollStartAppStatusExecution] d9622003-7570-45ea-b8be-97c6305e4251 [2026-08-02T06:51:36.140544] > smart-procure-x@1.0.0 start (STDOUT, APP/PROC/WEB)#
#2026 08 02 07:55:17.551#Z#DEBUG#6828ea62-8e47-11f1-a22d-eeee0a847462.SmartProcureX-srv#flowable-async-job-executor-thread-2161#
[PollStartAppStatusExecution] d9622003-7570-45ea-b8be-97c6305e4251 [2026-08-02T06:51:36.140565] > cds-serve (STDOUT, APP/PROC/WEB)#
#2026 08 02 07:55:17.551#Z#DEBUG#6828ea62-8e47-11f1-a22d-eeee0a847462.SmartProcureX-srv#flowable-async-job-executor-thread-2161#
[PollStartAppStatusExecution] d9622003-7570-45ea-b8be-97c6305e4251 [2026-08-02T06:51:36.438885] {"level":"info","logger":"cds","timestamp":"2026-08-02T06:51:36.437Z","layer":"cds","component_type":"application","container_id":"10.37.193.4","component_id":"d9622003-7570-45ea-b8be-97c6305e4251","component_name":"SmartProcureX-srv","component_instance":0,"source_instance":0,"organization_name":"0d79b96ctrial","organization_id":"e8159873-0fc0-4477-a4f9-3c43fdb65fe4","space_name":"dev","space_id":"0628b1b5-c14d-4a0a-abf9-843360b5d7c0","msg":"loaded model from 1 file(s):\n ","type":"log"} (STDOUT, APP/PROC/WEB)#
#2026 08 02 07:55:17.551#Z#DEBUG#6828ea62-8e47-11f1-a22d-eeee0a847462.SmartProcureX-srv#flowable-async-job-executor-thread-2161#
[PollStartAppStatusExecution] d9622003-7570-45ea-b8be-97c6305e4251 [2026-08-02T06:51:36.439065] srv/csn.json (STDOUT, APP/PROC/WEB)#
#2026 08 02 07:55:17.551#Z#DEBUG#6828ea62-8e47-11f1-a22d-eeee0a847462.SmartProcureX-srv#flowable-async-job-executor-thread-2161#
[PollStartAppStatusExecution] d9622003-7570-45ea-b8be-97c6305e4251 [2026-08-02T06:51:36.656997] {"level":"info","logger":"cds","timestamp":"2026-08-02T06:51:36.656Z","layer":"cds","component_type":"application","container_id":"10.37.193.4","component_id":"d9622003-7570-45ea-b8be-97c6305e4251","component_name":"SmartProcureX-srv","component_instance":0,"source_instance":0,"organization_name":"0d79b96ctrial","organization_id":"e8159873-0fc0-4477-a4f9-3c43fdb65fe4","space_name":"dev","space_id":"0628b1b5-c14d-4a0a-abf9-843360b5d7c0","msg":"connect to db > hana {\n  database_id: 'ccb85f22-d9b4-4190-84d2-64f7029bd6f6',\n  host: 'ccb85f22-d9b4-4190-84d2-64f7029bd6f6.hna1.prod-us10.hanacloud.ondemand.com',\n  port: '443',\n  driver: 'com.sap.db.jdbc.Driver',\n  url: 'jdbc:sap://ccb85f22-d9b4-4190-84d2-64f7029bd6f6.hna1.prod-us10.hanacloud.ondemand.com:443?encrypt=true&validateCertificate=true&currentschema=B2E83F60A5C34A6E98091CC639322A6C',\n  schema: 'B2E83F60A5C34A6E98091CC639322A6C',\n  certificate: '...',\n  hdi_user: 'B2E83F60A5C34A6E98091CC639322A6C_F15SDO7AIVZ7IX7EZZDN0GDKE_DT',\n  hdi_password: '...',\n  user: 'B2E83F60A5C34A6E98091CC639322A6C_F15SDO7AIVZ7IX7EZZDN0GDKE_RT',\n  password: '...'\n}","type":"log"} (STDOUT, APP/PROC/WEB)#
#2026 08 02 07:55:17.551#Z#DEBUG#6828ea62-8e47-11f1-a22d-eeee0a847462.SmartProcureX-srv#flowable-async-job-executor-thread-2161#
[PollStartAppStatusExecution] d9622003-7570-45ea-b8be-97c6305e4251 [2026-08-02T06:51:36.709483] file:///home/vcap/app/srv/whoami-service.js:1 (STDERR, APP/PROC/WEB)#
#2026 08 02 07:55:17.551#Z#DEBUG#6828ea62-8e47-11f1-a22d-eeee0a847462.SmartProcureX-srv#flowable-async-job-executor-thread-2161#
[PollStartAppStatusExecution] d9622003-7570-45ea-b8be-97c6305e4251 [2026-08-02T06:51:36.709502] module.exports = class WhoAmIService extends cds.ApplicationService { (STDERR, APP/PROC/WEB)#
#2026 08 02 07:55:17.551#Z#DEBUG#6828ea62-8e47-11f1-a22d-eeee0a847462.SmartProcureX-srv#flowable-async-job-executor-thread-2161#
[PollStartAppStatusExecution] d9622003-7570-45ea-b8be-97c6305e4251 [2026-08-02T06:51:36.709515] ^ (STDERR, APP/PROC/WEB)#
#2026 08 02 07:55:17.551#Z#DEBUG#6828ea62-8e47-11f1-a22d-eeee0a847462.SmartProcureX-srv#flowable-async-job-executor-thread-2161#
[PollStartAppStatusExecution] d9622003-7570-45ea-b8be-97c6305e4251 [2026-08-02T06:51:36.709522] ReferenceError: module is not defined in ES module scope (STDERR, APP/PROC/WEB)#
#2026 08 02 07:55:17.551#Z#DEBUG#6828ea62-8e47-11f1-a22d-eeee0a847462.SmartProcureX-srv#flowable-async-job-executor-thread-2161#
[PollStartAppStatusExecution] d9622003-7570-45ea-b8be-97c6305e4251 [2026-08-02T06:51:36.709528] This file is being treated as an ES module because it has a '.js' file extension and '/home/vcap/app/package.json' contains "type": "module". To treat it as a CommonJS script, rename it to use the '.cjs' file extension. (STDERR, APP/PROC/WEB)#
#2026 08 02 07:55:17.551#Z#DEBUG#6828ea62-8e47-11f1-a22d-eeee0a847462.SmartProcureX-srv#flowable-async-job-executor-thread-2161#
[PollStartAppStatusExecution] d9622003-7570-45ea-b8be-97c6305e4251 [2026-08-02T06:51:36.709532] at file:///home/vcap/app/srv/whoami-service.js:1:1 (STDERR, APP/PROC/WEB)#
#2026 08 02 07:55:17.551#Z#DEBUG#6828ea62-8e47-11f1-a22d-eeee0a847462.SmartProcureX-srv#flowable-async-job-executor-thread-2161#
[PollStartAppStatusExecution] d9622003-7570-45ea-b8be-97c6305e4251 [2026-08-02T06:51:36.709538] at ModuleJob.run (node:internal/modules/esm/module_job:437:25) (STDERR, APP/PROC/WEB)#
#2026 08 02 07:55:17.551#Z#DEBUG#6828ea62-8e47-11f1-a22d-eeee0a847462.SmartProcureX-srv#flowable-async-job-executor-thread-2161#
[PollStartAppStatusExecution] d9622003-7570-45ea-b8be-97c6305e4251 [2026-08-02T06:51:36.709544] at async node:internal/modules/esm/loader:639:26 (STDERR, APP/PROC/WEB)#
#2026 08 02 07:55:17.551#Z#DEBUG#6828ea62-8e47-11f1-a22d-eeee0a847462.SmartProcureX-srv#flowable-async-job-executor-thread-2161#
[PollStartAppStatusExecution] d9622003-7570-45ea-b8be-97c6305e4251 [2026-08-02T06:51:36.709549] at async _use (/home/vcap/app/node_modules/@sap/cds/lib/srv/factory.js:32:14) (STDERR, APP/PROC/WEB)#
#2026 08 02 07:55:17.551#Z#DEBUG#6828ea62-8e47-11f1-a22d-eeee0a847462.SmartProcureX-srv#flowable-async-job-executor-thread-2161#
[PollStartAppStatusExecution] d9622003-7570-45ea-b8be-97c6305e4251 [2026-08-02T06:51:36.709556] at async Promise.all (index 7) (STDERR, APP/PROC/WEB)#
#2026 08 02 07:55:17.551#Z#DEBUG#6828ea62-8e47-11f1-a22d-eeee0a847462.SmartProcureX-srv#flowable-async-job-executor-thread-2161#
[PollStartAppStatusExecution] d9622003-7570-45ea-b8be-97c6305e4251 [2026-08-02T06:51:36.709562] at async _cds_serve (/home/vcap/app/node_modules/@sap/cds/lib/srv/cds-serve.js:32:16) (STDERR, APP/PROC/WEB)#
#2026 08 02 07:55:17.551#Z#DEBUG#6828ea62-8e47-11f1-a22d-eeee0a847462.SmartProcureX-srv#flowable-async-job-executor-thread-2161#
[PollStartAppStatusExecution] d9622003-7570-45ea-b8be-97c6305e4251 [2026-08-02T06:51:36.709566] at async cds_server (/home/vcap/app/node_modules/@sap/cds/server.js:61:3) (STDERR, APP/PROC/WEB)#
#2026 08 02 07:55:17.551#Z#DEBUG#6828ea62-8e47-11f1-a22d-eeee0a847462.SmartProcureX-srv#flowable-async-job-executor-thread-2161#
[PollStartAppStatusExecution] d9622003-7570-45ea-b8be-97c6305e4251 [2026-08-02T06:51:36.709571] at async serve (/home/vcap/app/node_modules/@sap/cds/bin/serve.js:207:18) (STDERR, APP/PROC/WEB)#
#2026 08 02 07:55:17.551#Z#DEBUG#6828ea62-8e47-11f1-a22d-eeee0a847462.SmartProcureX-srv#flowable-async-job-executor-thread-2161#
[PollStartAppStatusExecution] d9622003-7570-45ea-b8be-97c6305e4251 [2026-08-02T06:51:36.709575] Node.js v24.15.0 (STDERR, APP/PROC/WEB)#
#2026 08 02 07:55:17.551#Z#DEBUG#6828ea62-8e47-11f1-a22d-eeee0a847462.SmartProcureX-srv#flowable-async-job-executor-thread-2161#
[PollStartAppStatusExecution] d9622003-7570-45ea-b8be-97c6305e4251 [2026-08-02T06:51:36.723381] npm notice (STDERR, APP/PROC/WEB)#
#2026 08 02 07:55:17.551#Z#DEBUG#6828ea62-8e47-11f1-a22d-eeee0a847462.SmartProcureX-srv#flowable-async-job-executor-thread-2161#
[PollStartAppStatusExecution] d9622003-7570-45ea-b8be-97c6305e4251 [2026-08-02T06:51:36.723424] npm notice New major version of npm available! 11.12.1 -> 12.0.2 (STDERR, APP/PROC/WEB)#
#2026 08 02 07:55:17.551#Z#DEBUG#6828ea62-8e47-11f1-a22d-eeee0a847462.SmartProcureX-srv#flowable-async-job-executor-thread-2161#
[PollStartAppStatusExecution] d9622003-7570-45ea-b8be-97c6305e4251 [2026-08-02T06:51:36.723438] npm notice Changelog: https://github.com/npm/cli/releases/tag/v12.0.2 (STDERR, APP/PROC/WEB)#
#2026 08 02 07:55:17.551#Z#DEBUG#6828ea62-8e47-11f1-a22d-eeee0a847462.SmartProcureX-srv#flowable-async-job-executor-thread-2161#
[PollStartAppStatusExecution] d9622003-7570-45ea-b8be-97c6305e4251 [2026-08-02T06:51:36.723449] npm notice To update run: npm install -g npm@12.0.2 (STDERR, APP/PROC/WEB)#
#2026 08 02 07:55:17.551#Z#DEBUG#6828ea62-8e47-11f1-a22d-eeee0a847462.SmartProcureX-srv#flowable-async-job-executor-thread-2161#
[PollStartAppStatusExecution] d9622003-7570-45ea-b8be-97c6305e4251 [2026-08-02T06:51:36.723456] npm notice (STDERR, APP/PROC/WEB)#
#2026 08 02 07:55:17.551#Z#DEBUG#6828ea62-8e47-11f1-a22d-eeee0a847462.SmartProcureX-srv#flowable-async-job-executor-thread-2161#
[PollStartAppStatusExecution] d9622003-7570-45ea-b8be-97c6305e4251 [2026-08-02T06:51:36.773744] Exit status 1 (STDOUT, APP/PROC/WEB)#
#2026 08 02 07:55:17.551#Z#DEBUG#6828ea62-8e47-11f1-a22d-eeee0a847462.SmartProcureX-srv#flowable-async-job-executor-thread-2161#
[PollStartAppStatusExecution] d9622003-7570-45ea-b8be-97c6305e4251 [2026-08-02T06:51:43.505845] Cell cdd66a98-00c8-41cf-94b2-8f9408d19596 stopping instance c44085b8-e46a-4433-4037-01fd (STDOUT, CELL)#
#2026 08 02 07:55:17.551#Z#DEBUG#6828ea62-8e47-11f1-a22d-eeee0a847462.SmartProcureX-srv#flowable-async-job-executor-thread-2161#
[PollStartAppStatusExecution] d9622003-7570-45ea-b8be-97c6305e4251 [2026-08-02T06:51:43.505888] Cell cdd66a98-00c8-41cf-94b2-8f9408d19596 destroying container for instance c44085b8-e46a-4433-4037-01fd (STDOUT, CELL)#
#2026 08 02 07:55:17.551#Z#DEBUG#6828ea62-8e47-11f1-a22d-eeee0a847462.SmartProcureX-srv#flowable-async-job-executor-thread-2161#
[PollStartAppStatusExecution] d9622003-7570-45ea-b8be-97c6305e4251 [2026-08-02T06:51:43.522440] Process has crashed with type: "web" (STDOUT, API)#
#2026 08 02 07:55:17.551#Z#DEBUG#6828ea62-8e47-11f1-a22d-eeee0a847462.SmartProcureX-srv#flowable-async-job-executor-thread-2161#
[PollStartAppStatusExecution] d9622003-7570-45ea-b8be-97c6305e4251 [2026-08-02T06:51:43.536710] App instance exited with guid d9622003-7570-45ea-b8be-97c6305e4251 payload: {"instance"=>"c44085b8-e46a-4433-4037-01fd", "index"=>0, "cell_id"=>"cdd66a98-00c8-41cf-94b2-8f9408d19596", "reason"=>"CRASHED", "exit_description"=>"APP/PROC/WEB: Exited with status 1", "crash_count"=>6, "crash_timestamp"=>1785653503502490875, "version"=>"43394f61-e2cb-48cc-a519-642741c80937"} (STDOUT, API)#
#2026 08 02 07:55:17.551#Z#DEBUG#6828ea62-8e47-11f1-a22d-eeee0a847462.SmartProcureX-srv#flowable-async-job-executor-thread-2161#
[PollStartAppStatusExecution] d9622003-7570-45ea-b8be-97c6305e4251 [2026-08-02T06:51:43.590380] Exit status 137 (STDOUT, PROXY)#
#2026 08 02 07:55:17.551#Z#DEBUG#6828ea62-8e47-11f1-a22d-eeee0a847462.SmartProcureX-srv#flowable-async-job-executor-thread-2161#
[PollStartAppStatusExecution] d9622003-7570-45ea-b8be-97c6305e4251 [2026-08-02T06:51:44.627508] Cell cdd66a98-00c8-41cf-94b2-8f9408d19596 successfully destroyed container for instance c44085b8-e46a-4433-4037-01fd (STDOUT, CELL)#
#2026 08 02 07:55:17.551#Z#DEBUG#6828ea62-8e47-11f1-a22d-eeee0a847462.SmartProcureX-srv#flowable-async-job-executor-thread-2161#
[PollStartAppStatusExecution] d9622003-7570-45ea-b8be-97c6305e4251 [2026-08-02T06:56:04.093983] Cell 919653e1-7038-451d-ac9f-e4bd0de8dbda creating container for instance 4aa315b9-d7be-411b-7d84-932a (STDOUT, CELL)#
#2026 08 02 07:55:17.551#Z#DEBUG#6828ea62-8e47-11f1-a22d-eeee0a847462.SmartProcureX-srv#flowable-async-job-executor-thread-2161#
[PollStartAppStatusExecution] d9622003-7570-45ea-b8be-97c6305e4251 [2026-08-02T06:56:04.419781] Security group rules were updated (STDOUT, CELL)#
#2026 08 02 07:55:17.551#Z#DEBUG#6828ea62-8e47-11f1-a22d-eeee0a847462.SmartProcureX-srv#flowable-async-job-executor-thread-2161#
[PollStartAppStatusExecution] d9622003-7570-45ea-b8be-97c6305e4251 [2026-08-02T06:56:04.483737] Cell 919653e1-7038-451d-ac9f-e4bd0de8dbda successfully created container for instance 4aa315b9-d7be-411b-7d84-932a (STDOUT, CELL)#
#2026 08 02 07:55:17.551#Z#DEBUG#6828ea62-8e47-11f1-a22d-eeee0a847462.SmartProcureX-srv#flowable-async-job-executor-thread-2161#
[PollStartAppStatusExecution] d9622003-7570-45ea-b8be-97c6305e4251 [2026-08-02T06:56:04.700345] Downloading droplet... (STDOUT, CELL)#
#2026 08 02 07:55:17.551#Z#DEBUG#6828ea62-8e47-11f1-a22d-eeee0a847462.SmartProcureX-srv#flowable-async-job-executor-thread-2161#
[PollStartAppStatusExecution] d9622003-7570-45ea-b8be-97c6305e4251 [2026-08-02T06:56:05.516911] Downloaded droplet (STDOUT, CELL)#
#2026 08 02 07:55:17.551#Z#DEBUG#6828ea62-8e47-11f1-a22d-eeee0a847462.SmartProcureX-srv#flowable-async-job-executor-thread-2161#
[PollStartAppStatusExecution] d9622003-7570-45ea-b8be-97c6305e4251 [2026-08-02T06:56:05.517124] Starting health monitoring of container (STDOUT, CELL)#
#2026 08 02 07:55:17.551#Z#DEBUG#6828ea62-8e47-11f1-a22d-eeee0a847462.SmartProcureX-srv#flowable-async-job-executor-thread-2161#
[PollStartAppStatusExecution] d9622003-7570-45ea-b8be-97c6305e4251 [2026-08-02T06:56:05.568932] Invoking pre-start scripts. (STDOUT, APP/PROC/WEB)#
#2026 08 02 07:55:17.551#Z#DEBUG#6828ea62-8e47-11f1-a22d-eeee0a847462.SmartProcureX-srv#flowable-async-job-executor-thread-2161#
[PollStartAppStatusExecution] d9622003-7570-45ea-b8be-97c6305e4251 [2026-08-02T06:56:05.709820] Invoking start command. (STDOUT, APP/PROC/WEB)#
#2026 08 02 07:55:17.551#Z#DEBUG#6828ea62-8e47-11f1-a22d-eeee0a847462.SmartProcureX-srv#flowable-async-job-executor-thread-2161#
[PollStartAppStatusExecution] d9622003-7570-45ea-b8be-97c6305e4251 [2026-08-02T06:56:05.998432] > smart-procure-x@1.0.0 start (STDOUT, APP/PROC/WEB)#
#2026 08 02 07:55:17.551#Z#DEBUG#6828ea62-8e47-11f1-a22d-eeee0a847462.SmartProcureX-srv#flowable-async-job-executor-thread-2161#
[PollStartAppStatusExecution] d9622003-7570-45ea-b8be-97c6305e4251 [2026-08-02T06:56:05.998460] > cds-serve (STDOUT, APP/PROC/WEB)#
#2026 08 02 07:55:17.551#Z#DEBUG#6828ea62-8e47-11f1-a22d-eeee0a847462.SmartProcureX-srv#flowable-async-job-executor-thread-2161#
[PollStartAppStatusExecution] d9622003-7570-45ea-b8be-97c6305e4251 [2026-08-02T06:56:06.300348] {"level":"info","logger":"cds","timestamp":"2026-08-02T06:56:06.299Z","layer":"cds","component_type":"application","container_id":"10.37.66.4","component_id":"d9622003-7570-45ea-b8be-97c6305e4251","component_name":"SmartProcureX-srv","component_instance":0,"source_instance":0,"organization_name":"0d79b96ctrial","organization_id":"e8159873-0fc0-4477-a4f9-3c43fdb65fe4","space_name":"dev","space_id":"0628b1b5-c14d-4a0a-abf9-843360b5d7c0","msg":"loaded model from 1 file(s):\n ","type":"log"} (STDOUT, APP/PROC/WEB)#
#2026 08 02 07:55:17.551#Z#DEBUG#6828ea62-8e47-11f1-a22d-eeee0a847462.SmartProcureX-srv#flowable-async-job-executor-thread-2161#
[PollStartAppStatusExecution] d9622003-7570-45ea-b8be-97c6305e4251 [2026-08-02T06:56:06.300640] srv/csn.json (STDOUT, APP/PROC/WEB)#
#2026 08 02 07:55:17.551#Z#DEBUG#6828ea62-8e47-11f1-a22d-eeee0a847462.SmartProcureX-srv#flowable-async-job-executor-thread-2161#
[PollStartAppStatusExecution] d9622003-7570-45ea-b8be-97c6305e4251 [2026-08-02T06:56:06.520933] {"level":"info","logger":"cds","timestamp":"2026-08-02T06:56:06.520Z","layer":"cds","component_type":"application","container_id":"10.37.66.4","component_id":"d9622003-7570-45ea-b8be-97c6305e4251","component_name":"SmartProcureX-srv","component_instance":0,"source_instance":0,"organization_name":"0d79b96ctrial","organization_id":"e8159873-0fc0-4477-a4f9-3c43fdb65fe4","space_name":"dev","space_id":"0628b1b5-c14d-4a0a-abf9-843360b5d7c0","msg":"connect to db > hana {\n  database_id: 'ccb85f22-d9b4-4190-84d2-64f7029bd6f6',\n  host: 'ccb85f22-d9b4-4190-84d2-64f7029bd6f6.hna1.prod-us10.hanacloud.ondemand.com',\n  port: '443',\n  driver: 'com.sap.db.jdbc.Driver',\n  url: 'jdbc:sap://ccb85f22-d9b4-4190-84d2-64f7029bd6f6.hna1.prod-us10.hanacloud.ondemand.com:443?encrypt=true&validateCertificate=true&currentschema=B2E83F60A5C34A6E98091CC639322A6C',\n  schema: 'B2E83F60A5C34A6E98091CC639322A6C',\n  certificate: '...',\n  hdi_user: 'B2E83F60A5C34A6E98091CC639322A6C_F15SDO7AIVZ7IX7EZZDN0GDKE_DT',\n  hdi_password: '...',\n  user: 'B2E83F60A5C34A6E98091CC639322A6C_F15SDO7AIVZ7IX7EZZDN0GDKE_RT',\n  password: '...'\n}","type":"log"} (STDOUT, APP/PROC/WEB)#
#2026 08 02 07:55:17.551#Z#DEBUG#6828ea62-8e47-11f1-a22d-eeee0a847462.SmartProcureX-srv#flowable-async-job-executor-thread-2161#
[PollStartAppStatusExecution] d9622003-7570-45ea-b8be-97c6305e4251 [2026-08-02T06:56:06.574898] file:///home/vcap/app/srv/whoami-service.js:1 (STDERR, APP/PROC/WEB)#
#2026 08 02 07:55:17.551#Z#DEBUG#6828ea62-8e47-11f1-a22d-eeee0a847462.SmartProcureX-srv#flowable-async-job-executor-thread-2161#
[PollStartAppStatusExecution] d9622003-7570-45ea-b8be-97c6305e4251 [2026-08-02T06:56:06.574921] module.exports = class WhoAmIService extends cds.ApplicationService { (STDERR, APP/PROC/WEB)#
#2026 08 02 07:55:17.551#Z#DEBUG#6828ea62-8e47-11f1-a22d-eeee0a847462.SmartProcureX-srv#flowable-async-job-executor-thread-2161#
[PollStartAppStatusExecution] d9622003-7570-45ea-b8be-97c6305e4251 [2026-08-02T06:56:06.574923] ^ (STDERR, APP/PROC/WEB)#
#2026 08 02 07:55:17.551#Z#DEBUG#6828ea62-8e47-11f1-a22d-eeee0a847462.SmartProcureX-srv#flowable-async-job-executor-thread-2161#
[PollStartAppStatusExecution] d9622003-7570-45ea-b8be-97c6305e4251 [2026-08-02T06:56:06.574927] ReferenceError: module is not defined in ES module scope (STDERR, APP/PROC/WEB)#
#2026 08 02 07:55:17.551#Z#DEBUG#6828ea62-8e47-11f1-a22d-eeee0a847462.SmartProcureX-srv#flowable-async-job-executor-thread-2161#
[PollStartAppStatusExecution] d9622003-7570-45ea-b8be-97c6305e4251 [2026-08-02T06:56:06.574935] This file is being treated as an ES module because it has a '.js' file extension and '/home/vcap/app/package.json' contains "type": "module". To treat it as a CommonJS script, rename it to use the '.cjs' file extension. (STDERR, APP/PROC/WEB)#
#2026 08 02 07:55:17.551#Z#DEBUG#6828ea62-8e47-11f1-a22d-eeee0a847462.SmartProcureX-srv#flowable-async-job-executor-thread-2161#
[PollStartAppStatusExecution] d9622003-7570-45ea-b8be-97c6305e4251 [2026-08-02T06:56:06.574937] at file:///home/vcap/app/srv/whoami-service.js:1:1 (STDERR, APP/PROC/WEB)#
#2026 08 02 07:55:17.551#Z#DEBUG#6828ea62-8e47-11f1-a22d-eeee0a847462.SmartProcureX-srv#flowable-async-job-executor-thread-2161#
[PollStartAppStatusExecution] d9622003-7570-45ea-b8be-97c6305e4251 [2026-08-02T06:56:06.574939] at ModuleJob.run (node:internal/modules/esm/module_job:437:25) (STDERR, APP/PROC/WEB)#
#2026 08 02 07:55:17.551#Z#DEBUG#6828ea62-8e47-11f1-a22d-eeee0a847462.SmartProcureX-srv#flowable-async-job-executor-thread-2161#
[PollStartAppStatusExecution] d9622003-7570-45ea-b8be-97c6305e4251 [2026-08-02T06:56:06.574942] at async node:internal/modules/esm/loader:639:26 (STDERR, APP/PROC/WEB)#
#2026 08 02 07:55:17.551#Z#DEBUG#6828ea62-8e47-11f1-a22d-eeee0a847462.SmartProcureX-srv#flowable-async-job-executor-thread-2161#
[PollStartAppStatusExecution] d9622003-7570-45ea-b8be-97c6305e4251 [2026-08-02T06:56:06.574948] at async _use (/home/vcap/app/node_modules/@sap/cds/lib/srv/factory.js:32:14) (STDERR, APP/PROC/WEB)#
#2026 08 02 07:55:17.551#Z#DEBUG#6828ea62-8e47-11f1-a22d-eeee0a847462.SmartProcureX-srv#flowable-async-job-executor-thread-2161#
[PollStartAppStatusExecution] d9622003-7570-45ea-b8be-97c6305e4251 [2026-08-02T06:56:06.574950] at async Promise.all (index 7) (STDERR, APP/PROC/WEB)#
#2026 08 02 07:55:17.551#Z#DEBUG#6828ea62-8e47-11f1-a22d-eeee0a847462.SmartProcureX-srv#flowable-async-job-executor-thread-2161#
[PollStartAppStatusExecution] d9622003-7570-45ea-b8be-97c6305e4251 [2026-08-02T06:56:06.574952] at async _cds_serve (/home/vcap/app/node_modules/@sap/cds/lib/srv/cds-serve.js:32:16) (STDERR, APP/PROC/WEB)#
#2026 08 02 07:55:17.551#Z#DEBUG#6828ea62-8e47-11f1-a22d-eeee0a847462.SmartProcureX-srv#flowable-async-job-executor-thread-2161#
[PollStartAppStatusExecution] d9622003-7570-45ea-b8be-97c6305e4251 [2026-08-02T06:56:06.574954] at async cds_server (/home/vcap/app/node_modules/@sap/cds/server.js:61:3) (STDERR, APP/PROC/WEB)#
#2026 08 02 07:55:17.551#Z#DEBUG#6828ea62-8e47-11f1-a22d-eeee0a847462.SmartProcureX-srv#flowable-async-job-executor-thread-2161#
[PollStartAppStatusExecution] d9622003-7570-45ea-b8be-97c6305e4251 [2026-08-02T06:56:06.574956] at async serve (/home/vcap/app/node_modules/@sap/cds/bin/serve.js:207:18) (STDERR, APP/PROC/WEB)#
#2026 08 02 07:55:17.551#Z#DEBUG#6828ea62-8e47-11f1-a22d-eeee0a847462.SmartProcureX-srv#flowable-async-job-executor-thread-2161#
[PollStartAppStatusExecution] d9622003-7570-45ea-b8be-97c6305e4251 [2026-08-02T06:56:06.574959] Node.js v24.15.0 (STDERR, APP/PROC/WEB)#
#2026 08 02 07:55:17.551#Z#DEBUG#6828ea62-8e47-11f1-a22d-eeee0a847462.SmartProcureX-srv#flowable-async-job-executor-thread-2161#
[PollStartAppStatusExecution] d9622003-7570-45ea-b8be-97c6305e4251 [2026-08-02T06:56:06.589178] npm notice (STDERR, APP/PROC/WEB)#
#2026 08 02 07:55:17.551#Z#DEBUG#6828ea62-8e47-11f1-a22d-eeee0a847462.SmartProcureX-srv#flowable-async-job-executor-thread-2161#
[PollStartAppStatusExecution] d9622003-7570-45ea-b8be-97c6305e4251 [2026-08-02T06:56:06.589202] npm notice New major version of npm available! 11.12.1 -> 12.0.2 (STDERR, APP/PROC/WEB)#
#2026 08 02 07:55:17.551#Z#DEBUG#6828ea62-8e47-11f1-a22d-eeee0a847462.SmartProcureX-srv#flowable-async-job-executor-thread-2161#
[PollStartAppStatusExecution] d9622003-7570-45ea-b8be-97c6305e4251 [2026-08-02T06:56:06.589209] npm notice Changelog: https://github.com/npm/cli/releases/tag/v12.0.2 (STDERR, APP/PROC/WEB)#
#2026 08 02 07:55:17.551#Z#DEBUG#6828ea62-8e47-11f1-a22d-eeee0a847462.SmartProcureX-srv#flowable-async-job-executor-thread-2161#
[PollStartAppStatusExecution] d9622003-7570-45ea-b8be-97c6305e4251 [2026-08-02T06:56:06.589213] npm notice To update run: npm install -g npm@12.0.2 (STDERR, APP/PROC/WEB)#
#2026 08 02 07:55:17.551#Z#DEBUG#6828ea62-8e47-11f1-a22d-eeee0a847462.SmartProcureX-srv#flowable-async-job-executor-thread-2161#
[PollStartAppStatusExecution] d9622003-7570-45ea-b8be-97c6305e4251 [2026-08-02T06:56:06.589216] npm notice (STDERR, APP/PROC/WEB)#
#2026 08 02 07:55:17.551#Z#DEBUG#6828ea62-8e47-11f1-a22d-eeee0a847462.SmartProcureX-srv#flowable-async-job-executor-thread-2161#
[PollStartAppStatusExecution] d9622003-7570-45ea-b8be-97c6305e4251 [2026-08-02T06:56:06.640871] Exit status 1 (STDOUT, APP/PROC/WEB)#
#2026 08 02 07:55:17.551#Z#DEBUG#6828ea62-8e47-11f1-a22d-eeee0a847462.SmartProcureX-srv#flowable-async-job-executor-thread-2161#
[PollStartAppStatusExecution] d9622003-7570-45ea-b8be-97c6305e4251 [2026-08-02T06:56:13.427056] Cell 919653e1-7038-451d-ac9f-e4bd0de8dbda stopping instance 4aa315b9-d7be-411b-7d84-932a (STDOUT, CELL)#
#2026 08 02 07:55:17.551#Z#DEBUG#6828ea62-8e47-11f1-a22d-eeee0a847462.SmartProcureX-srv#flowable-async-job-executor-thread-2161#
[PollStartAppStatusExecution] d9622003-7570-45ea-b8be-97c6305e4251 [2026-08-02T06:56:13.427093] Cell 919653e1-7038-451d-ac9f-e4bd0de8dbda destroying container for instance 4aa315b9-d7be-411b-7d84-932a (STDOUT, CELL)#
#2026 08 02 07:55:17.551#Z#DEBUG#6828ea62-8e47-11f1-a22d-eeee0a847462.SmartProcureX-srv#flowable-async-job-executor-thread-2161#
[PollStartAppStatusExecution] d9622003-7570-45ea-b8be-97c6305e4251 [2026-08-02T06:56:13.447748] Process has crashed with type: "web" (STDOUT, API)#
#2026 08 02 07:55:17.551#Z#DEBUG#6828ea62-8e47-11f1-a22d-eeee0a847462.SmartProcureX-srv#flowable-async-job-executor-thread-2161#
[PollStartAppStatusExecution] d9622003-7570-45ea-b8be-97c6305e4251 [2026-08-02T06:56:13.466550] App instance exited with guid d9622003-7570-45ea-b8be-97c6305e4251 payload: {"instance"=>"4aa315b9-d7be-411b-7d84-932a", "index"=>0, "cell_id"=>"919653e1-7038-451d-ac9f-e4bd0de8dbda", "reason"=>"CRASHED", "exit_description"=>"APP/PROC/WEB: Exited with status 1", "crash_count"=>7, "crash_timestamp"=>1785653773424124552, "version"=>"43394f61-e2cb-48cc-a519-642741c80937"} (STDOUT, API)#
#2026 08 02 07:55:17.551#Z#DEBUG#6828ea62-8e47-11f1-a22d-eeee0a847462.SmartProcureX-srv#flowable-async-job-executor-thread-2161#
[PollStartAppStatusExecution] d9622003-7570-45ea-b8be-97c6305e4251 [2026-08-02T06:56:13.520441] Exit status 137 (STDOUT, PROXY)#
#2026 08 02 07:55:17.551#Z#DEBUG#6828ea62-8e47-11f1-a22d-eeee0a847462.SmartProcureX-srv#flowable-async-job-executor-thread-2161#
[PollStartAppStatusExecution] d9622003-7570-45ea-b8be-97c6305e4251 [2026-08-02T06:56:14.609147] Cell 919653e1-7038-451d-ac9f-e4bd0de8dbda successfully destroyed container for instance 4aa315b9-d7be-411b-7d84-932a (STDOUT, CELL)#
#2026 08 02 07:55:17.551#Z#DEBUG#6828ea62-8e47-11f1-a22d-eeee0a847462.SmartProcureX-srv#flowable-async-job-executor-thread-2161#
[PollStartAppStatusExecution] d9622003-7570-45ea-b8be-97c6305e4251 [2026-08-02T07:02:24.232676] Updated app with guid d9622003-7570-45ea-b8be-97c6305e4251 ({"lifecycle"=>{"data"=>{"buildpacks"=>["nodejs_buildpack"]}, "type"=>"buildpack"}}) (STDOUT, API)#
#2026 08 02 07:55:17.551#Z#DEBUG#6828ea62-8e47-11f1-a22d-eeee0a847462.SmartProcureX-srv#flowable-async-job-executor-thread-2161#
[PollStartAppStatusExecution] d9622003-7570-45ea-b8be-97c6305e4251 [2026-08-02T07:02:24.338694] Updating process: "web" (STDOUT, API)#
#2026 08 02 07:55:17.551#Z#DEBUG#6828ea62-8e47-11f1-a22d-eeee0a847462.SmartProcureX-srv#flowable-async-job-executor-thread-2161#
[PollStartAppStatusExecution] d9622003-7570-45ea-b8be-97c6305e4251 [2026-08-02T07:02:53.920507] Uploading app package for app with guid d9622003-7570-45ea-b8be-97c6305e4251 (STDOUT, API)#
#2026 08 02 07:55:17.551#Z#DEBUG#6828ea62-8e47-11f1-a22d-eeee0a847462.SmartProcureX-srv#flowable-async-job-executor-thread-2161#
[PollStartAppStatusExecution] d9622003-7570-45ea-b8be-97c6305e4251 [2026-08-02T07:02:54.091059] Updated app with guid d9622003-7570-45ea-b8be-97c6305e4251 ({"environment_variables"=>"[PRIVATE DATA HIDDEN]"}) (STDOUT, API)#
#2026 08 02 07:55:17.551#Z#DEBUG#6828ea62-8e47-11f1-a22d-eeee0a847462.SmartProcureX-srv#flowable-async-job-executor-thread-2161#
[PollStartAppStatusExecution] d9622003-7570-45ea-b8be-97c6305e4251 [2026-08-02T07:03:04.088091] Stopping app with guid d9622003-7570-45ea-b8be-97c6305e4251 (STDOUT, API)#
#2026 08 02 07:55:17.551#Z#DEBUG#6828ea62-8e47-11f1-a22d-eeee0a847462.SmartProcureX-srv#flowable-async-job-executor-thread-2161#
[PollStartAppStatusExecution] d9622003-7570-45ea-b8be-97c6305e4251 [2026-08-02T07:03:04.303245] Creating build for app with guid d9622003-7570-45ea-b8be-97c6305e4251 (STDOUT, API)#
#2026 08 02 07:55:17.551#Z#DEBUG#6828ea62-8e47-11f1-a22d-eeee0a847462.SmartProcureX-srv#flowable-async-job-executor-thread-2161#
[PollStartAppStatusExecution] d9622003-7570-45ea-b8be-97c6305e4251 [2026-08-02T07:03:04.617771] Downloading nodejs_buildpack... (STDOUT, STG)#
#2026 08 02 07:55:17.551#Z#DEBUG#6828ea62-8e47-11f1-a22d-eeee0a847462.SmartProcureX-srv#flowable-async-job-executor-thread-2161#
[PollStartAppStatusExecution] d9622003-7570-45ea-b8be-97c6305e4251 [2026-08-02T07:03:04.679237] Downloaded nodejs_buildpack (STDOUT, STG)#
#2026 08 02 07:55:17.551#Z#DEBUG#6828ea62-8e47-11f1-a22d-eeee0a847462.SmartProcureX-srv#flowable-async-job-executor-thread-2161#
[PollStartAppStatusExecution] d9622003-7570-45ea-b8be-97c6305e4251 [2026-08-02T07:03:04.679286] Cell 89b9d699-6741-4253-b74d-7b474c46b6cc creating container for instance cc14496f-3bad-4bd3-a90e-71632ea24045 (STDOUT, STG)#
#2026 08 02 07:55:17.551#Z#DEBUG#6828ea62-8e47-11f1-a22d-eeee0a847462.SmartProcureX-srv#flowable-async-job-executor-thread-2161#
[PollStartAppStatusExecution] d9622003-7570-45ea-b8be-97c6305e4251 [2026-08-02T07:03:04.974356] Security group rules were updated (STDOUT, STG)#
#2026 08 02 07:55:17.551#Z#DEBUG#6828ea62-8e47-11f1-a22d-eeee0a847462.SmartProcureX-srv#flowable-async-job-executor-thread-2161#
[PollStartAppStatusExecution] d9622003-7570-45ea-b8be-97c6305e4251 [2026-08-02T07:03:05.019979] Cell 89b9d699-6741-4253-b74d-7b474c46b6cc successfully created container for instance cc14496f-3bad-4bd3-a90e-71632ea24045 (STDOUT, STG)#
#2026 08 02 07:55:17.551#Z#DEBUG#6828ea62-8e47-11f1-a22d-eeee0a847462.SmartProcureX-srv#flowable-async-job-executor-thread-2161#
[PollStartAppStatusExecution] d9622003-7570-45ea-b8be-97c6305e4251 [2026-08-02T07:03:05.550860] Downloading app package... (STDOUT, STG)#
#2026 08 02 07:55:17.551#Z#DEBUG#6828ea62-8e47-11f1-a22d-eeee0a847462.SmartProcureX-srv#flowable-async-job-executor-thread-2161#
[PollStartAppStatusExecution] d9622003-7570-45ea-b8be-97c6305e4251 [2026-08-02T07:03:05.550885] Downloading build artifacts cache... (STDOUT, STG)#
#2026 08 02 07:55:17.551#Z#DEBUG#6828ea62-8e47-11f1-a22d-eeee0a847462.SmartProcureX-srv#flowable-async-job-executor-thread-2161#
[PollStartAppStatusExecution] d9622003-7570-45ea-b8be-97c6305e4251 [2026-08-02T07:03:05.653651] Downloaded build artifacts cache (224B) (STDOUT, STG)#
#2026 08 02 07:55:17.551#Z#DEBUG#6828ea62-8e47-11f1-a22d-eeee0a847462.SmartProcureX-srv#flowable-async-job-executor-thread-2161#
[PollStartAppStatusExecution] d9622003-7570-45ea-b8be-97c6305e4251 [2026-08-02T07:03:05.900948] Downloaded app package (3.5M) (STDOUT, STG)#
#2026 08 02 07:55:17.551#Z#DEBUG#6828ea62-8e47-11f1-a22d-eeee0a847462.SmartProcureX-srv#flowable-async-job-executor-thread-2161#
[PollStartAppStatusExecution] d9622003-7570-45ea-b8be-97c6305e4251 [2026-08-02T07:03:05.953624] -----> Nodejs Buildpack version 1.9.2 (STDOUT, STG)#
#2026 08 02 07:55:17.551#Z#DEBUG#6828ea62-8e47-11f1-a22d-eeee0a847462.SmartProcureX-srv#flowable-async-job-executor-thread-2161#
[PollStartAppStatusExecution] d9622003-7570-45ea-b8be-97c6305e4251 [2026-08-02T07:03:06.080794] -----> Bootstrapping python (STDOUT, STG)#
#2026 08 02 07:55:17.551#Z#DEBUG#6828ea62-8e47-11f1-a22d-eeee0a847462.SmartProcureX-srv#flowable-async-job-executor-thread-2161#
[PollStartAppStatusExecution] d9622003-7570-45ea-b8be-97c6305e4251 [2026-08-02T07:03:06.080810] -----> Installing python 3.13.13 (STDOUT, STG)#
#2026 08 02 07:55:17.551#Z#DEBUG#6828ea62-8e47-11f1-a22d-eeee0a847462.SmartProcureX-srv#flowable-async-job-executor-thread-2161#
[PollStartAppStatusExecution] d9622003-7570-45ea-b8be-97c6305e4251 [2026-08-02T07:03:06.080909] Copy [/tmp/buildpacks/411ec6166282b4d1/dependencies/268a5e3743d51a14b86ea9da64439307/python_3.13.13_linux_x64_cflinuxfs4_8311abbf.tgz] (STDOUT, STG)#
#2026 08 02 07:55:17.551#Z#DEBUG#6828ea62-8e47-11f1-a22d-eeee0a847462.SmartProcureX-srv#flowable-async-job-executor-thread-2161#
[PollStartAppStatusExecution] d9622003-7570-45ea-b8be-97c6305e4251 [2026-08-02T07:03:08.983303] -----> Installing binaries (STDOUT, STG)#
#2026 08 02 07:55:17.551#Z#DEBUG#6828ea62-8e47-11f1-a22d-eeee0a847462.SmartProcureX-srv#flowable-async-job-executor-thread-2161#
[PollStartAppStatusExecution] d9622003-7570-45ea-b8be-97c6305e4251 [2026-08-02T07:03:08.983373] engines.node (package.json): ^24 (STDOUT, STG)#
#2026 08 02 07:55:17.551#Z#DEBUG#6828ea62-8e47-11f1-a22d-eeee0a847462.SmartProcureX-srv#flowable-async-job-executor-thread-2161#
[PollStartAppStatusExecution] d9622003-7570-45ea-b8be-97c6305e4251 [2026-08-02T07:03:08.983390] engines.npm (package.json): unspecified (use default) (STDOUT, STG)#
#2026 08 02 07:55:17.551#Z#DEBUG#6828ea62-8e47-11f1-a22d-eeee0a847462.SmartProcureX-srv#flowable-async-job-executor-thread-2161#
[PollStartAppStatusExecution] d9622003-7570-45ea-b8be-97c6305e4251 [2026-08-02T07:03:08.983458] -----> Installing node 24.15.0 (STDOUT, STG)#
#2026 08 02 07:55:17.551#Z#DEBUG#6828ea62-8e47-11f1-a22d-eeee0a847462.SmartProcureX-srv#flowable-async-job-executor-thread-2161#
[PollStartAppStatusExecution] d9622003-7570-45ea-b8be-97c6305e4251 [2026-08-02T07:03:08.983547] Copy [/tmp/buildpacks/411ec6166282b4d1/dependencies/6441e97e6386f47ec4c16cfdf8db0a17/node_24.15.0_linux_x64_cflinuxfs4_1a62d98b.tgz] (STDOUT, STG)#
#2026 08 02 07:55:17.551#Z#DEBUG#6828ea62-8e47-11f1-a22d-eeee0a847462.SmartProcureX-srv#flowable-async-job-executor-thread-2161#
[PollStartAppStatusExecution] d9622003-7570-45ea-b8be-97c6305e4251 [2026-08-02T07:03:10.661667] Using default npm version: 11.12.1 (STDOUT, STG)#
#2026 08 02 07:55:17.551#Z#DEBUG#6828ea62-8e47-11f1-a22d-eeee0a847462.SmartProcureX-srv#flowable-async-job-executor-thread-2161#
[PollStartAppStatusExecution] d9622003-7570-45ea-b8be-97c6305e4251 [2026-08-02T07:03:10.661689] -----> Installing yarn 1.22.22 (STDOUT, STG)#
#2026 08 02 07:55:17.551#Z#DEBUG#6828ea62-8e47-11f1-a22d-eeee0a847462.SmartProcureX-srv#flowable-async-job-executor-thread-2161#
[PollStartAppStatusExecution] d9622003-7570-45ea-b8be-97c6305e4251 [2026-08-02T07:03:10.661807] Copy [/tmp/buildpacks/411ec6166282b4d1/dependencies/e4fe26756e9984a665478d350474fa2e/yarn_1.22.22_linux_noarch_any-stack_b6132b86.tgz] (STDOUT, STG)#
#2026 08 02 07:55:17.551#Z#DEBUG#6828ea62-8e47-11f1-a22d-eeee0a847462.SmartProcureX-srv#flowable-async-job-executor-thread-2161#
[PollStartAppStatusExecution] d9622003-7570-45ea-b8be-97c6305e4251 [2026-08-02T07:03:10.910984] Installed yarn 1.22.22 (STDOUT, STG)#
#2026 08 02 07:55:17.551#Z#DEBUG#6828ea62-8e47-11f1-a22d-eeee0a847462.SmartProcureX-srv#flowable-async-job-executor-thread-2161#
[PollStartAppStatusExecution] d9622003-7570-45ea-b8be-97c6305e4251 [2026-08-02T07:03:10.911017] -----> Creating runtime environment (STDOUT, STG)#
#2026 08 02 07:55:17.551#Z#DEBUG#6828ea62-8e47-11f1-a22d-eeee0a847462.SmartProcureX-srv#flowable-async-job-executor-thread-2161#
[PollStartAppStatusExecution] d9622003-7570-45ea-b8be-97c6305e4251 [2026-08-02T07:03:10.912783] NODE_ENV=production (STDOUT, STG)#
#2026 08 02 07:55:17.551#Z#DEBUG#6828ea62-8e47-11f1-a22d-eeee0a847462.SmartProcureX-srv#flowable-async-job-executor-thread-2161#
[PollStartAppStatusExecution] d9622003-7570-45ea-b8be-97c6305e4251 [2026-08-02T07:03:10.912805] NODE_HOME=/tmp/contents1467308189/deps/0/node (STDOUT, STG)#
#2026 08 02 07:55:17.551#Z#DEBUG#6828ea62-8e47-11f1-a22d-eeee0a847462.SmartProcureX-srv#flowable-async-job-executor-thread-2161#
[PollStartAppStatusExecution] d9622003-7570-45ea-b8be-97c6305e4251 [2026-08-02T07:03:10.912811] NODE_MODULES_CACHE=true (STDOUT, STG)#
#2026 08 02 07:55:17.551#Z#DEBUG#6828ea62-8e47-11f1-a22d-eeee0a847462.SmartProcureX-srv#flowable-async-job-executor-thread-2161#
[PollStartAppStatusExecution] d9622003-7570-45ea-b8be-97c6305e4251 [2026-08-02T07:03:10.912814] NODE_VERBOSE=false (STDOUT, STG)#
#2026 08 02 07:55:17.551#Z#DEBUG#6828ea62-8e47-11f1-a22d-eeee0a847462.SmartProcureX-srv#flowable-async-job-executor-thread-2161#
[PollStartAppStatusExecution] d9622003-7570-45ea-b8be-97c6305e4251 [2026-08-02T07:03:10.912816] NPM_CONFIG_LOGLEVEL=error (STDOUT, STG)#
#2026 08 02 07:55:17.551#Z#DEBUG#6828ea62-8e47-11f1-a22d-eeee0a847462.SmartProcureX-srv#flowable-async-job-executor-thread-2161#
[PollStartAppStatusExecution] d9622003-7570-45ea-b8be-97c6305e4251 [2026-08-02T07:03:10.912818] NPM_CONFIG_PRODUCTION=true (STDOUT, STG)#
#2026 08 02 07:55:17.551#Z#DEBUG#6828ea62-8e47-11f1-a22d-eeee0a847462.SmartProcureX-srv#flowable-async-job-executor-thread-2161#
[PollStartAppStatusExecution] d9622003-7570-45ea-b8be-97c6305e4251 [2026-08-02T07:03:10.912820] -----> Building dependencies (STDOUT, STG)#
#2026 08 02 07:55:17.551#Z#DEBUG#6828ea62-8e47-11f1-a22d-eeee0a847462.SmartProcureX-srv#flowable-async-job-executor-thread-2161#
[PollStartAppStatusExecution] d9622003-7570-45ea-b8be-97c6305e4251 [2026-08-02T07:03:10.912822] Prebuild detected (node_modules already exists) (STDOUT, STG)#
#2026 08 02 07:55:17.551#Z#DEBUG#6828ea62-8e47-11f1-a22d-eeee0a847462.SmartProcureX-srv#flowable-async-job-executor-thread-2161#
[PollStartAppStatusExecution] d9622003-7570-45ea-b8be-97c6305e4251 [2026-08-02T07:03:10.912834] Rebuilding any native modules (STDOUT, STG)#
#2026 08 02 07:55:17.551#Z#DEBUG#6828ea62-8e47-11f1-a22d-eeee0a847462.SmartProcureX-srv#flowable-async-job-executor-thread-2161#
[PollStartAppStatusExecution] d9622003-7570-45ea-b8be-97c6305e4251 [2026-08-02T07:03:11.394039] rebuilt dependencies successfully (STDOUT, STG)#
#2026 08 02 07:55:17.551#Z#DEBUG#6828ea62-8e47-11f1-a22d-eeee0a847462.SmartProcureX-srv#flowable-async-job-executor-thread-2161#
[PollStartAppStatusExecution] d9622003-7570-45ea-b8be-97c6305e4251 [2026-08-02T07:03:11.395186] npm notice (STDOUT, STG)#
#2026 08 02 07:55:17.551#Z#DEBUG#6828ea62-8e47-11f1-a22d-eeee0a847462.SmartProcureX-srv#flowable-async-job-executor-thread-2161#
[PollStartAppStatusExecution] d9622003-7570-45ea-b8be-97c6305e4251 [2026-08-02T07:03:11.395206] npm notice New major version of npm available! 11.12.1 -> 12.0.2 (STDOUT, STG)#
#2026 08 02 07:55:17.551#Z#DEBUG#6828ea62-8e47-11f1-a22d-eeee0a847462.SmartProcureX-srv#flowable-async-job-executor-thread-2161#
[PollStartAppStatusExecution] d9622003-7570-45ea-b8be-97c6305e4251 [2026-08-02T07:03:11.395209] npm notice Changelog: https://github.com/npm/cli/releases/tag/v12.0.2 (STDOUT, STG)#
#2026 08 02 07:55:17.551#Z#DEBUG#6828ea62-8e47-11f1-a22d-eeee0a847462.SmartProcureX-srv#flowable-async-job-executor-thread-2161#
[PollStartAppStatusExecution] d9622003-7570-45ea-b8be-97c6305e4251 [2026-08-02T07:03:11.395212] npm notice To update run: npm install -g npm@12.0.2 (STDOUT, STG)#
#2026 08 02 07:55:17.551#Z#DEBUG#6828ea62-8e47-11f1-a22d-eeee0a847462.SmartProcureX-srv#flowable-async-job-executor-thread-2161#
[PollStartAppStatusExecution] d9622003-7570-45ea-b8be-97c6305e4251 [2026-08-02T07:03:11.395216] npm notice (STDOUT, STG)#
#2026 08 02 07:55:17.551#Z#DEBUG#6828ea62-8e47-11f1-a22d-eeee0a847462.SmartProcureX-srv#flowable-async-job-executor-thread-2161#
[PollStartAppStatusExecution] d9622003-7570-45ea-b8be-97c6305e4251 [2026-08-02T07:03:11.441509] Installing any new modules (package.json + package-lock.json) (STDOUT, STG)#
#2026 08 02 07:55:17.551#Z#DEBUG#6828ea62-8e47-11f1-a22d-eeee0a847462.SmartProcureX-srv#flowable-async-job-executor-thread-2161#
[PollStartAppStatusExecution] d9622003-7570-45ea-b8be-97c6305e4251 [2026-08-02T07:03:11.871793] up to date in 369ms (STDOUT, STG)#
#2026 08 02 07:55:17.551#Z#DEBUG#6828ea62-8e47-11f1-a22d-eeee0a847462.SmartProcureX-srv#flowable-async-job-executor-thread-2161#
[PollStartAppStatusExecution] d9622003-7570-45ea-b8be-97c6305e4251 [2026-08-02T07:03:11.871946] 29 packages are looking for funding (STDOUT, STG)#
#2026 08 02 07:55:17.551#Z#DEBUG#6828ea62-8e47-11f1-a22d-eeee0a847462.SmartProcureX-srv#flowable-async-job-executor-thread-2161#
[PollStartAppStatusExecution] d9622003-7570-45ea-b8be-97c6305e4251 [2026-08-02T07:03:11.872041] run `npm fund` for details (STDOUT, STG)#
#2026 08 02 07:55:17.551#Z#DEBUG#6828ea62-8e47-11f1-a22d-eeee0a847462.SmartProcureX-srv#flowable-async-job-executor-thread-2161#
[PollStartAppStatusExecution] d9622003-7570-45ea-b8be-97c6305e4251 [2026-08-02T07:03:12.345468] Contrast Security no credentials found. Will not write environment files. (STDOUT, STG)#
#2026 08 02 07:55:17.551#Z#DEBUG#6828ea62-8e47-11f1-a22d-eeee0a847462.SmartProcureX-srv#flowable-async-job-executor-thread-2161#
[PollStartAppStatusExecution] d9622003-7570-45ea-b8be-97c6305e4251 [2026-08-02T07:03:20.015176] Exit status 0 (STDOUT, STG)#
#2026 08 02 07:55:17.551#Z#DEBUG#6828ea62-8e47-11f1-a22d-eeee0a847462.SmartProcureX-srv#flowable-async-job-executor-thread-2161#
[PollStartAppStatusExecution] d9622003-7570-45ea-b8be-97c6305e4251 [2026-08-02T07:03:20.015217] Uploading droplet, build artifacts cache... (STDOUT, STG)#
#2026 08 02 07:55:17.551#Z#DEBUG#6828ea62-8e47-11f1-a22d-eeee0a847462.SmartProcureX-srv#flowable-async-job-executor-thread-2161#
[PollStartAppStatusExecution] d9622003-7570-45ea-b8be-97c6305e4251 [2026-08-02T07:03:20.015265] Uploading droplet... (STDOUT, STG)#
#2026 08 02 07:55:17.551#Z#DEBUG#6828ea62-8e47-11f1-a22d-eeee0a847462.SmartProcureX-srv#flowable-async-job-executor-thread-2161#
[PollStartAppStatusExecution] d9622003-7570-45ea-b8be-97c6305e4251 [2026-08-02T07:03:20.015266] Uploading build artifacts cache... (STDOUT, STG)#
#2026 08 02 07:55:17.551#Z#DEBUG#6828ea62-8e47-11f1-a22d-eeee0a847462.SmartProcureX-srv#flowable-async-job-executor-thread-2161#
[PollStartAppStatusExecution] d9622003-7570-45ea-b8be-97c6305e4251 [2026-08-02T07:03:20.035166] Uploaded build artifacts cache (225B) (STDOUT, STG)#
#2026 08 02 07:55:17.551#Z#DEBUG#6828ea62-8e47-11f1-a22d-eeee0a847462.SmartProcureX-srv#flowable-async-job-executor-thread-2161#
[PollStartAppStatusExecution] d9622003-7570-45ea-b8be-97c6305e4251 [2026-08-02T07:03:20.649419] Creating droplet for app with guid d9622003-7570-45ea-b8be-97c6305e4251 (STDOUT, API)#
#2026 08 02 07:55:17.551#Z#DEBUG#6828ea62-8e47-11f1-a22d-eeee0a847462.SmartProcureX-srv#flowable-async-job-executor-thread-2161#
[PollStartAppStatusExecution] d9622003-7570-45ea-b8be-97c6305e4251 [2026-08-02T07:03:26.718551] Uploaded droplet (59.4M) (STDOUT, STG)#
#2026 08 02 07:55:17.551#Z#DEBUG#6828ea62-8e47-11f1-a22d-eeee0a847462.SmartProcureX-srv#flowable-async-job-executor-thread-2161#
[PollStartAppStatusExecution] d9622003-7570-45ea-b8be-97c6305e4251 [2026-08-02T07:03:26.733252] Uploading complete (STDOUT, STG)#
#2026 08 02 07:55:17.551#Z#DEBUG#6828ea62-8e47-11f1-a22d-eeee0a847462.SmartProcureX-srv#flowable-async-job-executor-thread-2161#
[PollStartAppStatusExecution] d9622003-7570-45ea-b8be-97c6305e4251 [2026-08-02T07:03:27.115106] Cell 89b9d699-6741-4253-b74d-7b474c46b6cc stopping instance cc14496f-3bad-4bd3-a90e-71632ea24045 (STDOUT, STG)#
#2026 08 02 07:55:17.551#Z#DEBUG#6828ea62-8e47-11f1-a22d-eeee0a847462.SmartProcureX-srv#flowable-async-job-executor-thread-2161#
[PollStartAppStatusExecution] d9622003-7570-45ea-b8be-97c6305e4251 [2026-08-02T07:03:27.115155] Cell 89b9d699-6741-4253-b74d-7b474c46b6cc destroying container for instance cc14496f-3bad-4bd3-a90e-71632ea24045 (STDOUT, STG)#
#2026 08 02 07:55:17.551#Z#DEBUG#6828ea62-8e47-11f1-a22d-eeee0a847462.SmartProcureX-srv#flowable-async-job-executor-thread-2161#
[PollStartAppStatusExecution] d9622003-7570-45ea-b8be-97c6305e4251 [2026-08-02T07:03:27.181561] Staging complete for build cc14496f-3bad-4bd3-a90e-71632ea24045 (STDOUT, API)#
#2026 08 02 07:55:17.551#Z#DEBUG#6828ea62-8e47-11f1-a22d-eeee0a847462.SmartProcureX-srv#flowable-async-job-executor-thread-2161#
[PollStartAppStatusExecution] d9622003-7570-45ea-b8be-97c6305e4251 [2026-08-02T07:03:28.682431] Cell 89b9d699-6741-4253-b74d-7b474c46b6cc successfully destroyed container for instance cc14496f-3bad-4bd3-a90e-71632ea24045 (STDOUT, STG)#
#2026 08 02 07:55:17.551#Z#DEBUG#6828ea62-8e47-11f1-a22d-eeee0a847462.SmartProcureX-srv#flowable-async-job-executor-thread-2161#
[PollStartAppStatusExecution] d9622003-7570-45ea-b8be-97c6305e4251 [2026-08-02T07:03:33.981444] Updated app with guid d9622003-7570-45ea-b8be-97c6305e4251 ({:droplet_guid=>"2006ab62-4ca8-4f01-9851-22d54bde4115"}) (STDOUT, API)#
#2026 08 02 07:55:17.551#Z#DEBUG#6828ea62-8e47-11f1-a22d-eeee0a847462.SmartProcureX-srv#flowable-async-job-executor-thread-2161#
[PollStartAppStatusExecution] d9622003-7570-45ea-b8be-97c6305e4251 [2026-08-02T07:03:34.142437] Creating revision for app with guid d9622003-7570-45ea-b8be-97c6305e4251 (STDOUT, API)#
#2026 08 02 07:55:17.551#Z#DEBUG#6828ea62-8e47-11f1-a22d-eeee0a847462.SmartProcureX-srv#flowable-async-job-executor-thread-2161#
[PollStartAppStatusExecution] d9622003-7570-45ea-b8be-97c6305e4251 [2026-08-02T07:03:34.179566] Starting app with guid d9622003-7570-45ea-b8be-97c6305e4251 (STDOUT, API)#
#2026 08 02 07:55:17.551#Z#DEBUG#6828ea62-8e47-11f1-a22d-eeee0a847462.SmartProcureX-srv#flowable-async-job-executor-thread-2161#
[PollStartAppStatusExecution] d9622003-7570-45ea-b8be-97c6305e4251 [2026-08-02T07:03:34.314626] Cell 919653e1-7038-451d-ac9f-e4bd0de8dbda creating container for instance 099c3769-e30d-4d72-58bd-b553 (STDOUT, CELL)#
#2026 08 02 07:55:17.551#Z#DEBUG#6828ea62-8e47-11f1-a22d-eeee0a847462.SmartProcureX-srv#flowable-async-job-executor-thread-2161#
[PollStartAppStatusExecution] d9622003-7570-45ea-b8be-97c6305e4251 [2026-08-02T07:03:34.624573] Security group rules were updated (STDOUT, CELL)#
#2026 08 02 07:55:17.551#Z#DEBUG#6828ea62-8e47-11f1-a22d-eeee0a847462.SmartProcureX-srv#flowable-async-job-executor-thread-2161#
[PollStartAppStatusExecution] d9622003-7570-45ea-b8be-97c6305e4251 [2026-08-02T07:03:34.671305] Cell 919653e1-7038-451d-ac9f-e4bd0de8dbda successfully created container for instance 099c3769-e30d-4d72-58bd-b553 (STDOUT, CELL)#
#2026 08 02 07:55:17.551#Z#DEBUG#6828ea62-8e47-11f1-a22d-eeee0a847462.SmartProcureX-srv#flowable-async-job-executor-thread-2161#
[PollStartAppStatusExecution] d9622003-7570-45ea-b8be-97c6305e4251 [2026-08-02T07:03:35.207335] Downloading droplet... (STDOUT, CELL)#
#2026 08 02 07:55:17.551#Z#DEBUG#6828ea62-8e47-11f1-a22d-eeee0a847462.SmartProcureX-srv#flowable-async-job-executor-thread-2161#
[PollStartAppStatusExecution] d9622003-7570-45ea-b8be-97c6305e4251 [2026-08-02T07:03:38.188829] Downloaded droplet (59.4M) (STDOUT, CELL)#
#2026 08 02 07:55:17.551#Z#DEBUG#6828ea62-8e47-11f1-a22d-eeee0a847462.SmartProcureX-srv#flowable-async-job-executor-thread-2161#
[PollStartAppStatusExecution] d9622003-7570-45ea-b8be-97c6305e4251 [2026-08-02T07:03:38.188982] Starting health monitoring of container (STDOUT, CELL)#
#2026 08 02 07:55:17.551#Z#DEBUG#6828ea62-8e47-11f1-a22d-eeee0a847462.SmartProcureX-srv#flowable-async-job-executor-thread-2161#
[PollStartAppStatusExecution] d9622003-7570-45ea-b8be-97c6305e4251 [2026-08-02T07:03:38.241092] Invoking pre-start scripts. (STDOUT, APP/PROC/WEB)#
#2026 08 02 07:55:17.551#Z#DEBUG#6828ea62-8e47-11f1-a22d-eeee0a847462.SmartProcureX-srv#flowable-async-job-executor-thread-2161#
[PollStartAppStatusExecution] d9622003-7570-45ea-b8be-97c6305e4251 [2026-08-02T07:03:38.380992] Invoking start command. (STDOUT, APP/PROC/WEB)#
#2026 08 02 07:55:17.551#Z#DEBUG#6828ea62-8e47-11f1-a22d-eeee0a847462.SmartProcureX-srv#flowable-async-job-executor-thread-2161#
[PollStartAppStatusExecution] d9622003-7570-45ea-b8be-97c6305e4251 [2026-08-02T07:03:38.672894] > smart-procure-x@1.0.0 start (STDOUT, APP/PROC/WEB)#
#2026 08 02 07:55:17.551#Z#DEBUG#6828ea62-8e47-11f1-a22d-eeee0a847462.SmartProcureX-srv#flowable-async-job-executor-thread-2161#
[PollStartAppStatusExecution] d9622003-7570-45ea-b8be-97c6305e4251 [2026-08-02T07:03:38.672922] > cds-serve (STDOUT, APP/PROC/WEB)#
#2026 08 02 07:55:17.551#Z#DEBUG#6828ea62-8e47-11f1-a22d-eeee0a847462.SmartProcureX-srv#flowable-async-job-executor-thread-2161#
[PollStartAppStatusExecution] d9622003-7570-45ea-b8be-97c6305e4251 [2026-08-02T07:03:38.976671] {"level":"info","logger":"cds","timestamp":"2026-08-02T07:03:38.975Z","layer":"cds","component_type":"application","container_id":"10.37.66.4","component_id":"d9622003-7570-45ea-b8be-97c6305e4251","component_name":"SmartProcureX-srv","component_instance":0,"source_instance":0,"organization_name":"0d79b96ctrial","organization_id":"e8159873-0fc0-4477-a4f9-3c43fdb65fe4","space_name":"dev","space_id":"0628b1b5-c14d-4a0a-abf9-843360b5d7c0","msg":"loaded model from 1 file(s):\n ","type":"log"} (STDOUT, APP/PROC/WEB)#
#2026 08 02 07:55:17.551#Z#DEBUG#6828ea62-8e47-11f1-a22d-eeee0a847462.SmartProcureX-srv#flowable-async-job-executor-thread-2161#
[PollStartAppStatusExecution] d9622003-7570-45ea-b8be-97c6305e4251 [2026-08-02T07:03:38.976918] srv/csn.json (STDOUT, APP/PROC/WEB)#
#2026 08 02 07:55:17.551#Z#DEBUG#6828ea62-8e47-11f1-a22d-eeee0a847462.SmartProcureX-srv#flowable-async-job-executor-thread-2161#
[PollStartAppStatusExecution] d9622003-7570-45ea-b8be-97c6305e4251 [2026-08-02T07:03:39.203840] {"level":"info","logger":"cds","timestamp":"2026-08-02T07:03:39.203Z","layer":"cds","component_type":"application","container_id":"10.37.66.4","component_id":"d9622003-7570-45ea-b8be-97c6305e4251","component_name":"SmartProcureX-srv","component_instance":0,"source_instance":0,"organization_name":"0d79b96ctrial","organization_id":"e8159873-0fc0-4477-a4f9-3c43fdb65fe4","space_name":"dev","space_id":"0628b1b5-c14d-4a0a-abf9-843360b5d7c0","msg":"connect to db > hana {\n  database_id: 'ccb85f22-d9b4-4190-84d2-64f7029bd6f6',\n  host: 'ccb85f22-d9b4-4190-84d2-64f7029bd6f6.hna1.prod-us10.hanacloud.ondemand.com',\n  port: '443',\n  driver: 'com.sap.db.jdbc.Driver',\n  url: 'jdbc:sap://ccb85f22-d9b4-4190-84d2-64f7029bd6f6.hna1.prod-us10.hanacloud.ondemand.com:443?encrypt=true&validateCertificate=true&currentschema=B2E83F60A5C34A6E98091CC639322A6C',\n  schema: 'B2E83F60A5C34A6E98091CC639322A6C',\n  certificate: '...',\n  hdi_user: 'B2E83F60A5C34A6E98091CC639322A6C_F15SDO7AIVZ7IX7EZZDN0GDKE_DT',\n  hdi_password: '...',\n  user: 'B2E83F60A5C34A6E98091CC639322A6C_F15SDO7AIVZ7IX7EZZDN0GDKE_RT',\n  password: '...'\n}","type":"log"} (STDOUT, APP/PROC/WEB)#
#2026 08 02 07:55:17.551#Z#DEBUG#6828ea62-8e47-11f1-a22d-eeee0a847462.SmartProcureX-srv#flowable-async-job-executor-thread-2161#
[PollStartAppStatusExecution] d9622003-7570-45ea-b8be-97c6305e4251 [2026-08-02T07:03:39.259379] {"level":"info","logger":"cds","timestamp":"2026-08-02T07:03:39.258Z","layer":"cds","component_type":"application","container_id":"10.37.66.4","component_id":"d9622003-7570-45ea-b8be-97c6305e4251","component_name":"SmartProcureX-srv","component_instance":0,"source_instance":0,"organization_name":"0d79b96ctrial","organization_id":"e8159873-0fc0-4477-a4f9-3c43fdb65fe4","space_name":"dev","space_id":"0628b1b5-c14d-4a0a-abf9-843360b5d7c0","msg":"using auth strategy { kind: 'xsuaa' }","type":"log"} (STDOUT, APP/PROC/WEB)#
#2026 08 02 07:55:17.551#Z#DEBUG#6828ea62-8e47-11f1-a22d-eeee0a847462.SmartProcureX-srv#flowable-async-job-executor-thread-2161#
[PollStartAppStatusExecution] d9622003-7570-45ea-b8be-97c6305e4251 [2026-08-02T07:03:39.280808] {"level":"info","logger":"cds","timestamp":"2026-08-02T07:03:39.280Z","layer":"cds","component_type":"application","container_id":"10.37.66.4","component_id":"d9622003-7570-45ea-b8be-97c6305e4251","component_name":"SmartProcureX-srv","component_instance":0,"source_instance":0,"organization_name":"0d79b96ctrial","organization_id":"e8159873-0fc0-4477-a4f9-3c43fdb65fe4","space_name":"dev","space_id":"0628b1b5-c14d-4a0a-abf9-843360b5d7c0","msg":"serving AssetService {\n  at: [ '/odata/v4/asset' ],\n  decl: 'srv/csn.json:2988',\n  impl: 'srv/asset-service.js'\n}","type":"log"} (STDOUT, APP/PROC/WEB)#
#2026 08 02 07:55:17.551#Z#DEBUG#6828ea62-8e47-11f1-a22d-eeee0a847462.SmartProcureX-srv#flowable-async-job-executor-thread-2161#
[PollStartAppStatusExecution] d9622003-7570-45ea-b8be-97c6305e4251 [2026-08-02T07:03:39.281389] {"level":"info","logger":"cds","timestamp":"2026-08-02T07:03:39.281Z","layer":"cds","component_type":"application","container_id":"10.37.66.4","component_id":"d9622003-7570-45ea-b8be-97c6305e4251","component_name":"SmartProcureX-srv","component_instance":0,"source_instance":0,"organization_name":"0d79b96ctrial","organization_id":"e8159873-0fc0-4477-a4f9-3c43fdb65fe4","space_name":"dev","space_id":"0628b1b5-c14d-4a0a-abf9-843360b5d7c0","msg":"serving IdentityService {\n  at: [ '/odata/v4/identity' ],\n  decl: 'srv/csn.json:3561'\n}","type":"log"} (STDOUT, APP/PROC/WEB)#
#2026 08 02 07:55:17.551#Z#DEBUG#6828ea62-8e47-11f1-a22d-eeee0a847462.SmartProcureX-srv#flowable-async-job-executor-thread-2161#
[PollStartAppStatusExecution] d9622003-7570-45ea-b8be-97c6305e4251 [2026-08-02T07:03:39.281762] {"level":"info","logger":"cds","timestamp":"2026-08-02T07:03:39.281Z","layer":"cds","component_type":"application","container_id":"10.37.66.4","component_id":"d9622003-7570-45ea-b8be-97c6305e4251","component_name":"SmartProcureX-srv","component_instance":0,"source_instance":0,"organization_name":"0d79b96ctrial","organization_id":"e8159873-0fc0-4477-a4f9-3c43fdb65fe4","space_name":"dev","space_id":"0628b1b5-c14d-4a0a-abf9-843360b5d7c0","msg":"serving PlatformService {\n  at: [ '/odata/v4/platform' ],\n  decl: 'srv/csn.json:3898',\n  impl: 'srv/platform-service.js'\n}","type":"log"} (STDOUT, APP/PROC/WEB)#
#2026 08 02 07:55:17.551#Z#DEBUG#6828ea62-8e47-11f1-a22d-eeee0a847462.SmartProcureX-srv#flowable-async-job-executor-thread-2161#
[PollStartAppStatusExecution] d9622003-7570-45ea-b8be-97c6305e4251 [2026-08-02T07:03:39.282222] {"level":"info","logger":"cds","timestamp":"2026-08-02T07:03:39.281Z","layer":"cds","component_type":"application","container_id":"10.37.66.4","component_id":"d9622003-7570-45ea-b8be-97c6305e4251","component_name":"SmartProcureX-srv","component_instance":0,"source_instance":0,"organization_name":"0d79b96ctrial","organization_id":"e8159873-0fc0-4477-a4f9-3c43fdb65fe4","space_name":"dev","space_id":"0628b1b5-c14d-4a0a-abf9-843360b5d7c0","msg":"serving ProcurementService {\n  at: [ '/odata/v4/procurement' ],\n  decl: 'srv/csn.json:4471',\n  impl: 'srv/procurement-service.js'\n}","type":"log"} (STDOUT, APP/PROC/WEB)#
#2026 08 02 07:55:17.551#Z#DEBUG#6828ea62-8e47-11f1-a22d-eeee0a847462.SmartProcureX-srv#flowable-async-job-executor-thread-2161#
[PollStartAppStatusExecution] d9622003-7570-45ea-b8be-97c6305e4251 [2026-08-02T07:03:39.282772] {"level":"info","logger":"cds","timestamp":"2026-08-02T07:03:39.282Z","layer":"cds","component_type":"application","container_id":"10.37.66.4","component_id":"d9622003-7570-45ea-b8be-97c6305e4251","component_name":"SmartProcureX-srv","component_instance":0,"source_instance":0,"organization_name":"0d79b96ctrial","organization_id":"e8159873-0fc0-4477-a4f9-3c43fdb65fe4","space_name":"dev","space_id":"0628b1b5-c14d-4a0a-abf9-843360b5d7c0","msg":"serving ReportingService {\n  at: [ '/odata/v4/reporting' ],\n  decl: 'srv/csn.json:5471',\n  impl: 'srv/reporting-service.js'\n}","type":"log"} (STDOUT, APP/PROC/WEB)#
#2026 08 02 07:55:17.551#Z#DEBUG#6828ea62-8e47-11f1-a22d-eeee0a847462.SmartProcureX-srv#flowable-async-job-executor-thread-2161#
[PollStartAppStatusExecution] d9622003-7570-45ea-b8be-97c6305e4251 [2026-08-02T07:03:39.283127] {"level":"info","logger":"cds","timestamp":"2026-08-02T07:03:39.282Z","layer":"cds","component_type":"application","container_id":"10.37.66.4","component_id":"d9622003-7570-45ea-b8be-97c6305e4251","component_name":"SmartProcureX-srv","component_instance":0,"source_instance":0,"organization_name":"0d79b96ctrial","organization_id":"e8159873-0fc0-4477-a4f9-3c43fdb65fe4","space_name":"dev","space_id":"0628b1b5-c14d-4a0a-abf9-843360b5d7c0","msg":"serving SupplierService {\n  at: [ '/odata/v4/supplier' ],\n  decl: 'srv/csn.json:6007'\n}","type":"log"} (STDOUT, APP/PROC/WEB)#
#2026 08 02 07:55:17.551#Z#DEBUG#6828ea62-8e47-11f1-a22d-eeee0a847462.SmartProcureX-srv#flowable-async-job-executor-thread-2161#
[PollStartAppStatusExecution] d9622003-7570-45ea-b8be-97c6305e4251 [2026-08-02T07:03:39.283513] {"level":"info","logger":"cds","timestamp":"2026-08-02T07:03:39.283Z","layer":"cds","component_type":"application","container_id":"10.37.66.4","component_id":"d9622003-7570-45ea-b8be-97c6305e4251","component_name":"SmartProcureX-srv","component_instance":0,"source_instance":0,"organization_name":"0d79b96ctrial","organization_id":"e8159873-0fc0-4477-a4f9-3c43fdb65fe4","space_name":"dev","space_id":"0628b1b5-c14d-4a0a-abf9-843360b5d7c0","msg":"serving WarehouseService {\n  at: [ '/odata/v4/warehouse' ],\n  decl: 'srv/csn.json:6280',\n  impl: 'srv/warehouse-service.js'\n}","type":"log"} (STDOUT, APP/PROC/WEB)#
#2026 08 02 07:55:17.551#Z#DEBUG#6828ea62-8e47-11f1-a22d-eeee0a847462.SmartProcureX-srv#flowable-async-job-executor-thread-2161#
[PollStartAppStatusExecution] d9622003-7570-45ea-b8be-97c6305e4251 [2026-08-02T07:03:39.283996] {"level":"info","logger":"cds","timestamp":"2026-08-02T07:03:39.283Z","layer":"cds","component_type":"application","container_id":"10.37.66.4","component_id":"d9622003-7570-45ea-b8be-97c6305e4251","component_name":"SmartProcureX-srv","component_instance":0,"source_instance":0,"organization_name":"0d79b96ctrial","organization_id":"e8159873-0fc0-4477-a4f9-3c43fdb65fe4","space_name":"dev","space_id":"0628b1b5-c14d-4a0a-abf9-843360b5d7c0","msg":"serving WhoAmIService {\n  at: [ '/odata/v4/who-am-i' ],\n  decl: 'srv/csn.json:7215',\n  impl: 'srv/whoami-service.js'\n}","type":"log"} (STDOUT, APP/PROC/WEB)#
#2026 08 02 07:55:17.551#Z#DEBUG#6828ea62-8e47-11f1-a22d-eeee0a847462.SmartProcureX-srv#flowable-async-job-executor-thread-2161#
[PollStartAppStatusExecution] d9622003-7570-45ea-b8be-97c6305e4251 [2026-08-02T07:03:39.288033] {"level":"info","logger":"cds","timestamp":"2026-08-02T07:03:39.287Z","layer":"cds","component_type":"application","container_id":"10.37.66.4","component_id":"d9622003-7570-45ea-b8be-97c6305e4251","component_name":"SmartProcureX-srv","component_instance":0,"source_instance":0,"organization_name":"0d79b96ctrial","organization_id":"e8159873-0fc0-4477-a4f9-3c43fdb65fe4","space_name":"dev","space_id":"0628b1b5-c14d-4a0a-abf9-843360b5d7c0","msg":"server listening on { url: 'http://localhost:8080' }","type":"log"} (STDOUT, APP/PROC/WEB)#
#2026 08 02 07:55:17.551#Z#DEBUG#6828ea62-8e47-11f1-a22d-eeee0a847462.SmartProcureX-srv#flowable-async-job-executor-thread-2161#
[PollStartAppStatusExecution] d9622003-7570-45ea-b8be-97c6305e4251 [2026-08-02T07:03:39.288899] {"level":"info","logger":"cds","timestamp":"2026-08-02T07:03:39.288Z","layer":"cds","component_type":"application","container_id":"10.37.66.4","component_id":"d9622003-7570-45ea-b8be-97c6305e4251","component_name":"SmartProcureX-srv","component_instance":0,"source_instance":0,"organization_name":"0d79b96ctrial","organization_id":"e8159873-0fc0-4477-a4f9-3c43fdb65fe4","space_name":"dev","space_id":"0628b1b5-c14d-4a0a-abf9-843360b5d7c0","msg":"server v10.0.4 launched in 606 ms","type":"log"} (STDOUT, APP/PROC/WEB)#
#2026 08 02 07:55:17.551#Z#DEBUG#6828ea62-8e47-11f1-a22d-eeee0a847462.SmartProcureX-srv#flowable-async-job-executor-thread-2161#
[PollStartAppStatusExecution] d9622003-7570-45ea-b8be-97c6305e4251 [2026-08-02T07:03:40.292601] {"level":"warn","logger":"queue","correlation_id":"d75dd6a3-6ea4-404b-a146-903db873d88e","timestamp":"2026-08-02T07:03:40.291Z","msg":"Failed to fetch targets for flush Pool resource could not be acquired within 1s","stacktrace":["Error: Pool resource could not be acquired within 1s","at /home/vcap/app/node_modules/@cap-js/db-service/lib/common/generic-pool.js:71:21","at new Promise (<anonymous>)","at new Request (/home/vcap/app/node_modules/@cap-js/db-service/lib/common/generic-pool.js:59:20)","at Pool.acquire (/home/vcap/app/node_modules/@cap-js/db-service/lib/common/generic-pool.js:141:21)","at HANAService.acquire (/home/vcap/app/node_modules/@cap-js/db-service/lib/common/DatabaseService.js:106:28)","at HANAService.begin (/home/vcap/app/node_modules/@cap-js/db-service/lib/common/DatabaseService.js:66:27)","at HANAService._begin [as dispatch] (/home/vcap/app/node_modules/@sap/cds/lib/srv/srv-tx.js:195:38)","at /home/vcap/app/node_modules/@sap/cds/lib/srv/srv-dispatch.js:20:50","at HANAService.run (/home/vcap/app/node_modules/@sap/cds/lib/srv/cds.Service.js:171:44)","at HANAService.run (/home/vcap/app/node_modules/@cap-js/db-service/lib/common/DatabaseService.js:158:18)"],"layer":"cds","component_type":"application","container_id":"10.37.66.4","component_id":"d9622003-7570-45ea-b8be-97c6305e4251","component_name":"SmartProcureX-srv","component_instance":0,"source_instance":0,"organization_name":"0d79b96ctrial","organization_id":"e8159873-0fc0-4477-a4f9-3c43fdb65fe4","space_name":"dev","space_id":"0628b1b5-c14d-4a0a-abf9-843360b5d7c0","type":"log"} (STDERR, APP/PROC/WEB)#
#2026 08 02 07:55:17.551#Z#DEBUG#6828ea62-8e47-11f1-a22d-eeee0a847462.SmartProcureX-srv#flowable-async-job-executor-thread-2161#
[PollStartAppStatusExecution] d9622003-7570-45ea-b8be-97c6305e4251 [2026-08-02T07:03:41.537080] Container became healthy (STDOUT, CELL)#
#2026 08 02 07:55:17.551#Z#DEBUG#6828ea62-8e47-11f1-a22d-eeee0a847462.SmartProcureX-srv#flowable-async-job-executor-thread-2161#
[PollStartAppStatusExecution] d9622003-7570-45ea-b8be-97c6305e4251 [2026-08-02T07:03:41.558293] Process became ready with guid d9622003-7570-45ea-b8be-97c6305e4251 payload: {"instance"=>"099c3769-e30d-4d72-58bd-b553", "index"=>0, "cell_id"=>"919653e1-7038-451d-ac9f-e4bd0de8dbda", "ready"=>true, "version"=>"936cda29-df2c-4741-8155-5824f7db6a08"} (STDOUT, API)#
#2026 08 02 07:55:17.551#Z#DEBUG#6828ea62-8e47-11f1-a22d-eeee0a847462.SmartProcureX-srv#flowable-async-job-executor-thread-2161#
[PollStartAppStatusExecution] d9622003-7570-45ea-b8be-97c6305e4251 [2026-08-02T07:07:04.657185] Updated app with guid d9622003-7570-45ea-b8be-97c6305e4251 ({"lifecycle"=>{"data"=>{"buildpacks"=>["nodejs_buildpack"]}, "type"=>"buildpack"}}) (STDOUT, API)#
#2026 08 02 07:55:17.551#Z#DEBUG#6828ea62-8e47-11f1-a22d-eeee0a847462.SmartProcureX-srv#flowable-async-job-executor-thread-2161#
[PollStartAppStatusExecution] d9622003-7570-45ea-b8be-97c6305e4251 [2026-08-02T07:07:04.757567] Updating process: "web" (STDOUT, API)#
#2026 08 02 07:55:17.551#Z#DEBUG#6828ea62-8e47-11f1-a22d-eeee0a847462.SmartProcureX-srv#flowable-async-job-executor-thread-2161#
[PollStartAppStatusExecution] d9622003-7570-45ea-b8be-97c6305e4251 [2026-08-02T07:07:25.035940] Stopping app with guid d9622003-7570-45ea-b8be-97c6305e4251 (STDOUT, API)#
#2026 08 02 07:55:17.551#Z#DEBUG#6828ea62-8e47-11f1-a22d-eeee0a847462.SmartProcureX-srv#flowable-async-job-executor-thread-2161#
[PollStartAppStatusExecution] d9622003-7570-45ea-b8be-97c6305e4251 [2026-08-02T07:07:25.076094] Cell 919653e1-7038-451d-ac9f-e4bd0de8dbda stopping instance 099c3769-e30d-4d72-58bd-b553 (STDOUT, CELL)#
#2026 08 02 07:55:17.551#Z#DEBUG#6828ea62-8e47-11f1-a22d-eeee0a847462.SmartProcureX-srv#flowable-async-job-executor-thread-2161#
[PollStartAppStatusExecution] d9622003-7570-45ea-b8be-97c6305e4251 [2026-08-02T07:07:25.303266] Starting app with guid d9622003-7570-45ea-b8be-97c6305e4251 (STDOUT, API)#
#2026 08 02 07:55:17.551#Z#DEBUG#6828ea62-8e47-11f1-a22d-eeee0a847462.SmartProcureX-srv#flowable-async-job-executor-thread-2161#
[PollStartAppStatusExecution] d9622003-7570-45ea-b8be-97c6305e4251 [2026-08-02T07:07:25.462769] Cell da97415f-d45d-4f73-b6f3-2c853ecdb03d creating container for instance 456435b7-9200-493a-6967-36ad (STDOUT, CELL)#
#2026 08 02 07:55:17.551#Z#DEBUG#6828ea62-8e47-11f1-a22d-eeee0a847462.SmartProcureX-srv#flowable-async-job-executor-thread-2161#
[PollStartAppStatusExecution] d9622003-7570-45ea-b8be-97c6305e4251 [2026-08-02T07:07:25.781145] Security group rules were updated (STDOUT, CELL)#
#2026 08 02 07:55:17.551#Z#DEBUG#6828ea62-8e47-11f1-a22d-eeee0a847462.SmartProcureX-srv#flowable-async-job-executor-thread-2161#
[PollStartAppStatusExecution] d9622003-7570-45ea-b8be-97c6305e4251 [2026-08-02T07:07:25.820692] Cell da97415f-d45d-4f73-b6f3-2c853ecdb03d successfully created container for instance 456435b7-9200-493a-6967-36ad (STDOUT, CELL)#
#2026 08 02 07:55:17.551#Z#DEBUG#6828ea62-8e47-11f1-a22d-eeee0a847462.SmartProcureX-srv#flowable-async-job-executor-thread-2161#
[PollStartAppStatusExecution] d9622003-7570-45ea-b8be-97c6305e4251 [2026-08-02T07:07:26.287094] Downloading droplet... (STDOUT, CELL)#
#2026 08 02 07:55:17.551#Z#DEBUG#6828ea62-8e47-11f1-a22d-eeee0a847462.SmartProcureX-srv#flowable-async-job-executor-thread-2161#
[PollStartAppStatusExecution] d9622003-7570-45ea-b8be-97c6305e4251 [2026-08-02T07:07:31.008258] Downloaded droplet (59.4M) (STDOUT, CELL)#
#2026 08 02 07:55:17.551#Z#DEBUG#6828ea62-8e47-11f1-a22d-eeee0a847462.SmartProcureX-srv#flowable-async-job-executor-thread-2161#
[PollStartAppStatusExecution] d9622003-7570-45ea-b8be-97c6305e4251 [2026-08-02T07:07:31.008463] Starting health monitoring of container (STDOUT, CELL)#
#2026 08 02 07:55:17.551#Z#DEBUG#6828ea62-8e47-11f1-a22d-eeee0a847462.SmartProcureX-srv#flowable-async-job-executor-thread-2161#
[PollStartAppStatusExecution] d9622003-7570-45ea-b8be-97c6305e4251 [2026-08-02T07:07:31.058842] Invoking pre-start scripts. (STDOUT, APP/PROC/WEB)#
#2026 08 02 07:55:17.551#Z#DEBUG#6828ea62-8e47-11f1-a22d-eeee0a847462.SmartProcureX-srv#flowable-async-job-executor-thread-2161#
[PollStartAppStatusExecution] d9622003-7570-45ea-b8be-97c6305e4251 [2026-08-02T07:07:31.197543] Invoking start command. (STDOUT, APP/PROC/WEB)#
#2026 08 02 07:55:17.551#Z#DEBUG#6828ea62-8e47-11f1-a22d-eeee0a847462.SmartProcureX-srv#flowable-async-job-executor-thread-2161#
[PollStartAppStatusExecution] d9622003-7570-45ea-b8be-97c6305e4251 [2026-08-02T07:07:31.485985] > smart-procure-x@1.0.0 start (STDOUT, APP/PROC/WEB)#
#2026 08 02 07:55:17.551#Z#DEBUG#6828ea62-8e47-11f1-a22d-eeee0a847462.SmartProcureX-srv#flowable-async-job-executor-thread-2161#
[PollStartAppStatusExecution] d9622003-7570-45ea-b8be-97c6305e4251 [2026-08-02T07:07:31.486015] > cds-serve (STDOUT, APP/PROC/WEB)#
#2026 08 02 07:55:17.551#Z#DEBUG#6828ea62-8e47-11f1-a22d-eeee0a847462.SmartProcureX-srv#flowable-async-job-executor-thread-2161#
[PollStartAppStatusExecution] d9622003-7570-45ea-b8be-97c6305e4251 [2026-08-02T07:07:31.792998] {"level":"info","logger":"cds","timestamp":"2026-08-02T07:07:31.791Z","layer":"cds","component_type":"application","container_id":"10.37.192.5","component_id":"d9622003-7570-45ea-b8be-97c6305e4251","component_name":"SmartProcureX-srv","component_instance":0,"source_instance":0,"organization_name":"0d79b96ctrial","organization_id":"e8159873-0fc0-4477-a4f9-3c43fdb65fe4","space_name":"dev","space_id":"0628b1b5-c14d-4a0a-abf9-843360b5d7c0","msg":"loaded model from 1 file(s):\n ","type":"log"} (STDOUT, APP/PROC/WEB)#
#2026 08 02 07:55:17.551#Z#DEBUG#6828ea62-8e47-11f1-a22d-eeee0a847462.SmartProcureX-srv#flowable-async-job-executor-thread-2161#
[PollStartAppStatusExecution] d9622003-7570-45ea-b8be-97c6305e4251 [2026-08-02T07:07:31.793410] srv/csn.json (STDOUT, APP/PROC/WEB)#
#2026 08 02 07:55:17.551#Z#DEBUG#6828ea62-8e47-11f1-a22d-eeee0a847462.SmartProcureX-srv#flowable-async-job-executor-thread-2161#
[PollStartAppStatusExecution] d9622003-7570-45ea-b8be-97c6305e4251 [2026-08-02T07:07:32.011926] {"level":"info","logger":"cds","timestamp":"2026-08-02T07:07:32.011Z","layer":"cds","component_type":"application","container_id":"10.37.192.5","component_id":"d9622003-7570-45ea-b8be-97c6305e4251","component_name":"SmartProcureX-srv","component_instance":0,"source_instance":0,"organization_name":"0d79b96ctrial","organization_id":"e8159873-0fc0-4477-a4f9-3c43fdb65fe4","space_name":"dev","space_id":"0628b1b5-c14d-4a0a-abf9-843360b5d7c0","msg":"connect to db > hana {\n  database_id: 'ccb85f22-d9b4-4190-84d2-64f7029bd6f6',\n  host: 'ccb85f22-d9b4-4190-84d2-64f7029bd6f6.hna1.prod-us10.hanacloud.ondemand.com',\n  port: '443',\n  driver: 'com.sap.db.jdbc.Driver',\n  url: 'jdbc:sap://ccb85f22-d9b4-4190-84d2-64f7029bd6f6.hna1.prod-us10.hanacloud.ondemand.com:443?encrypt=true&validateCertificate=true&currentschema=B2E83F60A5C34A6E98091CC639322A6C',\n  schema: 'B2E83F60A5C34A6E98091CC639322A6C',\n  certificate: '...',\n  hdi_user: 'B2E83F60A5C34A6E98091CC639322A6C_F15SDO7AIVZ7IX7EZZDN0GDKE_DT',\n  hdi_password: '...',\n  user: 'B2E83F60A5C34A6E98091CC639322A6C_F15SDO7AIVZ7IX7EZZDN0GDKE_RT',\n  password: '...'\n}","type":"log"} (STDOUT, APP/PROC/WEB)#
#2026 08 02 07:55:17.551#Z#DEBUG#6828ea62-8e47-11f1-a22d-eeee0a847462.SmartProcureX-srv#flowable-async-job-executor-thread-2161#
[PollStartAppStatusExecution] d9622003-7570-45ea-b8be-97c6305e4251 [2026-08-02T07:07:32.066698] {"level":"info","logger":"cds","timestamp":"2026-08-02T07:07:32.066Z","layer":"cds","component_type":"application","container_id":"10.37.192.5","component_id":"d9622003-7570-45ea-b8be-97c6305e4251","component_name":"SmartProcureX-srv","component_instance":0,"source_instance":0,"organization_name":"0d79b96ctrial","organization_id":"e8159873-0fc0-4477-a4f9-3c43fdb65fe4","space_name":"dev","space_id":"0628b1b5-c14d-4a0a-abf9-843360b5d7c0","msg":"using auth strategy { kind: 'xsuaa' }","type":"log"} (STDOUT, APP/PROC/WEB)#
#2026 08 02 07:55:17.551#Z#DEBUG#6828ea62-8e47-11f1-a22d-eeee0a847462.SmartProcureX-srv#flowable-async-job-executor-thread-2161#
[PollStartAppStatusExecution] d9622003-7570-45ea-b8be-97c6305e4251 [2026-08-02T07:07:32.089064] {"level":"info","logger":"cds","timestamp":"2026-08-02T07:07:32.088Z","layer":"cds","component_type":"application","container_id":"10.37.192.5","component_id":"d9622003-7570-45ea-b8be-97c6305e4251","component_name":"SmartProcureX-srv","component_instance":0,"source_instance":0,"organization_name":"0d79b96ctrial","organization_id":"e8159873-0fc0-4477-a4f9-3c43fdb65fe4","space_name":"dev","space_id":"0628b1b5-c14d-4a0a-abf9-843360b5d7c0","msg":"serving AssetService {\n  at: [ '/odata/v4/asset' ],\n  decl: 'srv/csn.json:2988',\n  impl: 'srv/asset-service.js'\n}","type":"log"} (STDOUT, APP/PROC/WEB)#
#2026 08 02 07:55:17.551#Z#DEBUG#6828ea62-8e47-11f1-a22d-eeee0a847462.SmartProcureX-srv#flowable-async-job-executor-thread-2161#
[PollStartAppStatusExecution] d9622003-7570-45ea-b8be-97c6305e4251 [2026-08-02T07:07:32.089781] {"level":"info","logger":"cds","timestamp":"2026-08-02T07:07:32.089Z","layer":"cds","component_type":"application","container_id":"10.37.192.5","component_id":"d9622003-7570-45ea-b8be-97c6305e4251","component_name":"SmartProcureX-srv","component_instance":0,"source_instance":0,"organization_name":"0d79b96ctrial","organization_id":"e8159873-0fc0-4477-a4f9-3c43fdb65fe4","space_name":"dev","space_id":"0628b1b5-c14d-4a0a-abf9-843360b5d7c0","msg":"serving IdentityService {\n  at: [ '/odata/v4/identity' ],\n  decl: 'srv/csn.json:3561'\n}","type":"log"} (STDOUT, APP/PROC/WEB)#
#2026 08 02 07:55:17.551#Z#DEBUG#6828ea62-8e47-11f1-a22d-eeee0a847462.SmartProcureX-srv#flowable-async-job-executor-thread-2161#
[PollStartAppStatusExecution] d9622003-7570-45ea-b8be-97c6305e4251 [2026-08-02T07:07:32.090327] {"level":"info","logger":"cds","timestamp":"2026-08-02T07:07:32.090Z","layer":"cds","component_type":"application","container_id":"10.37.192.5","component_id":"d9622003-7570-45ea-b8be-97c6305e4251","component_name":"SmartProcureX-srv","component_instance":0,"source_instance":0,"organization_name":"0d79b96ctrial","organization_id":"e8159873-0fc0-4477-a4f9-3c43fdb65fe4","space_name":"dev","space_id":"0628b1b5-c14d-4a0a-abf9-843360b5d7c0","msg":"serving PlatformService {\n  at: [ '/odata/v4/platform' ],\n  decl: 'srv/csn.json:3898',\n  impl: 'srv/platform-service.js'\n}","type":"log"} (STDOUT, APP/PROC/WEB)#
#2026 08 02 07:55:17.551#Z#DEBUG#6828ea62-8e47-11f1-a22d-eeee0a847462.SmartProcureX-srv#flowable-async-job-executor-thread-2161#
[PollStartAppStatusExecution] d9622003-7570-45ea-b8be-97c6305e4251 [2026-08-02T07:07:32.090895] {"level":"info","logger":"cds","timestamp":"2026-08-02T07:07:32.090Z","layer":"cds","component_type":"application","container_id":"10.37.192.5","component_id":"d9622003-7570-45ea-b8be-97c6305e4251","component_name":"SmartProcureX-srv","component_instance":0,"source_instance":0,"organization_name":"0d79b96ctrial","organization_id":"e8159873-0fc0-4477-a4f9-3c43fdb65fe4","space_name":"dev","space_id":"0628b1b5-c14d-4a0a-abf9-843360b5d7c0","msg":"serving ProcurementService {\n  at: [ '/odata/v4/procurement' ],\n  decl: 'srv/csn.json:4471',\n  impl: 'srv/procurement-service.js'\n}","type":"log"} (STDOUT, APP/PROC/WEB)#
#2026 08 02 07:55:17.551#Z#DEBUG#6828ea62-8e47-11f1-a22d-eeee0a847462.SmartProcureX-srv#flowable-async-job-executor-thread-2161#
[PollStartAppStatusExecution] d9622003-7570-45ea-b8be-97c6305e4251 [2026-08-02T07:07:32.091534] {"level":"info","logger":"cds","timestamp":"2026-08-02T07:07:32.091Z","layer":"cds","component_type":"application","container_id":"10.37.192.5","component_id":"d9622003-7570-45ea-b8be-97c6305e4251","component_name":"SmartProcureX-srv","component_instance":0,"source_instance":0,"organization_name":"0d79b96ctrial","organization_id":"e8159873-0fc0-4477-a4f9-3c43fdb65fe4","space_name":"dev","space_id":"0628b1b5-c14d-4a0a-abf9-843360b5d7c0","msg":"serving ReportingService {\n  at: [ '/odata/v4/reporting' ],\n  decl: 'srv/csn.json:5471',\n  impl: 'srv/reporting-service.js'\n}","type":"log"} (STDOUT, APP/PROC/WEB)#
#2026 08 02 07:55:17.551#Z#DEBUG#6828ea62-8e47-11f1-a22d-eeee0a847462.SmartProcureX-srv#flowable-async-job-executor-thread-2161#
[PollStartAppStatusExecution] d9622003-7570-45ea-b8be-97c6305e4251 [2026-08-02T07:07:32.092161] {"level":"info","logger":"cds","timestamp":"2026-08-02T07:07:32.092Z","layer":"cds","component_type":"application","container_id":"10.37.192.5","component_id":"d9622003-7570-45ea-b8be-97c6305e4251","component_name":"SmartProcureX-srv","component_instance":0,"source_instance":0,"organization_name":"0d79b96ctrial","organization_id":"e8159873-0fc0-4477-a4f9-3c43fdb65fe4","space_name":"dev","space_id":"0628b1b5-c14d-4a0a-abf9-843360b5d7c0","msg":"serving SupplierService {\n  at: [ '/odata/v4/supplier' ],\n  decl: 'srv/csn.json:6007'\n}","type":"log"} (STDOUT, APP/PROC/WEB)#
#2026 08 02 07:55:17.551#Z#DEBUG#6828ea62-8e47-11f1-a22d-eeee0a847462.SmartProcureX-srv#flowable-async-job-executor-thread-2161#
[PollStartAppStatusExecution] d9622003-7570-45ea-b8be-97c6305e4251 [2026-08-02T07:07:32.092787] {"level":"info","logger":"cds","timestamp":"2026-08-02T07:07:32.092Z","layer":"cds","component_type":"application","container_id":"10.37.192.5","component_id":"d9622003-7570-45ea-b8be-97c6305e4251","component_name":"SmartProcureX-srv","component_instance":0,"source_instance":0,"organization_name":"0d79b96ctrial","organization_id":"e8159873-0fc0-4477-a4f9-3c43fdb65fe4","space_name":"dev","space_id":"0628b1b5-c14d-4a0a-abf9-843360b5d7c0","msg":"serving WarehouseService {\n  at: [ '/odata/v4/warehouse' ],\n  decl: 'srv/csn.json:6280',\n  impl: 'srv/warehouse-service.js'\n}","type":"log"} (STDOUT, APP/PROC/WEB)#
#2026 08 02 07:55:17.551#Z#DEBUG#6828ea62-8e47-11f1-a22d-eeee0a847462.SmartProcureX-srv#flowable-async-job-executor-thread-2161#
[PollStartAppStatusExecution] d9622003-7570-45ea-b8be-97c6305e4251 [2026-08-02T07:07:32.093522] {"level":"info","logger":"cds","timestamp":"2026-08-02T07:07:32.093Z","layer":"cds","component_type":"application","container_id":"10.37.192.5","component_id":"d9622003-7570-45ea-b8be-97c6305e4251","component_name":"SmartProcureX-srv","component_instance":0,"source_instance":0,"organization_name":"0d79b96ctrial","organization_id":"e8159873-0fc0-4477-a4f9-3c43fdb65fe4","space_name":"dev","space_id":"0628b1b5-c14d-4a0a-abf9-843360b5d7c0","msg":"serving WhoAmIService {\n  at: [ '/odata/v4/who-am-i' ],\n  decl: 'srv/csn.json:7215',\n  impl: 'srv/whoami-service.js'\n}","type":"log"} (STDOUT, APP/PROC/WEB)#
#2026 08 02 07:55:17.551#Z#DEBUG#6828ea62-8e47-11f1-a22d-eeee0a847462.SmartProcureX-srv#flowable-async-job-executor-thread-2161#
[PollStartAppStatusExecution] d9622003-7570-45ea-b8be-97c6305e4251 [2026-08-02T07:07:32.098187] {"level":"info","logger":"cds","timestamp":"2026-08-02T07:07:32.098Z","layer":"cds","component_type":"application","container_id":"10.37.192.5","component_id":"d9622003-7570-45ea-b8be-97c6305e4251","component_name":"SmartProcureX-srv","component_instance":0,"source_instance":0,"organization_name":"0d79b96ctrial","organization_id":"e8159873-0fc0-4477-a4f9-3c43fdb65fe4","space_name":"dev","space_id":"0628b1b5-c14d-4a0a-abf9-843360b5d7c0","msg":"server listening on { url: 'http://localhost:8080' }","type":"log"} (STDOUT, APP/PROC/WEB)#
#2026 08 02 07:55:17.551#Z#DEBUG#6828ea62-8e47-11f1-a22d-eeee0a847462.SmartProcureX-srv#flowable-async-job-executor-thread-2161#
[PollStartAppStatusExecution] d9622003-7570-45ea-b8be-97c6305e4251 [2026-08-02T07:07:32.099178] {"level":"info","logger":"cds","timestamp":"2026-08-02T07:07:32.099Z","layer":"cds","component_type":"application","container_id":"10.37.192.5","component_id":"d9622003-7570-45ea-b8be-97c6305e4251","component_name":"SmartProcureX-srv","component_instance":0,"source_instance":0,"organization_name":"0d79b96ctrial","organization_id":"e8159873-0fc0-4477-a4f9-3c43fdb65fe4","space_name":"dev","space_id":"0628b1b5-c14d-4a0a-abf9-843360b5d7c0","msg":"server v10.0.4 launched in 605 ms","type":"log"} (STDOUT, APP/PROC/WEB)#
#2026 08 02 07:55:17.551#Z#DEBUG#6828ea62-8e47-11f1-a22d-eeee0a847462.SmartProcureX-srv#flowable-async-job-executor-thread-2161#
[PollStartAppStatusExecution] d9622003-7570-45ea-b8be-97c6305e4251 [2026-08-02T07:07:33.107569] {"level":"warn","logger":"queue","correlation_id":"f4025758-d6da-43d2-93fc-d61a88f6aeef","timestamp":"2026-08-02T07:07:33.106Z","msg":"Failed to fetch targets for flush Pool resource could not be acquired within 1s","stacktrace":["Error: Pool resource could not be acquired within 1s","at /home/vcap/app/node_modules/@cap-js/db-service/lib/common/generic-pool.js:71:21","at new Promise (<anonymous>)","at new Request (/home/vcap/app/node_modules/@cap-js/db-service/lib/common/generic-pool.js:59:20)","at Pool.acquire (/home/vcap/app/node_modules/@cap-js/db-service/lib/common/generic-pool.js:141:21)","at HANAService.acquire (/home/vcap/app/node_modules/@cap-js/db-service/lib/common/DatabaseService.js:106:28)","at HANAService.begin (/home/vcap/app/node_modules/@cap-js/db-service/lib/common/DatabaseService.js:66:27)","at HANAService._begin [as dispatch] (/home/vcap/app/node_modules/@sap/cds/lib/srv/srv-tx.js:195:38)","at /home/vcap/app/node_modules/@sap/cds/lib/srv/srv-dispatch.js:20:50","at HANAService.run (/home/vcap/app/node_modules/@sap/cds/lib/srv/cds.Service.js:171:44)","at HANAService.run (/home/vcap/app/node_modules/@cap-js/db-service/lib/common/DatabaseService.js:158:18)"],"layer":"cds","component_type":"application","container_id":"10.37.192.5","component_id":"d9622003-7570-45ea-b8be-97c6305e4251","component_name":"SmartProcureX-srv","component_instance":0,"source_instance":0,"organization_name":"0d79b96ctrial","organization_id":"e8159873-0fc0-4477-a4f9-3c43fdb65fe4","space_name":"dev","space_id":"0628b1b5-c14d-4a0a-abf9-843360b5d7c0","type":"log"} (STDERR, APP/PROC/WEB)#
#2026 08 02 07:55:17.551#Z#DEBUG#6828ea62-8e47-11f1-a22d-eeee0a847462.SmartProcureX-srv#flowable-async-job-executor-thread-2161#
[PollStartAppStatusExecution] d9622003-7570-45ea-b8be-97c6305e4251 [2026-08-02T07:07:34.266982] Container became healthy (STDOUT, CELL)#
#2026 08 02 07:55:17.551#Z#DEBUG#6828ea62-8e47-11f1-a22d-eeee0a847462.SmartProcureX-srv#flowable-async-job-executor-thread-2161#
[PollStartAppStatusExecution] d9622003-7570-45ea-b8be-97c6305e4251 [2026-08-02T07:07:34.291989] Process became ready with guid d9622003-7570-45ea-b8be-97c6305e4251 payload: {"instance"=>"456435b7-9200-493a-6967-36ad", "index"=>0, "cell_id"=>"da97415f-d45d-4f73-b6f3-2c853ecdb03d", "ready"=>true, "version"=>"718768b8-983a-45e7-bf67-10c9ebee78ea"} (STDOUT, API)#
#2026 08 02 07:55:17.551#Z#DEBUG#6828ea62-8e47-11f1-a22d-eeee0a847462.SmartProcureX-srv#flowable-async-job-executor-thread-2161#
[PollStartAppStatusExecution] d9622003-7570-45ea-b8be-97c6305e4251 [2026-08-02T07:08:31.243836] Cell 919653e1-7038-451d-ac9f-e4bd0de8dbda destroying container for instance 099c3769-e30d-4d72-58bd-b553 (STDOUT, CELL)#
#2026 08 02 07:55:17.551#Z#DEBUG#6828ea62-8e47-11f1-a22d-eeee0a847462.SmartProcureX-srv#flowable-async-job-executor-thread-2161#
[PollStartAppStatusExecution] d9622003-7570-45ea-b8be-97c6305e4251 [2026-08-02T07:08:31.333822] Exit status 137 (STDOUT, PROXY)#
#2026 08 02 07:55:17.551#Z#DEBUG#6828ea62-8e47-11f1-a22d-eeee0a847462.SmartProcureX-srv#flowable-async-job-executor-thread-2161#
[PollStartAppStatusExecution] d9622003-7570-45ea-b8be-97c6305e4251 [2026-08-02T07:08:32.383096] Cell 919653e1-7038-451d-ac9f-e4bd0de8dbda successfully destroyed container for instance 099c3769-e30d-4d72-58bd-b553 (STDOUT, CELL)#
#2026 08 02 07:55:17.551#Z#DEBUG#6828ea62-8e47-11f1-a22d-eeee0a847462.SmartProcureX-srv#flowable-async-job-executor-thread-2161#
[PollStartAppStatusExecution] d9622003-7570-45ea-b8be-97c6305e4251 [2026-08-02T07:20:41.735746] Stopping app with guid d9622003-7570-45ea-b8be-97c6305e4251 (STDOUT, API)#
#2026 08 02 07:55:17.551#Z#DEBUG#6828ea62-8e47-11f1-a22d-eeee0a847462.SmartProcureX-srv#flowable-async-job-executor-thread-2161#
[PollStartAppStatusExecution] d9622003-7570-45ea-b8be-97c6305e4251 [2026-08-02T07:20:41.778506] Cell da97415f-d45d-4f73-b6f3-2c853ecdb03d stopping instance 456435b7-9200-493a-6967-36ad (STDOUT, CELL)#
#2026 08 02 07:55:17.551#Z#DEBUG#6828ea62-8e47-11f1-a22d-eeee0a847462.SmartProcureX-srv#flowable-async-job-executor-thread-2161#
[PollStartAppStatusExecution] d9622003-7570-45ea-b8be-97c6305e4251 [2026-08-02T07:20:42.080445] Starting app with guid d9622003-7570-45ea-b8be-97c6305e4251 (STDOUT, API)#
#2026 08 02 07:55:17.551#Z#DEBUG#6828ea62-8e47-11f1-a22d-eeee0a847462.SmartProcureX-srv#flowable-async-job-executor-thread-2161#
[PollStartAppStatusExecution] d9622003-7570-45ea-b8be-97c6305e4251 [2026-08-02T07:20:42.185697] Cell c029166f-5c99-471a-95ad-14514ab6ab95 creating container for instance 9901b53b-a394-4a2d-4d11-7e49 (STDOUT, CELL)#
#2026 08 02 07:55:17.551#Z#DEBUG#6828ea62-8e47-11f1-a22d-eeee0a847462.SmartProcureX-srv#flowable-async-job-executor-thread-2161#
[PollStartAppStatusExecution] d9622003-7570-45ea-b8be-97c6305e4251 [2026-08-02T07:20:42.496397] Security group rules were updated (STDOUT, CELL)#
#2026 08 02 07:55:17.551#Z#DEBUG#6828ea62-8e47-11f1-a22d-eeee0a847462.SmartProcureX-srv#flowable-async-job-executor-thread-2161#
[PollStartAppStatusExecution] d9622003-7570-45ea-b8be-97c6305e4251 [2026-08-02T07:20:42.546992] Cell c029166f-5c99-471a-95ad-14514ab6ab95 successfully created container for instance 9901b53b-a394-4a2d-4d11-7e49 (STDOUT, CELL)#
#2026 08 02 07:55:17.551#Z#DEBUG#6828ea62-8e47-11f1-a22d-eeee0a847462.SmartProcureX-srv#flowable-async-job-executor-thread-2161#
[PollStartAppStatusExecution] d9622003-7570-45ea-b8be-97c6305e4251 [2026-08-02T07:20:43.048499] Downloading droplet... (STDOUT, CELL)#
#2026 08 02 07:55:17.551#Z#DEBUG#6828ea62-8e47-11f1-a22d-eeee0a847462.SmartProcureX-srv#flowable-async-job-executor-thread-2161#
[PollStartAppStatusExecution] d9622003-7570-45ea-b8be-97c6305e4251 [2026-08-02T07:20:46.983505] Downloaded droplet (59.4M) (STDOUT, CELL)#
#2026 08 02 07:55:17.551#Z#DEBUG#6828ea62-8e47-11f1-a22d-eeee0a847462.SmartProcureX-srv#flowable-async-job-executor-thread-2161#
[PollStartAppStatusExecution] d9622003-7570-45ea-b8be-97c6305e4251 [2026-08-02T07:20:46.983639] Starting health monitoring of container (STDOUT, CELL)#
#2026 08 02 07:55:17.551#Z#DEBUG#6828ea62-8e47-11f1-a22d-eeee0a847462.SmartProcureX-srv#flowable-async-job-executor-thread-2161#
[PollStartAppStatusExecution] d9622003-7570-45ea-b8be-97c6305e4251 [2026-08-02T07:20:47.036320] Invoking pre-start scripts. (STDOUT, APP/PROC/WEB)#
#2026 08 02 07:55:17.551#Z#DEBUG#6828ea62-8e47-11f1-a22d-eeee0a847462.SmartProcureX-srv#flowable-async-job-executor-thread-2161#
[PollStartAppStatusExecution] d9622003-7570-45ea-b8be-97c6305e4251 [2026-08-02T07:20:47.175910] Invoking start command. (STDOUT, APP/PROC/WEB)#
#2026 08 02 07:55:17.551#Z#DEBUG#6828ea62-8e47-11f1-a22d-eeee0a847462.SmartProcureX-srv#flowable-async-job-executor-thread-2161#
[PollStartAppStatusExecution] d9622003-7570-45ea-b8be-97c6305e4251 [2026-08-02T07:20:47.457994] > smart-procure-x@1.0.0 start (STDOUT, APP/PROC/WEB)#
#2026 08 02 07:55:17.551#Z#DEBUG#6828ea62-8e47-11f1-a22d-eeee0a847462.SmartProcureX-srv#flowable-async-job-executor-thread-2161#
[PollStartAppStatusExecution] d9622003-7570-45ea-b8be-97c6305e4251 [2026-08-02T07:20:47.458024] > cds-serve (STDOUT, APP/PROC/WEB)#
#2026 08 02 07:55:17.551#Z#DEBUG#6828ea62-8e47-11f1-a22d-eeee0a847462.SmartProcureX-srv#flowable-async-job-executor-thread-2161#
[PollStartAppStatusExecution] d9622003-7570-45ea-b8be-97c6305e4251 [2026-08-02T07:20:47.749558] {"level":"info","logger":"cds","timestamp":"2026-08-02T07:20:47.748Z","layer":"cds","component_type":"application","container_id":"10.37.130.4","component_id":"d9622003-7570-45ea-b8be-97c6305e4251","component_name":"SmartProcureX-srv","component_instance":0,"source_instance":0,"organization_name":"0d79b96ctrial","organization_id":"e8159873-0fc0-4477-a4f9-3c43fdb65fe4","space_name":"dev","space_id":"0628b1b5-c14d-4a0a-abf9-843360b5d7c0","msg":"loaded model from 1 file(s):\n ","type":"log"} (STDOUT, APP/PROC/WEB)#
#2026 08 02 07:55:17.551#Z#DEBUG#6828ea62-8e47-11f1-a22d-eeee0a847462.SmartProcureX-srv#flowable-async-job-executor-thread-2161#
[PollStartAppStatusExecution] d9622003-7570-45ea-b8be-97c6305e4251 [2026-08-02T07:20:47.749931] srv/csn.json (STDOUT, APP/PROC/WEB)#
#2026 08 02 07:55:17.551#Z#DEBUG#6828ea62-8e47-11f1-a22d-eeee0a847462.SmartProcureX-srv#flowable-async-job-executor-thread-2161#
[PollStartAppStatusExecution] d9622003-7570-45ea-b8be-97c6305e4251 [2026-08-02T07:20:47.963139] {"level":"info","logger":"cds","timestamp":"2026-08-02T07:20:47.962Z","layer":"cds","component_type":"application","container_id":"10.37.130.4","component_id":"d9622003-7570-45ea-b8be-97c6305e4251","component_name":"SmartProcureX-srv","component_instance":0,"source_instance":0,"organization_name":"0d79b96ctrial","organization_id":"e8159873-0fc0-4477-a4f9-3c43fdb65fe4","space_name":"dev","space_id":"0628b1b5-c14d-4a0a-abf9-843360b5d7c0","msg":"connect to db > hana {\n  database_id: 'ccb85f22-d9b4-4190-84d2-64f7029bd6f6',\n  host: 'ccb85f22-d9b4-4190-84d2-64f7029bd6f6.hna1.prod-us10.hanacloud.ondemand.com',\n  port: '443',\n  driver: 'com.sap.db.jdbc.Driver',\n  url: 'jdbc:sap://ccb85f22-d9b4-4190-84d2-64f7029bd6f6.hna1.prod-us10.hanacloud.ondemand.com:443?encrypt=true&validateCertificate=true&currentschema=B2E83F60A5C34A6E98091CC639322A6C',\n  schema: 'B2E83F60A5C34A6E98091CC639322A6C',\n  certificate: '...',\n  hdi_user: 'B2E83F60A5C34A6E98091CC639322A6C_F15SDO7AIVZ7IX7EZZDN0GDKE_DT',\n  hdi_password: '...',\n  user: 'B2E83F60A5C34A6E98091CC639322A6C_F15SDO7AIVZ7IX7EZZDN0GDKE_RT',\n  password: '...'\n}","type":"log"} (STDOUT, APP/PROC/WEB)#
#2026 08 02 07:55:17.551#Z#DEBUG#6828ea62-8e47-11f1-a22d-eeee0a847462.SmartProcureX-srv#flowable-async-job-executor-thread-2161#
[PollStartAppStatusExecution] d9622003-7570-45ea-b8be-97c6305e4251 [2026-08-02T07:20:48.017349] {"level":"info","logger":"cds","timestamp":"2026-08-02T07:20:48.017Z","layer":"cds","component_type":"application","container_id":"10.37.130.4","component_id":"d9622003-7570-45ea-b8be-97c6305e4251","component_name":"SmartProcureX-srv","component_instance":0,"source_instance":0,"organization_name":"0d79b96ctrial","organization_id":"e8159873-0fc0-4477-a4f9-3c43fdb65fe4","space_name":"dev","space_id":"0628b1b5-c14d-4a0a-abf9-843360b5d7c0","msg":"using auth strategy { kind: 'xsuaa' }","type":"log"} (STDOUT, APP/PROC/WEB)#
#2026 08 02 07:55:17.552#Z#DEBUG#6828ea62-8e47-11f1-a22d-eeee0a847462.SmartProcureX-srv#flowable-async-job-executor-thread-2161#
[PollStartAppStatusExecution] d9622003-7570-45ea-b8be-97c6305e4251 [2026-08-02T07:20:48.038504] {"level":"info","logger":"cds","timestamp":"2026-08-02T07:20:48.038Z","layer":"cds","component_type":"application","container_id":"10.37.130.4","component_id":"d9622003-7570-45ea-b8be-97c6305e4251","component_name":"SmartProcureX-srv","component_instance":0,"source_instance":0,"organization_name":"0d79b96ctrial","organization_id":"e8159873-0fc0-4477-a4f9-3c43fdb65fe4","space_name":"dev","space_id":"0628b1b5-c14d-4a0a-abf9-843360b5d7c0","msg":"serving AssetService {\n  at: [ '/odata/v4/asset' ],\n  decl: 'srv/csn.json:2988',\n  impl: 'srv/asset-service.js'\n}","type":"log"} (STDOUT, APP/PROC/WEB)#
#2026 08 02 07:55:17.552#Z#DEBUG#6828ea62-8e47-11f1-a22d-eeee0a847462.SmartProcureX-srv#flowable-async-job-executor-thread-2161#
[PollStartAppStatusExecution] d9622003-7570-45ea-b8be-97c6305e4251 [2026-08-02T07:20:48.039027] {"level":"info","logger":"cds","timestamp":"2026-08-02T07:20:48.038Z","layer":"cds","component_type":"application","container_id":"10.37.130.4","component_id":"d9622003-7570-45ea-b8be-97c6305e4251","component_name":"SmartProcureX-srv","component_instance":0,"source_instance":0,"organization_name":"0d79b96ctrial","organization_id":"e8159873-0fc0-4477-a4f9-3c43fdb65fe4","space_name":"dev","space_id":"0628b1b5-c14d-4a0a-abf9-843360b5d7c0","msg":"serving IdentityService {\n  at: [ '/odata/v4/identity' ],\n  decl: 'srv/csn.json:3561'\n}","type":"log"} (STDOUT, APP/PROC/WEB)#
#2026 08 02 07:55:17.552#Z#DEBUG#6828ea62-8e47-11f1-a22d-eeee0a847462.SmartProcureX-srv#flowable-async-job-executor-thread-2161#
[PollStartAppStatusExecution] d9622003-7570-45ea-b8be-97c6305e4251 [2026-08-02T07:20:48.039421] {"level":"info","logger":"cds","timestamp":"2026-08-02T07:20:48.039Z","layer":"cds","component_type":"application","container_id":"10.37.130.4","component_id":"d9622003-7570-45ea-b8be-97c6305e4251","component_name":"SmartProcureX-srv","component_instance":0,"source_instance":0,"organization_name":"0d79b96ctrial","organization_id":"e8159873-0fc0-4477-a4f9-3c43fdb65fe4","space_name":"dev","space_id":"0628b1b5-c14d-4a0a-abf9-843360b5d7c0","msg":"serving PlatformService {\n  at: [ '/odata/v4/platform' ],\n  decl: 'srv/csn.json:3898',\n  impl: 'srv/platform-service.js'\n}","type":"log"} (STDOUT, APP/PROC/WEB)#
#2026 08 02 07:55:17.552#Z#DEBUG#6828ea62-8e47-11f1-a22d-eeee0a847462.SmartProcureX-srv#flowable-async-job-executor-thread-2161#
[PollStartAppStatusExecution] d9622003-7570-45ea-b8be-97c6305e4251 [2026-08-02T07:20:48.039890] {"level":"info","logger":"cds","timestamp":"2026-08-02T07:20:48.039Z","layer":"cds","component_type":"application","container_id":"10.37.130.4","component_id":"d9622003-7570-45ea-b8be-97c6305e4251","component_name":"SmartProcureX-srv","component_instance":0,"source_instance":0,"organization_name":"0d79b96ctrial","organization_id":"e8159873-0fc0-4477-a4f9-3c43fdb65fe4","space_name":"dev","space_id":"0628b1b5-c14d-4a0a-abf9-843360b5d7c0","msg":"serving ProcurementService {\n  at: [ '/odata/v4/procurement' ],\n  decl: 'srv/csn.json:4471',\n  impl: 'srv/procurement-service.js'\n}","type":"log"} (STDOUT, APP/PROC/WEB)#
#2026 08 02 07:55:17.552#Z#DEBUG#6828ea62-8e47-11f1-a22d-eeee0a847462.SmartProcureX-srv#flowable-async-job-executor-thread-2161#
[PollStartAppStatusExecution] d9622003-7570-45ea-b8be-97c6305e4251 [2026-08-02T07:20:48.040360] {"level":"info","logger":"cds","timestamp":"2026-08-02T07:20:48.040Z","layer":"cds","component_type":"application","container_id":"10.37.130.4","component_id":"d9622003-7570-45ea-b8be-97c6305e4251","component_name":"SmartProcureX-srv","component_instance":0,"source_instance":0,"organization_name":"0d79b96ctrial","organization_id":"e8159873-0fc0-4477-a4f9-3c43fdb65fe4","space_name":"dev","space_id":"0628b1b5-c14d-4a0a-abf9-843360b5d7c0","msg":"serving ReportingService {\n  at: [ '/odata/v4/reporting' ],\n  decl: 'srv/csn.json:5471',\n  impl: 'srv/reporting-service.js'\n}","type":"log"} (STDOUT, APP/PROC/WEB)#
#2026 08 02 07:55:17.552#Z#DEBUG#6828ea62-8e47-11f1-a22d-eeee0a847462.SmartProcureX-srv#flowable-async-job-executor-thread-2161#
[PollStartAppStatusExecution] d9622003-7570-45ea-b8be-97c6305e4251 [2026-08-02T07:20:48.040768] {"level":"info","logger":"cds","timestamp":"2026-08-02T07:20:48.040Z","layer":"cds","component_type":"application","container_id":"10.37.130.4","component_id":"d9622003-7570-45ea-b8be-97c6305e4251","component_name":"SmartProcureX-srv","component_instance":0,"source_instance":0,"organization_name":"0d79b96ctrial","organization_id":"e8159873-0fc0-4477-a4f9-3c43fdb65fe4","space_name":"dev","space_id":"0628b1b5-c14d-4a0a-abf9-843360b5d7c0","msg":"serving SupplierService {\n  at: [ '/odata/v4/supplier' ],\n  decl: 'srv/csn.json:6007'\n}","type":"log"} (STDOUT, APP/PROC/WEB)#
#2026 08 02 07:55:17.552#Z#DEBUG#6828ea62-8e47-11f1-a22d-eeee0a847462.SmartProcureX-srv#flowable-async-job-executor-thread-2161#
[PollStartAppStatusExecution] d9622003-7570-45ea-b8be-97c6305e4251 [2026-08-02T07:20:48.041129] {"level":"info","logger":"cds","timestamp":"2026-08-02T07:20:48.041Z","layer":"cds","component_type":"application","container_id":"10.37.130.4","component_id":"d9622003-7570-45ea-b8be-97c6305e4251","component_name":"SmartProcureX-srv","component_instance":0,"source_instance":0,"organization_name":"0d79b96ctrial","organization_id":"e8159873-0fc0-4477-a4f9-3c43fdb65fe4","space_name":"dev","space_id":"0628b1b5-c14d-4a0a-abf9-843360b5d7c0","msg":"serving WarehouseService {\n  at: [ '/odata/v4/warehouse' ],\n  decl: 'srv/csn.json:6280',\n  impl: 'srv/warehouse-service.js'\n}","type":"log"} (STDOUT, APP/PROC/WEB)#
#2026 08 02 07:55:17.552#Z#DEBUG#6828ea62-8e47-11f1-a22d-eeee0a847462.SmartProcureX-srv#flowable-async-job-executor-thread-2161#
[PollStartAppStatusExecution] d9622003-7570-45ea-b8be-97c6305e4251 [2026-08-02T07:20:48.041604] {"level":"info","logger":"cds","timestamp":"2026-08-02T07:20:48.041Z","layer":"cds","component_type":"application","container_id":"10.37.130.4","component_id":"d9622003-7570-45ea-b8be-97c6305e4251","component_name":"SmartProcureX-srv","component_instance":0,"source_instance":0,"organization_name":"0d79b96ctrial","organization_id":"e8159873-0fc0-4477-a4f9-3c43fdb65fe4","space_name":"dev","space_id":"0628b1b5-c14d-4a0a-abf9-843360b5d7c0","msg":"serving WhoAmIService {\n  at: [ '/odata/v4/who-am-i' ],\n  decl: 'srv/csn.json:7215',\n  impl: 'srv/whoami-service.js'\n}","type":"log"} (STDOUT, APP/PROC/WEB)#
#2026 08 02 07:55:17.552#Z#DEBUG#6828ea62-8e47-11f1-a22d-eeee0a847462.SmartProcureX-srv#flowable-async-job-executor-thread-2161#
[PollStartAppStatusExecution] d9622003-7570-45ea-b8be-97c6305e4251 [2026-08-02T07:20:48.045697] {"level":"info","logger":"cds","timestamp":"2026-08-02T07:20:48.045Z","layer":"cds","component_type":"application","container_id":"10.37.130.4","component_id":"d9622003-7570-45ea-b8be-97c6305e4251","component_name":"SmartProcureX-srv","component_instance":0,"source_instance":0,"organization_name":"0d79b96ctrial","organization_id":"e8159873-0fc0-4477-a4f9-3c43fdb65fe4","space_name":"dev","space_id":"0628b1b5-c14d-4a0a-abf9-843360b5d7c0","msg":"server listening on { url: 'http://localhost:8080' }","type":"log"} (STDOUT, APP/PROC/WEB)#
#2026 08 02 07:55:17.552#Z#DEBUG#6828ea62-8e47-11f1-a22d-eeee0a847462.SmartProcureX-srv#flowable-async-job-executor-thread-2161#
[PollStartAppStatusExecution] d9622003-7570-45ea-b8be-97c6305e4251 [2026-08-02T07:20:48.046475] {"level":"info","logger":"cds","timestamp":"2026-08-02T07:20:48.046Z","layer":"cds","component_type":"application","container_id":"10.37.130.4","component_id":"d9622003-7570-45ea-b8be-97c6305e4251","component_name":"SmartProcureX-srv","component_instance":0,"source_instance":0,"organization_name":"0d79b96ctrial","organization_id":"e8159873-0fc0-4477-a4f9-3c43fdb65fe4","space_name":"dev","space_id":"0628b1b5-c14d-4a0a-abf9-843360b5d7c0","msg":"server v10.0.4 launched in 580 ms","type":"log"} (STDOUT, APP/PROC/WEB)#
#2026 08 02 07:55:17.552#Z#DEBUG#6828ea62-8e47-11f1-a22d-eeee0a847462.SmartProcureX-srv#flowable-async-job-executor-thread-2161#
[PollStartAppStatusExecution] d9622003-7570-45ea-b8be-97c6305e4251 [2026-08-02T07:20:49.051393] {"level":"warn","logger":"queue","correlation_id":"249b83ed-90ba-4f94-bf0b-2676cd83b4aa","timestamp":"2026-08-02T07:20:49.050Z","msg":"Failed to fetch targets for flush Pool resource could not be acquired within 1s","stacktrace":["Error: Pool resource could not be acquired within 1s","at /home/vcap/app/node_modules/@cap-js/db-service/lib/common/generic-pool.js:71:21","at new Promise (<anonymous>)","at new Request (/home/vcap/app/node_modules/@cap-js/db-service/lib/common/generic-pool.js:59:20)","at Pool.acquire (/home/vcap/app/node_modules/@cap-js/db-service/lib/common/generic-pool.js:141:21)","at HANAService.acquire (/home/vcap/app/node_modules/@cap-js/db-service/lib/common/DatabaseService.js:106:28)","at HANAService.begin (/home/vcap/app/node_modules/@cap-js/db-service/lib/common/DatabaseService.js:66:27)","at HANAService._begin [as dispatch] (/home/vcap/app/node_modules/@sap/cds/lib/srv/srv-tx.js:195:38)","at /home/vcap/app/node_modules/@sap/cds/lib/srv/srv-dispatch.js:20:50","at HANAService.run (/home/vcap/app/node_modules/@sap/cds/lib/srv/cds.Service.js:171:44)","at HANAService.run (/home/vcap/app/node_modules/@cap-js/db-service/lib/common/DatabaseService.js:158:18)"],"layer":"cds","component_type":"application","container_id":"10.37.130.4","component_id":"d9622003-7570-45ea-b8be-97c6305e4251","component_name":"SmartProcureX-srv","component_instance":0,"source_instance":0,"organization_name":"0d79b96ctrial","organization_id":"e8159873-0fc0-4477-a4f9-3c43fdb65fe4","space_name":"dev","space_id":"0628b1b5-c14d-4a0a-abf9-843360b5d7c0","type":"log"} (STDERR, APP/PROC/WEB)#
#2026 08 02 07:55:17.552#Z#DEBUG#6828ea62-8e47-11f1-a22d-eeee0a847462.SmartProcureX-srv#flowable-async-job-executor-thread-2161#
[PollStartAppStatusExecution] d9622003-7570-45ea-b8be-97c6305e4251 [2026-08-02T07:20:50.249201] Container became healthy (STDOUT, CELL)#
#2026 08 02 07:55:17.552#Z#DEBUG#6828ea62-8e47-11f1-a22d-eeee0a847462.SmartProcureX-srv#flowable-async-job-executor-thread-2161#
[PollStartAppStatusExecution] d9622003-7570-45ea-b8be-97c6305e4251 [2026-08-02T07:20:50.276517] Process became ready with guid d9622003-7570-45ea-b8be-97c6305e4251 payload: {"instance"=>"9901b53b-a394-4a2d-4d11-7e49", "index"=>0, "cell_id"=>"c029166f-5c99-471a-95ad-14514ab6ab95", "ready"=>true, "version"=>"22032aa5-c4ec-4e7a-aad0-ef2203ddafa1"} (STDOUT, API)#
#2026 08 02 07:55:17.552#Z#DEBUG#6828ea62-8e47-11f1-a22d-eeee0a847462.SmartProcureX-srv#flowable-async-job-executor-thread-2161#
[PollStartAppStatusExecution] d9622003-7570-45ea-b8be-97c6305e4251 [2026-08-02T07:21:48.169694] Cell da97415f-d45d-4f73-b6f3-2c853ecdb03d destroying container for instance 456435b7-9200-493a-6967-36ad (STDOUT, CELL)#
#2026 08 02 07:55:17.552#Z#DEBUG#6828ea62-8e47-11f1-a22d-eeee0a847462.SmartProcureX-srv#flowable-async-job-executor-thread-2161#
[PollStartAppStatusExecution] d9622003-7570-45ea-b8be-97c6305e4251 [2026-08-02T07:21:48.252956] Exit status 137 (STDOUT, PROXY)#
#2026 08 02 07:55:17.552#Z#DEBUG#6828ea62-8e47-11f1-a22d-eeee0a847462.SmartProcureX-srv#flowable-async-job-executor-thread-2161#
[PollStartAppStatusExecution] d9622003-7570-45ea-b8be-97c6305e4251 [2026-08-02T07:21:49.413968] Cell da97415f-d45d-4f73-b6f3-2c853ecdb03d successfully destroyed container for instance 456435b7-9200-493a-6967-36ad (STDOUT, CELL)#
#2026 08 02 07:55:17.552#Z#DEBUG#6828ea62-8e47-11f1-a22d-eeee0a847462.SmartProcureX-srv#flowable-async-job-executor-thread-2161#
[PollStartAppStatusExecution] d9622003-7570-45ea-b8be-97c6305e4251 [2026-08-02T07:41:26.574245] 0d79b96ctrial-dev-smartprocurex-srv.cfapps.us10-003.hana.ondemand.com - [2026-08-02T07:41:26.558075672Z] "GET /odata/v4/procurement/ HTTP/2.0" 401 0 12 "-" "Mozilla/5.0 (Windows NT 10.0; Win64; x64) AppleWebKit/537.36 (KHTML, like Gecko) Chrome/151.0.0.0 Safari/537.36" "10.0.136.3:52464" "10.37.130.4:61016" x_forwarded_for:"152.57.234.150, 10.0.136.3" x_forwarded_proto:"https" vcap_request_id:"7d8c31c3-dc23-4c91-6102-65ba55c79c38" response_time:0.016037 gorouter_time:0.000081 app_id:"d9622003-7570-45ea-b8be-97c6305e4251" app_index:"0" instance_id:"9901b53b-a394-4a2d-4d11-7e49" failed_attempts:0 failed_attempts_time:"-" dns_time:0.000000 dial_time:0.000503 tls_time:0.008540 backend_time:0.015956 local_address:"10.0.129.9:39728" x_cf_routererror:"-" x_correlationid:"-" tenantid:"-" sap_passport:"-" x_scp_request_id:"2d867c7a-1a4b-4a96-b81b-e01f4cc4b15e-6A6EF4A6-1BF898" x_cf_app_instance:"-" x_forwarded_host:"-" x_custom_host:"-" x_ssl_client:"-" x_ssl_client_session_id:"-" x_ssl_client_verify:"-" x_ssl_client_subject_dn:"-" x_ssl_client_subject_cn:"-" x_ssl_client_issuer_dn:"-" x_ssl_client_notbefore:"-" x_ssl_client_notafter:"-" x_cf_forwarded_url:"-" traceparent:"-" true_client_ip:"-" x_cf_true_client_ip:"152.57.234.150" x_request_id:"-" x_b3_traceid:"7d8c31c3dc234c91610265ba55c79c38" x_b3_spanid:"610265ba55c79c38" x_b3_parentspanid:"-" b3:"7d8c31c3dc234c91610265ba55c79c38-610265ba55c79c38" (STDOUT, RTR)#
#2026 08 02 07:55:17.552#Z#DEBUG#6828ea62-8e47-11f1-a22d-eeee0a847462.SmartProcureX-srv#flowable-async-job-executor-thread-2161#
[PollStartAppStatusExecution] d9622003-7570-45ea-b8be-97c6305e4251 [2026-08-02T07:41:35.477863] {"level":"info","logger":"odata","correlation_id":"e156b95c-11ff-4c8c-543c-6d0b2a3c5a9c","tenant_id":"5590af3c-9485-44fe-975e-4b748861d2ff","host":"0d79b96ctrial-dev-smartprocurex-srv.cfapps.us10-003.hana.ondemand.com","user_agent":"Mozilla/5.0 (Windows NT 10.0; Win64; x64) AppleWebKit/537.36 (KHTML, like Gecko) Chrome/151.0.0.0 Safari/537.36","accept":"text/html,application/xhtml+xml,application/xml;q=0.9,image/avif,image/webp,image/apng,*/*;q=0.8,application/signed-exchange;v=b3;q=0.7","accept_encoding":"gzip, deflate, br, zstd","accept_language":"en-US,en;q=0.9","authorization":"***","b3":"e156b95c11ff4c8c543c6d0b2a3c5a9c-543c6d0b2a3c5a9c","cookie":"***","priority":"u=0, i","referer":"https://0d79b96ctrial.authentication.us10.hana.ondemand.com/","sec_ch_ua":"\"Not=A?Brand\";v=\"99\", \"Google Chrome\";v=\"151\", \"Chromium\";v=\"151\"","sec_ch_ua_mobile":"?0","sec_ch_ua_platform":"\"Windows\"","sec_fetch_dest":"document","sec_fetch_mode":"navigate","sec_fetch_site":"cross-site","tenantid":"0d79b96ctrial","upgrade_insecure_requests":"1","x_b3_spanid":"543c6d0b2a3c5a9c","x_b3_traceid":"e156b95c11ff4c8c543c6d0b2a3c5a9c","x_cf_applicationid":"d9622003-7570-45ea-b8be-97c6305e4251","x_cf_instanceid":"9901b53b-a394-4a2d-4d11-7e49","x_cf_instanceindex":"0","x_cf_true_client_ip":"10.37.193.4","x_correlationid":"e156b95c-11ff-4c8c-543c-6d0b2a3c5a9c","x_forwarded_for":"152.57.234.150, 10.0.136.3, 10.37.193.4, 10.0.200.3","x_forwarded_host":"0d79b96ctrial-dev-com-smartprocurex-smartprocurexui.cfapps.us10-003.hana.ondemand.com","x_forwarded_path":"/odata/v4/procurement/","x_forwarded_proto":"https","x_request_start":"1785656495397","x_scp_request_id":"9aa5315b-a820-4309-8a47-2bd2b99a37a3-6A6EF4AF-1C331C","x_vcap_request_id":"e156b95c-11ff-4c8c-543c-6d0b2a3c5a9c","request_id":"e156b95c-11ff-4c8c-543c-6d0b2a3c5a9c","x_correlation_id":"e156b95c-11ff-4c8c-543c-6d0b2a3c5a9c","timestamp":"2026-08-02T07:41:35.477Z","layer":"cds","component_type":"application","container_id":"10.37.130.4","component_id":"d9622003-7570-45ea-b8be-97c6305e4251","component_name":"SmartProcureX-srv","component_instance":0,"source_instance":0,"organization_name":"0d79b96ctrial","organization_id":"e8159873-0fc0-4477-a4f9-3c43fdb65fe4","space_name":"dev","space_id":"0628b1b5-c14d-4a0a-abf9-843360b5d7c0","tenant_subdomain":"0d79b96ctrial","msg":"GET /odata/v4/procurement/ ","type":"log"} (STDOUT, APP/PROC/WEB)#
#2026 08 02 07:55:17.552#Z#DEBUG#6828ea62-8e47-11f1-a22d-eeee0a847462.SmartProcureX-srv#flowable-async-job-executor-thread-2161#
[PollStartAppStatusExecution] d9622003-7570-45ea-b8be-97c6305e4251 [2026-08-02T07:41:35.480072] 0d79b96ctrial-dev-smartprocurex-srv.cfapps.us10-003.hana.ondemand.com - [2026-08-02T07:41:35.426467634Z] "GET /odata/v4/procurement/ HTTP/1.1" 200 0 374 "https://0d79b96ctrial.authentication.us10.hana.ondemand.com/" "Mozilla/5.0 (Windows NT 10.0; Win64; x64) AppleWebKit/537.36 (KHTML, like Gecko) Chrome/151.0.0.0 Safari/537.36" "10.0.200.3:44716" "10.37.130.4:61016" x_forwarded_for:"152.57.234.150, 10.0.136.3, 10.37.193.4, 10.0.200.3" x_forwarded_proto:"https" vcap_request_id:"e156b95c-11ff-4c8c-543c-6d0b2a3c5a9c" response_time:0.053487 gorouter_time:0.000039 app_id:"d9622003-7570-45ea-b8be-97c6305e4251" app_index:"0" instance_id:"9901b53b-a394-4a2d-4d11-7e49" failed_attempts:0 failed_attempts_time:"-" dns_time:0.000000 dial_time:0.001307 tls_time:0.007955 backend_time:0.053448 local_address:"10.0.193.9:30440" x_cf_routererror:"-" x_correlationid:"e156b95c-11ff-4c8c-543c-6d0b2a3c5a9c" tenantid:"0d79b96ctrial" sap_passport:"-" x_scp_request_id:"9aa5315b-a820-4309-8a47-2bd2b99a37a3-6A6EF4AF-1C331C" x_cf_app_instance:"-" x_forwarded_host:"0d79b96ctrial-dev-com-smartprocurex-smartprocurexui.cfapps.us10-003.hana.ondemand.com" x_custom_host:"-" x_ssl_client:"-" x_ssl_client_session_id:"-" x_ssl_client_verify:"-" x_ssl_client_subject_dn:"-" x_ssl_client_subject_cn:"-" x_ssl_client_issuer_dn:"-" x_ssl_client_notbefore:"-" x_ssl_client_notafter:"-" x_cf_forwarded_url:"-" traceparent:"-" true_client_ip:"-" x_cf_true_client_ip:"10.37.193.4" x_request_id:"-" x_b3_traceid:"e156b95c11ff4c8c543c6d0b2a3c5a9c" x_b3_spanid:"543c6d0b2a3c5a9c" x_b3_parentspanid:"-" b3:"e156b95c11ff4c8c543c6d0b2a3c5a9c-543c6d0b2a3c5a9c" (STDOUT, RTR)#
#2026 08 02 07:55:17.552#Z#DEBUG#6828ea62-8e47-11f1-a22d-eeee0a847462.SmartProcureX-srv#flowable-async-job-executor-thread-2161#
[PollStartAppStatusExecution] d9622003-7570-45ea-b8be-97c6305e4251 [2026-08-02T07:41:43.522570] {"level":"info","logger":"odata","correlation_id":"17b693de-e971-4ea3-4c70-6dec31727dc1","tenant_id":"5590af3c-9485-44fe-975e-4b748861d2ff","host":"0d79b96ctrial-dev-smartprocurex-srv.cfapps.us10-003.hana.ondemand.com","user_agent":"Mozilla/5.0 (Windows NT 10.0; Win64; x64) AppleWebKit/537.36 (KHTML, like Gecko) Chrome/151.0.0.0 Safari/537.36","accept":"*/*","accept_encoding":"gzip, deflate, br, zstd","accept_language":"en-US","authorization":"***","b3":"17b693dee9714ea34c706dec31727dc1-4c706dec31727dc1","cookie":"***","priority":"u=1, i","referer":"https://0d79b96ctrial-dev-com-smartprocurex-smartprocurexui.cfapps.us10-003.hana.ondemand.com/index.html","sec_ch_ua":"\"Not=A?Brand\";v=\"99\", \"Google Chrome\";v=\"151\", \"Chromium\";v=\"151\"","sec_ch_ua_mobile":"?0","sec_ch_ua_platform":"\"Windows\"","sec_fetch_dest":"empty","sec_fetch_mode":"cors","sec_fetch_site":"same-origin","tenantid":"0d79b96ctrial","x_b3_spanid":"4c706dec31727dc1","x_b3_traceid":"17b693dee9714ea34c706dec31727dc1","x_cf_applicationid":"d9622003-7570-45ea-b8be-97c6305e4251","x_cf_instanceid":"9901b53b-a394-4a2d-4d11-7e49","x_cf_instanceindex":"0","x_cf_true_client_ip":"10.37.193.4","x_correlationid":"17b693de-e971-4ea3-4c70-6dec31727dc1","x_forwarded_for":"152.57.234.150, 10.0.136.3, 10.37.193.4, 10.0.200.3","x_forwarded_host":"0d79b96ctrial-dev-com-smartprocurex-smartprocurexui.cfapps.us10-003.hana.ondemand.com","x_forwarded_path":"/odata/v4/supplier/$metadata","x_forwarded_proto":"https","x_request_start":"1785656503516","x_requested_with":"XMLHttpRequest","x_scp_request_id":"9aa5315b-a820-4309-8a47-2bd2b99a37a3-6A6EF4AF-1C3354","x_vcap_request_id":"17b693de-e971-4ea3-4c70-6dec31727dc1","request_id":"17b693de-e971-4ea3-4c70-6dec31727dc1","x_correlation_id":"17b693de-e971-4ea3-4c70-6dec31727dc1","timestamp":"2026-08-02T07:41:43.522Z","layer":"cds","component_type":"application","container_id":"10.37.130.4","component_id":"d9622003-7570-45ea-b8be-97c6305e4251","component_name":"SmartProcureX-srv","component_instance":0,"source_instance":0,"organization_name":"0d79b96ctrial","organization_id":"e8159873-0fc0-4477-a4f9-3c43fdb65fe4","space_name":"dev","space_id":"0628b1b5-c14d-4a0a-abf9-843360b5d7c0","tenant_subdomain":"0d79b96ctrial","msg":"GET /odata/v4/supplier/$metadata { 'sap-language': 'EN' }","type":"log"} (STDOUT, APP/PROC/WEB)#
#2026 08 02 07:55:17.552#Z#DEBUG#6828ea62-8e47-11f1-a22d-eeee0a847462.SmartProcureX-srv#flowable-async-job-executor-thread-2161#
[PollStartAppStatusExecution] d9622003-7570-45ea-b8be-97c6305e4251 [2026-08-02T07:41:43.527894] 0d79b96ctrial-dev-smartprocurex-srv.cfapps.us10-003.hana.ondemand.com - [2026-08-02T07:41:43.519810098Z] "GET /odata/v4/supplier/$metadata?sap-language=EN HTTP/1.1" 200 0 7483 "https://0d79b96ctrial-dev-com-smartprocurex-smartprocurexui.cfapps.us10-003.hana.ondemand.com/index.html" "Mozilla/5.0 (Windows NT 10.0; Win64; x64) AppleWebKit/537.36 (KHTML, like Gecko) Chrome/151.0.0.0 Safari/537.36" "10.0.200.3:44734" "10.37.130.4:61016" x_forwarded_for:"152.57.234.150, 10.0.136.3, 10.37.193.4, 10.0.200.3" x_forwarded_proto:"https" vcap_request_id:"17b693de-e971-4ea3-4c70-6dec31727dc1" response_time:0.007971 gorouter_time:0.000063 app_id:"d9622003-7570-45ea-b8be-97c6305e4251" app_index:"0" instance_id:"9901b53b-a394-4a2d-4d11-7e49" failed_attempts:0 failed_attempts_time:"-" dns_time:0.000000 dial_time:0.000000 tls_time:0.000000 backend_time:0.007908 local_address:"10.0.193.9:30440" x_cf_routererror:"-" x_correlationid:"17b693de-e971-4ea3-4c70-6dec31727dc1" tenantid:"0d79b96ctrial" sap_passport:"-" x_scp_request_id:"9aa5315b-a820-4309-8a47-2bd2b99a37a3-6A6EF4AF-1C3354" x_cf_app_instance:"-" x_forwarded_host:"0d79b96ctrial-dev-com-smartprocurex-smartprocurexui.cfapps.us10-003.hana.ondemand.com" x_custom_host:"-" x_ssl_client:"-" x_ssl_client_session_id:"-" x_ssl_client_verify:"-" x_ssl_client_subject_dn:"-" x_ssl_client_subject_cn:"-" x_ssl_client_issuer_dn:"-" x_ssl_client_notbefore:"-" x_ssl_client_notafter:"-" x_cf_forwarded_url:"-" traceparent:"-" true_client_ip:"-" x_cf_true_client_ip:"10.37.193.4" x_request_id:"-" x_b3_traceid:"17b693dee9714ea34c706dec31727dc1" x_b3_spanid:"4c706dec31727dc1" x_b3_parentspanid:"-" b3:"17b693dee9714ea34c706dec31727dc1-4c706dec31727dc1" (STDOUT, RTR)#
#2026 08 02 07:55:17.552#Z#DEBUG#6828ea62-8e47-11f1-a22d-eeee0a847462.SmartProcureX-srv#flowable-async-job-executor-thread-2161#
[PollStartAppStatusExecution] d9622003-7570-45ea-b8be-97c6305e4251 [2026-08-02T07:41:43.544202] {"level":"info","logger":"odata","correlation_id":"a7dd6a7b-17af-4819-727d-967209a8b717","tenant_id":"5590af3c-9485-44fe-975e-4b748861d2ff","host":"0d79b96ctrial-dev-smartprocurex-srv.cfapps.us10-003.hana.ondemand.com","user_agent":"Mozilla/5.0 (Windows NT 10.0; Win64; x64) AppleWebKit/537.36 (KHTML, like Gecko) Chrome/151.0.0.0 Safari/537.36","accept":"*/*","accept_encoding":"gzip, deflate, br, zstd","accept_language":"en-US","authorization":"***","b3":"a7dd6a7b17af4819727d967209a8b717-727d967209a8b717","cookie":"***","priority":"u=1, i","referer":"https://0d79b96ctrial-dev-com-smartprocurex-smartprocurexui.cfapps.us10-003.hana.ondemand.com/index.html","sec_ch_ua":"\"Not=A?Brand\";v=\"99\", \"Google Chrome\";v=\"151\", \"Chromium\";v=\"151\"","sec_ch_ua_mobile":"?0","sec_ch_ua_platform":"\"Windows\"","sec_fetch_dest":"empty","sec_fetch_mode":"cors","sec_fetch_site":"same-origin","tenantid":"0d79b96ctrial","x_b3_spanid":"727d967209a8b717","x_b3_traceid":"a7dd6a7b17af4819727d967209a8b717","x_cf_applicationid":"d9622003-7570-45ea-b8be-97c6305e4251","x_cf_instanceid":"9901b53b-a394-4a2d-4d11-7e49","x_cf_instanceindex":"0","x_cf_true_client_ip":"10.37.193.4","x_correlationid":"a7dd6a7b-17af-4819-727d-967209a8b717","x_csrf_token":"Fetch","x_forwarded_for":"152.57.234.150, 10.0.136.3, 10.37.193.4, 10.0.200.2","x_forwarded_host":"0d79b96ctrial-dev-com-smartprocurex-smartprocurexui.cfapps.us10-003.hana.ondemand.com","x_forwarded_path":"/odata/v4/supplier/","x_forwarded_proto":"https","x_request_start":"1785656503516","x_requested_with":"XMLHttpRequest","x_scp_request_id":"ed68c315-3eeb-4471-9fdc-9dc1d1fc79cc-6A6EF4B7-1BDA8D","x_vcap_request_id":"a7dd6a7b-17af-4819-727d-967209a8b717","request_id":"a7dd6a7b-17af-4819-727d-967209a8b717","x_correlation_id":"a7dd6a7b-17af-4819-727d-967209a8b717","timestamp":"2026-08-02T07:41:43.543Z","layer":"cds","component_type":"application","container_id":"10.37.130.4","component_id":"d9622003-7570-45ea-b8be-97c6305e4251","component_name":"SmartProcureX-srv","component_instance":0,"source_instance":0,"organization_name":"0d79b96ctrial","organization_id":"e8159873-0fc0-4477-a4f9-3c43fdb65fe4","space_name":"dev","space_id":"0628b1b5-c14d-4a0a-abf9-843360b5d7c0","tenant_subdomain":"0d79b96ctrial","msg":"HEAD /odata/v4/supplier/ ","type":"log"} (STDOUT, APP/PROC/WEB)#
#2026 08 02 07:55:17.552#Z#DEBUG#6828ea62-8e47-11f1-a22d-eeee0a847462.SmartProcureX-srv#flowable-async-job-executor-thread-2161#
[PollStartAppStatusExecution] d9622003-7570-45ea-b8be-97c6305e4251 [2026-08-02T07:41:43.545121] {"level":"info","logger":"odata","correlation_id":"2a5fc613-182c-455c-4b01-dc299b0d26a2","tenant_id":"5590af3c-9485-44fe-975e-4b748861d2ff","host":"0d79b96ctrial-dev-smartprocurex-srv.cfapps.us10-003.hana.ondemand.com","user_agent":"Mozilla/5.0 (Windows NT 10.0; Win64; x64) AppleWebKit/537.36 (KHTML, like Gecko) Chrome/151.0.0.0 Safari/537.36","accept":"*/*","accept_encoding":"gzip, deflate, br, zstd","accept_language":"en-US","authorization":"***","b3":"2a5fc613182c455c4b01dc299b0d26a2-4b01dc299b0d26a2","cookie":"***","priority":"u=1, i","referer":"https://0d79b96ctrial-dev-com-smartprocurex-smartprocurexui.cfapps.us10-003.hana.ondemand.com/index.html","sec_ch_ua":"\"Not=A?Brand\";v=\"99\", \"Google Chrome\";v=\"151\", \"Chromium\";v=\"151\"","sec_ch_ua_mobile":"?0","sec_ch_ua_platform":"\"Windows\"","sec_fetch_dest":"empty","sec_fetch_mode":"cors","sec_fetch_site":"same-origin","tenantid":"0d79b96ctrial","x_b3_spanid":"4b01dc299b0d26a2","x_b3_traceid":"2a5fc613182c455c4b01dc299b0d26a2","x_cf_applicationid":"d9622003-7570-45ea-b8be-97c6305e4251","x_cf_instanceid":"9901b53b-a394-4a2d-4d11-7e49","x_cf_instanceindex":"0","x_cf_true_client_ip":"10.37.193.4","x_correlationid":"2a5fc613-182c-455c-4b01-dc299b0d26a2","x_forwarded_for":"152.57.234.150, 10.0.136.3, 10.37.193.4, 10.0.200.2","x_forwarded_host":"0d79b96ctrial-dev-com-smartprocurex-smartprocurexui.cfapps.us10-003.hana.ondemand.com","x_forwarded_path":"/odata/v4/procurement/$metadata","x_forwarded_proto":"https","x_request_start":"1785656503516","x_requested_with":"XMLHttpRequest","x_scp_request_id":"ed68c315-3eeb-4471-9fdc-9dc1d1fc79cc-6A6EF4B7-1BDA8C","x_vcap_request_id":"2a5fc613-182c-455c-4b01-dc299b0d26a2","request_id":"2a5fc613-182c-455c-4b01-dc299b0d26a2","x_correlation_id":"2a5fc613-182c-455c-4b01-dc299b0d26a2","timestamp":"2026-08-02T07:41:43.544Z","layer":"cds","component_type":"application","container_id":"10.37.130.4","component_id":"d9622003-7570-45ea-b8be-97c6305e4251","component_name":"SmartProcureX-srv","component_instance":0,"source_instance":0,"organization_name":"0d79b96ctrial","organization_id":"e8159873-0fc0-4477-a4f9-3c43fdb65fe4","space_name":"dev","space_id":"0628b1b5-c14d-4a0a-abf9-843360b5d7c0","tenant_subdomain":"0d79b96ctrial","msg":"GET /odata/v4/procurement/$metadata { 'sap-language': 'EN' }","type":"log"} (STDOUT, APP/PROC/WEB)#
#2026 08 02 07:55:17.552#Z#DEBUG#6828ea62-8e47-11f1-a22d-eeee0a847462.SmartProcureX-srv#flowable-async-job-executor-thread-2161#
[PollStartAppStatusExecution] d9622003-7570-45ea-b8be-97c6305e4251 [2026-08-02T07:41:43.545425] 0d79b96ctrial-dev-smartprocurex-srv.cfapps.us10-003.hana.ondemand.com - [2026-08-02T07:41:43.542511049Z] "HEAD /odata/v4/supplier/ HTTP/1.1" 200 0 0 "https://0d79b96ctrial-dev-com-smartprocurex-smartprocurexui.cfapps.us10-003.hana.ondemand.com/index.html" "Mozilla/5.0 (Windows NT 10.0; Win64; x64) AppleWebKit/537.36 (KHTML, like Gecko) Chrome/151.0.0.0 Safari/537.36" "10.0.200.2:58692" "10.37.130.4:61016" x_forwarded_for:"152.57.234.150, 10.0.136.3, 10.37.193.4, 10.0.200.2" x_forwarded_proto:"https" vcap_request_id:"a7dd6a7b-17af-4819-727d-967209a8b717" response_time:0.002769 gorouter_time:0.000049 app_id:"d9622003-7570-45ea-b8be-97c6305e4251" app_index:"0" instance_id:"9901b53b-a394-4a2d-4d11-7e49" failed_attempts:0 failed_attempts_time:"-" dns_time:0.000000 dial_time:0.000000 tls_time:0.000000 backend_time:0.002720 local_address:"10.0.193.9:30440" x_cf_routererror:"-" x_correlationid:"a7dd6a7b-17af-4819-727d-967209a8b717" tenantid:"0d79b96ctrial" sap_passport:"-" x_scp_request_id:"ed68c315-3eeb-4471-9fdc-9dc1d1fc79cc-6A6EF4B7-1BDA8D" x_cf_app_instance:"-" x_forwarded_host:"0d79b96ctrial-dev-com-smartprocurex-smartprocurexui.cfapps.us10-003.hana.ondemand.com" x_custom_host:"-" x_ssl_client:"-" x_ssl_client_session_id:"-" x_ssl_client_verify:"-" x_ssl_client_subject_dn:"-" x_ssl_client_subject_cn:"-" x_ssl_client_issuer_dn:"-" x_ssl_client_notbefore:"-" x_ssl_client_notafter:"-" x_cf_forwarded_url:"-" traceparent:"-" true_client_ip:"-" x_cf_true_client_ip:"10.37.193.4" x_request_id:"-" x_b3_traceid:"a7dd6a7b17af4819727d967209a8b717" x_b3_spanid:"727d967209a8b717" x_b3_parentspanid:"-" b3:"a7dd6a7b17af4819727d967209a8b717-727d967209a8b717" (STDOUT, RTR)#
#2026 08 02 07:55:17.552#Z#DEBUG#6828ea62-8e47-11f1-a22d-eeee0a847462.SmartProcureX-srv#flowable-async-job-executor-thread-2161#
[PollStartAppStatusExecution] d9622003-7570-45ea-b8be-97c6305e4251 [2026-08-02T07:41:43.547381] 0d79b96ctrial-dev-smartprocurex-srv.cfapps.us10-003.hana.ondemand.com - [2026-08-02T07:41:43.532788300Z] "GET /odata/v4/procurement/$metadata?sap-language=EN HTTP/1.1" 200 0 26469 "https://0d79b96ctrial-dev-com-smartprocurex-smartprocurexui.cfapps.us10-003.hana.ondemand.com/index.html" "Mozilla/5.0 (Windows NT 10.0; Win64; x64) AppleWebKit/537.36 (KHTML, like Gecko) Chrome/151.0.0.0 Safari/537.36" "10.0.200.2:50576" "10.37.130.4:61016" x_forwarded_for:"152.57.234.150, 10.0.136.3, 10.37.193.4, 10.0.200.2" x_forwarded_proto:"https" vcap_request_id:"2a5fc613-182c-455c-4b01-dc299b0d26a2" response_time:0.014399 gorouter_time:0.000060 app_id:"d9622003-7570-45ea-b8be-97c6305e4251" app_index:"0" instance_id:"9901b53b-a394-4a2d-4d11-7e49" failed_attempts:0 failed_attempts_time:"-" dns_time:0.000000 dial_time:0.001105 tls_time:0.008170 backend_time:0.014339 local_address:"10.0.193.8:33154" x_cf_routererror:"-" x_correlationid:"2a5fc613-182c-455c-4b01-dc299b0d26a2" tenantid:"0d79b96ctrial" sap_passport:"-" x_scp_request_id:"ed68c315-3eeb-4471-9fdc-9dc1d1fc79cc-6A6EF4B7-1BDA8C" x_cf_app_instance:"-" x_forwarded_host:"0d79b96ctrial-dev-com-smartprocurex-smartprocurexui.cfapps.us10-003.hana.ondemand.com" x_custom_host:"-" x_ssl_client:"-" x_ssl_client_session_id:"-" x_ssl_client_verify:"-" x_ssl_client_subject_dn:"-" x_ssl_client_subject_cn:"-" x_ssl_client_issuer_dn:"-" x_ssl_client_notbefore:"-" x_ssl_client_notafter:"-" x_cf_forwarded_url:"-" traceparent:"-" true_client_ip:"-" x_cf_true_client_ip:"10.37.193.4" x_request_id:"-" x_b3_traceid:"2a5fc613182c455c4b01dc299b0d26a2" x_b3_spanid:"4b01dc299b0d26a2" x_b3_parentspanid:"-" b3:"2a5fc613182c455c4b01dc299b0d26a2-4b01dc299b0d26a2" (STDOUT, RTR)#
#2026 08 02 07:55:17.552#Z#DEBUG#6828ea62-8e47-11f1-a22d-eeee0a847462.SmartProcureX-srv#flowable-async-job-executor-thread-2161#
[PollStartAppStatusExecution] d9622003-7570-45ea-b8be-97c6305e4251 [2026-08-02T07:41:43.548656] {"level":"info","logger":"odata","correlation_id":"f5e561a2-8c02-4923-6738-f4b3a04e6fe5","tenant_id":"5590af3c-9485-44fe-975e-4b748861d2ff","host":"0d79b96ctrial-dev-smartprocurex-srv.cfapps.us10-003.hana.ondemand.com","user_agent":"Mozilla/5.0 (Windows NT 10.0; Win64; x64) AppleWebKit/537.36 (KHTML, like Gecko) Chrome/151.0.0.0 Safari/537.36","accept":"*/*","accept_encoding":"gzip, deflate, br, zstd","accept_language":"en-US","authorization":"***","b3":"f5e561a28c0249236738f4b3a04e6fe5-6738f4b3a04e6fe5","cookie":"***","if_none_match":"W/\"NHTogz6/IgtBTIrSFjDvfUQkbijkEh3Jz7lxu/SdTs8=\"","priority":"u=1, i","referer":"https://0d79b96ctrial-dev-com-smartprocurex-smartprocurexui.cfapps.us10-003.hana.ondemand.com/index.html","sec_ch_ua":"\"Not=A?Brand\";v=\"99\", \"Google Chrome\";v=\"151\", \"Chromium\";v=\"151\"","sec_ch_ua_mobile":"?0","sec_ch_ua_platform":"\"Windows\"","sec_fetch_dest":"empty","sec_fetch_mode":"cors","sec_fetch_site":"same-origin","tenantid":"0d79b96ctrial","x_b3_spanid":"6738f4b3a04e6fe5","x_b3_traceid":"f5e561a28c0249236738f4b3a04e6fe5","x_cf_applicationid":"d9622003-7570-45ea-b8be-97c6305e4251","x_cf_instanceid":"9901b53b-a394-4a2d-4d11-7e49","x_cf_instanceindex":"0","x_cf_true_client_ip":"10.37.193.4","x_correlationid":"f5e561a2-8c02-4923-6738-f4b3a04e6fe5","x_csrf_token":"Fetch","x_forwarded_for":"152.57.234.150, 10.0.136.3, 10.37.193.4, 10.0.200.0","x_forwarded_host":"0d79b96ctrial-dev-com-smartprocurex-smartprocurexui.cfapps.us10-003.hana.ondemand.com","x_forwarded_path":"/odata/v4/procurement/","x_forwarded_proto":"https","x_request_start":"1785656503516","x_requested_with":"XMLHttpRequest","x_scp_request_id":"8b3a38ad-b837-4495-bf5b-66c85e07a4db-6A6EF4B7-1BB8A3","x_vcap_request_id":"f5e561a2-8c02-4923-6738-f4b3a04e6fe5","request_id":"f5e561a2-8c02-4923-6738-f4b3a04e6fe5","x_correlation_id":"f5e561a2-8c02-4923-6738-f4b3a04e6fe5","timestamp":"2026-08-02T07:41:43.548Z","layer":"cds","component_type":"application","container_id":"10.37.130.4","component_id":"d9622003-7570-45ea-b8be-97c6305e4251","component_name":"SmartProcureX-srv","component_instance":0,"source_instance":0,"organization_name":"0d79b96ctrial","organization_id":"e8159873-0fc0-4477-a4f9-3c43fdb65fe4","space_name":"dev","space_id":"0628b1b5-c14d-4a0a-abf9-843360b5d7c0","tenant_subdomain":"0d79b96ctrial","msg":"HEAD /odata/v4/procurement/ ","type":"log"} (STDOUT, APP/PROC/WEB)#
#2026 08 02 07:55:17.552#Z#DEBUG#6828ea62-8e47-11f1-a22d-eeee0a847462.SmartProcureX-srv#flowable-async-job-executor-thread-2161#
[PollStartAppStatusExecution] d9622003-7570-45ea-b8be-97c6305e4251 [2026-08-02T07:41:43.552357] 0d79b96ctrial-dev-smartprocurex-srv.cfapps.us10-003.hana.ondemand.com - [2026-08-02T07:41:43.543274212Z] "HEAD /odata/v4/procurement/ HTTP/1.1" 304 0 0 "https://0d79b96ctrial-dev-com-smartprocurex-smartprocurexui.cfapps.us10-003.hana.ondemand.com/index.html" "Mozilla/5.0 (Windows NT 10.0; Win64; x64) AppleWebKit/537.36 (KHTML, like Gecko) Chrome/151.0.0.0 Safari/537.36" "10.0.200.0:23340" "10.37.130.4:61016" x_forwarded_for:"152.57.234.150, 10.0.136.3, 10.37.193.4, 10.0.200.0" x_forwarded_proto:"https" vcap_request_id:"f5e561a2-8c02-4923-6738-f4b3a04e6fe5" response_time:0.008996 gorouter_time:0.000088 app_id:"d9622003-7570-45ea-b8be-97c6305e4251" app_index:"0" instance_id:"9901b53b-a394-4a2d-4d11-7e49" failed_attempts:0 failed_attempts_time:"-" dns_time:0.000000 dial_time:0.001242 tls_time:0.007371 backend_time:0.008907 local_address:"10.0.193.8:33154" x_cf_routererror:"-" x_correlationid:"f5e561a2-8c02-4923-6738-f4b3a04e6fe5" tenantid:"0d79b96ctrial" sap_passport:"-" x_scp_request_id:"8b3a38ad-b837-4495-bf5b-66c85e07a4db-6A6EF4B7-1BB8A3" x_cf_app_instance:"-" x_forwarded_host:"0d79b96ctrial-dev-com-smartprocurex-smartprocurexui.cfapps.us10-003.hana.ondemand.com" x_custom_host:"-" x_ssl_client:"-" x_ssl_client_session_id:"-" x_ssl_client_verify:"-" x_ssl_client_subject_dn:"-" x_ssl_client_subject_cn:"-" x_ssl_client_issuer_dn:"-" x_ssl_client_notbefore:"-" x_ssl_client_notafter:"-" x_cf_forwarded_url:"-" traceparent:"-" true_client_ip:"-" x_cf_true_client_ip:"10.37.193.4" x_request_id:"-" x_b3_traceid:"f5e561a28c0249236738f4b3a04e6fe5" x_b3_spanid:"6738f4b3a04e6fe5" x_b3_parentspanid:"-" b3:"f5e561a28c0249236738f4b3a04e6fe5-6738f4b3a04e6fe5" (STDOUT, RTR)#
#2026 08 02 07:55:17.552#Z#DEBUG#6828ea62-8e47-11f1-a22d-eeee0a847462.SmartProcureX-srv#flowable-async-job-executor-thread-2161#
[PollStartAppStatusExecution] d9622003-7570-45ea-b8be-97c6305e4251 [2026-08-02T07:41:43.635952] {"level":"info","logger":"odata","correlation_id":"becf0325-13d6-49c3-63e9-8ddef2cab860","tenant_id":"5590af3c-9485-44fe-975e-4b748861d2ff","host":"0d79b96ctrial-dev-smartprocurex-srv.cfapps.us10-003.hana.ondemand.com","user_agent":"Mozilla/5.0 (Windows NT 10.0; Win64; x64) AppleWebKit/537.36 (KHTML, like Gecko) Chrome/151.0.0.0 Safari/537.36","accept":"*/*","accept_encoding":"gzip, deflate, br, zstd","accept_language":"en-US,en;q=0.9","authorization":"***","b3":"becf032513d649c363e98ddef2cab860-63e98ddef2cab860","cookie":"***","priority":"u=1, i","referer":"https://0d79b96ctrial-dev-com-smartprocurex-smartprocurexui.cfapps.us10-003.hana.ondemand.com/index.html","sec_ch_ua":"\"Not=A?Brand\";v=\"99\", \"Google Chrome\";v=\"151\", \"Chromium\";v=\"151\"","sec_ch_ua_mobile":"?0","sec_ch_ua_platform":"\"Windows\"","sec_fetch_dest":"empty","sec_fetch_mode":"cors","sec_fetch_site":"same-origin","tenantid":"0d79b96ctrial","x_b3_spanid":"63e98ddef2cab860","x_b3_traceid":"becf032513d649c363e98ddef2cab860","x_cf_applicationid":"d9622003-7570-45ea-b8be-97c6305e4251","x_cf_instanceid":"9901b53b-a394-4a2d-4d11-7e49","x_cf_instanceindex":"0","x_cf_true_client_ip":"10.37.193.4","x_correlationid":"becf0325-13d6-49c3-63e9-8ddef2cab860","x_forwarded_for":"152.57.234.150, 10.0.136.3, 10.37.193.4, 10.0.200.3","x_forwarded_host":"0d79b96ctrial-dev-com-smartprocurex-smartprocurexui.cfapps.us10-003.hana.ondemand.com","x_forwarded_path":"/odata/v4/identity/Users","x_forwarded_proto":"https","x_request_start":"1785656503630","x_scp_request_id":"9aa5315b-a820-4309-8a47-2bd2b99a37a3-6A6EF4B7-1C3356","x_vcap_request_id":"becf0325-13d6-49c3-63e9-8ddef2cab860","request_id":"becf0325-13d6-49c3-63e9-8ddef2cab860","x_correlation_id":"becf0325-13d6-49c3-63e9-8ddef2cab860","timestamp":"2026-08-02T07:41:43.635Z","layer":"cds","component_type":"application","container_id":"10.37.130.4","component_id":"d9622003-7570-45ea-b8be-97c6305e4251","component_name":"SmartProcureX-srv","component_instance":0,"source_instance":0,"organization_name":"0d79b96ctrial","organization_id":"e8159873-0fc0-4477-a4f9-3c43fdb65fe4","space_name":"dev","space_id":"0628b1b5-c14d-4a0a-abf9-843360b5d7c0","tenant_subdomain":"0d79b96ctrial","msg":"GET /odata/v4/identity/Users ","type":"log"} (STDOUT, APP/PROC/WEB)#
#2026 08 02 07:55:17.552#Z#DEBUG#6828ea62-8e47-11f1-a22d-eeee0a847462.SmartProcureX-srv#flowable-async-job-executor-thread-2161#
[PollStartAppStatusExecution] d9622003-7570-45ea-b8be-97c6305e4251 [2026-08-02T07:41:43.645023] {"level":"info","logger":"odata","correlation_id":"6fa17eda-f39a-4cce-668c-157c1596b848","tenant_id":"5590af3c-9485-44fe-975e-4b748861d2ff","host":"0d79b96ctrial-dev-smartprocurex-srv.cfapps.us10-003.hana.ondemand.com","user_agent":"Mozilla/5.0 (Windows NT 10.0; Win64; x64) AppleWebKit/537.36 (KHTML, like Gecko) Chrome/151.0.0.0 Safari/537.36","accept":"*/*","accept_encoding":"gzip, deflate, br, zstd","accept_language":"en-US,en;q=0.9","authorization":"***","b3":"6fa17edaf39a4cce668c157c1596b848-668c157c1596b848","cookie":"***","priority":"u=1, i","referer":"https://0d79b96ctrial-dev-com-smartprocurex-smartprocurexui.cfapps.us10-003.hana.ondemand.com/index.html","sec_ch_ua":"\"Not=A?Brand\";v=\"99\", \"Google Chrome\";v=\"151\", \"Chromium\";v=\"151\"","sec_ch_ua_mobile":"?0","sec_ch_ua_platform":"\"Windows\"","sec_fetch_dest":"empty","sec_fetch_mode":"cors","sec_fetch_site":"same-origin","tenantid":"0d79b96ctrial","x_b3_spanid":"668c157c1596b848","x_b3_traceid":"6fa17edaf39a4cce668c157c1596b848","x_cf_applicationid":"d9622003-7570-45ea-b8be-97c6305e4251","x_cf_instanceid":"9901b53b-a394-4a2d-4d11-7e49","x_cf_instanceindex":"0","x_cf_true_client_ip":"10.37.193.4","x_correlationid":"6fa17eda-f39a-4cce-668c-157c1596b848","x_forwarded_for":"152.57.234.150, 10.0.136.3, 10.37.193.4, 10.0.200.2","x_forwarded_host":"0d79b96ctrial-dev-com-smartprocurex-smartprocurexui.cfapps.us10-003.hana.ondemand.com","x_forwarded_path":"/odata/v4/identity/Departments","x_forwarded_proto":"https","x_request_start":"1785656503636","x_scp_request_id":"ed68c315-3eeb-4471-9fdc-9dc1d1fc79cc-6A6EF4B7-1BDA8F","x_vcap_request_id":"6fa17eda-f39a-4cce-668c-157c1596b848","request_id":"6fa17eda-f39a-4cce-668c-157c1596b848","x_correlation_id":"6fa17eda-f39a-4cce-668c-157c1596b848","timestamp":"2026-08-02T07:41:43.644Z","layer":"cds","component_type":"application","container_id":"10.37.130.4","component_id":"d9622003-7570-45ea-b8be-97c6305e4251","component_name":"SmartProcureX-srv","component_instance":0,"source_instance":0,"organization_name":"0d79b96ctrial","organization_id":"e8159873-0fc0-4477-a4f9-3c43fdb65fe4","space_name":"dev","space_id":"0628b1b5-c14d-4a0a-abf9-843360b5d7c0","tenant_subdomain":"0d79b96ctrial","msg":"GET /odata/v4/identity/Departments ","type":"log"} (STDOUT, APP/PROC/WEB)#
#2026 08 02 07:55:17.552#Z#DEBUG#6828ea62-8e47-11f1-a22d-eeee0a847462.SmartProcureX-srv#flowable-async-job-executor-thread-2161#
[PollStartAppStatusExecution] d9622003-7570-45ea-b8be-97c6305e4251 [2026-08-02T07:41:44.647728] {"level":"error","logger":"odata","correlation_id":"becf0325-13d6-49c3-63e9-8ddef2cab860","tenant_id":"5590af3c-9485-44fe-975e-4b748861d2ff","host":"0d79b96ctrial-dev-smartprocurex-srv.cfapps.us10-003.hana.ondemand.com","user_agent":"Mozilla/5.0 (Windows NT 10.0; Win64; x64) AppleWebKit/537.36 (KHTML, like Gecko) Chrome/151.0.0.0 Safari/537.36","accept":"*/*","accept_encoding":"gzip, deflate, br, zstd","accept_language":"en-US,en;q=0.9","authorization":"***","b3":"becf032513d649c363e98ddef2cab860-63e98ddef2cab860","cookie":"***","priority":"u=1, i","referer":"https://0d79b96ctrial-dev-com-smartprocurex-smartprocurexui.cfapps.us10-003.hana.ondemand.com/index.html","sec_ch_ua":"\"Not=A?Brand\";v=\"99\", \"Google Chrome\";v=\"151\", \"Chromium\";v=\"151\"","sec_ch_ua_mobile":"?0","sec_ch_ua_platform":"\"Windows\"","sec_fetch_dest":"empty","sec_fetch_mode":"cors","sec_fetch_site":"same-origin","tenantid":"0d79b96ctrial","x_b3_spanid":"63e98ddef2cab860","x_b3_traceid":"becf032513d649c363e98ddef2cab860","x_cf_applicationid":"d9622003-7570-45ea-b8be-97c6305e4251","x_cf_instanceid":"9901b53b-a394-4a2d-4d11-7e49","x_cf_instanceindex":"0","x_cf_true_client_ip":"10.37.193.4","x_correlationid":"becf0325-13d6-49c3-63e9-8ddef2cab860","x_forwarded_for":"152.57.234.150, 10.0.136.3, 10.37.193.4, 10.0.200.3","x_forwarded_host":"0d79b96ctrial-dev-com-smartprocurex-smartprocurexui.cfapps.us10-003.hana.ondemand.com","x_forwarded_path":"/odata/v4/identity/Users","x_forwarded_proto":"https","x_request_start":"1785656503630","x_scp_request_id":"9aa5315b-a820-4309-8a47-2bd2b99a37a3-6A6EF4B7-1C3356","x_vcap_request_id":"becf0325-13d6-49c3-63e9-8ddef2cab860","request_id":"becf0325-13d6-49c3-63e9-8ddef2cab860","x_correlation_id":"becf0325-13d6-49c3-63e9-8ddef2cab860","timestamp":"2026-08-02T07:41:44.647Z","layer":"cds","component_type":"application","container_id":"10.37.130.4","component_id":"d9622003-7570-45ea-b8be-97c6305e4251","component_name":"SmartProcureX-srv","component_instance":0,"source_instance":0,"organization_name":"0d79b96ctrial","organization_id":"e8159873-0fc0-4477-a4f9-3c43fdb65fe4","space_name":"dev","space_id":"0628b1b5-c14d-4a0a-abf9-843360b5d7c0","tenant_subdomain":"0d79b96ctrial","msg":"500 - Error: Pool resource could not be acquired within 1s\n    at /home/vcap/app/node_modules/@cap-js/db-service/lib/common/generic-pool.js:71:21\n    at new Promise (<anonymous>)\n    at new Request (/home/vcap/app/node_modules/@cap-js/db-service/lib/common/generic-pool.js:59:20)\n    at Pool.acquire (/home/vcap/app/node_modules/@cap-js/db-service/lib/common/generic-pool.js:141:21)\n    at HANAService.acquire (/home/vcap/app/node_modules/@cap-js/db-service/lib/common/DatabaseService.js:106:28)\n    at HANAService.begin (/home/vcap/app/node_modules/@cap-js/db-service/lib/common/DatabaseService.js:66:27)\n    at HANAService._begin [as dispatch] (/home/vcap/app/node_modules/@sap/cds/lib/srv/srv-tx.js:195:38)\n    at /home/vcap/app/node_modules/@sap/cds/lib/srv/srv-dispatch.js:20:50\n    at HANAService.run (/home/vcap/app/node_modules/@sap/cds/lib/srv/cds.Service.js:171:44)\n    at HANAService.run (/home/vcap/app/node_modules/@cap-js/db-service/lib/common/DatabaseService.js:158:18) {\n  status: 500,\n  code: '500'\n}","type":"log"} (STDERR, APP/PROC/WEB)#
#2026 08 02 07:55:17.552#Z#DEBUG#6828ea62-8e47-11f1-a22d-eeee0a847462.SmartProcureX-srv#flowable-async-job-executor-thread-2161#
[PollStartAppStatusExecution] d9622003-7570-45ea-b8be-97c6305e4251 [2026-08-02T07:41:44.648591] {"level":"error","logger":"odata","correlation_id":"6fa17eda-f39a-4cce-668c-157c1596b848","tenant_id":"5590af3c-9485-44fe-975e-4b748861d2ff","host":"0d79b96ctrial-dev-smartprocurex-srv.cfapps.us10-003.hana.ondemand.com","user_agent":"Mozilla/5.0 (Windows NT 10.0; Win64; x64) AppleWebKit/537.36 (KHTML, like Gecko) Chrome/151.0.0.0 Safari/537.36","accept":"*/*","accept_encoding":"gzip, deflate, br, zstd","accept_language":"en-US,en;q=0.9","authorization":"***","b3":"6fa17edaf39a4cce668c157c1596b848-668c157c1596b848","cookie":"***","priority":"u=1, i","referer":"https://0d79b96ctrial-dev-com-smartprocurex-smartprocurexui.cfapps.us10-003.hana.ondemand.com/index.html","sec_ch_ua":"\"Not=A?Brand\";v=\"99\", \"Google Chrome\";v=\"151\", \"Chromium\";v=\"151\"","sec_ch_ua_mobile":"?0","sec_ch_ua_platform":"\"Windows\"","sec_fetch_dest":"empty","sec_fetch_mode":"cors","sec_fetch_site":"same-origin","tenantid":"0d79b96ctrial","x_b3_spanid":"668c157c1596b848","x_b3_traceid":"6fa17edaf39a4cce668c157c1596b848","x_cf_applicationid":"d9622003-7570-45ea-b8be-97c6305e4251","x_cf_instanceid":"9901b53b-a394-4a2d-4d11-7e49","x_cf_instanceindex":"0","x_cf_true_client_ip":"10.37.193.4","x_correlationid":"6fa17eda-f39a-4cce-668c-157c1596b848","x_forwarded_for":"152.57.234.150, 10.0.136.3, 10.37.193.4, 10.0.200.2","x_forwarded_host":"0d79b96ctrial-dev-com-smartprocurex-smartprocurexui.cfapps.us10-003.hana.ondemand.com","x_forwarded_path":"/odata/v4/identity/Departments","x_forwarded_proto":"https","x_request_start":"1785656503636","x_scp_request_id":"ed68c315-3eeb-4471-9fdc-9dc1d1fc79cc-6A6EF4B7-1BDA8F","x_vcap_request_id":"6fa17eda-f39a-4cce-668c-157c1596b848","request_id":"6fa17eda-f39a-4cce-668c-157c1596b848","x_correlation_id":"6fa17eda-f39a-4cce-668c-157c1596b848","timestamp":"2026-08-02T07:41:44.648Z","layer":"cds","component_type":"application","container_id":"10.37.130.4","component_id":"d9622003-7570-45ea-b8be-97c6305e4251","component_name":"SmartProcureX-srv","component_instance":0,"source_instance":0,"organization_name":"0d79b96ctrial","organization_id":"e8159873-0fc0-4477-a4f9-3c43fdb65fe4","space_name":"dev","space_id":"0628b1b5-c14d-4a0a-abf9-843360b5d7c0","tenant_subdomain":"0d79b96ctrial","msg":"500 - Error: Pool resource could not be acquired within 1s\n    at /home/vcap/app/node_modules/@cap-js/db-service/lib/common/generic-pool.js:71:21\n    at new Promise (<anonymous>)\n    at new Request (/home/vcap/app/node_modules/@cap-js/db-service/lib/common/generic-pool.js:59:20)\n    at Pool.acquire (/home/vcap/app/node_modules/@cap-js/db-service/lib/common/generic-pool.js:141:21)\n    at HANAService.acquire (/home/vcap/app/node_modules/@cap-js/db-service/lib/common/DatabaseService.js:106:28)\n    at HANAService.begin (/home/vcap/app/node_modules/@cap-js/db-service/lib/common/DatabaseService.js:66:27)\n    at HANAService._begin [as dispatch] (/home/vcap/app/node_modules/@sap/cds/lib/srv/srv-tx.js:195:38)\n    at /home/vcap/app/node_modules/@sap/cds/lib/srv/srv-dispatch.js:20:50\n    at HANAService.run (/home/vcap/app/node_modules/@sap/cds/lib/srv/cds.Service.js:171:44)\n    at HANAService.run (/home/vcap/app/node_modules/@cap-js/db-service/lib/common/DatabaseService.js:158:18) {\n  status: 500,\n  code: '500'\n}","type":"log"} (STDERR, APP/PROC/WEB)#
#2026 08 02 07:55:17.552#Z#DEBUG#6828ea62-8e47-11f1-a22d-eeee0a847462.SmartProcureX-srv#flowable-async-job-executor-thread-2161#
[PollStartAppStatusExecution] d9622003-7570-45ea-b8be-97c6305e4251 [2026-08-02T07:41:44.649106] 0d79b96ctrial-dev-smartprocurex-srv.cfapps.us10-003.hana.ondemand.com - [2026-08-02T07:41:43.634015005Z] "GET /odata/v4/identity/Users HTTP/1.1" 500 0 58 "https://0d79b96ctrial-dev-com-smartprocurex-smartprocurexui.cfapps.us10-003.hana.ondemand.com/index.html" "Mozilla/5.0 (Windows NT 10.0; Win64; x64) AppleWebKit/537.36 (KHTML, like Gecko) Chrome/151.0.0.0 Safari/537.36" "10.0.200.3:55078" "10.37.130.4:61016" x_forwarded_for:"152.57.234.150, 10.0.136.3, 10.37.193.4, 10.0.200.3" x_forwarded_proto:"https" vcap_request_id:"becf0325-13d6-49c3-63e9-8ddef2cab860" response_time:1.014871 gorouter_time:0.000043 app_id:"d9622003-7570-45ea-b8be-97c6305e4251" app_index:"0" instance_id:"9901b53b-a394-4a2d-4d11-7e49" failed_attempts:0 failed_attempts_time:"-" dns_time:0.000000 dial_time:0.000000 tls_time:0.000000 backend_time:1.014828 local_address:"10.0.193.8:33154" x_cf_routererror:"-" x_correlationid:"becf0325-13d6-49c3-63e9-8ddef2cab860" tenantid:"0d79b96ctrial" sap_passport:"-" x_scp_request_id:"9aa5315b-a820-4309-8a47-2bd2b99a37a3-6A6EF4B7-1C3356" x_cf_app_instance:"-" x_forwarded_host:"0d79b96ctrial-dev-com-smartprocurex-smartprocurexui.cfapps.us10-003.hana.ondemand.com" x_custom_host:"-" x_ssl_client:"-" x_ssl_client_session_id:"-" x_ssl_client_verify:"-" x_ssl_client_subject_dn:"-" x_ssl_client_subject_cn:"-" x_ssl_client_issuer_dn:"-" x_ssl_client_notbefore:"-" x_ssl_client_notafter:"-" x_cf_forwarded_url:"-" traceparent:"-" true_client_ip:"-" x_cf_true_client_ip:"10.37.193.4" x_request_id:"-" x_b3_traceid:"becf032513d649c363e98ddef2cab860" x_b3_spanid:"63e98ddef2cab860" x_b3_parentspanid:"-" b3:"becf032513d649c363e98ddef2cab860-63e98ddef2cab860" (STDOUT, RTR)#
#2026 08 02 07:55:17.552#Z#DEBUG#6828ea62-8e47-11f1-a22d-eeee0a847462.SmartProcureX-srv#flowable-async-job-executor-thread-2161#
[PollStartAppStatusExecution] d9622003-7570-45ea-b8be-97c6305e4251 [2026-08-02T07:41:44.649767] 0d79b96ctrial-dev-smartprocurex-srv.cfapps.us10-003.hana.ondemand.com - [2026-08-02T07:41:43.639069222Z] "GET /odata/v4/identity/Departments HTTP/1.1" 500 0 58 "https://0d79b96ctrial-dev-com-smartprocurex-smartprocurexui.cfapps.us10-003.hana.ondemand.com/index.html" "Mozilla/5.0 (Windows NT 10.0; Win64; x64) AppleWebKit/537.36 (KHTML, like Gecko) Chrome/151.0.0.0 Safari/537.36" "10.0.200.2:50576" "10.37.130.4:61016" x_forwarded_for:"152.57.234.150, 10.0.136.3, 10.37.193.4, 10.0.200.2" x_forwarded_proto:"https" vcap_request_id:"6fa17eda-f39a-4cce-668c-157c1596b848" response_time:1.010575 gorouter_time:0.000068 app_id:"d9622003-7570-45ea-b8be-97c6305e4251" app_index:"0" instance_id:"9901b53b-a394-4a2d-4d11-7e49" failed_attempts:0 failed_attempts_time:"-" dns_time:0.000000 dial_time:0.000000 tls_time:0.000000 backend_time:1.010506 local_address:"10.0.193.8:33168" x_cf_routererror:"-" x_correlationid:"6fa17eda-f39a-4cce-668c-157c1596b848" tenantid:"0d79b96ctrial" sap_passport:"-" x_scp_request_id:"ed68c315-3eeb-4471-9fdc-9dc1d1fc79cc-6A6EF4B7-1BDA8F" x_cf_app_instance:"-" x_forwarded_host:"0d79b96ctrial-dev-com-smartprocurex-smartprocurexui.cfapps.us10-003.hana.ondemand.com" x_custom_host:"-" x_ssl_client:"-" x_ssl_client_session_id:"-" x_ssl_client_verify:"-" x_ssl_client_subject_dn:"-" x_ssl_client_subject_cn:"-" x_ssl_client_issuer_dn:"-" x_ssl_client_notbefore:"-" x_ssl_client_notafter:"-" x_cf_forwarded_url:"-" traceparent:"-" true_client_ip:"-" x_cf_true_client_ip:"10.37.193.4" x_request_id:"-" x_b3_traceid:"6fa17edaf39a4cce668c157c1596b848" x_b3_spanid:"668c157c1596b848" x_b3_parentspanid:"-" b3:"6fa17edaf39a4cce668c157c1596b848-668c157c1596b848" (STDOUT, RTR)#
#2026 08 02 07:55:17.552#Z#DEBUG#6828ea62-8e47-11f1-a22d-eeee0a847462.SmartProcureX-srv#flowable-async-job-executor-thread-2161#
[PollStartAppStatusExecution] d9622003-7570-45ea-b8be-97c6305e4251 [2026-08-02T07:45:15.001716] 0d79b96ctrial-dev-smartprocurex-srv.cfapps.us10-003.hana.ondemand.com - [2026-08-02T07:45:14.991693522Z] "GET /odata/v4/procurement/ HTTP/1.1" 401 0 12 "-" "Mozilla/5.0 (Windows NT; Windows NT 10.0; en-IN) WindowsPowerShell/5.1.26100.8972" "10.0.136.3:29584" "10.37.130.4:61016" x_forwarded_for:"152.57.234.150, 10.0.136.3" x_forwarded_proto:"https" vcap_request_id:"ebc388aa-da8e-44b9-68cf-0d53eff45b31" response_time:0.009931 gorouter_time:0.000095 app_id:"d9622003-7570-45ea-b8be-97c6305e4251" app_index:"0" instance_id:"9901b53b-a394-4a2d-4d11-7e49" failed_attempts:0 failed_attempts_time:"-" dns_time:0.000000 dial_time:0.000543 tls_time:0.006950 backend_time:0.009836 local_address:"10.0.129.8:38162" x_cf_routererror:"-" x_correlationid:"-" tenantid:"-" sap_passport:"-" x_scp_request_id:"2d867c7a-1a4b-4a96-b81b-e01f4cc4b15e-6A6EF58A-1BFE97" x_cf_app_instance:"-" x_forwarded_host:"-" x_custom_host:"-" x_ssl_client:"-" x_ssl_client_session_id:"-" x_ssl_client_verify:"-" x_ssl_client_subject_dn:"-" x_ssl_client_subject_cn:"-" x_ssl_client_issuer_dn:"-" x_ssl_client_notbefore:"-" x_ssl_client_notafter:"-" x_cf_forwarded_url:"-" traceparent:"-" true_client_ip:"-" x_cf_true_client_ip:"152.57.234.150" x_request_id:"-" x_b3_traceid:"ebc388aada8e44b968cf0d53eff45b31" x_b3_spanid:"68cf0d53eff45b31" x_b3_parentspanid:"-" b3:"ebc388aada8e44b968cf0d53eff45b31-68cf0d53eff45b31" (STDOUT, RTR)#
#2026 08 02 07:55:17.552#Z#DEBUG#6828ea62-8e47-11f1-a22d-eeee0a847462.SmartProcureX-srv#flowable-async-job-executor-thread-2161#
[PollStartAppStatusExecution] d9622003-7570-45ea-b8be-97c6305e4251 [2026-08-02T07:46:32.493593] {"level":"info","logger":"odata","correlation_id":"96d3eb8a-1b4a-4dec-42cf-61ef6266dc9f","tenant_id":"5590af3c-9485-44fe-975e-4b748861d2ff","host":"0d79b96ctrial-dev-smartprocurex-srv.cfapps.us10-003.hana.ondemand.com","user_agent":"Mozilla/5.0 (Windows NT 10.0; Win64; x64) AppleWebKit/537.36 (KHTML, like Gecko) Chrome/151.0.0.0 Safari/537.36","accept":"*/*","accept_encoding":"gzip, deflate, br, zstd","accept_language":"en-US","authorization":"***","b3":"96d3eb8a1b4a4dec42cf61ef6266dc9f-42cf61ef6266dc9f","cookie":"***","priority":"u=1, i","referer":"https://0d79b96ctrial-dev-com-smartprocurex-smartprocurexui.cfapps.us10-003.hana.ondemand.com/index.html","sec_ch_ua":"\"Not=A?Brand\";v=\"99\", \"Google Chrome\";v=\"151\", \"Chromium\";v=\"151\"","sec_ch_ua_mobile":"?0","sec_ch_ua_platform":"\"Windows\"","sec_fetch_dest":"empty","sec_fetch_mode":"cors","sec_fetch_site":"same-origin","tenantid":"0d79b96ctrial","x_b3_spanid":"42cf61ef6266dc9f","x_b3_traceid":"96d3eb8a1b4a4dec42cf61ef6266dc9f","x_cf_applicationid":"d9622003-7570-45ea-b8be-97c6305e4251","x_cf_instanceid":"9901b53b-a394-4a2d-4d11-7e49","x_cf_instanceindex":"0","x_cf_true_client_ip":"10.37.193.4","x_correlationid":"96d3eb8a-1b4a-4dec-42cf-61ef6266dc9f","x_csrf_token":"Fetch","x_forwarded_for":"152.57.234.150, 10.0.72.3, 10.37.193.4, 10.0.136.1","x_forwarded_host":"0d79b96ctrial-dev-com-smartprocurex-smartprocurexui.cfapps.us10-003.hana.ondemand.com","x_forwarded_path":"/odata/v4/procurement/","x_forwarded_proto":"https","x_request_start":"1785656792465","x_requested_with":"XMLHttpRequest","x_scp_request_id":"0c499948-9a1a-4c5f-853a-1629e8e6ef5e-6A6EF5D8-1B87BB","x_vcap_request_id":"96d3eb8a-1b4a-4dec-42cf-61ef6266dc9f","request_id":"96d3eb8a-1b4a-4dec-42cf-61ef6266dc9f","x_correlation_id":"96d3eb8a-1b4a-4dec-42cf-61ef6266dc9f","timestamp":"2026-08-02T07:46:32.493Z","layer":"cds","component_type":"application","container_id":"10.37.130.4","component_id":"d9622003-7570-45ea-b8be-97c6305e4251","component_name":"SmartProcureX-srv","component_instance":0,"source_instance":0,"organization_name":"0d79b96ctrial","organization_id":"e8159873-0fc0-4477-a4f9-3c43fdb65fe4","space_name":"dev","space_id":"0628b1b5-c14d-4a0a-abf9-843360b5d7c0","tenant_subdomain":"0d79b96ctrial","msg":"HEAD /odata/v4/procurement/ ","type":"log"} (STDOUT, APP/PROC/WEB)#
#2026 08 02 07:55:17.552#Z#DEBUG#6828ea62-8e47-11f1-a22d-eeee0a847462.SmartProcureX-srv#flowable-async-job-executor-thread-2161#
[PollStartAppStatusExecution] d9622003-7570-45ea-b8be-97c6305e4251 [2026-08-02T07:46:32.494076] 0d79b96ctrial-dev-smartprocurex-srv.cfapps.us10-003.hana.ondemand.com - [2026-08-02T07:46:32.483132285Z] "HEAD /odata/v4/procurement/ HTTP/1.1" 200 0 0 "https://0d79b96ctrial-dev-com-smartprocurex-smartprocurexui.cfapps.us10-003.hana.ondemand.com/index.html" "Mozilla/5.0 (Windows NT 10.0; Win64; x64) AppleWebKit/537.36 (KHTML, like Gecko) Chrome/151.0.0.0 Safari/537.36" "10.0.136.1:29994" "10.37.130.4:61016" x_forwarded_for:"152.57.234.150, 10.0.72.3, 10.37.193.4, 10.0.136.1" x_forwarded_proto:"https" vcap_request_id:"96d3eb8a-1b4a-4dec-42cf-61ef6266dc9f" response_time:0.010837 gorouter_time:0.000040 app_id:"d9622003-7570-45ea-b8be-97c6305e4251" app_index:"0" instance_id:"9901b53b-a394-4a2d-4d11-7e49" failed_attempts:0 failed_attempts_time:"-" dns_time:0.000000 dial_time:0.000609 tls_time:0.007354 backend_time:0.010797 local_address:"10.0.129.9:56776" x_cf_routererror:"-" x_correlationid:"96d3eb8a-1b4a-4dec-42cf-61ef6266dc9f" tenantid:"0d79b96ctrial" sap_passport:"-" x_scp_request_id:"0c499948-9a1a-4c5f-853a-1629e8e6ef5e-6A6EF5D8-1B87BB" x_cf_app_instance:"-" x_forwarded_host:"0d79b96ctrial-dev-com-smartprocurex-smartprocurexui.cfapps.us10-003.hana.ondemand.com" x_custom_host:"-" x_ssl_client:"-" x_ssl_client_session_id:"-" x_ssl_client_verify:"-" x_ssl_client_subject_dn:"-" x_ssl_client_subject_cn:"-" x_ssl_client_issuer_dn:"-" x_ssl_client_notbefore:"-" x_ssl_client_notafter:"-" x_cf_forwarded_url:"-" traceparent:"-" true_client_ip:"-" x_cf_true_client_ip:"10.37.193.4" x_request_id:"-" x_b3_traceid:"96d3eb8a1b4a4dec42cf61ef6266dc9f" x_b3_spanid:"42cf61ef6266dc9f" x_b3_parentspanid:"-" b3:"96d3eb8a1b4a4dec42cf61ef6266dc9f-42cf61ef6266dc9f" (STDOUT, RTR)#
#2026 08 02 07:55:17.552#Z#DEBUG#6828ea62-8e47-11f1-a22d-eeee0a847462.SmartProcureX-srv#flowable-async-job-executor-thread-2161#
[PollStartAppStatusExecution] d9622003-7570-45ea-b8be-97c6305e4251 [2026-08-02T07:46:32.494854] {"level":"info","logger":"odata","correlation_id":"909caa1c-0c69-403d-65c4-626afd77b812","tenant_id":"5590af3c-9485-44fe-975e-4b748861d2ff","host":"0d79b96ctrial-dev-smartprocurex-srv.cfapps.us10-003.hana.ondemand.com","user_agent":"Mozilla/5.0 (Windows NT 10.0; Win64; x64) AppleWebKit/537.36 (KHTML, like Gecko) Chrome/151.0.0.0 Safari/537.36","accept":"*/*","accept_encoding":"gzip, deflate, br, zstd","accept_language":"en-US","authorization":"***","b3":"909caa1c0c69403d65c4626afd77b812-65c4626afd77b812","cookie":"***","priority":"u=1, i","referer":"https://0d79b96ctrial-dev-com-smartprocurex-smartprocurexui.cfapps.us10-003.hana.ondemand.com/index.html","sec_ch_ua":"\"Not=A?Brand\";v=\"99\", \"Google Chrome\";v=\"151\", \"Chromium\";v=\"151\"","sec_ch_ua_mobile":"?0","sec_ch_ua_platform":"\"Windows\"","sec_fetch_dest":"empty","sec_fetch_mode":"cors","sec_fetch_site":"same-origin","tenantid":"0d79b96ctrial","x_b3_spanid":"65c4626afd77b812","x_b3_traceid":"909caa1c0c69403d65c4626afd77b812","x_cf_applicationid":"d9622003-7570-45ea-b8be-97c6305e4251","x_cf_instanceid":"9901b53b-a394-4a2d-4d11-7e49","x_cf_instanceindex":"0","x_cf_true_client_ip":"10.37.193.4","x_correlationid":"909caa1c-0c69-403d-65c4-626afd77b812","x_forwarded_for":"152.57.234.150, 10.0.72.3, 10.37.193.4, 10.0.136.2","x_forwarded_host":"0d79b96ctrial-dev-com-smartprocurex-smartprocurexui.cfapps.us10-003.hana.ondemand.com","x_forwarded_path":"/odata/v4/procurement/$metadata","x_forwarded_proto":"https","x_request_start":"1785656792465","x_requested_with":"XMLHttpRequest","x_scp_request_id":"c87f1912-46c6-40cd-99e7-016f0f2d7fef-6A6EF5D8-1CD34B","x_vcap_request_id":"909caa1c-0c69-403d-65c4-626afd77b812","request_id":"909caa1c-0c69-403d-65c4-626afd77b812","x_correlation_id":"909caa1c-0c69-403d-65c4-626afd77b812","timestamp":"2026-08-02T07:46:32.494Z","layer":"cds","component_type":"application","container_id":"10.37.130.4","component_id":"d9622003-7570-45ea-b8be-97c6305e4251","component_name":"SmartProcureX-srv","component_instance":0,"source_instance":0,"organization_name":"0d79b96ctrial","organization_id":"e8159873-0fc0-4477-a4f9-3c43fdb65fe4","space_name":"dev","space_id":"0628b1b5-c14d-4a0a-abf9-843360b5d7c0","tenant_subdomain":"0d79b96ctrial","msg":"GET /odata/v4/procurement/$metadata { 'sap-language': 'EN' }","type":"log"} (STDOUT, APP/PROC/WEB)#
#2026 08 02 07:55:17.552#Z#DEBUG#6828ea62-8e47-11f1-a22d-eeee0a847462.SmartProcureX-srv#flowable-async-job-executor-thread-2161#
[PollStartAppStatusExecution] d9622003-7570-45ea-b8be-97c6305e4251 [2026-08-02T07:46:32.496163] 0d79b96ctrial-dev-smartprocurex-srv.cfapps.us10-003.hana.ondemand.com - [2026-08-02T07:46:32.484149550Z] "GET /odata/v4/procurement/$metadata?sap-language=EN HTTP/1.1" 200 0 26469 "https://0d79b96ctrial-dev-com-smartprocurex-smartprocurexui.cfapps.us10-003.hana.ondemand.com/index.html" "Mozilla/5.0 (Windows NT 10.0; Win64; x64) AppleWebKit/537.36 (KHTML, like Gecko) Chrome/151.0.0.0 Safari/537.36" "10.0.136.2:59746" "10.37.130.4:61016" x_forwarded_for:"152.57.234.150, 10.0.72.3, 10.37.193.4, 10.0.136.2" x_forwarded_proto:"https" vcap_request_id:"909caa1c-0c69-403d-65c4-626afd77b812" response_time:0.011918 gorouter_time:0.000047 app_id:"d9622003-7570-45ea-b8be-97c6305e4251" app_index:"0" instance_id:"9901b53b-a394-4a2d-4d11-7e49" failed_attempts:0 failed_attempts_time:"-" dns_time:0.000000 dial_time:0.000532 tls_time:0.010733 backend_time:0.011871 local_address:"10.0.129.9:56776" x_cf_routererror:"-" x_correlationid:"909caa1c-0c69-403d-65c4-626afd77b812" tenantid:"0d79b96ctrial" sap_passport:"-" x_scp_request_id:"c87f1912-46c6-40cd-99e7-016f0f2d7fef-6A6EF5D8-1CD34B" x_cf_app_instance:"-" x_forwarded_host:"0d79b96ctrial-dev-com-smartprocurex-smartprocurexui.cfapps.us10-003.hana.ondemand.com" x_custom_host:"-" x_ssl_client:"-" x_ssl_client_session_id:"-" x_ssl_client_verify:"-" x_ssl_client_subject_dn:"-" x_ssl_client_subject_cn:"-" x_ssl_client_issuer_dn:"-" x_ssl_client_notbefore:"-" x_ssl_client_notafter:"-" x_cf_forwarded_url:"-" traceparent:"-" true_client_ip:"-" x_cf_true_client_ip:"10.37.193.4" x_request_id:"-" x_b3_traceid:"909caa1c0c69403d65c4626afd77b812" x_b3_spanid:"65c4626afd77b812" x_b3_parentspanid:"-" b3:"909caa1c0c69403d65c4626afd77b812-65c4626afd77b812" (STDOUT, RTR)#
#2026 08 02 07:55:17.552#Z#DEBUG#6828ea62-8e47-11f1-a22d-eeee0a847462.SmartProcureX-srv#flowable-async-job-executor-thread-2161#
[PollStartAppStatusExecution] d9622003-7570-45ea-b8be-97c6305e4251 [2026-08-02T07:46:32.497044] {"level":"info","logger":"odata","correlation_id":"eb51fa58-0375-4bb1-72e9-f9c21d7ae0c1","tenant_id":"5590af3c-9485-44fe-975e-4b748861d2ff","host":"0d79b96ctrial-dev-smartprocurex-srv.cfapps.us10-003.hana.ondemand.com","user_agent":"Mozilla/5.0 (Windows NT 10.0; Win64; x64) AppleWebKit/537.36 (KHTML, like Gecko) Chrome/151.0.0.0 Safari/537.36","accept":"*/*","accept_encoding":"gzip, deflate, br, zstd","accept_language":"en-US","authorization":"***","b3":"eb51fa5803754bb172e9f9c21d7ae0c1-72e9f9c21d7ae0c1","cookie":"***","priority":"u=1, i","referer":"https://0d79b96ctrial-dev-com-smartprocurex-smartprocurexui.cfapps.us10-003.hana.ondemand.com/index.html","sec_ch_ua":"\"Not=A?Brand\";v=\"99\", \"Google Chrome\";v=\"151\", \"Chromium\";v=\"151\"","sec_ch_ua_mobile":"?0","sec_ch_ua_platform":"\"Windows\"","sec_fetch_dest":"empty","sec_fetch_mode":"cors","sec_fetch_site":"same-origin","tenantid":"0d79b96ctrial","x_b3_spanid":"72e9f9c21d7ae0c1","x_b3_traceid":"eb51fa5803754bb172e9f9c21d7ae0c1","x_cf_applicationid":"d9622003-7570-45ea-b8be-97c6305e4251","x_cf_instanceid":"9901b53b-a394-4a2d-4d11-7e49","x_cf_instanceindex":"0","x_cf_true_client_ip":"10.37.193.4","x_correlationid":"eb51fa58-0375-4bb1-72e9-f9c21d7ae0c1","x_csrf_token":"Fetch","x_forwarded_for":"152.57.234.150, 10.0.72.3, 10.37.193.4, 10.0.136.0","x_forwarded_host":"0d79b96ctrial-dev-com-smartprocurex-smartprocurexui.cfapps.us10-003.hana.ondemand.com","x_forwarded_path":"/odata/v4/supplier/","x_forwarded_proto":"https","x_request_start":"1785656792475","x_requested_with":"XMLHttpRequest","x_scp_request_id":"962c67dd-68c6-43c7-8f72-ff06769098d3-6A6EF5D8-1B2C29","x_vcap_request_id":"eb51fa58-0375-4bb1-72e9-f9c21d7ae0c1","request_id":"eb51fa58-0375-4bb1-72e9-f9c21d7ae0c1","x_correlation_id":"eb51fa58-0375-4bb1-72e9-f9c21d7ae0c1","timestamp":"2026-08-02T07:46:32.496Z","layer":"cds","component_type":"application","container_id":"10.37.130.4","component_id":"d9622003-7570-45ea-b8be-97c6305e4251","component_name":"SmartProcureX-srv","component_instance":0,"source_instance":0,"organization_name":"0d79b96ctrial","organization_id":"e8159873-0fc0-4477-a4f9-3c43fdb65fe4","space_name":"dev","space_id":"0628b1b5-c14d-4a0a-abf9-843360b5d7c0","tenant_subdomain":"0d79b96ctrial","msg":"HEAD /odata/v4/supplier/ ","type":"log"} (STDOUT, APP/PROC/WEB)#
#2026 08 02 07:55:17.552#Z#DEBUG#6828ea62-8e47-11f1-a22d-eeee0a847462.SmartProcureX-srv#flowable-async-job-executor-thread-2161#
[PollStartAppStatusExecution] d9622003-7570-45ea-b8be-97c6305e4251 [2026-08-02T07:46:32.497431] 0d79b96ctrial-dev-smartprocurex-srv.cfapps.us10-003.hana.ondemand.com - [2026-08-02T07:46:32.495935278Z] "HEAD /odata/v4/supplier/ HTTP/1.1" 200 0 0 "https://0d79b96ctrial-dev-com-smartprocurex-smartprocurexui.cfapps.us10-003.hana.ondemand.com/index.html" "Mozilla/5.0 (Windows NT 10.0; Win64; x64) AppleWebKit/537.36 (KHTML, like Gecko) Chrome/151.0.0.0 Safari/537.36" "10.0.136.0:47182" "10.37.130.4:61016" x_forwarded_for:"152.57.234.150, 10.0.72.3, 10.37.193.4, 10.0.136.0" x_forwarded_proto:"https" vcap_request_id:"eb51fa58-0375-4bb1-72e9-f9c21d7ae0c1" response_time:0.001379 gorouter_time:0.000052 app_id:"d9622003-7570-45ea-b8be-97c6305e4251" app_index:"0" instance_id:"9901b53b-a394-4a2d-4d11-7e49" failed_attempts:0 failed_attempts_time:"-" dns_time:0.000000 dial_time:0.000000 tls_time:0.000000 backend_time:0.001327 local_address:"10.0.129.9:56786" x_cf_routererror:"-" x_correlationid:"eb51fa58-0375-4bb1-72e9-f9c21d7ae0c1" tenantid:"0d79b96ctrial" sap_passport:"-" x_scp_request_id:"962c67dd-68c6-43c7-8f72-ff06769098d3-6A6EF5D8-1B2C29" x_cf_app_instance:"-" x_forwarded_host:"0d79b96ctrial-dev-com-smartprocurex-smartprocurexui.cfapps.us10-003.hana.ondemand.com" x_custom_host:"-" x_ssl_client:"-" x_ssl_client_session_id:"-" x_ssl_client_verify:"-" x_ssl_client_subject_dn:"-" x_ssl_client_subject_cn:"-" x_ssl_client_issuer_dn:"-" x_ssl_client_notbefore:"-" x_ssl_client_notafter:"-" x_cf_forwarded_url:"-" traceparent:"-" true_client_ip:"-" x_cf_true_client_ip:"10.37.193.4" x_request_id:"-" x_b3_traceid:"eb51fa5803754bb172e9f9c21d7ae0c1" x_b3_spanid:"72e9f9c21d7ae0c1" x_b3_parentspanid:"-" b3:"eb51fa5803754bb172e9f9c21d7ae0c1-72e9f9c21d7ae0c1" (STDOUT, RTR)#
#2026 08 02 07:55:17.552#Z#DEBUG#6828ea62-8e47-11f1-a22d-eeee0a847462.SmartProcureX-srv#flowable-async-job-executor-thread-2161#
[PollStartAppStatusExecution] d9622003-7570-45ea-b8be-97c6305e4251 [2026-08-02T07:46:32.497697] {"level":"info","logger":"odata","correlation_id":"1e979fb6-5013-4ff8-72a8-eb3e1ecccfb2","tenant_id":"5590af3c-9485-44fe-975e-4b748861d2ff","host":"0d79b96ctrial-dev-smartprocurex-srv.cfapps.us10-003.hana.ondemand.com","user_agent":"Mozilla/5.0 (Windows NT 10.0; Win64; x64) AppleWebKit/537.36 (KHTML, like Gecko) Chrome/151.0.0.0 Safari/537.36","accept":"*/*","accept_encoding":"gzip, deflate, br, zstd","accept_language":"en-US","authorization":"***","b3":"1e979fb650134ff872a8eb3e1ecccfb2-72a8eb3e1ecccfb2","cookie":"***","priority":"u=1, i","referer":"https://0d79b96ctrial-dev-com-smartprocurex-smartprocurexui.cfapps.us10-003.hana.ondemand.com/index.html","sec_ch_ua":"\"Not=A?Brand\";v=\"99\", \"Google Chrome\";v=\"151\", \"Chromium\";v=\"151\"","sec_ch_ua_mobile":"?0","sec_ch_ua_platform":"\"Windows\"","sec_fetch_dest":"empty","sec_fetch_mode":"cors","sec_fetch_site":"same-origin","tenantid":"0d79b96ctrial","x_b3_spanid":"72a8eb3e1ecccfb2","x_b3_traceid":"1e979fb650134ff872a8eb3e1ecccfb2","x_cf_applicationid":"d9622003-7570-45ea-b8be-97c6305e4251","x_cf_instanceid":"9901b53b-a394-4a2d-4d11-7e49","x_cf_instanceindex":"0","x_cf_true_client_ip":"10.37.193.4","x_correlationid":"1e979fb6-5013-4ff8-72a8-eb3e1ecccfb2","x_forwarded_for":"152.57.234.150, 10.0.72.3, 10.37.193.4, 10.0.136.2","x_forwarded_host":"0d79b96ctrial-dev-com-smartprocurex-smartprocurexui.cfapps.us10-003.hana.ondemand.com","x_forwarded_path":"/odata/v4/supplier/$metadata","x_forwarded_proto":"https","x_request_start":"1785656792470","x_requested_with":"XMLHttpRequest","x_scp_request_id":"c87f1912-46c6-40cd-99e7-016f0f2d7fef-6A6EF5D8-1CD34C","x_vcap_request_id":"1e979fb6-5013-4ff8-72a8-eb3e1ecccfb2","request_id":"1e979fb6-5013-4ff8-72a8-eb3e1ecccfb2","x_correlation_id":"1e979fb6-5013-4ff8-72a8-eb3e1ecccfb2","timestamp":"2026-08-02T07:46:32.497Z","layer":"cds","component_type":"application","container_id":"10.37.130.4","component_id":"d9622003-7570-45ea-b8be-97c6305e4251","component_name":"SmartProcureX-srv","component_instance":0,"source_instance":0,"organization_name":"0d79b96ctrial","organization_id":"e8159873-0fc0-4477-a4f9-3c43fdb65fe4","space_name":"dev","space_id":"0628b1b5-c14d-4a0a-abf9-843360b5d7c0","tenant_subdomain":"0d79b96ctrial","msg":"GET /odata/v4/supplier/$metadata { 'sap-language': 'EN' }","type":"log"} (STDOUT, APP/PROC/WEB)#
#2026 08 02 07:55:17.552#Z#DEBUG#6828ea62-8e47-11f1-a22d-eeee0a847462.SmartProcureX-srv#flowable-async-job-executor-thread-2161#
[PollStartAppStatusExecution] d9622003-7570-45ea-b8be-97c6305e4251 [2026-08-02T07:46:32.499199] 0d79b96ctrial-dev-smartprocurex-srv.cfapps.us10-003.hana.ondemand.com - [2026-08-02T07:46:32.496065431Z] "GET /odata/v4/supplier/$metadata?sap-language=EN HTTP/1.1" 200 0 7483 "https://0d79b96ctrial-dev-com-smartprocurex-smartprocurexui.cfapps.us10-003.hana.ondemand.com/index.html" "Mozilla/5.0 (Windows NT 10.0; Win64; x64) AppleWebKit/537.36 (KHTML, like Gecko) Chrome/151.0.0.0 Safari/537.36" "10.0.136.2:18406" "10.37.130.4:61016" x_forwarded_for:"152.57.234.150, 10.0.72.3, 10.37.193.4, 10.0.136.2" x_forwarded_proto:"https" vcap_request_id:"1e979fb6-5013-4ff8-72a8-eb3e1ecccfb2" response_time:0.003013 gorouter_time:0.000052 app_id:"d9622003-7570-45ea-b8be-97c6305e4251" app_index:"0" instance_id:"9901b53b-a394-4a2d-4d11-7e49" failed_attempts:0 failed_attempts_time:"-" dns_time:0.000000 dial_time:0.000000 tls_time:0.000000 backend_time:0.002961 local_address:"10.0.129.8:38162" x_cf_routererror:"-" x_correlationid:"1e979fb6-5013-4ff8-72a8-eb3e1ecccfb2" tenantid:"0d79b96ctrial" sap_passport:"-" x_scp_request_id:"c87f1912-46c6-40cd-99e7-016f0f2d7fef-6A6EF5D8-1CD34C" x_cf_app_instance:"-" x_forwarded_host:"0d79b96ctrial-dev-com-smartprocurex-smartprocurexui.cfapps.us10-003.hana.ondemand.com" x_custom_host:"-" x_ssl_client:"-" x_ssl_client_session_id:"-" x_ssl_client_verify:"-" x_ssl_client_subject_dn:"-" x_ssl_client_subject_cn:"-" x_ssl_client_issuer_dn:"-" x_ssl_client_notbefore:"-" x_ssl_client_notafter:"-" x_cf_forwarded_url:"-" traceparent:"-" true_client_ip:"-" x_cf_true_client_ip:"10.37.193.4" x_request_id:"-" x_b3_traceid:"1e979fb650134ff872a8eb3e1ecccfb2" x_b3_spanid:"72a8eb3e1ecccfb2" x_b3_parentspanid:"-" b3:"1e979fb650134ff872a8eb3e1ecccfb2-72a8eb3e1ecccfb2" (STDOUT, RTR)#
#2026 08 02 07:55:17.552#Z#DEBUG#6828ea62-8e47-11f1-a22d-eeee0a847462.SmartProcureX-srv#flowable-async-job-executor-thread-2161#
[PollStartAppStatusExecution] d9622003-7570-45ea-b8be-97c6305e4251 [2026-08-02T07:46:32.561273] {"level":"info","logger":"odata","correlation_id":"5cc56676-0277-42c0-63c9-e06caf4cdfb1","tenant_id":"5590af3c-9485-44fe-975e-4b748861d2ff","host":"0d79b96ctrial-dev-smartprocurex-srv.cfapps.us10-003.hana.ondemand.com","user_agent":"Mozilla/5.0 (Windows NT 10.0; Win64; x64) AppleWebKit/537.36 (KHTML, like Gecko) Chrome/151.0.0.0 Safari/537.36","accept":"*/*","accept_encoding":"gzip, deflate, br, zstd","accept_language":"en-US,en;q=0.9","authorization":"***","b3":"5cc56676027742c063c9e06caf4cdfb1-63c9e06caf4cdfb1","cookie":"***","priority":"u=1, i","referer":"https://0d79b96ctrial-dev-com-smartprocurex-smartprocurexui.cfapps.us10-003.hana.ondemand.com/index.html","sec_ch_ua":"\"Not=A?Brand\";v=\"99\", \"Google Chrome\";v=\"151\", \"Chromium\";v=\"151\"","sec_ch_ua_mobile":"?0","sec_ch_ua_platform":"\"Windows\"","sec_fetch_dest":"empty","sec_fetch_mode":"cors","sec_fetch_site":"same-origin","tenantid":"0d79b96ctrial","x_b3_spanid":"63c9e06caf4cdfb1","x_b3_traceid":"5cc56676027742c063c9e06caf4cdfb1","x_cf_applicationid":"d9622003-7570-45ea-b8be-97c6305e4251","x_cf_instanceid":"9901b53b-a394-4a2d-4d11-7e49","x_cf_instanceindex":"0","x_cf_true_client_ip":"10.37.193.4","x_correlationid":"5cc56676-0277-42c0-63c9-e06caf4cdfb1","x_forwarded_for":"152.57.234.150, 10.0.72.3, 10.37.193.4, 10.0.136.1","x_forwarded_host":"0d79b96ctrial-dev-com-smartprocurex-smartprocurexui.cfapps.us10-003.hana.ondemand.com","x_forwarded_path":"/odata/v4/procurement/PurchaseRequests","x_forwarded_proto":"https","x_request_start":"1785656792556","x_scp_request_id":"0c499948-9a1a-4c5f-853a-1629e8e6ef5e-6A6EF5D8-1B87BC","x_vcap_request_id":"5cc56676-0277-42c0-63c9-e06caf4cdfb1","request_id":"5cc56676-0277-42c0-63c9-e06caf4cdfb1","x_correlation_id":"5cc56676-0277-42c0-63c9-e06caf4cdfb1","timestamp":"2026-08-02T07:46:32.561Z","layer":"cds","component_type":"application","container_id":"10.37.130.4","component_id":"d9622003-7570-45ea-b8be-97c6305e4251","component_name":"SmartProcureX-srv","component_instance":0,"source_instance":0,"organization_name":"0d79b96ctrial","organization_id":"e8159873-0fc0-4477-a4f9-3c43fdb65fe4","space_name":"dev","space_id":"0628b1b5-c14d-4a0a-abf9-843360b5d7c0","tenant_subdomain":"0d79b96ctrial","msg":"GET /odata/v4/procurement/PurchaseRequests ","type":"log"} (STDOUT, APP/PROC/WEB)#
#2026 08 02 07:55:17.552#Z#DEBUG#6828ea62-8e47-11f1-a22d-eeee0a847462.SmartProcureX-srv#flowable-async-job-executor-thread-2161#
[PollStartAppStatusExecution] d9622003-7570-45ea-b8be-97c6305e4251 [2026-08-02T07:46:32.801966] {"level":"info","logger":"odata","correlation_id":"7535967c-bdf6-4fe5-5779-9bc04694c0d9","tenant_id":"5590af3c-9485-44fe-975e-4b748861d2ff","host":"0d79b96ctrial-dev-smartprocurex-srv.cfapps.us10-003.hana.ondemand.com","user_agent":"Mozilla/5.0 (Windows NT 10.0; Win64; x64) AppleWebKit/537.36 (KHTML, like Gecko) Chrome/151.0.0.0 Safari/537.36","content_length":"772","request_size_b":"772","accept":"multipart/mixed","accept_encoding":"gzip, deflate, br, zstd","accept_language":"en-US","authorization":"***","b3":"7535967cbdf64fe557799bc04694c0d9-57799bc04694c0d9","content_type":"multipart/mixed; boundary=batch_id-1785656790429-21","cookie":"***","mime_version":"1.0","odata_maxversion":"4.0","odata_version":"4.0","origin":"https://0d79b96ctrial-dev-com-smartprocurex-smartprocurexui.cfapps.us10-003.hana.ondemand.com","priority":"u=1, i","referer":"https://0d79b96ctrial-dev-com-smartprocurex-smartprocurexui.cfapps.us10-003.hana.ondemand.com/index.html","sap_cancel_on_close":"true","sec_ch_ua":"\"Not=A?Brand\";v=\"99\", \"Google Chrome\";v=\"151\", \"Chromium\";v=\"151\"","sec_ch_ua_mobile":"?0","sec_ch_ua_platform":"\"Windows\"","sec_fetch_dest":"empty","sec_fetch_mode":"cors","sec_fetch_site":"same-origin","tenantid":"0d79b96ctrial","x_b3_spanid":"57799bc04694c0d9","x_b3_traceid":"7535967cbdf64fe557799bc04694c0d9","x_cf_applicationid":"d9622003-7570-45ea-b8be-97c6305e4251","x_cf_instanceid":"9901b53b-a394-4a2d-4d11-7e49","x_cf_instanceindex":"0","x_cf_true_client_ip":"10.37.193.4","x_correlationid":"7535967c-bdf6-4fe5-5779-9bc04694c0d9","x_csrf_token":"Fetch","x_forwarded_for":"152.57.234.150, 10.0.72.3, 10.37.193.4, 10.0.136.2","x_forwarded_host":"0d79b96ctrial-dev-com-smartprocurex-smartprocurexui.cfapps.us10-003.hana.ondemand.com","x_forwarded_path":"/odata/v4/procurement/$batch","x_forwarded_proto":"https","x_request_start":"1785656792796","x_requested_with":"XMLHttpRequest","x_scp_request_id":"c87f1912-46c6-40cd-99e7-016f0f2d7fef-6A6EF5D8-1CD34D","x_vcap_request_id":"7535967c-bdf6-4fe5-5779-9bc04694c0d9","request_id":"7535967c-bdf6-4fe5-5779-9bc04694c0d9","x_correlation_id":"7535967c-bdf6-4fe5-5779-9bc04694c0d9","timestamp":"2026-08-02T07:46:32.801Z","layer":"cds","component_type":"application","container_id":"10.37.130.4","component_id":"d9622003-7570-45ea-b8be-97c6305e4251","component_name":"SmartProcureX-srv","component_instance":0,"source_instance":0,"organization_name":"0d79b96ctrial","organization_id":"e8159873-0fc0-4477-a4f9-3c43fdb65fe4","space_name":"dev","space_id":"0628b1b5-c14d-4a0a-abf9-843360b5d7c0","tenant_subdomain":"0d79b96ctrial","msg":"POST /odata/v4/procurement/$batch ","type":"log"} (STDOUT, APP/PROC/WEB)#
#2026 08 02 07:55:17.552#Z#DEBUG#6828ea62-8e47-11f1-a22d-eeee0a847462.SmartProcureX-srv#flowable-async-job-executor-thread-2161#
[PollStartAppStatusExecution] d9622003-7570-45ea-b8be-97c6305e4251 [2026-08-02T07:46:32.813150] {"level":"info","logger":"odata","correlation_id":"7535967c-bdf6-4fe5-5779-9bc04694c0d9","tenant_id":"5590af3c-9485-44fe-975e-4b748861d2ff","host":"0d79b96ctrial-dev-smartprocurex-srv.cfapps.us10-003.hana.ondemand.com","user_agent":"Mozilla/5.0 (Windows NT 10.0; Win64; x64) AppleWebKit/537.36 (KHTML, like Gecko) Chrome/151.0.0.0 Safari/537.36","content_length":"772","request_size_b":"772","accept":"multipart/mixed","accept_encoding":"gzip, deflate, br, zstd","accept_language":"en-US","authorization":"***","b3":"7535967cbdf64fe557799bc04694c0d9-57799bc04694c0d9","content_type":"multipart/mixed; boundary=batch_id-1785656790429-21","cookie":"***","mime_version":"1.0","odata_maxversion":"4.0","odata_version":"4.0","origin":"https://0d79b96ctrial-dev-com-smartprocurex-smartprocurexui.cfapps.us10-003.hana.ondemand.com","priority":"u=1, i","referer":"https://0d79b96ctrial-dev-com-smartprocurex-smartprocurexui.cfapps.us10-003.hana.ondemand.com/index.html","sap_cancel_on_close":"true","sec_ch_ua":"\"Not=A?Brand\";v=\"99\", \"Google Chrome\";v=\"151\", \"Chromium\";v=\"151\"","sec_ch_ua_mobile":"?0","sec_ch_ua_platform":"\"Windows\"","sec_fetch_dest":"empty","sec_fetch_mode":"cors","sec_fetch_site":"same-origin","tenantid":"0d79b96ctrial","x_b3_spanid":"57799bc04694c0d9","x_b3_traceid":"7535967cbdf64fe557799bc04694c0d9","x_cf_applicationid":"d9622003-7570-45ea-b8be-97c6305e4251","x_cf_instanceid":"9901b53b-a394-4a2d-4d11-7e49","x_cf_instanceindex":"0","x_cf_true_client_ip":"10.37.193.4","x_correlationid":"7535967c-bdf6-4fe5-5779-9bc04694c0d9","x_csrf_token":"Fetch","x_forwarded_for":"152.57.234.150, 10.0.72.3, 10.37.193.4, 10.0.136.2","x_forwarded_host":"0d79b96ctrial-dev-com-smartprocurex-smartprocurexui.cfapps.us10-003.hana.ondemand.com","x_forwarded_path":"/odata/v4/procurement/$batch","x_forwarded_proto":"https","x_request_start":"1785656792796","x_requested_with":"XMLHttpRequest","x_scp_request_id":"c87f1912-46c6-40cd-99e7-016f0f2d7fef-6A6EF5D8-1CD34D","x_vcap_request_id":"7535967c-bdf6-4fe5-5779-9bc04694c0d9","request_id":"7535967c-bdf6-4fe5-5779-9bc04694c0d9","x_correlation_id":"7535967c-bdf6-4fe5-5779-9bc04694c0d9","timestamp":"2026-08-02T07:46:32.812Z","layer":"cds","component_type":"application","container_id":"10.37.130.4","component_id":"d9622003-7570-45ea-b8be-97c6305e4251","component_name":"SmartProcureX-srv","component_instance":0,"source_instance":0,"organization_name":"0d79b96ctrial","organization_id":"e8159873-0fc0-4477-a4f9-3c43fdb65fe4","space_name":"dev","space_id":"0628b1b5-c14d-4a0a-abf9-843360b5d7c0","tenant_subdomain":"0d79b96ctrial","msg":"> GET /PurchaseRequests {\n  '$select': 'ID,priority,requestNumber,status,totalAmount',\n  '$skip': '0',\n  '$top': '100'\n}","type":"log"} (STDOUT, APP/PROC/WEB)#
#2026 08 02 07:55:17.552#Z#DEBUG#6828ea62-8e47-11f1-a22d-eeee0a847462.SmartProcureX-srv#flowable-async-job-executor-thread-2161#
[PollStartAppStatusExecution] d9622003-7570-45ea-b8be-97c6305e4251 [2026-08-02T07:46:33.563707] {"level":"error","logger":"odata","correlation_id":"5cc56676-0277-42c0-63c9-e06caf4cdfb1","tenant_id":"5590af3c-9485-44fe-975e-4b748861d2ff","host":"0d79b96ctrial-dev-smartprocurex-srv.cfapps.us10-003.hana.ondemand.com","user_agent":"Mozilla/5.0 (Windows NT 10.0; Win64; x64) AppleWebKit/537.36 (KHTML, like Gecko) Chrome/151.0.0.0 Safari/537.36","accept":"*/*","accept_encoding":"gzip, deflate, br, zstd","accept_language":"en-US,en;q=0.9","authorization":"***","b3":"5cc56676027742c063c9e06caf4cdfb1-63c9e06caf4cdfb1","cookie":"***","priority":"u=1, i","referer":"https://0d79b96ctrial-dev-com-smartprocurex-smartprocurexui.cfapps.us10-003.hana.ondemand.com/index.html","sec_ch_ua":"\"Not=A?Brand\";v=\"99\", \"Google Chrome\";v=\"151\", \"Chromium\";v=\"151\"","sec_ch_ua_mobile":"?0","sec_ch_ua_platform":"\"Windows\"","sec_fetch_dest":"empty","sec_fetch_mode":"cors","sec_fetch_site":"same-origin","tenantid":"0d79b96ctrial","x_b3_spanid":"63c9e06caf4cdfb1","x_b3_traceid":"5cc56676027742c063c9e06caf4cdfb1","x_cf_applicationid":"d9622003-7570-45ea-b8be-97c6305e4251","x_cf_instanceid":"9901b53b-a394-4a2d-4d11-7e49","x_cf_instanceindex":"0","x_cf_true_client_ip":"10.37.193.4","x_correlationid":"5cc56676-0277-42c0-63c9-e06caf4cdfb1","x_forwarded_for":"152.57.234.150, 10.0.72.3, 10.37.193.4, 10.0.136.1","x_forwarded_host":"0d79b96ctrial-dev-com-smartprocurex-smartprocurexui.cfapps.us10-003.hana.ondemand.com","x_forwarded_path":"/odata/v4/procurement/PurchaseRequests","x_forwarded_proto":"https","x_request_start":"1785656792556","x_scp_request_id":"0c499948-9a1a-4c5f-853a-1629e8e6ef5e-6A6EF5D8-1B87BC","x_vcap_request_id":"5cc56676-0277-42c0-63c9-e06caf4cdfb1","request_id":"5cc56676-0277-42c0-63c9-e06caf4cdfb1","x_correlation_id":"5cc56676-0277-42c0-63c9-e06caf4cdfb1","timestamp":"2026-08-02T07:46:33.563Z","layer":"cds","component_type":"application","container_id":"10.37.130.4","component_id":"d9622003-7570-45ea-b8be-97c6305e4251","component_name":"SmartProcureX-srv","component_instance":0,"source_instance":0,"organization_name":"0d79b96ctrial","organization_id":"e8159873-0fc0-4477-a4f9-3c43fdb65fe4","space_name":"dev","space_id":"0628b1b5-c14d-4a0a-abf9-843360b5d7c0","tenant_subdomain":"0d79b96ctrial","msg":"500 - Error: Pool resource could not be acquired within 1s\n    at /home/vcap/app/node_modules/@cap-js/db-service/lib/common/generic-pool.js:71:21\n    at new Promise (<anonymous>)\n    at new Request (/home/vcap/app/node_modules/@cap-js/db-service/lib/common/generic-pool.js:59:20)\n    at Pool.acquire (/home/vcap/app/node_modules/@cap-js/db-service/lib/common/generic-pool.js:141:21)\n    at HANAService.acquire (/home/vcap/app/node_modules/@cap-js/db-service/lib/common/DatabaseService.js:106:28)\n    at HANAService.begin (/home/vcap/app/node_modules/@cap-js/db-service/lib/common/DatabaseService.js:66:27)\n    at HANAService._begin [as dispatch] (/home/vcap/app/node_modules/@sap/cds/lib/srv/srv-tx.js:195:38)\n    at /home/vcap/app/node_modules/@sap/cds/lib/srv/srv-dispatch.js:20:50\n    at HANAService.run (/home/vcap/app/node_modules/@sap/cds/lib/srv/cds.Service.js:171:44)\n    at HANAService.run (/home/vcap/app/node_modules/@cap-js/db-service/lib/common/DatabaseService.js:158:18) {\n  status: 500,\n  code: '500'\n}","type":"log"} (STDERR, APP/PROC/WEB)#
#2026 08 02 07:55:17.552#Z#DEBUG#6828ea62-8e47-11f1-a22d-eeee0a847462.SmartProcureX-srv#flowable-async-job-executor-thread-2161#
[PollStartAppStatusExecution] d9622003-7570-45ea-b8be-97c6305e4251 [2026-08-02T07:46:33.564617] 0d79b96ctrial-dev-smartprocurex-srv.cfapps.us10-003.hana.ondemand.com - [2026-08-02T07:46:32.559734720Z] "GET /odata/v4/procurement/PurchaseRequests HTTP/1.1" 500 0 58 "https://0d79b96ctrial-dev-com-smartprocurex-smartprocurexui.cfapps.us10-003.hana.ondemand.com/index.html" "Mozilla/5.0 (Windows NT 10.0; Win64; x64) AppleWebKit/537.36 (KHTML, like Gecko) Chrome/151.0.0.0 Safari/537.36" "10.0.136.1:63192" "10.37.130.4:61016" x_forwarded_for:"152.57.234.150, 10.0.72.3, 10.37.193.4, 10.0.136.1" x_forwarded_proto:"https" vcap_request_id:"5cc56676-0277-42c0-63c9-e06caf4cdfb1" response_time:1.004732 gorouter_time:0.000048 app_id:"d9622003-7570-45ea-b8be-97c6305e4251" app_index:"0" instance_id:"9901b53b-a394-4a2d-4d11-7e49" failed_attempts:0 failed_attempts_time:"-" dns_time:0.000000 dial_time:0.000000 tls_time:0.000000 backend_time:1.004684 local_address:"10.0.129.8:38162" x_cf_routererror:"-" x_correlationid:"5cc56676-0277-42c0-63c9-e06caf4cdfb1" tenantid:"0d79b96ctrial" sap_passport:"-" x_scp_request_id:"0c499948-9a1a-4c5f-853a-1629e8e6ef5e-6A6EF5D8-1B87BC" x_cf_app_instance:"-" x_forwarded_host:"0d79b96ctrial-dev-com-smartprocurex-smartprocurexui.cfapps.us10-003.hana.ondemand.com" x_custom_host:"-" x_ssl_client:"-" x_ssl_client_session_id:"-" x_ssl_client_verify:"-" x_ssl_client_subject_dn:"-" x_ssl_client_subject_cn:"-" x_ssl_client_issuer_dn:"-" x_ssl_client_notbefore:"-" x_ssl_client_notafter:"-" x_cf_forwarded_url:"-" traceparent:"-" true_client_ip:"-" x_cf_true_client_ip:"10.37.193.4" x_request_id:"-" x_b3_traceid:"5cc56676027742c063c9e06caf4cdfb1" x_b3_spanid:"63c9e06caf4cdfb1" x_b3_parentspanid:"-" b3:"5cc56676027742c063c9e06caf4cdfb1-63c9e06caf4cdfb1" (STDOUT, RTR)#
#2026 08 02 07:55:17.552#Z#DEBUG#6828ea62-8e47-11f1-a22d-eeee0a847462.SmartProcureX-srv#flowable-async-job-executor-thread-2161#
[PollStartAppStatusExecution] d9622003-7570-45ea-b8be-97c6305e4251 [2026-08-02T07:46:33.817116] {"level":"error","logger":"odata","correlation_id":"7535967c-bdf6-4fe5-5779-9bc04694c0d9","tenant_id":"5590af3c-9485-44fe-975e-4b748861d2ff","host":"0d79b96ctrial-dev-smartprocurex-srv.cfapps.us10-003.hana.ondemand.com","user_agent":"Mozilla/5.0 (Windows NT 10.0; Win64; x64) AppleWebKit/537.36 (KHTML, like Gecko) Chrome/151.0.0.0 Safari/537.36","content_length":"772","request_size_b":"772","accept":"multipart/mixed","accept_encoding":"gzip, deflate, br, zstd","accept_language":"en-US","authorization":"***","b3":"7535967cbdf64fe557799bc04694c0d9-57799bc04694c0d9","content_type":"multipart/mixed; boundary=batch_id-1785656790429-21","cookie":"***","mime_version":"1.0","odata_maxversion":"4.0","odata_version":"4.0","origin":"https://0d79b96ctrial-dev-com-smartprocurex-smartprocurexui.cfapps.us10-003.hana.ondemand.com","priority":"u=1, i","referer":"https://0d79b96ctrial-dev-com-smartprocurex-smartprocurexui.cfapps.us10-003.hana.ondemand.com/index.html","sap_cancel_on_close":"true","sec_ch_ua":"\"Not=A?Brand\";v=\"99\", \"Google Chrome\";v=\"151\", \"Chromium\";v=\"151\"","sec_ch_ua_mobile":"?0","sec_ch_ua_platform":"\"Windows\"","sec_fetch_dest":"empty","sec_fetch_mode":"cors","sec_fetch_site":"same-origin","tenantid":"0d79b96ctrial","x_b3_spanid":"57799bc04694c0d9","x_b3_traceid":"7535967cbdf64fe557799bc04694c0d9","x_cf_applicationid":"d9622003-7570-45ea-b8be-97c6305e4251","x_cf_instanceid":"9901b53b-a394-4a2d-4d11-7e49","x_cf_instanceindex":"0","x_cf_true_client_ip":"10.37.193.4","x_correlationid":"7535967c-bdf6-4fe5-5779-9bc04694c0d9","x_csrf_token":"Fetch","x_forwarded_for":"152.57.234.150, 10.0.72.3, 10.37.193.4, 10.0.136.2","x_forwarded_host":"0d79b96ctrial-dev-com-smartprocurex-smartprocurexui.cfapps.us10-003.hana.ondemand.com","x_forwarded_path":"/odata/v4/procurement/$batch","x_forwarded_proto":"https","x_request_start":"1785656792796","x_requested_with":"XMLHttpRequest","x_scp_request_id":"c87f1912-46c6-40cd-99e7-016f0f2d7fef-6A6EF5D8-1CD34D","x_vcap_request_id":"7535967c-bdf6-4fe5-5779-9bc04694c0d9","request_id":"7535967c-bdf6-4fe5-5779-9bc04694c0d9","x_correlation_id":"7535967c-bdf6-4fe5-5779-9bc04694c0d9","timestamp":"2026-08-02T07:46:33.816Z","layer":"cds","component_type":"application","container_id":"10.37.130.4","component_id":"d9622003-7570-45ea-b8be-97c6305e4251","component_name":"SmartProcureX-srv","component_instance":0,"source_instance":0,"organization_name":"0d79b96ctrial","organization_id":"e8159873-0fc0-4477-a4f9-3c43fdb65fe4","space_name":"dev","space_id":"0628b1b5-c14d-4a0a-abf9-843360b5d7c0","tenant_subdomain":"0d79b96ctrial","msg":"500 - Error: Pool resource could not be acquired within 1s\n    at /home/vcap/app/node_modules/@cap-js/db-service/lib/common/generic-pool.js:71:21\n    at new Promise (<anonymous>)\n    at new Request (/home/vcap/app/node_modules/@cap-js/db-service/lib/common/generic-pool.js:59:20)\n    at Pool.acquire (/home/vcap/app/node_modules/@cap-js/db-service/lib/common/generic-pool.js:141:21)\n    at HANAService.acquire (/home/vcap/app/node_modules/@cap-js/db-service/lib/common/DatabaseService.js:106:28)\n    at HANAService.begin (/home/vcap/app/node_modules/@cap-js/db-service/lib/common/DatabaseService.js:66:27)\n    at HANAService._begin [as dispatch] (/home/vcap/app/node_modules/@sap/cds/lib/srv/srv-tx.js:195:38)\n    at /home/vcap/app/node_modules/@sap/cds/lib/srv/srv-dispatch.js:20:50\n    at HANAService.run (/home/vcap/app/node_modules/@sap/cds/lib/srv/cds.Service.js:171:44)\n    at HANAService.run (/home/vcap/app/node_modules/@cap-js/db-service/lib/common/DatabaseService.js:158:18) {\n  status: 500,\n  code: '500'\n}","type":"log"} (STDERR, APP/PROC/WEB)#
#2026 08 02 07:55:17.552#Z#DEBUG#6828ea62-8e47-11f1-a22d-eeee0a847462.SmartProcureX-srv#flowable-async-job-executor-thread-2161#
[PollStartAppStatusExecution] d9622003-7570-45ea-b8be-97c6305e4251 [2026-08-02T07:46:33.818164] 0d79b96ctrial-dev-smartprocurex-srv.cfapps.us10-003.hana.ondemand.com - [2026-08-02T07:46:32.799989561Z] "POST /odata/v4/procurement/$batch HTTP/1.1" 200 772 314 "https://0d79b96ctrial-dev-com-smartprocurex-smartprocurexui.cfapps.us10-003.hana.ondemand.com/index.html" "Mozilla/5.0 (Windows NT 10.0; Win64; x64) AppleWebKit/537.36 (KHTML, like Gecko) Chrome/151.0.0.0 Safari/537.36" "10.0.136.2:59746" "10.37.130.4:61016" x_forwarded_for:"152.57.234.150, 10.0.72.3, 10.37.193.4, 10.0.136.2" x_forwarded_proto:"https" vcap_request_id:"7535967c-bdf6-4fe5-5779-9bc04694c0d9" response_time:1.018050 gorouter_time:0.000057 app_id:"d9622003-7570-45ea-b8be-97c6305e4251" app_index:"0" instance_id:"9901b53b-a394-4a2d-4d11-7e49" failed_attempts:0 failed_attempts_time:"-" dns_time:0.000000 dial_time:0.000000 tls_time:0.000000 backend_time:1.017992 local_address:"10.0.129.9:56786" x_cf_routererror:"-" x_correlationid:"7535967c-bdf6-4fe5-5779-9bc04694c0d9" tenantid:"0d79b96ctrial" sap_passport:"-" x_scp_request_id:"c87f1912-46c6-40cd-99e7-016f0f2d7fef-6A6EF5D8-1CD34D" x_cf_app_instance:"-" x_forwarded_host:"0d79b96ctrial-dev-com-smartprocurex-smartprocurexui.cfapps.us10-003.hana.ondemand.com" x_custom_host:"-" x_ssl_client:"-" x_ssl_client_session_id:"-" x_ssl_client_verify:"-" x_ssl_client_subject_dn:"-" x_ssl_client_subject_cn:"-" x_ssl_client_issuer_dn:"-" x_ssl_client_notbefore:"-" x_ssl_client_notafter:"-" x_cf_forwarded_url:"-" traceparent:"-" true_client_ip:"-" x_cf_true_client_ip:"10.37.193.4" x_request_id:"-" x_b3_traceid:"7535967cbdf64fe557799bc04694c0d9" x_b3_spanid:"57799bc04694c0d9" x_b3_parentspanid:"-" b3:"7535967cbdf64fe557799bc04694c0d9-57799bc04694c0d9" (STDOUT, RTR)#
#2026 08 02 07:55:17.552#Z#DEBUG#6828ea62-8e47-11f1-a22d-eeee0a847462.SmartProcureX-srv#flowable-async-job-executor-thread-2161#
[PollStartAppStatusExecution] d9622003-7570-45ea-b8be-97c6305e4251 [2026-08-02T07:46:34.020434] {"level":"info","logger":"odata","correlation_id":"6bed6b7c-e1dc-4797-4381-0d95815a4258","tenant_id":"5590af3c-9485-44fe-975e-4b748861d2ff","host":"0d79b96ctrial-dev-smartprocurex-srv.cfapps.us10-003.hana.ondemand.com","user_agent":"Mozilla/5.0 (Windows NT 10.0; Win64; x64) AppleWebKit/537.36 (KHTML, like Gecko) Chrome/151.0.0.0 Safari/537.36","accept":"*/*","accept_encoding":"gzip, deflate, br, zstd","accept_language":"en-US,en;q=0.9","authorization":"***","b3":"6bed6b7ce1dc479743810d95815a4258-43810d95815a4258","cookie":"***","priority":"u=1, i","referer":"https://0d79b96ctrial-dev-com-smartprocurex-smartprocurexui.cfapps.us10-003.hana.ondemand.com/index.html","sec_ch_ua":"\"Not=A?Brand\";v=\"99\", \"Google Chrome\";v=\"151\", \"Chromium\";v=\"151\"","sec_ch_ua_mobile":"?0","sec_ch_ua_platform":"\"Windows\"","sec_fetch_dest":"empty","sec_fetch_mode":"cors","sec_fetch_site":"same-origin","tenantid":"0d79b96ctrial","x_b3_spanid":"43810d95815a4258","x_b3_traceid":"6bed6b7ce1dc479743810d95815a4258","x_cf_applicationid":"d9622003-7570-45ea-b8be-97c6305e4251","x_cf_instanceid":"9901b53b-a394-4a2d-4d11-7e49","x_cf_instanceindex":"0","x_cf_true_client_ip":"10.37.193.4","x_correlationid":"6bed6b7c-e1dc-4797-4381-0d95815a4258","x_forwarded_for":"152.57.234.150, 10.0.72.3, 10.37.193.4, 10.0.136.0","x_forwarded_host":"0d79b96ctrial-dev-com-smartprocurex-smartprocurexui.cfapps.us10-003.hana.ondemand.com","x_forwarded_path":"/odata/v4/procurement/PurchaseOrders","x_forwarded_proto":"https","x_request_start":"1785656794015","x_scp_request_id":"962c67dd-68c6-43c7-8f72-ff06769098d3-6A6EF5D8-1B2C36","x_vcap_request_id":"6bed6b7c-e1dc-4797-4381-0d95815a4258","request_id":"6bed6b7c-e1dc-4797-4381-0d95815a4258","x_correlation_id":"6bed6b7c-e1dc-4797-4381-0d95815a4258","timestamp":"2026-08-02T07:46:34.020Z","layer":"cds","component_type":"application","container_id":"10.37.130.4","component_id":"d9622003-7570-45ea-b8be-97c6305e4251","component_name":"SmartProcureX-srv","component_instance":0,"source_instance":0,"organization_name":"0d79b96ctrial","organization_id":"e8159873-0fc0-4477-a4f9-3c43fdb65fe4","space_name":"dev","space_id":"0628b1b5-c14d-4a0a-abf9-843360b5d7c0","tenant_subdomain":"0d79b96ctrial","msg":"GET /odata/v4/procurement/PurchaseOrders ","type":"log"} (STDOUT, APP/PROC/WEB)#
#2026 08 02 07:55:17.552#Z#DEBUG#6828ea62-8e47-11f1-a22d-eeee0a847462.SmartProcureX-srv#flowable-async-job-executor-thread-2161#
[PollStartAppStatusExecution] d9622003-7570-45ea-b8be-97c6305e4251 [2026-08-02T07:46:35.021474] {"level":"error","logger":"odata","correlation_id":"6bed6b7c-e1dc-4797-4381-0d95815a4258","tenant_id":"5590af3c-9485-44fe-975e-4b748861d2ff","host":"0d79b96ctrial-dev-smartprocurex-srv.cfapps.us10-003.hana.ondemand.com","user_agent":"Mozilla/5.0 (Windows NT 10.0; Win64; x64) AppleWebKit/537.36 (KHTML, like Gecko) Chrome/151.0.0.0 Safari/537.36","accept":"*/*","accept_encoding":"gzip, deflate, br, zstd","accept_language":"en-US,en;q=0.9","authorization":"***","b3":"6bed6b7ce1dc479743810d95815a4258-43810d95815a4258","cookie":"***","priority":"u=1, i","referer":"https://0d79b96ctrial-dev-com-smartprocurex-smartprocurexui.cfapps.us10-003.hana.ondemand.com/index.html","sec_ch_ua":"\"Not=A?Brand\";v=\"99\", \"Google Chrome\";v=\"151\", \"Chromium\";v=\"151\"","sec_ch_ua_mobile":"?0","sec_ch_ua_platform":"\"Windows\"","sec_fetch_dest":"empty","sec_fetch_mode":"cors","sec_fetch_site":"same-origin","tenantid":"0d79b96ctrial","x_b3_spanid":"43810d95815a4258","x_b3_traceid":"6bed6b7ce1dc479743810d95815a4258","x_cf_applicationid":"d9622003-7570-45ea-b8be-97c6305e4251","x_cf_instanceid":"9901b53b-a394-4a2d-4d11-7e49","x_cf_instanceindex":"0","x_cf_true_client_ip":"10.37.193.4","x_correlationid":"6bed6b7c-e1dc-4797-4381-0d95815a4258","x_forwarded_for":"152.57.234.150, 10.0.72.3, 10.37.193.4, 10.0.136.0","x_forwarded_host":"0d79b96ctrial-dev-com-smartprocurex-smartprocurexui.cfapps.us10-003.hana.ondemand.com","x_forwarded_path":"/odata/v4/procurement/PurchaseOrders","x_forwarded_proto":"https","x_request_start":"1785656794015","x_scp_request_id":"962c67dd-68c6-43c7-8f72-ff06769098d3-6A6EF5D8-1B2C36","x_vcap_request_id":"6bed6b7c-e1dc-4797-4381-0d95815a4258","request_id":"6bed6b7c-e1dc-4797-4381-0d95815a4258","x_correlation_id":"6bed6b7c-e1dc-4797-4381-0d95815a4258","timestamp":"2026-08-02T07:46:35.021Z","layer":"cds","component_type":"application","container_id":"10.37.130.4","component_id":"d9622003-7570-45ea-b8be-97c6305e4251","component_name":"SmartProcureX-srv","component_instance":0,"source_instance":0,"organization_name":"0d79b96ctrial","organization_id":"e8159873-0fc0-4477-a4f9-3c43fdb65fe4","space_name":"dev","space_id":"0628b1b5-c14d-4a0a-abf9-843360b5d7c0","tenant_subdomain":"0d79b96ctrial","msg":"500 - Error: Pool resource could not be acquired within 1s\n    at /home/vcap/app/node_modules/@cap-js/db-service/lib/common/generic-pool.js:71:21\n    at new Promise (<anonymous>)\n    at new Request (/home/vcap/app/node_modules/@cap-js/db-service/lib/common/generic-pool.js:59:20)\n    at Pool.acquire (/home/vcap/app/node_modules/@cap-js/db-service/lib/common/generic-pool.js:141:21)\n    at HANAService.acquire (/home/vcap/app/node_modules/@cap-js/db-service/lib/common/DatabaseService.js:106:28)\n    at HANAService.begin (/home/vcap/app/node_modules/@cap-js/db-service/lib/common/DatabaseService.js:66:27)\n    at HANAService._begin [as dispatch] (/home/vcap/app/node_modules/@sap/cds/lib/srv/srv-tx.js:195:38)\n    at /home/vcap/app/node_modules/@sap/cds/lib/srv/srv-dispatch.js:20:50\n    at HANAService.run (/home/vcap/app/node_modules/@sap/cds/lib/srv/cds.Service.js:171:44)\n    at HANAService.run (/home/vcap/app/node_modules/@cap-js/db-service/lib/common/DatabaseService.js:158:18) {\n  status: 500,\n  code: '500'\n}","type":"log"} (STDERR, APP/PROC/WEB)#
#2026 08 02 07:55:17.552#Z#DEBUG#6828ea62-8e47-11f1-a22d-eeee0a847462.SmartProcureX-srv#flowable-async-job-executor-thread-2161#
[PollStartAppStatusExecution] d9622003-7570-45ea-b8be-97c6305e4251 [2026-08-02T07:46:35.022285] 0d79b96ctrial-dev-smartprocurex-srv.cfapps.us10-003.hana.ondemand.com - [2026-08-02T07:46:34.019049574Z] "GET /odata/v4/procurement/PurchaseOrders HTTP/1.1" 500 0 58 "https://0d79b96ctrial-dev-com-smartprocurex-smartprocurexui.cfapps.us10-003.hana.ondemand.com/index.html" "Mozilla/5.0 (Windows NT 10.0; Win64; x64) AppleWebKit/537.36 (KHTML, like Gecko) Chrome/151.0.0.0 Safari/537.36" "10.0.136.0:32838" "10.37.130.4:61016" x_forwarded_for:"152.57.234.150, 10.0.72.3, 10.37.193.4, 10.0.136.0" x_forwarded_proto:"https" vcap_request_id:"6bed6b7c-e1dc-4797-4381-0d95815a4258" response_time:1.003010 gorouter_time:0.000043 app_id:"d9622003-7570-45ea-b8be-97c6305e4251" app_index:"0" instance_id:"9901b53b-a394-4a2d-4d11-7e49" failed_attempts:0 failed_attempts_time:"-" dns_time:0.000000 dial_time:0.000000 tls_time:0.000000 backend_time:1.002967 local_address:"10.0.129.8:38162" x_cf_routererror:"-" x_correlationid:"6bed6b7c-e1dc-4797-4381-0d95815a4258" tenantid:"0d79b96ctrial" sap_passport:"-" x_scp_request_id:"962c67dd-68c6-43c7-8f72-ff06769098d3-6A6EF5D8-1B2C36" x_cf_app_instance:"-" x_forwarded_host:"0d79b96ctrial-dev-com-smartprocurex-smartprocurexui.cfapps.us10-003.hana.ondemand.com" x_custom_host:"-" x_ssl_client:"-" x_ssl_client_session_id:"-" x_ssl_client_verify:"-" x_ssl_client_subject_dn:"-" x_ssl_client_subject_cn:"-" x_ssl_client_issuer_dn:"-" x_ssl_client_notbefore:"-" x_ssl_client_notafter:"-" x_cf_forwarded_url:"-" traceparent:"-" true_client_ip:"-" x_cf_true_client_ip:"10.37.193.4" x_request_id:"-" x_b3_traceid:"6bed6b7ce1dc479743810d95815a4258" x_b3_spanid:"43810d95815a4258" x_b3_parentspanid:"-" b3:"6bed6b7ce1dc479743810d95815a4258-43810d95815a4258" (STDOUT, RTR)#
#2026 08 02 07:55:17.552#Z#DEBUG#6828ea62-8e47-11f1-a22d-eeee0a847462.SmartProcureX-srv#flowable-async-job-executor-thread-2161#
[PollStartAppStatusExecution] d9622003-7570-45ea-b8be-97c6305e4251 [2026-08-02T07:46:35.281474] {"level":"info","logger":"odata","correlation_id":"61c1f13f-22f7-4037-4bbb-ccfa86e967e8","tenant_id":"5590af3c-9485-44fe-975e-4b748861d2ff","host":"0d79b96ctrial-dev-smartprocurex-srv.cfapps.us10-003.hana.ondemand.com","user_agent":"Mozilla/5.0 (Windows NT 10.0; Win64; x64) AppleWebKit/537.36 (KHTML, like Gecko) Chrome/151.0.0.0 Safari/537.36","accept":"*/*","accept_encoding":"gzip, deflate, br, zstd","accept_language":"en-US,en;q=0.9","authorization":"***","b3":"61c1f13f22f740374bbbccfa86e967e8-4bbbccfa86e967e8","cookie":"***","priority":"u=1, i","referer":"https://0d79b96ctrial-dev-com-smartprocurex-smartprocurexui.cfapps.us10-003.hana.ondemand.com/index.html","sec_ch_ua":"\"Not=A?Brand\";v=\"99\", \"Google Chrome\";v=\"151\", \"Chromium\";v=\"151\"","sec_ch_ua_mobile":"?0","sec_ch_ua_platform":"\"Windows\"","sec_fetch_dest":"empty","sec_fetch_mode":"cors","sec_fetch_site":"same-origin","tenantid":"0d79b96ctrial","x_b3_spanid":"4bbbccfa86e967e8","x_b3_traceid":"61c1f13f22f740374bbbccfa86e967e8","x_cf_applicationid":"d9622003-7570-45ea-b8be-97c6305e4251","x_cf_instanceid":"9901b53b-a394-4a2d-4d11-7e49","x_cf_instanceindex":"0","x_cf_true_client_ip":"10.37.193.4","x_correlationid":"61c1f13f-22f7-4037-4bbb-ccfa86e967e8","x_forwarded_for":"152.57.234.150, 10.0.72.3, 10.37.193.4, 10.0.136.2","x_forwarded_host":"0d79b96ctrial-dev-com-smartprocurex-smartprocurexui.cfapps.us10-003.hana.ondemand.com","x_forwarded_path":"/odata/v4/supplier/Suppliers","x_forwarded_proto":"https","x_request_start":"1785656795276","x_scp_request_id":"c87f1912-46c6-40cd-99e7-016f0f2d7fef-6A6EF5D8-1CD363","x_vcap_request_id":"61c1f13f-22f7-4037-4bbb-ccfa86e967e8","request_id":"61c1f13f-22f7-4037-4bbb-ccfa86e967e8","x_correlation_id":"61c1f13f-22f7-4037-4bbb-ccfa86e967e8","timestamp":"2026-08-02T07:46:35.281Z","layer":"cds","component_type":"application","container_id":"10.37.130.4","component_id":"d9622003-7570-45ea-b8be-97c6305e4251","component_name":"SmartProcureX-srv","component_instance":0,"source_instance":0,"organization_name":"0d79b96ctrial","organization_id":"e8159873-0fc0-4477-a4f9-3c43fdb65fe4","space_name":"dev","space_id":"0628b1b5-c14d-4a0a-abf9-843360b5d7c0","tenant_subdomain":"0d79b96ctrial","msg":"GET /odata/v4/supplier/Suppliers ","type":"log"} (STDOUT, APP/PROC/WEB)#
#2026 08 02 07:55:17.552#Z#DEBUG#6828ea62-8e47-11f1-a22d-eeee0a847462.SmartProcureX-srv#flowable-async-job-executor-thread-2161#
[PollStartAppStatusExecution] d9622003-7570-45ea-b8be-97c6305e4251 [2026-08-02T07:46:36.283419] {"level":"error","logger":"odata","correlation_id":"61c1f13f-22f7-4037-4bbb-ccfa86e967e8","tenant_id":"5590af3c-9485-44fe-975e-4b748861d2ff","host":"0d79b96ctrial-dev-smartprocurex-srv.cfapps.us10-003.hana.ondemand.com","user_agent":"Mozilla/5.0 (Windows NT 10.0; Win64; x64) AppleWebKit/537.36 (KHTML, like Gecko) Chrome/151.0.0.0 Safari/537.36","accept":"*/*","accept_encoding":"gzip, deflate, br, zstd","accept_language":"en-US,en;q=0.9","authorization":"***","b3":"61c1f13f22f740374bbbccfa86e967e8-4bbbccfa86e967e8","cookie":"***","priority":"u=1, i","referer":"https://0d79b96ctrial-dev-com-smartprocurex-smartprocurexui.cfapps.us10-003.hana.ondemand.com/index.html","sec_ch_ua":"\"Not=A?Brand\";v=\"99\", \"Google Chrome\";v=\"151\", \"Chromium\";v=\"151\"","sec_ch_ua_mobile":"?0","sec_ch_ua_platform":"\"Windows\"","sec_fetch_dest":"empty","sec_fetch_mode":"cors","sec_fetch_site":"same-origin","tenantid":"0d79b96ctrial","x_b3_spanid":"4bbbccfa86e967e8","x_b3_traceid":"61c1f13f22f740374bbbccfa86e967e8","x_cf_applicationid":"d9622003-7570-45ea-b8be-97c6305e4251","x_cf_instanceid":"9901b53b-a394-4a2d-4d11-7e49","x_cf_instanceindex":"0","x_cf_true_client_ip":"10.37.193.4","x_correlationid":"61c1f13f-22f7-4037-4bbb-ccfa86e967e8","x_forwarded_for":"152.57.234.150, 10.0.72.3, 10.37.193.4, 10.0.136.2","x_forwarded_host":"0d79b96ctrial-dev-com-smartprocurex-smartprocurexui.cfapps.us10-003.hana.ondemand.com","x_forwarded_path":"/odata/v4/supplier/Suppliers","x_forwarded_proto":"https","x_request_start":"1785656795276","x_scp_request_id":"c87f1912-46c6-40cd-99e7-016f0f2d7fef-6A6EF5D8-1CD363","x_vcap_request_id":"61c1f13f-22f7-4037-4bbb-ccfa86e967e8","request_id":"61c1f13f-22f7-4037-4bbb-ccfa86e967e8","x_correlation_id":"61c1f13f-22f7-4037-4bbb-ccfa86e967e8","timestamp":"2026-08-02T07:46:36.283Z","layer":"cds","component_type":"application","container_id":"10.37.130.4","component_id":"d9622003-7570-45ea-b8be-97c6305e4251","component_name":"SmartProcureX-srv","component_instance":0,"source_instance":0,"organization_name":"0d79b96ctrial","organization_id":"e8159873-0fc0-4477-a4f9-3c43fdb65fe4","space_name":"dev","space_id":"0628b1b5-c14d-4a0a-abf9-843360b5d7c0","tenant_subdomain":"0d79b96ctrial","msg":"500 - Error: Pool resource could not be acquired within 1s\n    at /home/vcap/app/node_modules/@cap-js/db-service/lib/common/generic-pool.js:71:21\n    at new Promise (<anonymous>)\n    at new Request (/home/vcap/app/node_modules/@cap-js/db-service/lib/common/generic-pool.js:59:20)\n    at Pool.acquire (/home/vcap/app/node_modules/@cap-js/db-service/lib/common/generic-pool.js:141:21)\n    at HANAService.acquire (/home/vcap/app/node_modules/@cap-js/db-service/lib/common/DatabaseService.js:106:28)\n    at HANAService.begin (/home/vcap/app/node_modules/@cap-js/db-service/lib/common/DatabaseService.js:66:27)\n    at HANAService._begin [as dispatch] (/home/vcap/app/node_modules/@sap/cds/lib/srv/srv-tx.js:195:38)\n    at /home/vcap/app/node_modules/@sap/cds/lib/srv/srv-dispatch.js:20:50\n    at HANAService.run (/home/vcap/app/node_modules/@sap/cds/lib/srv/cds.Service.js:171:44)\n    at HANAService.run (/home/vcap/app/node_modules/@cap-js/db-service/lib/common/DatabaseService.js:158:18) {\n  status: 500,\n  code: '500'\n}","type":"log"} (STDERR, APP/PROC/WEB)#
#2026 08 02 07:55:17.552#Z#DEBUG#6828ea62-8e47-11f1-a22d-eeee0a847462.SmartProcureX-srv#flowable-async-job-executor-thread-2161#
[PollStartAppStatusExecution] d9622003-7570-45ea-b8be-97c6305e4251 [2026-08-02T07:46:36.284268] 0d79b96ctrial-dev-smartprocurex-srv.cfapps.us10-003.hana.ondemand.com - [2026-08-02T07:46:35.280073238Z] "GET /odata/v4/supplier/Suppliers HTTP/1.1" 500 0 58 "https://0d79b96ctrial-dev-com-smartprocurex-smartprocurexui.cfapps.us10-003.hana.ondemand.com/index.html" "Mozilla/5.0 (Windows NT 10.0; Win64; x64) AppleWebKit/537.36 (KHTML, like Gecko) Chrome/151.0.0.0 Safari/537.36" "10.0.136.2:18406" "10.37.130.4:61016" x_forwarded_for:"152.57.234.150, 10.0.72.3, 10.37.193.4, 10.0.136.2" x_forwarded_proto:"https" vcap_request_id:"61c1f13f-22f7-4037-4bbb-ccfa86e967e8" response_time:1.003948 gorouter_time:0.000051 app_id:"d9622003-7570-45ea-b8be-97c6305e4251" app_index:"0" instance_id:"9901b53b-a394-4a2d-4d11-7e49" failed_attempts:0 failed_attempts_time:"-" dns_time:0.000000 dial_time:0.000000 tls_time:0.000000 backend_time:1.003898 local_address:"10.0.129.8:38162" x_cf_routererror:"-" x_correlationid:"61c1f13f-22f7-4037-4bbb-ccfa86e967e8" tenantid:"0d79b96ctrial" sap_passport:"-" x_scp_request_id:"c87f1912-46c6-40cd-99e7-016f0f2d7fef-6A6EF5D8-1CD363" x_cf_app_instance:"-" x_forwarded_host:"0d79b96ctrial-dev-com-smartprocurex-smartprocurexui.cfapps.us10-003.hana.ondemand.com" x_custom_host:"-" x_ssl_client:"-" x_ssl_client_session_id:"-" x_ssl_client_verify:"-" x_ssl_client_subject_dn:"-" x_ssl_client_subject_cn:"-" x_ssl_client_issuer_dn:"-" x_ssl_client_notbefore:"-" x_ssl_client_notafter:"-" x_cf_forwarded_url:"-" traceparent:"-" true_client_ip:"-" x_cf_true_client_ip:"10.37.193.4" x_request_id:"-" x_b3_traceid:"61c1f13f22f740374bbbccfa86e967e8" x_b3_spanid:"4bbbccfa86e967e8" x_b3_parentspanid:"-" b3:"61c1f13f22f740374bbbccfa86e967e8-4bbbccfa86e967e8" (STDOUT, RTR)#
#2026 08 02 07:55:17.552#Z#DEBUG#6828ea62-8e47-11f1-a22d-eeee0a847462.SmartProcureX-srv#flowable-async-job-executor-thread-2161#
[PollStartAppStatusExecution] d9622003-7570-45ea-b8be-97c6305e4251 [2026-08-02T07:46:48.607903] {"level":"info","logger":"odata","correlation_id":"4ae17250-6c38-4395-571b-bf03b2794489","tenant_id":"5590af3c-9485-44fe-975e-4b748861d2ff","host":"0d79b96ctrial-dev-smartprocurex-srv.cfapps.us10-003.hana.ondemand.com","user_agent":"Mozilla/5.0 (Windows NT 10.0; Win64; x64) AppleWebKit/537.36 (KHTML, like Gecko) Chrome/151.0.0.0 Safari/537.36","accept":"*/*","accept_encoding":"gzip, deflate, br, zstd","accept_language":"en-US,en;q=0.9","authorization":"***","b3":"4ae172506c384395571bbf03b2794489-571bbf03b2794489","cookie":"***","priority":"u=1, i","referer":"https://0d79b96ctrial-dev-com-smartprocurex-smartprocurexui.cfapps.us10-003.hana.ondemand.com/index.html","sec_ch_ua":"\"Not=A?Brand\";v=\"99\", \"Google Chrome\";v=\"151\", \"Chromium\";v=\"151\"","sec_ch_ua_mobile":"?0","sec_ch_ua_platform":"\"Windows\"","sec_fetch_dest":"empty","sec_fetch_mode":"cors","sec_fetch_site":"same-origin","tenantid":"0d79b96ctrial","x_b3_spanid":"571bbf03b2794489","x_b3_traceid":"4ae172506c384395571bbf03b2794489","x_cf_applicationid":"d9622003-7570-45ea-b8be-97c6305e4251","x_cf_instanceid":"9901b53b-a394-4a2d-4d11-7e49","x_cf_instanceindex":"0","x_cf_true_client_ip":"10.37.193.4","x_correlationid":"4ae17250-6c38-4395-571b-bf03b2794489","x_forwarded_for":"152.57.234.150, 10.0.72.3, 10.37.193.4, 10.0.136.0","x_forwarded_host":"0d79b96ctrial-dev-com-smartprocurex-smartprocurexui.cfapps.us10-003.hana.ondemand.com","x_forwarded_path":"/odata/v4/identity/Departments","x_forwarded_proto":"https","x_request_start":"1785656808601","x_scp_request_id":"962c67dd-68c6-43c7-8f72-ff06769098d3-6A6EF5DB-1B2C88","x_vcap_request_id":"4ae17250-6c38-4395-571b-bf03b2794489","request_id":"4ae17250-6c38-4395-571b-bf03b2794489","x_correlation_id":"4ae17250-6c38-4395-571b-bf03b2794489","timestamp":"2026-08-02T07:46:48.607Z","layer":"cds","component_type":"application","container_id":"10.37.130.4","component_id":"d9622003-7570-45ea-b8be-97c6305e4251","component_name":"SmartProcureX-srv","component_instance":0,"source_instance":0,"organization_name":"0d79b96ctrial","organization_id":"e8159873-0fc0-4477-a4f9-3c43fdb65fe4","space_name":"dev","space_id":"0628b1b5-c14d-4a0a-abf9-843360b5d7c0","tenant_subdomain":"0d79b96ctrial","msg":"GET /odata/v4/identity/Departments ","type":"log"} (STDOUT, APP/PROC/WEB)#
#2026 08 02 07:55:17.552#Z#DEBUG#6828ea62-8e47-11f1-a22d-eeee0a847462.SmartProcureX-srv#flowable-async-job-executor-thread-2161#
[PollStartAppStatusExecution] d9622003-7570-45ea-b8be-97c6305e4251 [2026-08-02T07:46:48.616277] {"level":"info","logger":"odata","correlation_id":"21bd3755-d2b7-4717-49f2-5a2222e8be57","tenant_id":"5590af3c-9485-44fe-975e-4b748861d2ff","host":"0d79b96ctrial-dev-smartprocurex-srv.cfapps.us10-003.hana.ondemand.com","user_agent":"Mozilla/5.0 (Windows NT 10.0; Win64; x64) AppleWebKit/537.36 (KHTML, like Gecko) Chrome/151.0.0.0 Safari/537.36","accept":"*/*","accept_encoding":"gzip, deflate, br, zstd","accept_language":"en-US,en;q=0.9","authorization":"***","b3":"21bd3755d2b7471749f25a2222e8be57-49f25a2222e8be57","cookie":"***","priority":"u=1, i","referer":"https://0d79b96ctrial-dev-com-smartprocurex-smartprocurexui.cfapps.us10-003.hana.ondemand.com/index.html","sec_ch_ua":"\"Not=A?Brand\";v=\"99\", \"Google Chrome\";v=\"151\", \"Chromium\";v=\"151\"","sec_ch_ua_mobile":"?0","sec_ch_ua_platform":"\"Windows\"","sec_fetch_dest":"empty","sec_fetch_mode":"cors","sec_fetch_site":"same-origin","tenantid":"0d79b96ctrial","x_b3_spanid":"49f25a2222e8be57","x_b3_traceid":"21bd3755d2b7471749f25a2222e8be57","x_cf_applicationid":"d9622003-7570-45ea-b8be-97c6305e4251","x_cf_instanceid":"9901b53b-a394-4a2d-4d11-7e49","x_cf_instanceindex":"0","x_cf_true_client_ip":"10.37.193.4","x_correlationid":"21bd3755-d2b7-4717-49f2-5a2222e8be57","x_forwarded_for":"152.57.234.150, 10.0.72.3, 10.37.193.4, 10.0.136.2","x_forwarded_host":"0d79b96ctrial-dev-com-smartprocurex-smartprocurexui.cfapps.us10-003.hana.ondemand.com","x_forwarded_path":"/odata/v4/identity/Users","x_forwarded_proto":"https","x_request_start":"1785656808601","x_scp_request_id":"c87f1912-46c6-40cd-99e7-016f0f2d7fef-6A6EF5D9-1CD3B5","x_vcap_request_id":"21bd3755-d2b7-4717-49f2-5a2222e8be57","request_id":"21bd3755-d2b7-4717-49f2-5a2222e8be57","x_correlation_id":"21bd3755-d2b7-4717-49f2-5a2222e8be57","timestamp":"2026-08-02T07:46:48.616Z","layer":"cds","component_type":"application","container_id":"10.37.130.4","component_id":"d9622003-7570-45ea-b8be-97c6305e4251","component_name":"SmartProcureX-srv","component_instance":0,"source_instance":0,"organization_name":"0d79b96ctrial","organization_id":"e8159873-0fc0-4477-a4f9-3c43fdb65fe4","space_name":"dev","space_id":"0628b1b5-c14d-4a0a-abf9-843360b5d7c0","tenant_subdomain":"0d79b96ctrial","msg":"GET /odata/v4/identity/Users ","type":"log"} (STDOUT, APP/PROC/WEB)#
#2026 08 02 07:55:17.552#Z#DEBUG#6828ea62-8e47-11f1-a22d-eeee0a847462.SmartProcureX-srv#flowable-async-job-executor-thread-2161#
[PollStartAppStatusExecution] d9622003-7570-45ea-b8be-97c6305e4251 [2026-08-02T07:46:49.611160] {"level":"error","logger":"odata","correlation_id":"4ae17250-6c38-4395-571b-bf03b2794489","tenant_id":"5590af3c-9485-44fe-975e-4b748861d2ff","host":"0d79b96ctrial-dev-smartprocurex-srv.cfapps.us10-003.hana.ondemand.com","user_agent":"Mozilla/5.0 (Windows NT 10.0; Win64; x64) AppleWebKit/537.36 (KHTML, like Gecko) Chrome/151.0.0.0 Safari/537.36","accept":"*/*","accept_encoding":"gzip, deflate, br, zstd","accept_language":"en-US,en;q=0.9","authorization":"***","b3":"4ae172506c384395571bbf03b2794489-571bbf03b2794489","cookie":"***","priority":"u=1, i","referer":"https://0d79b96ctrial-dev-com-smartprocurex-smartprocurexui.cfapps.us10-003.hana.ondemand.com/index.html","sec_ch_ua":"\"Not=A?Brand\";v=\"99\", \"Google Chrome\";v=\"151\", \"Chromium\";v=\"151\"","sec_ch_ua_mobile":"?0","sec_ch_ua_platform":"\"Windows\"","sec_fetch_dest":"empty","sec_fetch_mode":"cors","sec_fetch_site":"same-origin","tenantid":"0d79b96ctrial","x_b3_spanid":"571bbf03b2794489","x_b3_traceid":"4ae172506c384395571bbf03b2794489","x_cf_applicationid":"d9622003-7570-45ea-b8be-97c6305e4251","x_cf_instanceid":"9901b53b-a394-4a2d-4d11-7e49","x_cf_instanceindex":"0","x_cf_true_client_ip":"10.37.193.4","x_correlationid":"4ae17250-6c38-4395-571b-bf03b2794489","x_forwarded_for":"152.57.234.150, 10.0.72.3, 10.37.193.4, 10.0.136.0","x_forwarded_host":"0d79b96ctrial-dev-com-smartprocurex-smartprocurexui.cfapps.us10-003.hana.ondemand.com","x_forwarded_path":"/odata/v4/identity/Departments","x_forwarded_proto":"https","x_request_start":"1785656808601","x_scp_request_id":"962c67dd-68c6-43c7-8f72-ff06769098d3-6A6EF5DB-1B2C88","x_vcap_request_id":"4ae17250-6c38-4395-571b-bf03b2794489","request_id":"4ae17250-6c38-4395-571b-bf03b2794489","x_correlation_id":"4ae17250-6c38-4395-571b-bf03b2794489","timestamp":"2026-08-02T07:46:49.610Z","layer":"cds","component_type":"application","container_id":"10.37.130.4","component_id":"d9622003-7570-45ea-b8be-97c6305e4251","component_name":"SmartProcureX-srv","component_instance":0,"source_instance":0,"organization_name":"0d79b96ctrial","organization_id":"e8159873-0fc0-4477-a4f9-3c43fdb65fe4","space_name":"dev","space_id":"0628b1b5-c14d-4a0a-abf9-843360b5d7c0","tenant_subdomain":"0d79b96ctrial","msg":"500 - Error: Pool resource could not be acquired within 1s\n    at /home/vcap/app/node_modules/@cap-js/db-service/lib/common/generic-pool.js:71:21\n    at new Promise (<anonymous>)\n    at new Request (/home/vcap/app/node_modules/@cap-js/db-service/lib/common/generic-pool.js:59:20)\n    at Pool.acquire (/home/vcap/app/node_modules/@cap-js/db-service/lib/common/generic-pool.js:141:21)\n    at HANAService.acquire (/home/vcap/app/node_modules/@cap-js/db-service/lib/common/DatabaseService.js:106:28)\n    at HANAService.begin (/home/vcap/app/node_modules/@cap-js/db-service/lib/common/DatabaseService.js:66:27)\n    at HANAService._begin [as dispatch] (/home/vcap/app/node_modules/@sap/cds/lib/srv/srv-tx.js:195:38)\n    at /home/vcap/app/node_modules/@sap/cds/lib/srv/srv-dispatch.js:20:50\n    at HANAService.run (/home/vcap/app/node_modules/@sap/cds/lib/srv/cds.Service.js:171:44)\n    at HANAService.run (/home/vcap/app/node_modules/@cap-js/db-service/lib/common/DatabaseService.js:158:18) {\n  status: 500,\n  code: '500'\n}","type":"log"} (STDERR, APP/PROC/WEB)#
#2026 08 02 07:55:17.552#Z#DEBUG#6828ea62-8e47-11f1-a22d-eeee0a847462.SmartProcureX-srv#flowable-async-job-executor-thread-2161#
[PollStartAppStatusExecution] d9622003-7570-45ea-b8be-97c6305e4251 [2026-08-02T07:46:49.611802] 0d79b96ctrial-dev-smartprocurex-srv.cfapps.us10-003.hana.ondemand.com - [2026-08-02T07:46:48.606311977Z] "GET /odata/v4/identity/Departments HTTP/1.1" 500 0 58 "https://0d79b96ctrial-dev-com-smartprocurex-smartprocurexui.cfapps.us10-003.hana.ondemand.com/index.html" "Mozilla/5.0 (Windows NT 10.0; Win64; x64) AppleWebKit/537.36 (KHTML, like Gecko) Chrome/151.0.0.0 Safari/537.36" "10.0.136.0:47428" "10.37.130.4:61016" x_forwarded_for:"152.57.234.150, 10.0.72.3, 10.37.193.4, 10.0.136.0" x_forwarded_proto:"https" vcap_request_id:"4ae17250-6c38-4395-571b-bf03b2794489" response_time:1.005350 gorouter_time:0.000059 app_id:"d9622003-7570-45ea-b8be-97c6305e4251" app_index:"0" instance_id:"9901b53b-a394-4a2d-4d11-7e49" failed_attempts:0 failed_attempts_time:"-" dns_time:0.000000 dial_time:0.000000 tls_time:0.000000 backend_time:1.005291 local_address:"10.0.129.9:56786" x_cf_routererror:"-" x_correlationid:"4ae17250-6c38-4395-571b-bf03b2794489" tenantid:"0d79b96ctrial" sap_passport:"-" x_scp_request_id:"962c67dd-68c6-43c7-8f72-ff06769098d3-6A6EF5DB-1B2C88" x_cf_app_instance:"-" x_forwarded_host:"0d79b96ctrial-dev-com-smartprocurex-smartprocurexui.cfapps.us10-003.hana.ondemand.com" x_custom_host:"-" x_ssl_client:"-" x_ssl_client_session_id:"-" x_ssl_client_verify:"-" x_ssl_client_subject_dn:"-" x_ssl_client_subject_cn:"-" x_ssl_client_issuer_dn:"-" x_ssl_client_notbefore:"-" x_ssl_client_notafter:"-" x_cf_forwarded_url:"-" traceparent:"-" true_client_ip:"-" x_cf_true_client_ip:"10.37.193.4" x_request_id:"-" x_b3_traceid:"4ae172506c384395571bbf03b2794489" x_b3_spanid:"571bbf03b2794489" x_b3_parentspanid:"-" b3:"4ae172506c384395571bbf03b2794489-571bbf03b2794489" (STDOUT, RTR)#
#2026 08 02 07:55:17.552#Z#DEBUG#6828ea62-8e47-11f1-a22d-eeee0a847462.SmartProcureX-srv#flowable-async-job-executor-thread-2161#
[PollStartAppStatusExecution] d9622003-7570-45ea-b8be-97c6305e4251 [2026-08-02T07:46:49.617528] {"level":"error","logger":"odata","correlation_id":"21bd3755-d2b7-4717-49f2-5a2222e8be57","tenant_id":"5590af3c-9485-44fe-975e-4b748861d2ff","host":"0d79b96ctrial-dev-smartprocurex-srv.cfapps.us10-003.hana.ondemand.com","user_agent":"Mozilla/5.0 (Windows NT 10.0; Win64; x64) AppleWebKit/537.36 (KHTML, like Gecko) Chrome/151.0.0.0 Safari/537.36","accept":"*/*","accept_encoding":"gzip, deflate, br, zstd","accept_language":"en-US,en;q=0.9","authorization":"***","b3":"21bd3755d2b7471749f25a2222e8be57-49f25a2222e8be57","cookie":"***","priority":"u=1, i","referer":"https://0d79b96ctrial-dev-com-smartprocurex-smartprocurexui.cfapps.us10-003.hana.ondemand.com/index.html","sec_ch_ua":"\"Not=A?Brand\";v=\"99\", \"Google Chrome\";v=\"151\", \"Chromium\";v=\"151\"","sec_ch_ua_mobile":"?0","sec_ch_ua_platform":"\"Windows\"","sec_fetch_dest":"empty","sec_fetch_mode":"cors","sec_fetch_site":"same-origin","tenantid":"0d79b96ctrial","x_b3_spanid":"49f25a2222e8be57","x_b3_traceid":"21bd3755d2b7471749f25a2222e8be57","x_cf_applicationid":"d9622003-7570-45ea-b8be-97c6305e4251","x_cf_instanceid":"9901b53b-a394-4a2d-4d11-7e49","x_cf_instanceindex":"0","x_cf_true_client_ip":"10.37.193.4","x_correlationid":"21bd3755-d2b7-4717-49f2-5a2222e8be57","x_forwarded_for":"152.57.234.150, 10.0.72.3, 10.37.193.4, 10.0.136.2","x_forwarded_host":"0d79b96ctrial-dev-com-smartprocurex-smartprocurexui.cfapps.us10-003.hana.ondemand.com","x_forwarded_path":"/odata/v4/identity/Users","x_forwarded_proto":"https","x_request_start":"1785656808601","x_scp_request_id":"c87f1912-46c6-40cd-99e7-016f0f2d7fef-6A6EF5D9-1CD3B5","x_vcap_request_id":"21bd3755-d2b7-4717-49f2-5a2222e8be57","request_id":"21bd3755-d2b7-4717-49f2-5a2222e8be57","x_correlation_id":"21bd3755-d2b7-4717-49f2-5a2222e8be57","timestamp":"2026-08-02T07:46:49.617Z","layer":"cds","component_type":"application","container_id":"10.37.130.4","component_id":"d9622003-7570-45ea-b8be-97c6305e4251","component_name":"SmartProcureX-srv","component_instance":0,"source_instance":0,"organization_name":"0d79b96ctrial","organization_id":"e8159873-0fc0-4477-a4f9-3c43fdb65fe4","space_name":"dev","space_id":"0628b1b5-c14d-4a0a-abf9-843360b5d7c0","tenant_subdomain":"0d79b96ctrial","msg":"500 - Error: Pool resource could not be acquired within 1s\n    at /home/vcap/app/node_modules/@cap-js/db-service/lib/common/generic-pool.js:71:21\n    at new Promise (<anonymous>)\n    at new Request (/home/vcap/app/node_modules/@cap-js/db-service/lib/common/generic-pool.js:59:20)\n    at Pool.acquire (/home/vcap/app/node_modules/@cap-js/db-service/lib/common/generic-pool.js:141:21)\n    at HANAService.acquire (/home/vcap/app/node_modules/@cap-js/db-service/lib/common/DatabaseService.js:106:28)\n    at HANAService.begin (/home/vcap/app/node_modules/@cap-js/db-service/lib/common/DatabaseService.js:66:27)\n    at HANAService._begin [as dispatch] (/home/vcap/app/node_modules/@sap/cds/lib/srv/srv-tx.js:195:38)\n    at /home/vcap/app/node_modules/@sap/cds/lib/srv/srv-dispatch.js:20:50\n    at HANAService.run (/home/vcap/app/node_modules/@sap/cds/lib/srv/cds.Service.js:171:44)\n    at HANAService.run (/home/vcap/app/node_modules/@cap-js/db-service/lib/common/DatabaseService.js:158:18) {\n  status: 500,\n  code: '500'\n}","type":"log"} (STDERR, APP/PROC/WEB)#
#2026 08 02 07:55:17.552#Z#DEBUG#6828ea62-8e47-11f1-a22d-eeee0a847462.SmartProcureX-srv#flowable-async-job-executor-thread-2161#
[PollStartAppStatusExecution] d9622003-7570-45ea-b8be-97c6305e4251 [2026-08-02T07:46:49.618861] 0d79b96ctrial-dev-smartprocurex-srv.cfapps.us10-003.hana.ondemand.com - [2026-08-02T07:46:48.605631615Z] "GET /odata/v4/identity/Users HTTP/1.1" 500 0 58 "https://0d79b96ctrial-dev-com-smartprocurex-smartprocurexui.cfapps.us10-003.hana.ondemand.com/index.html" "Mozilla/5.0 (Windows NT 10.0; Win64; x64) AppleWebKit/537.36 (KHTML, like Gecko) Chrome/151.0.0.0 Safari/537.36" "10.0.136.2:29632" "10.37.130.4:61016" x_forwarded_for:"152.57.234.150, 10.0.72.3, 10.37.193.4, 10.0.136.2" x_forwarded_proto:"https" vcap_request_id:"21bd3755-d2b7-4717-49f2-5a2222e8be57" response_time:1.013039 gorouter_time:0.000157 app_id:"d9622003-7570-45ea-b8be-97c6305e4251" app_index:"0" instance_id:"9901b53b-a394-4a2d-4d11-7e49" failed_attempts:0 failed_attempts_time:"-" dns_time:0.000000 dial_time:0.001092 tls_time:0.007696 backend_time:1.012881 local_address:"10.0.193.8:58244" x_cf_routererror:"-" x_correlationid:"21bd3755-d2b7-4717-49f2-5a2222e8be57" tenantid:"0d79b96ctrial" sap_passport:"-" x_scp_request_id:"c87f1912-46c6-40cd-99e7-016f0f2d7fef-6A6EF5D9-1CD3B5" x_cf_app_instance:"-" x_forwarded_host:"0d79b96ctrial-dev-com-smartprocurex-smartprocurexui.cfapps.us10-003.hana.ondemand.com" x_custom_host:"-" x_ssl_client:"-" x_ssl_client_session_id:"-" x_ssl_client_verify:"-" x_ssl_client_subject_dn:"-" x_ssl_client_subject_cn:"-" x_ssl_client_issuer_dn:"-" x_ssl_client_notbefore:"-" x_ssl_client_notafter:"-" x_cf_forwarded_url:"-" traceparent:"-" true_client_ip:"-" x_cf_true_client_ip:"10.37.193.4" x_request_id:"-" x_b3_traceid:"21bd3755d2b7471749f25a2222e8be57" x_b3_spanid:"49f25a2222e8be57" x_b3_parentspanid:"-" b3:"21bd3755d2b7471749f25a2222e8be57-49f25a2222e8be57" (STDOUT, RTR)#
#2026 08 02 07:55:17.552#Z#DEBUG#6828ea62-8e47-11f1-a22d-eeee0a847462.SmartProcureX-srv#flowable-async-job-executor-thread-2161#
[PollStartAppStatusExecution] d9622003-7570-45ea-b8be-97c6305e4251 [2026-08-02T07:46:57.166467] {"level":"info","logger":"odata","correlation_id":"49ca996b-ff6c-487d-474c-2bd83fac444c","tenant_id":"5590af3c-9485-44fe-975e-4b748861d2ff","host":"0d79b96ctrial-dev-smartprocurex-srv.cfapps.us10-003.hana.ondemand.com","user_agent":"Mozilla/5.0 (Windows NT 10.0; Win64; x64) AppleWebKit/537.36 (KHTML, like Gecko) Chrome/151.0.0.0 Safari/537.36","accept":"*/*","accept_encoding":"gzip, deflate, br, zstd","accept_language":"en-US,en;q=0.9","authorization":"***","b3":"49ca996bff6c487d474c2bd83fac444c-474c2bd83fac444c","cookie":"***","priority":"u=1, i","referer":"https://0d79b96ctrial-dev-com-smartprocurex-smartprocurexui.cfapps.us10-003.hana.ondemand.com/index.html","sec_ch_ua":"\"Not=A?Brand\";v=\"99\", \"Google Chrome\";v=\"151\", \"Chromium\";v=\"151\"","sec_ch_ua_mobile":"?0","sec_ch_ua_platform":"\"Windows\"","sec_fetch_dest":"empty","sec_fetch_mode":"cors","sec_fetch_site":"same-origin","tenantid":"0d79b96ctrial","x_b3_spanid":"474c2bd83fac444c","x_b3_traceid":"49ca996bff6c487d474c2bd83fac444c","x_cf_applicationid":"d9622003-7570-45ea-b8be-97c6305e4251","x_cf_instanceid":"9901b53b-a394-4a2d-4d11-7e49","x_cf_instanceindex":"0","x_cf_true_client_ip":"10.37.193.4","x_correlationid":"49ca996b-ff6c-487d-474c-2bd83fac444c","x_forwarded_for":"152.57.234.150, 10.0.72.3, 10.37.193.4, 10.0.136.0","x_forwarded_host":"0d79b96ctrial-dev-com-smartprocurex-smartprocurexui.cfapps.us10-003.hana.ondemand.com","x_forwarded_path":"/odata/v4/procurement/PurchaseRequests","x_forwarded_proto":"https","x_request_start":"1785656817160","x_scp_request_id":"962c67dd-68c6-43c7-8f72-ff06769098d3-6A6EF5E9-1B2CB0","x_vcap_request_id":"49ca996b-ff6c-487d-474c-2bd83fac444c","request_id":"49ca996b-ff6c-487d-474c-2bd83fac444c","x_correlation_id":"49ca996b-ff6c-487d-474c-2bd83fac444c","timestamp":"2026-08-02T07:46:57.166Z","layer":"cds","component_type":"application","container_id":"10.37.130.4","component_id":"d9622003-7570-45ea-b8be-97c6305e4251","component_name":"SmartProcureX-srv","component_instance":0,"source_instance":0,"organization_name":"0d79b96ctrial","organization_id":"e8159873-0fc0-4477-a4f9-3c43fdb65fe4","space_name":"dev","space_id":"0628b1b5-c14d-4a0a-abf9-843360b5d7c0","tenant_subdomain":"0d79b96ctrial","msg":"GET /odata/v4/procurement/PurchaseRequests ","type":"log"} (STDOUT, APP/PROC/WEB)#
#2026 08 02 07:55:17.552#Z#DEBUG#6828ea62-8e47-11f1-a22d-eeee0a847462.SmartProcureX-srv#flowable-async-job-executor-thread-2161#
[PollStartAppStatusExecution] d9622003-7570-45ea-b8be-97c6305e4251 [2026-08-02T07:46:57.169603] {"level":"info","logger":"odata","correlation_id":"d01f3ed0-e56c-4115-6b99-5e762c1bb8d8","tenant_id":"5590af3c-9485-44fe-975e-4b748861d2ff","host":"0d79b96ctrial-dev-smartprocurex-srv.cfapps.us10-003.hana.ondemand.com","user_agent":"Mozilla/5.0 (Windows NT 10.0; Win64; x64) AppleWebKit/537.36 (KHTML, like Gecko) Chrome/151.0.0.0 Safari/537.36","content_length":"409","request_size_b":"409","accept":"multipart/mixed","accept_encoding":"gzip, deflate, br, zstd","accept_language":"en-US","authorization":"***","b3":"d01f3ed0e56c41156b995e762c1bb8d8-6b995e762c1bb8d8","content_type":"multipart/mixed; boundary=batch_id-1785656814744-42","cookie":"***","mime_version":"1.0","odata_maxversion":"4.0","odata_version":"4.0","origin":"https://0d79b96ctrial-dev-com-smartprocurex-smartprocurexui.cfapps.us10-003.hana.ondemand.com","priority":"u=1, i","referer":"https://0d79b96ctrial-dev-com-smartprocurex-smartprocurexui.cfapps.us10-003.hana.ondemand.com/index.html","sap_cancel_on_close":"true","sec_ch_ua":"\"Not=A?Brand\";v=\"99\", \"Google Chrome\";v=\"151\", \"Chromium\";v=\"151\"","sec_ch_ua_mobile":"?0","sec_ch_ua_platform":"\"Windows\"","sec_fetch_dest":"empty","sec_fetch_mode":"cors","sec_fetch_site":"same-origin","tenantid":"0d79b96ctrial","x_b3_spanid":"6b995e762c1bb8d8","x_b3_traceid":"d01f3ed0e56c41156b995e762c1bb8d8","x_cf_applicationid":"d9622003-7570-45ea-b8be-97c6305e4251","x_cf_instanceid":"9901b53b-a394-4a2d-4d11-7e49","x_cf_instanceindex":"0","x_cf_true_client_ip":"10.37.193.4","x_correlationid":"d01f3ed0-e56c-4115-6b99-5e762c1bb8d8","x_csrf_token":"Fetch","x_forwarded_for":"152.57.234.150, 10.0.72.3, 10.37.193.4, 10.0.136.2","x_forwarded_host":"0d79b96ctrial-dev-com-smartprocurex-smartprocurexui.cfapps.us10-003.hana.ondemand.com","x_forwarded_path":"/odata/v4/procurement/$batch","x_forwarded_proto":"https","x_request_start":"1785656817160","x_requested_with":"XMLHttpRequest","x_scp_request_id":"c87f1912-46c6-40cd-99e7-016f0f2d7fef-6A6EF5E9-1CD3D4","x_vcap_request_id":"d01f3ed0-e56c-4115-6b99-5e762c1bb8d8","request_id":"d01f3ed0-e56c-4115-6b99-5e762c1bb8d8","x_correlation_id":"d01f3ed0-e56c-4115-6b99-5e762c1bb8d8","timestamp":"2026-08-02T07:46:57.169Z","layer":"cds","component_type":"application","container_id":"10.37.130.4","component_id":"d9622003-7570-45ea-b8be-97c6305e4251","component_name":"SmartProcureX-srv","component_instance":0,"source_instance":0,"organization_name":"0d79b96ctrial","organization_id":"e8159873-0fc0-4477-a4f9-3c43fdb65fe4","space_name":"dev","space_id":"0628b1b5-c14d-4a0a-abf9-843360b5d7c0","tenant_subdomain":"0d79b96ctrial","msg":"POST /odata/v4/procurement/$batch ","type":"log"} (STDOUT, APP/PROC/WEB)#
#2026 08 02 07:55:17.552#Z#DEBUG#6828ea62-8e47-11f1-a22d-eeee0a847462.SmartProcureX-srv#flowable-async-job-executor-thread-2161#
[PollStartAppStatusExecution] d9622003-7570-45ea-b8be-97c6305e4251 [2026-08-02T07:46:57.170675] {"level":"info","logger":"odata","correlation_id":"d01f3ed0-e56c-4115-6b99-5e762c1bb8d8","tenant_id":"5590af3c-9485-44fe-975e-4b748861d2ff","host":"0d79b96ctrial-dev-smartprocurex-srv.cfapps.us10-003.hana.ondemand.com","user_agent":"Mozilla/5.0 (Windows NT 10.0; Win64; x64) AppleWebKit/537.36 (KHTML, like Gecko) Chrome/151.0.0.0 Safari/537.36","content_length":"409","request_size_b":"409","accept":"multipart/mixed","accept_encoding":"gzip, deflate, br, zstd","accept_language":"en-US","authorization":"***","b3":"d01f3ed0e56c41156b995e762c1bb8d8-6b995e762c1bb8d8","content_type":"multipart/mixed; boundary=batch_id-1785656814744-42","cookie":"***","mime_version":"1.0","odata_maxversion":"4.0","odata_version":"4.0","origin":"https://0d79b96ctrial-dev-com-smartprocurex-smartprocurexui.cfapps.us10-003.hana.ondemand.com","priority":"u=1, i","referer":"https://0d79b96ctrial-dev-com-smartprocurex-smartprocurexui.cfapps.us10-003.hana.ondemand.com/index.html","sap_cancel_on_close":"true","sec_ch_ua":"\"Not=A?Brand\";v=\"99\", \"Google Chrome\";v=\"151\", \"Chromium\";v=\"151\"","sec_ch_ua_mobile":"?0","sec_ch_ua_platform":"\"Windows\"","sec_fetch_dest":"empty","sec_fetch_mode":"cors","sec_fetch_site":"same-origin","tenantid":"0d79b96ctrial","x_b3_spanid":"6b995e762c1bb8d8","x_b3_traceid":"d01f3ed0e56c41156b995e762c1bb8d8","x_cf_applicationid":"d9622003-7570-45ea-b8be-97c6305e4251","x_cf_instanceid":"9901b53b-a394-4a2d-4d11-7e49","x_cf_instanceindex":"0","x_cf_true_client_ip":"10.37.193.4","x_correlationid":"d01f3ed0-e56c-4115-6b99-5e762c1bb8d8","x_csrf_token":"Fetch","x_forwarded_for":"152.57.234.150, 10.0.72.3, 10.37.193.4, 10.0.136.2","x_forwarded_host":"0d79b96ctrial-dev-com-smartprocurex-smartprocurexui.cfapps.us10-003.hana.ondemand.com","x_forwarded_path":"/odata/v4/procurement/$batch","x_forwarded_proto":"https","x_request_start":"1785656817160","x_requested_with":"XMLHttpRequest","x_scp_request_id":"c87f1912-46c6-40cd-99e7-016f0f2d7fef-6A6EF5E9-1CD3D4","x_vcap_request_id":"d01f3ed0-e56c-4115-6b99-5e762c1bb8d8","request_id":"d01f3ed0-e56c-4115-6b99-5e762c1bb8d8","x_correlation_id":"d01f3ed0-e56c-4115-6b99-5e762c1bb8d8","timestamp":"2026-08-02T07:46:57.170Z","layer":"cds","component_type":"application","container_id":"10.37.130.4","component_id":"d9622003-7570-45ea-b8be-97c6305e4251","component_name":"SmartProcureX-srv","component_instance":0,"source_instance":0,"organization_name":"0d79b96ctrial","organization_id":"e8159873-0fc0-4477-a4f9-3c43fdb65fe4","space_name":"dev","space_id":"0628b1b5-c14d-4a0a-abf9-843360b5d7c0","tenant_subdomain":"0d79b96ctrial","msg":"> GET /PurchaseRequests {\n  '$select': 'ID,priority,requestNumber,status,totalAmount',\n  '$skip': '0',\n  '$top': '100'\n}","type":"log"} (STDOUT, APP/PROC/WEB)#
#2026 08 02 07:55:17.552#Z#DEBUG#6828ea62-8e47-11f1-a22d-eeee0a847462.SmartProcureX-srv#flowable-async-job-executor-thread-2161#
[PollStartAppStatusExecution] d9622003-7570-45ea-b8be-97c6305e4251 [2026-08-02T07:46:58.168947] {"level":"error","logger":"odata","correlation_id":"49ca996b-ff6c-487d-474c-2bd83fac444c","tenant_id":"5590af3c-9485-44fe-975e-4b748861d2ff","host":"0d79b96ctrial-dev-smartprocurex-srv.cfapps.us10-003.hana.ondemand.com","user_agent":"Mozilla/5.0 (Windows NT 10.0; Win64; x64) AppleWebKit/537.36 (KHTML, like Gecko) Chrome/151.0.0.0 Safari/537.36","accept":"*/*","accept_encoding":"gzip, deflate, br, zstd","accept_language":"en-US,en;q=0.9","authorization":"***","b3":"49ca996bff6c487d474c2bd83fac444c-474c2bd83fac444c","cookie":"***","priority":"u=1, i","referer":"https://0d79b96ctrial-dev-com-smartprocurex-smartprocurexui.cfapps.us10-003.hana.ondemand.com/index.html","sec_ch_ua":"\"Not=A?Brand\";v=\"99\", \"Google Chrome\";v=\"151\", \"Chromium\";v=\"151\"","sec_ch_ua_mobile":"?0","sec_ch_ua_platform":"\"Windows\"","sec_fetch_dest":"empty","sec_fetch_mode":"cors","sec_fetch_site":"same-origin","tenantid":"0d79b96ctrial","x_b3_spanid":"474c2bd83fac444c","x_b3_traceid":"49ca996bff6c487d474c2bd83fac444c","x_cf_applicationid":"d9622003-7570-45ea-b8be-97c6305e4251","x_cf_instanceid":"9901b53b-a394-4a2d-4d11-7e49","x_cf_instanceindex":"0","x_cf_true_client_ip":"10.37.193.4","x_correlationid":"49ca996b-ff6c-487d-474c-2bd83fac444c","x_forwarded_for":"152.57.234.150, 10.0.72.3, 10.37.193.4, 10.0.136.0","x_forwarded_host":"0d79b96ctrial-dev-com-smartprocurex-smartprocurexui.cfapps.us10-003.hana.ondemand.com","x_forwarded_path":"/odata/v4/procurement/PurchaseRequests","x_forwarded_proto":"https","x_request_start":"1785656817160","x_scp_request_id":"962c67dd-68c6-43c7-8f72-ff06769098d3-6A6EF5E9-1B2CB0","x_vcap_request_id":"49ca996b-ff6c-487d-474c-2bd83fac444c","request_id":"49ca996b-ff6c-487d-474c-2bd83fac444c","x_correlation_id":"49ca996b-ff6c-487d-474c-2bd83fac444c","timestamp":"2026-08-02T07:46:58.168Z","layer":"cds","component_type":"application","container_id":"10.37.130.4","component_id":"d9622003-7570-45ea-b8be-97c6305e4251","component_name":"SmartProcureX-srv","component_instance":0,"source_instance":0,"organization_name":"0d79b96ctrial","organization_id":"e8159873-0fc0-4477-a4f9-3c43fdb65fe4","space_name":"dev","space_id":"0628b1b5-c14d-4a0a-abf9-843360b5d7c0","tenant_subdomain":"0d79b96ctrial","msg":"500 - Error: Pool resource could not be acquired within 1s\n    at /home/vcap/app/node_modules/@cap-js/db-service/lib/common/generic-pool.js:71:21\n    at new Promise (<anonymous>)\n    at new Request (/home/vcap/app/node_modules/@cap-js/db-service/lib/common/generic-pool.js:59:20)\n    at Pool.acquire (/home/vcap/app/node_modules/@cap-js/db-service/lib/common/generic-pool.js:141:21)\n    at HANAService.acquire (/home/vcap/app/node_modules/@cap-js/db-service/lib/common/DatabaseService.js:106:28)\n    at HANAService.begin (/home/vcap/app/node_modules/@cap-js/db-service/lib/common/DatabaseService.js:66:27)\n    at HANAService._begin [as dispatch] (/home/vcap/app/node_modules/@sap/cds/lib/srv/srv-tx.js:195:38)\n    at /home/vcap/app/node_modules/@sap/cds/lib/srv/srv-dispatch.js:20:50\n    at HANAService.run (/home/vcap/app/node_modules/@sap/cds/lib/srv/cds.Service.js:171:44)\n    at HANAService.run (/home/vcap/app/node_modules/@cap-js/db-service/lib/common/DatabaseService.js:158:18) {\n  status: 500,\n  code: '500'\n}","type":"log"} (STDERR, APP/PROC/WEB)#
#2026 08 02 07:55:17.552#Z#DEBUG#6828ea62-8e47-11f1-a22d-eeee0a847462.SmartProcureX-srv#flowable-async-job-executor-thread-2161#
[PollStartAppStatusExecution] d9622003-7570-45ea-b8be-97c6305e4251 [2026-08-02T07:46:58.169675] 0d79b96ctrial-dev-smartprocurex-srv.cfapps.us10-003.hana.ondemand.com - [2026-08-02T07:46:57.164476599Z] "GET /odata/v4/procurement/PurchaseRequests HTTP/1.1" 500 0 58 "https://0d79b96ctrial-dev-com-smartprocurex-smartprocurexui.cfapps.us10-003.hana.ondemand.com/index.html" "Mozilla/5.0 (Windows NT 10.0; Win64; x64) AppleWebKit/537.36 (KHTML, like Gecko) Chrome/151.0.0.0 Safari/537.36" "10.0.136.0:17726" "10.37.130.4:61016" x_forwarded_for:"152.57.234.150, 10.0.72.3, 10.37.193.4, 10.0.136.0" x_forwarded_proto:"https" vcap_request_id:"49ca996b-ff6c-487d-474c-2bd83fac444c" response_time:1.005062 gorouter_time:0.000074 app_id:"d9622003-7570-45ea-b8be-97c6305e4251" app_index:"0" instance_id:"9901b53b-a394-4a2d-4d11-7e49" failed_attempts:0 failed_attempts_time:"-" dns_time:0.000000 dial_time:0.000000 tls_time:0.000000 backend_time:1.004988 local_address:"10.0.129.9:56786" x_cf_routererror:"-" x_correlationid:"49ca996b-ff6c-487d-474c-2bd83fac444c" tenantid:"0d79b96ctrial" sap_passport:"-" x_scp_request_id:"962c67dd-68c6-43c7-8f72-ff06769098d3-6A6EF5E9-1B2CB0" x_cf_app_instance:"-" x_forwarded_host:"0d79b96ctrial-dev-com-smartprocurex-smartprocurexui.cfapps.us10-003.hana.ondemand.com" x_custom_host:"-" x_ssl_client:"-" x_ssl_client_session_id:"-" x_ssl_client_verify:"-" x_ssl_client_subject_dn:"-" x_ssl_client_subject_cn:"-" x_ssl_client_issuer_dn:"-" x_ssl_client_notbefore:"-" x_ssl_client_notafter:"-" x_cf_forwarded_url:"-" traceparent:"-" true_client_ip:"-" x_cf_true_client_ip:"10.37.193.4" x_request_id:"-" x_b3_traceid:"49ca996bff6c487d474c2bd83fac444c" x_b3_spanid:"474c2bd83fac444c" x_b3_parentspanid:"-" b3:"49ca996bff6c487d474c2bd83fac444c-474c2bd83fac444c" (STDOUT, RTR)#
#2026 08 02 07:55:17.552#Z#DEBUG#6828ea62-8e47-11f1-a22d-eeee0a847462.SmartProcureX-srv#flowable-async-job-executor-thread-2161#
[PollStartAppStatusExecution] d9622003-7570-45ea-b8be-97c6305e4251 [2026-08-02T07:46:58.173216] {"level":"error","logger":"odata","correlation_id":"d01f3ed0-e56c-4115-6b99-5e762c1bb8d8","tenant_id":"5590af3c-9485-44fe-975e-4b748861d2ff","host":"0d79b96ctrial-dev-smartprocurex-srv.cfapps.us10-003.hana.ondemand.com","user_agent":"Mozilla/5.0 (Windows NT 10.0; Win64; x64) AppleWebKit/537.36 (KHTML, like Gecko) Chrome/151.0.0.0 Safari/537.36","content_length":"409","request_size_b":"409","accept":"multipart/mixed","accept_encoding":"gzip, deflate, br, zstd","accept_language":"en-US","authorization":"***","b3":"d01f3ed0e56c41156b995e762c1bb8d8-6b995e762c1bb8d8","content_type":"multipart/mixed; boundary=batch_id-1785656814744-42","cookie":"***","mime_version":"1.0","odata_maxversion":"4.0","odata_version":"4.0","origin":"https://0d79b96ctrial-dev-com-smartprocurex-smartprocurexui.cfapps.us10-003.hana.ondemand.com","priority":"u=1, i","referer":"https://0d79b96ctrial-dev-com-smartprocurex-smartprocurexui.cfapps.us10-003.hana.ondemand.com/index.html","sap_cancel_on_close":"true","sec_ch_ua":"\"Not=A?Brand\";v=\"99\", \"Google Chrome\";v=\"151\", \"Chromium\";v=\"151\"","sec_ch_ua_mobile":"?0","sec_ch_ua_platform":"\"Windows\"","sec_fetch_dest":"empty","sec_fetch_mode":"cors","sec_fetch_site":"same-origin","tenantid":"0d79b96ctrial","x_b3_spanid":"6b995e762c1bb8d8","x_b3_traceid":"d01f3ed0e56c41156b995e762c1bb8d8","x_cf_applicationid":"d9622003-7570-45ea-b8be-97c6305e4251","x_cf_instanceid":"9901b53b-a394-4a2d-4d11-7e49","x_cf_instanceindex":"0","x_cf_true_client_ip":"10.37.193.4","x_correlationid":"d01f3ed0-e56c-4115-6b99-5e762c1bb8d8","x_csrf_token":"Fetch","x_forwarded_for":"152.57.234.150, 10.0.72.3, 10.37.193.4, 10.0.136.2","x_forwarded_host":"0d79b96ctrial-dev-com-smartprocurex-smartprocurexui.cfapps.us10-003.hana.ondemand.com","x_forwarded_path":"/odata/v4/procurement/$batch","x_forwarded_proto":"https","x_request_start":"1785656817160","x_requested_with":"XMLHttpRequest","x_scp_request_id":"c87f1912-46c6-40cd-99e7-016f0f2d7fef-6A6EF5E9-1CD3D4","x_vcap_request_id":"d01f3ed0-e56c-4115-6b99-5e762c1bb8d8","request_id":"d01f3ed0-e56c-4115-6b99-5e762c1bb8d8","x_correlation_id":"d01f3ed0-e56c-4115-6b99-5e762c1bb8d8","timestamp":"2026-08-02T07:46:58.172Z","layer":"cds","component_type":"application","container_id":"10.37.130.4","component_id":"d9622003-7570-45ea-b8be-97c6305e4251","component_name":"SmartProcureX-srv","component_instance":0,"source_instance":0,"organization_name":"0d79b96ctrial","organization_id":"e8159873-0fc0-4477-a4f9-3c43fdb65fe4","space_name":"dev","space_id":"0628b1b5-c14d-4a0a-abf9-843360b5d7c0","tenant_subdomain":"0d79b96ctrial","msg":"500 - Error: Pool resource could not be acquired within 1s\n    at /home/vcap/app/node_modules/@cap-js/db-service/lib/common/generic-pool.js:71:21\n    at new Promise (<anonymous>)\n    at new Request (/home/vcap/app/node_modules/@cap-js/db-service/lib/common/generic-pool.js:59:20)\n    at Pool.acquire (/home/vcap/app/node_modules/@cap-js/db-service/lib/common/generic-pool.js:141:21)\n    at HANAService.acquire (/home/vcap/app/node_modules/@cap-js/db-service/lib/common/DatabaseService.js:106:28)\n    at HANAService.begin (/home/vcap/app/node_modules/@cap-js/db-service/lib/common/DatabaseService.js:66:27)\n    at HANAService._begin [as dispatch] (/home/vcap/app/node_modules/@sap/cds/lib/srv/srv-tx.js:195:38)\n    at /home/vcap/app/node_modules/@sap/cds/lib/srv/srv-dispatch.js:20:50\n    at HANAService.run (/home/vcap/app/node_modules/@sap/cds/lib/srv/cds.Service.js:171:44)\n    at HANAService.run (/home/vcap/app/node_modules/@cap-js/db-service/lib/common/DatabaseService.js:158:18) {\n  status: 500,\n  code: '500'\n}","type":"log"} (STDERR, APP/PROC/WEB)#
#2026 08 02 07:55:17.552#Z#DEBUG#6828ea62-8e47-11f1-a22d-eeee0a847462.SmartProcureX-srv#flowable-async-job-executor-thread-2161#
[PollStartAppStatusExecution] d9622003-7570-45ea-b8be-97c6305e4251 [2026-08-02T07:46:58.173832] 0d79b96ctrial-dev-smartprocurex-srv.cfapps.us10-003.hana.ondemand.com - [2026-08-02T07:46:57.165758431Z] "POST /odata/v4/procurement/$batch HTTP/1.1" 200 409 314 "https://0d79b96ctrial-dev-com-smartprocurex-smartprocurexui.cfapps.us10-003.hana.ondemand.com/index.html" "Mozilla/5.0 (Windows NT 10.0; Win64; x64) AppleWebKit/537.36 (KHTML, like Gecko) Chrome/151.0.0.0 Safari/537.36" "10.0.136.2:32158" "10.37.130.4:61016" x_forwarded_for:"152.57.234.150, 10.0.72.3, 10.37.193.4, 10.0.136.2" x_forwarded_proto:"https" vcap_request_id:"d01f3ed0-e56c-4115-6b99-5e762c1bb8d8" response_time:1.007940 gorouter_time:0.000066 app_id:"d9622003-7570-45ea-b8be-97c6305e4251" app_index:"0" instance_id:"9901b53b-a394-4a2d-4d11-7e49" failed_attempts:0 failed_attempts_time:"-" dns_time:0.000000 dial_time:0.000000 tls_time:0.000000 backend_time:1.007875 local_address:"10.0.129.8:38162" x_cf_routererror:"-" x_correlationid:"d01f3ed0-e56c-4115-6b99-5e762c1bb8d8" tenantid:"0d79b96ctrial" sap_passport:"-" x_scp_request_id:"c87f1912-46c6-40cd-99e7-016f0f2d7fef-6A6EF5E9-1CD3D4" x_cf_app_instance:"-" x_forwarded_host:"0d79b96ctrial-dev-com-smartprocurex-smartprocurexui.cfapps.us10-003.hana.ondemand.com" x_custom_host:"-" x_ssl_client:"-" x_ssl_client_session_id:"-" x_ssl_client_verify:"-" x_ssl_client_subject_dn:"-" x_ssl_client_subject_cn:"-" x_ssl_client_issuer_dn:"-" x_ssl_client_notbefore:"-" x_ssl_client_notafter:"-" x_cf_forwarded_url:"-" traceparent:"-" true_client_ip:"-" x_cf_true_client_ip:"10.37.193.4" x_request_id:"-" x_b3_traceid:"d01f3ed0e56c41156b995e762c1bb8d8" x_b3_spanid:"6b995e762c1bb8d8" x_b3_parentspanid:"-" b3:"d01f3ed0e56c41156b995e762c1bb8d8-6b995e762c1bb8d8" (STDOUT, RTR)#
#2026 08 02 07:55:17.552#Z#DEBUG#6828ea62-8e47-11f1-a22d-eeee0a847462.SmartProcureX-srv#flowable-async-job-executor-thread-2161#
[PollStartAppStatusExecution] d9622003-7570-45ea-b8be-97c6305e4251 [2026-08-02T07:46:58.661477] {"level":"info","logger":"odata","correlation_id":"7f5b921d-0ed6-41d6-5931-7e73f026d406","tenant_id":"5590af3c-9485-44fe-975e-4b748861d2ff","host":"0d79b96ctrial-dev-smartprocurex-srv.cfapps.us10-003.hana.ondemand.com","user_agent":"Mozilla/5.0 (Windows NT 10.0; Win64; x64) AppleWebKit/537.36 (KHTML, like Gecko) Chrome/151.0.0.0 Safari/537.36","accept":"*/*","accept_encoding":"gzip, deflate, br, zstd","accept_language":"en-US,en;q=0.9","authorization":"***","b3":"7f5b921d0ed641d659317e73f026d406-59317e73f026d406","cookie":"***","priority":"u=1, i","referer":"https://0d79b96ctrial-dev-com-smartprocurex-smartprocurexui.cfapps.us10-003.hana.ondemand.com/index.html","sec_ch_ua":"\"Not=A?Brand\";v=\"99\", \"Google Chrome\";v=\"151\", \"Chromium\";v=\"151\"","sec_ch_ua_mobile":"?0","sec_ch_ua_platform":"\"Windows\"","sec_fetch_dest":"empty","sec_fetch_mode":"cors","sec_fetch_site":"same-origin","tenantid":"0d79b96ctrial","x_b3_spanid":"59317e73f026d406","x_b3_traceid":"7f5b921d0ed641d659317e73f026d406","x_cf_applicationid":"d9622003-7570-45ea-b8be-97c6305e4251","x_cf_instanceid":"9901b53b-a394-4a2d-4d11-7e49","x_cf_instanceindex":"0","x_cf_true_client_ip":"10.37.193.4","x_correlationid":"7f5b921d-0ed6-41d6-5931-7e73f026d406","x_forwarded_for":"152.57.234.150, 10.0.72.3, 10.37.193.4, 10.0.136.0","x_forwarded_host":"0d79b96ctrial-dev-com-smartprocurex-smartprocurexui.cfapps.us10-003.hana.ondemand.com","x_forwarded_path":"/odata/v4/procurement/PurchaseOrders","x_forwarded_proto":"https","x_request_start":"1785656818656","x_scp_request_id":"962c67dd-68c6-43c7-8f72-ff06769098d3-6A6EF5F2-1B2CB6","x_vcap_request_id":"7f5b921d-0ed6-41d6-5931-7e73f026d406","request_id":"7f5b921d-0ed6-41d6-5931-7e73f026d406","x_correlation_id":"7f5b921d-0ed6-41d6-5931-7e73f026d406","timestamp":"2026-08-02T07:46:58.661Z","layer":"cds","component_type":"application","container_id":"10.37.130.4","component_id":"d9622003-7570-45ea-b8be-97c6305e4251","component_name":"SmartProcureX-srv","component_instance":0,"source_instance":0,"organization_name":"0d79b96ctrial","organization_id":"e8159873-0fc0-4477-a4f9-3c43fdb65fe4","space_name":"dev","space_id":"0628b1b5-c14d-4a0a-abf9-843360b5d7c0","tenant_subdomain":"0d79b96ctrial","msg":"GET /odata/v4/procurement/PurchaseOrders ","type":"log"} (STDOUT, APP/PROC/WEB)#
#2026 08 02 07:55:17.552#Z#DEBUG#6828ea62-8e47-11f1-a22d-eeee0a847462.SmartProcureX-srv#flowable-async-job-executor-thread-2161#
[PollStartAppStatusExecution] d9622003-7570-45ea-b8be-97c6305e4251 [2026-08-02T07:46:59.662692] {"level":"error","logger":"odata","correlation_id":"7f5b921d-0ed6-41d6-5931-7e73f026d406","tenant_id":"5590af3c-9485-44fe-975e-4b748861d2ff","host":"0d79b96ctrial-dev-smartprocurex-srv.cfapps.us10-003.hana.ondemand.com","user_agent":"Mozilla/5.0 (Windows NT 10.0; Win64; x64) AppleWebKit/537.36 (KHTML, like Gecko) Chrome/151.0.0.0 Safari/537.36","accept":"*/*","accept_encoding":"gzip, deflate, br, zstd","accept_language":"en-US,en;q=0.9","authorization":"***","b3":"7f5b921d0ed641d659317e73f026d406-59317e73f026d406","cookie":"***","priority":"u=1, i","referer":"https://0d79b96ctrial-dev-com-smartprocurex-smartprocurexui.cfapps.us10-003.hana.ondemand.com/index.html","sec_ch_ua":"\"Not=A?Brand\";v=\"99\", \"Google Chrome\";v=\"151\", \"Chromium\";v=\"151\"","sec_ch_ua_mobile":"?0","sec_ch_ua_platform":"\"Windows\"","sec_fetch_dest":"empty","sec_fetch_mode":"cors","sec_fetch_site":"same-origin","tenantid":"0d79b96ctrial","x_b3_spanid":"59317e73f026d406","x_b3_traceid":"7f5b921d0ed641d659317e73f026d406","x_cf_applicationid":"d9622003-7570-45ea-b8be-97c6305e4251","x_cf_instanceid":"9901b53b-a394-4a2d-4d11-7e49","x_cf_instanceindex":"0","x_cf_true_client_ip":"10.37.193.4","x_correlationid":"7f5b921d-0ed6-41d6-5931-7e73f026d406","x_forwarded_for":"152.57.234.150, 10.0.72.3, 10.37.193.4, 10.0.136.0","x_forwarded_host":"0d79b96ctrial-dev-com-smartprocurex-smartprocurexui.cfapps.us10-003.hana.ondemand.com","x_forwarded_path":"/odata/v4/procurement/PurchaseOrders","x_forwarded_proto":"https","x_request_start":"1785656818656","x_scp_request_id":"962c67dd-68c6-43c7-8f72-ff06769098d3-6A6EF5F2-1B2CB6","x_vcap_request_id":"7f5b921d-0ed6-41d6-5931-7e73f026d406","request_id":"7f5b921d-0ed6-41d6-5931-7e73f026d406","x_correlation_id":"7f5b921d-0ed6-41d6-5931-7e73f026d406","timestamp":"2026-08-02T07:46:59.662Z","layer":"cds","component_type":"application","container_id":"10.37.130.4","component_id":"d9622003-7570-45ea-b8be-97c6305e4251","component_name":"SmartProcureX-srv","component_instance":0,"source_instance":0,"organization_name":"0d79b96ctrial","organization_id":"e8159873-0fc0-4477-a4f9-3c43fdb65fe4","space_name":"dev","space_id":"0628b1b5-c14d-4a0a-abf9-843360b5d7c0","tenant_subdomain":"0d79b96ctrial","msg":"500 - Error: Pool resource could not be acquired within 1s\n    at /home/vcap/app/node_modules/@cap-js/db-service/lib/common/generic-pool.js:71:21\n    at new Promise (<anonymous>)\n    at new Request (/home/vcap/app/node_modules/@cap-js/db-service/lib/common/generic-pool.js:59:20)\n    at Pool.acquire (/home/vcap/app/node_modules/@cap-js/db-service/lib/common/generic-pool.js:141:21)\n    at HANAService.acquire (/home/vcap/app/node_modules/@cap-js/db-service/lib/common/DatabaseService.js:106:28)\n    at HANAService.begin (/home/vcap/app/node_modules/@cap-js/db-service/lib/common/DatabaseService.js:66:27)\n    at HANAService._begin [as dispatch] (/home/vcap/app/node_modules/@sap/cds/lib/srv/srv-tx.js:195:38)\n    at /home/vcap/app/node_modules/@sap/cds/lib/srv/srv-dispatch.js:20:50\n    at HANAService.run (/home/vcap/app/node_modules/@sap/cds/lib/srv/cds.Service.js:171:44)\n    at HANAService.run (/home/vcap/app/node_modules/@cap-js/db-service/lib/common/DatabaseService.js:158:18) {\n  status: 500,\n  code: '500'\n}","type":"log"} (STDERR, APP/PROC/WEB)#
#2026 08 02 07:55:17.552#Z#DEBUG#6828ea62-8e47-11f1-a22d-eeee0a847462.SmartProcureX-srv#flowable-async-job-executor-thread-2161#
[PollStartAppStatusExecution] d9622003-7570-45ea-b8be-97c6305e4251 [2026-08-02T07:46:59.663468] 0d79b96ctrial-dev-smartprocurex-srv.cfapps.us10-003.hana.ondemand.com - [2026-08-02T07:46:58.659670602Z] "GET /odata/v4/procurement/PurchaseOrders HTTP/1.1" 500 0 58 "https://0d79b96ctrial-dev-com-smartprocurex-smartprocurexui.cfapps.us10-003.hana.ondemand.com/index.html" "Mozilla/5.0 (Windows NT 10.0; Win64; x64) AppleWebKit/537.36 (KHTML, like Gecko) Chrome/151.0.0.0 Safari/537.36" "10.0.136.0:17726" "10.37.130.4:61016" x_forwarded_for:"152.57.234.150, 10.0.72.3, 10.37.193.4, 10.0.136.0" x_forwarded_proto:"https" vcap_request_id:"7f5b921d-0ed6-41d6-5931-7e73f026d406" response_time:1.003587 gorouter_time:0.000095 app_id:"d9622003-7570-45ea-b8be-97c6305e4251" app_index:"0" instance_id:"9901b53b-a394-4a2d-4d11-7e49" failed_attempts:0 failed_attempts_time:"-" dns_time:0.000000 dial_time:0.000000 tls_time:0.000000 backend_time:1.003492 local_address:"10.0.129.9:56786" x_cf_routererror:"-" x_correlationid:"7f5b921d-0ed6-41d6-5931-7e73f026d406" tenantid:"0d79b96ctrial" sap_passport:"-" x_scp_request_id:"962c67dd-68c6-43c7-8f72-ff06769098d3-6A6EF5F2-1B2CB6" x_cf_app_instance:"-" x_forwarded_host:"0d79b96ctrial-dev-com-smartprocurex-smartprocurexui.cfapps.us10-003.hana.ondemand.com" x_custom_host:"-" x_ssl_client:"-" x_ssl_client_session_id:"-" x_ssl_client_verify:"-" x_ssl_client_subject_dn:"-" x_ssl_client_subject_cn:"-" x_ssl_client_issuer_dn:"-" x_ssl_client_notbefore:"-" x_ssl_client_notafter:"-" x_cf_forwarded_url:"-" traceparent:"-" true_client_ip:"-" x_cf_true_client_ip:"10.37.193.4" x_request_id:"-" x_b3_traceid:"7f5b921d0ed641d659317e73f026d406" x_b3_spanid:"59317e73f026d406" x_b3_parentspanid:"-" b3:"7f5b921d0ed641d659317e73f026d406-59317e73f026d406" (STDOUT, RTR)#
#2026 08 02 07:55:17.552#Z#DEBUG#6828ea62-8e47-11f1-a22d-eeee0a847462.SmartProcureX-srv#flowable-async-job-executor-thread-2161#
[PollStartAppStatusExecution] d9622003-7570-45ea-b8be-97c6305e4251 [2026-08-02T07:46:59.936412] {"level":"info","logger":"odata","correlation_id":"505ec6b3-719c-4548-4b7a-dc1d1183d1a4","tenant_id":"5590af3c-9485-44fe-975e-4b748861d2ff","host":"0d79b96ctrial-dev-smartprocurex-srv.cfapps.us10-003.hana.ondemand.com","user_agent":"Mozilla/5.0 (Windows NT 10.0; Win64; x64) AppleWebKit/537.36 (KHTML, like Gecko) Chrome/151.0.0.0 Safari/537.36","accept":"*/*","accept_encoding":"gzip, deflate, br, zstd","accept_language":"en-US,en;q=0.9","authorization":"***","b3":"505ec6b3719c45484b7adc1d1183d1a4-4b7adc1d1183d1a4","cookie":"***","priority":"u=1, i","referer":"https://0d79b96ctrial-dev-com-smartprocurex-smartprocurexui.cfapps.us10-003.hana.ondemand.com/index.html","sec_ch_ua":"\"Not=A?Brand\";v=\"99\", \"Google Chrome\";v=\"151\", \"Chromium\";v=\"151\"","sec_ch_ua_mobile":"?0","sec_ch_ua_platform":"\"Windows\"","sec_fetch_dest":"empty","sec_fetch_mode":"cors","sec_fetch_site":"same-origin","tenantid":"0d79b96ctrial","x_b3_spanid":"4b7adc1d1183d1a4","x_b3_traceid":"505ec6b3719c45484b7adc1d1183d1a4","x_cf_applicationid":"d9622003-7570-45ea-b8be-97c6305e4251","x_cf_instanceid":"9901b53b-a394-4a2d-4d11-7e49","x_cf_instanceindex":"0","x_cf_true_client_ip":"10.37.193.4","x_correlationid":"505ec6b3-719c-4548-4b7a-dc1d1183d1a4","x_forwarded_for":"152.57.234.150, 10.0.72.3, 10.37.193.4, 10.0.136.2","x_forwarded_host":"0d79b96ctrial-dev-com-smartprocurex-smartprocurexui.cfapps.us10-003.hana.ondemand.com","x_forwarded_path":"/odata/v4/supplier/Suppliers","x_forwarded_proto":"https","x_request_start":"1785656819930","x_scp_request_id":"c87f1912-46c6-40cd-99e7-016f0f2d7fef-6A6EF5F2-1CD3E3","x_vcap_request_id":"505ec6b3-719c-4548-4b7a-dc1d1183d1a4","request_id":"505ec6b3-719c-4548-4b7a-dc1d1183d1a4","x_correlation_id":"505ec6b3-719c-4548-4b7a-dc1d1183d1a4","timestamp":"2026-08-02T07:46:59.936Z","layer":"cds","component_type":"application","container_id":"10.37.130.4","component_id":"d9622003-7570-45ea-b8be-97c6305e4251","component_name":"SmartProcureX-srv","component_instance":0,"source_instance":0,"organization_name":"0d79b96ctrial","organization_id":"e8159873-0fc0-4477-a4f9-3c43fdb65fe4","space_name":"dev","space_id":"0628b1b5-c14d-4a0a-abf9-843360b5d7c0","tenant_subdomain":"0d79b96ctrial","msg":"GET /odata/v4/supplier/Suppliers ","type":"log"} (STDOUT, APP/PROC/WEB)#
#2026 08 02 07:55:17.552#Z#DEBUG#6828ea62-8e47-11f1-a22d-eeee0a847462.SmartProcureX-srv#flowable-async-job-executor-thread-2161#
[PollStartAppStatusExecution] d9622003-7570-45ea-b8be-97c6305e4251 [2026-08-02T07:47:00.937481] {"level":"error","logger":"odata","correlation_id":"505ec6b3-719c-4548-4b7a-dc1d1183d1a4","tenant_id":"5590af3c-9485-44fe-975e-4b748861d2ff","host":"0d79b96ctrial-dev-smartprocurex-srv.cfapps.us10-003.hana.ondemand.com","user_agent":"Mozilla/5.0 (Windows NT 10.0; Win64; x64) AppleWebKit/537.36 (KHTML, like Gecko) Chrome/151.0.0.0 Safari/537.36","accept":"*/*","accept_encoding":"gzip, deflate, br, zstd","accept_language":"en-US,en;q=0.9","authorization":"***","b3":"505ec6b3719c45484b7adc1d1183d1a4-4b7adc1d1183d1a4","cookie":"***","priority":"u=1, i","referer":"https://0d79b96ctrial-dev-com-smartprocurex-smartprocurexui.cfapps.us10-003.hana.ondemand.com/index.html","sec_ch_ua":"\"Not=A?Brand\";v=\"99\", \"Google Chrome\";v=\"151\", \"Chromium\";v=\"151\"","sec_ch_ua_mobile":"?0","sec_ch_ua_platform":"\"Windows\"","sec_fetch_dest":"empty","sec_fetch_mode":"cors","sec_fetch_site":"same-origin","tenantid":"0d79b96ctrial","x_b3_spanid":"4b7adc1d1183d1a4","x_b3_traceid":"505ec6b3719c45484b7adc1d1183d1a4","x_cf_applicationid":"d9622003-7570-45ea-b8be-97c6305e4251","x_cf_instanceid":"9901b53b-a394-4a2d-4d11-7e49","x_cf_instanceindex":"0","x_cf_true_client_ip":"10.37.193.4","x_correlationid":"505ec6b3-719c-4548-4b7a-dc1d1183d1a4","x_forwarded_for":"152.57.234.150, 10.0.72.3, 10.37.193.4, 10.0.136.2","x_forwarded_host":"0d79b96ctrial-dev-com-smartprocurex-smartprocurexui.cfapps.us10-003.hana.ondemand.com","x_forwarded_path":"/odata/v4/supplier/Suppliers","x_forwarded_proto":"https","x_request_start":"1785656819930","x_scp_request_id":"c87f1912-46c6-40cd-99e7-016f0f2d7fef-6A6EF5F2-1CD3E3","x_vcap_request_id":"505ec6b3-719c-4548-4b7a-dc1d1183d1a4","request_id":"505ec6b3-719c-4548-4b7a-dc1d1183d1a4","x_correlation_id":"505ec6b3-719c-4548-4b7a-dc1d1183d1a4","timestamp":"2026-08-02T07:47:00.937Z","layer":"cds","component_type":"application","container_id":"10.37.130.4","component_id":"d9622003-7570-45ea-b8be-97c6305e4251","component_name":"SmartProcureX-srv","component_instance":0,"source_instance":0,"organization_name":"0d79b96ctrial","organization_id":"e8159873-0fc0-4477-a4f9-3c43fdb65fe4","space_name":"dev","space_id":"0628b1b5-c14d-4a0a-abf9-843360b5d7c0","tenant_subdomain":"0d79b96ctrial","msg":"500 - Error: Pool resource could not be acquired within 1s\n    at /home/vcap/app/node_modules/@cap-js/db-service/lib/common/generic-pool.js:71:21\n    at new Promise (<anonymous>)\n    at new Request (/home/vcap/app/node_modules/@cap-js/db-service/lib/common/generic-pool.js:59:20)\n    at Pool.acquire (/home/vcap/app/node_modules/@cap-js/db-service/lib/common/generic-pool.js:141:21)\n    at HANAService.acquire (/home/vcap/app/node_modules/@cap-js/db-service/lib/common/DatabaseService.js:106:28)\n    at HANAService.begin (/home/vcap/app/node_modules/@cap-js/db-service/lib/common/DatabaseService.js:66:27)\n    at HANAService._begin [as dispatch] (/home/vcap/app/node_modules/@sap/cds/lib/srv/srv-tx.js:195:38)\n    at /home/vcap/app/node_modules/@sap/cds/lib/srv/srv-dispatch.js:20:50\n    at HANAService.run (/home/vcap/app/node_modules/@sap/cds/lib/srv/cds.Service.js:171:44)\n    at HANAService.run (/home/vcap/app/node_modules/@cap-js/db-service/lib/common/DatabaseService.js:158:18) {\n  status: 500,\n  code: '500'\n}","type":"log"} (STDERR, APP/PROC/WEB)#
#2026 08 02 07:55:17.552#Z#DEBUG#6828ea62-8e47-11f1-a22d-eeee0a847462.SmartProcureX-srv#flowable-async-job-executor-thread-2161#
[PollStartAppStatusExecution] d9622003-7570-45ea-b8be-97c6305e4251 [2026-08-02T07:47:00.938305] 0d79b96ctrial-dev-smartprocurex-srv.cfapps.us10-003.hana.ondemand.com - [2026-08-02T07:46:59.934806419Z] "GET /odata/v4/supplier/Suppliers HTTP/1.1" 500 0 58 "https://0d79b96ctrial-dev-com-smartprocurex-smartprocurexui.cfapps.us10-003.hana.ondemand.com/index.html" "Mozilla/5.0 (Windows NT 10.0; Win64; x64) AppleWebKit/537.36 (KHTML, like Gecko) Chrome/151.0.0.0 Safari/537.36" "10.0.136.2:32158" "10.37.130.4:61016" x_forwarded_for:"152.57.234.150, 10.0.72.3, 10.37.193.4, 10.0.136.2" x_forwarded_proto:"https" vcap_request_id:"505ec6b3-719c-4548-4b7a-dc1d1183d1a4" response_time:1.003236 gorouter_time:0.000080 app_id:"d9622003-7570-45ea-b8be-97c6305e4251" app_index:"0" instance_id:"9901b53b-a394-4a2d-4d11-7e49" failed_attempts:0 failed_attempts_time:"-" dns_time:0.000000 dial_time:0.000000 tls_time:0.000000 backend_time:1.003156 local_address:"10.0.129.8:38162" x_cf_routererror:"-" x_correlationid:"505ec6b3-719c-4548-4b7a-dc1d1183d1a4" tenantid:"0d79b96ctrial" sap_passport:"-" x_scp_request_id:"c87f1912-46c6-40cd-99e7-016f0f2d7fef-6A6EF5F2-1CD3E3" x_cf_app_instance:"-" x_forwarded_host:"0d79b96ctrial-dev-com-smartprocurex-smartprocurexui.cfapps.us10-003.hana.ondemand.com" x_custom_host:"-" x_ssl_client:"-" x_ssl_client_session_id:"-" x_ssl_client_verify:"-" x_ssl_client_subject_dn:"-" x_ssl_client_subject_cn:"-" x_ssl_client_issuer_dn:"-" x_ssl_client_notbefore:"-" x_ssl_client_notafter:"-" x_cf_forwarded_url:"-" traceparent:"-" true_client_ip:"-" x_cf_true_client_ip:"10.37.193.4" x_request_id:"-" x_b3_traceid:"505ec6b3719c45484b7adc1d1183d1a4" x_b3_spanid:"4b7adc1d1183d1a4" x_b3_parentspanid:"-" b3:"505ec6b3719c45484b7adc1d1183d1a4-4b7adc1d1183d1a4" (STDOUT, RTR)#
#2026 08 02 07:55:17.552#Z#DEBUG#6828ea62-8e47-11f1-a22d-eeee0a847462.SmartProcureX-srv#flowable-async-job-executor-thread-2161#
[PollStartAppStatusExecution] d9622003-7570-45ea-b8be-97c6305e4251 [2026-08-02T07:47:07.180760] {"level":"info","logger":"odata","correlation_id":"773db843-be6f-4846-5868-60d4271e9f5c","tenant_id":"5590af3c-9485-44fe-975e-4b748861d2ff","host":"0d79b96ctrial-dev-smartprocurex-srv.cfapps.us10-003.hana.ondemand.com","user_agent":"Mozilla/5.0 (Windows NT 10.0; Win64; x64) AppleWebKit/537.36 (KHTML, like Gecko) Chrome/151.0.0.0 Safari/537.36","accept":"*/*","accept_encoding":"gzip, deflate, br, zstd","accept_language":"en-US","authorization":"***","b3":"773db843be6f4846586860d4271e9f5c-586860d4271e9f5c","cookie":"***","priority":"u=1, i","referer":"https://0d79b96ctrial-dev-com-smartprocurex-smartprocurexui.cfapps.us10-003.hana.ondemand.com/index.html","sec_ch_ua":"\"Not=A?Brand\";v=\"99\", \"Google Chrome\";v=\"151\", \"Chromium\";v=\"151\"","sec_ch_ua_mobile":"?0","sec_ch_ua_platform":"\"Windows\"","sec_fetch_dest":"empty","sec_fetch_mode":"cors","sec_fetch_site":"same-origin","tenantid":"0d79b96ctrial","x_b3_spanid":"586860d4271e9f5c","x_b3_traceid":"773db843be6f4846586860d4271e9f5c","x_cf_applicationid":"d9622003-7570-45ea-b8be-97c6305e4251","x_cf_instanceid":"9901b53b-a394-4a2d-4d11-7e49","x_cf_instanceindex":"0","x_cf_true_client_ip":"10.37.193.4","x_correlationid":"773db843-be6f-4846-5868-60d4271e9f5c","x_csrf_token":"Fetch","x_forwarded_for":"152.57.234.150, 10.0.72.3, 10.37.193.4, 10.0.136.0","x_forwarded_host":"0d79b96ctrial-dev-com-smartprocurex-smartprocurexui.cfapps.us10-003.hana.ondemand.com","x_forwarded_path":"/odata/v4/supplier/","x_forwarded_proto":"https","x_request_start":"1785656827175","x_requested_with":"XMLHttpRequest","x_scp_request_id":"962c67dd-68c6-43c7-8f72-ff06769098d3-6A6EF5F3-1B2CF9","x_vcap_request_id":"773db843-be6f-4846-5868-60d4271e9f5c","request_id":"773db843-be6f-4846-5868-60d4271e9f5c","x_correlation_id":"773db843-be6f-4846-5868-60d4271e9f5c","timestamp":"2026-08-02T07:47:07.180Z","layer":"cds","component_type":"application","container_id":"10.37.130.4","component_id":"d9622003-7570-45ea-b8be-97c6305e4251","component_name":"SmartProcureX-srv","component_instance":0,"source_instance":0,"organization_name":"0d79b96ctrial","organization_id":"e8159873-0fc0-4477-a4f9-3c43fdb65fe4","space_name":"dev","space_id":"0628b1b5-c14d-4a0a-abf9-843360b5d7c0","tenant_subdomain":"0d79b96ctrial","msg":"HEAD /odata/v4/supplier/ ","type":"log"} (STDOUT, APP/PROC/WEB)#
#2026 08 02 07:55:17.552#Z#DEBUG#6828ea62-8e47-11f1-a22d-eeee0a847462.SmartProcureX-srv#flowable-async-job-executor-thread-2161#
[PollStartAppStatusExecution] d9622003-7570-45ea-b8be-97c6305e4251 [2026-08-02T07:47:07.181373] 0d79b96ctrial-dev-smartprocurex-srv.cfapps.us10-003.hana.ondemand.com - [2026-08-02T07:47:07.179129511Z] "HEAD /odata/v4/supplier/ HTTP/1.1" 200 0 0 "https://0d79b96ctrial-dev-com-smartprocurex-smartprocurexui.cfapps.us10-003.hana.ondemand.com/index.html" "Mozilla/5.0 (Windows NT 10.0; Win64; x64) AppleWebKit/537.36 (KHTML, like Gecko) Chrome/151.0.0.0 Safari/537.36" "10.0.136.0:16538" "10.37.130.4:61016" x_forwarded_for:"152.57.234.150, 10.0.72.3, 10.37.193.4, 10.0.136.0" x_forwarded_proto:"https" vcap_request_id:"773db843-be6f-4846-5868-60d4271e9f5c" response_time:0.002072 gorouter_time:0.000037 app_id:"d9622003-7570-45ea-b8be-97c6305e4251" app_index:"0" instance_id:"9901b53b-a394-4a2d-4d11-7e49" failed_attempts:0 failed_attempts_time:"-" dns_time:0.000000 dial_time:0.000000 tls_time:0.000000 backend_time:0.002034 local_address:"10.0.129.8:38162" x_cf_routererror:"-" x_correlationid:"773db843-be6f-4846-5868-60d4271e9f5c" tenantid:"0d79b96ctrial" sap_passport:"-" x_scp_request_id:"962c67dd-68c6-43c7-8f72-ff06769098d3-6A6EF5F3-1B2CF9" x_cf_app_instance:"-" x_forwarded_host:"0d79b96ctrial-dev-com-smartprocurex-smartprocurexui.cfapps.us10-003.hana.ondemand.com" x_custom_host:"-" x_ssl_client:"-" x_ssl_client_session_id:"-" x_ssl_client_verify:"-" x_ssl_client_subject_dn:"-" x_ssl_client_subject_cn:"-" x_ssl_client_issuer_dn:"-" x_ssl_client_notbefore:"-" x_ssl_client_notafter:"-" x_cf_forwarded_url:"-" traceparent:"-" true_client_ip:"-" x_cf_true_client_ip:"10.37.193.4" x_request_id:"-" x_b3_traceid:"773db843be6f4846586860d4271e9f5c" x_b3_spanid:"586860d4271e9f5c" x_b3_parentspanid:"-" b3:"773db843be6f4846586860d4271e9f5c-586860d4271e9f5c" (STDOUT, RTR)#
#2026 08 02 07:55:17.552#Z#DEBUG#6828ea62-8e47-11f1-a22d-eeee0a847462.SmartProcureX-srv#flowable-async-job-executor-thread-2161#
[PollStartAppStatusExecution] d9622003-7570-45ea-b8be-97c6305e4251 [2026-08-02T07:47:07.183255] {"level":"info","logger":"odata","correlation_id":"7ee93975-2959-49ab-4491-d9f94ac91aea","tenant_id":"5590af3c-9485-44fe-975e-4b748861d2ff","host":"0d79b96ctrial-dev-smartprocurex-srv.cfapps.us10-003.hana.ondemand.com","user_agent":"Mozilla/5.0 (Windows NT 10.0; Win64; x64) AppleWebKit/537.36 (KHTML, like Gecko) Chrome/151.0.0.0 Safari/537.36","accept":"*/*","accept_encoding":"gzip, deflate, br, zstd","accept_language":"en-US","authorization":"***","b3":"7ee93975295949ab4491d9f94ac91aea-4491d9f94ac91aea","cookie":"***","priority":"u=1, i","referer":"https://0d79b96ctrial-dev-com-smartprocurex-smartprocurexui.cfapps.us10-003.hana.ondemand.com/index.html","sec_ch_ua":"\"Not=A?Brand\";v=\"99\", \"Google Chrome\";v=\"151\", \"Chromium\";v=\"151\"","sec_ch_ua_mobile":"?0","sec_ch_ua_platform":"\"Windows\"","sec_fetch_dest":"empty","sec_fetch_mode":"cors","sec_fetch_site":"same-origin","tenantid":"0d79b96ctrial","x_b3_spanid":"4491d9f94ac91aea","x_b3_traceid":"7ee93975295949ab4491d9f94ac91aea","x_cf_applicationid":"d9622003-7570-45ea-b8be-97c6305e4251","x_cf_instanceid":"9901b53b-a394-4a2d-4d11-7e49","x_cf_instanceindex":"0","x_cf_true_client_ip":"10.37.193.4","x_correlationid":"7ee93975-2959-49ab-4491-d9f94ac91aea","x_csrf_token":"Fetch","x_forwarded_for":"152.57.234.150, 10.0.72.3, 10.37.193.4, 10.0.136.2","x_forwarded_host":"0d79b96ctrial-dev-com-smartprocurex-smartprocurexui.cfapps.us10-003.hana.ondemand.com","x_forwarded_path":"/odata/v4/procurement/","x_forwarded_proto":"https","x_request_start":"1785656827175","x_requested_with":"XMLHttpRequest","x_scp_request_id":"c87f1912-46c6-40cd-99e7-016f0f2d7fef-6A6EF5F4-1CD41F","x_vcap_request_id":"7ee93975-2959-49ab-4491-d9f94ac91aea","request_id":"7ee93975-2959-49ab-4491-d9f94ac91aea","x_correlation_id":"7ee93975-2959-49ab-4491-d9f94ac91aea","timestamp":"2026-08-02T07:47:07.182Z","layer":"cds","component_type":"application","container_id":"10.37.130.4","component_id":"d9622003-7570-45ea-b8be-97c6305e4251","component_name":"SmartProcureX-srv","component_instance":0,"source_instance":0,"organization_name":"0d79b96ctrial","organization_id":"e8159873-0fc0-4477-a4f9-3c43fdb65fe4","space_name":"dev","space_id":"0628b1b5-c14d-4a0a-abf9-843360b5d7c0","tenant_subdomain":"0d79b96ctrial","msg":"HEAD /odata/v4/procurement/ ","type":"log"} (STDOUT, APP/PROC/WEB)#
#2026 08 02 07:55:17.552#Z#DEBUG#6828ea62-8e47-11f1-a22d-eeee0a847462.SmartProcureX-srv#flowable-async-job-executor-thread-2161#
[PollStartAppStatusExecution] d9622003-7570-45ea-b8be-97c6305e4251 [2026-08-02T07:47:07.183819] 0d79b96ctrial-dev-smartprocurex-srv.cfapps.us10-003.hana.ondemand.com - [2026-08-02T07:47:07.181657828Z] "HEAD /odata/v4/procurement/ HTTP/1.1" 200 0 0 "https://0d79b96ctrial-dev-com-smartprocurex-smartprocurexui.cfapps.us10-003.hana.ondemand.com/index.html" "Mozilla/5.0 (Windows NT 10.0; Win64; x64) AppleWebKit/537.36 (KHTML, like Gecko) Chrome/151.0.0.0 Safari/537.36" "10.0.136.2:33876" "10.37.130.4:61016" x_forwarded_for:"152.57.234.150, 10.0.72.3, 10.37.193.4, 10.0.136.2" x_forwarded_proto:"https" vcap_request_id:"7ee93975-2959-49ab-4491-d9f94ac91aea" response_time:0.002063 gorouter_time:0.000103 app_id:"d9622003-7570-45ea-b8be-97c6305e4251" app_index:"0" instance_id:"9901b53b-a394-4a2d-4d11-7e49" failed_attempts:0 failed_attempts_time:"-" dns_time:0.000000 dial_time:0.000000 tls_time:0.000000 backend_time:0.001960 local_address:"10.0.129.9:56786" x_cf_routererror:"-" x_correlationid:"7ee93975-2959-49ab-4491-d9f94ac91aea" tenantid:"0d79b96ctrial" sap_passport:"-" x_scp_request_id:"c87f1912-46c6-40cd-99e7-016f0f2d7fef-6A6EF5F4-1CD41F" x_cf_app_instance:"-" x_forwarded_host:"0d79b96ctrial-dev-com-smartprocurex-smartprocurexui.cfapps.us10-003.hana.ondemand.com" x_custom_host:"-" x_ssl_client:"-" x_ssl_client_session_id:"-" x_ssl_client_verify:"-" x_ssl_client_subject_dn:"-" x_ssl_client_subject_cn:"-" x_ssl_client_issuer_dn:"-" x_ssl_client_notbefore:"-" x_ssl_client_notafter:"-" x_cf_forwarded_url:"-" traceparent:"-" true_client_ip:"-" x_cf_true_client_ip:"10.37.193.4" x_request_id:"-" x_b3_traceid:"7ee93975295949ab4491d9f94ac91aea" x_b3_spanid:"4491d9f94ac91aea" x_b3_parentspanid:"-" b3:"7ee93975295949ab4491d9f94ac91aea-4491d9f94ac91aea" (STDOUT, RTR)#
#2026 08 02 07:55:17.552#Z#DEBUG#6828ea62-8e47-11f1-a22d-eeee0a847462.SmartProcureX-srv#flowable-async-job-executor-thread-2161#
[PollStartAppStatusExecution] d9622003-7570-45ea-b8be-97c6305e4251 [2026-08-02T07:47:07.196445] {"level":"info","logger":"odata","correlation_id":"9d0d0fcf-f23d-4d2d-5a96-b1f7b1111b48","tenant_id":"5590af3c-9485-44fe-975e-4b748861d2ff","host":"0d79b96ctrial-dev-smartprocurex-srv.cfapps.us10-003.hana.ondemand.com","user_agent":"Mozilla/5.0 (Windows NT 10.0; Win64; x64) AppleWebKit/537.36 (KHTML, like Gecko) Chrome/151.0.0.0 Safari/537.36","accept":"*/*","accept_encoding":"gzip, deflate, br, zstd","accept_language":"en-US","authorization":"***","b3":"9d0d0fcff23d4d2d5a96b1f7b1111b48-5a96b1f7b1111b48","cookie":"***","if_none_match":"W/\"TzIwEMPeKzfvIlNeEHEa0L8tCcT0HSsQIXFasv1PgOY=\"","priority":"u=1, i","referer":"https://0d79b96ctrial-dev-com-smartprocurex-smartprocurexui.cfapps.us10-003.hana.ondemand.com/index.html","sec_ch_ua":"\"Not=A?Brand\";v=\"99\", \"Google Chrome\";v=\"151\", \"Chromium\";v=\"151\"","sec_ch_ua_mobile":"?0","sec_ch_ua_platform":"\"Windows\"","sec_fetch_dest":"empty","sec_fetch_mode":"cors","sec_fetch_site":"same-origin","tenantid":"0d79b96ctrial","x_b3_spanid":"5a96b1f7b1111b48","x_b3_traceid":"9d0d0fcff23d4d2d5a96b1f7b1111b48","x_cf_applicationid":"d9622003-7570-45ea-b8be-97c6305e4251","x_cf_instanceid":"9901b53b-a394-4a2d-4d11-7e49","x_cf_instanceindex":"0","x_cf_true_client_ip":"10.37.193.4","x_correlationid":"9d0d0fcf-f23d-4d2d-5a96-b1f7b1111b48","x_forwarded_for":"152.57.234.150, 10.0.72.3, 10.37.193.4, 10.0.136.1","x_forwarded_host":"0d79b96ctrial-dev-com-smartprocurex-smartprocurexui.cfapps.us10-003.hana.ondemand.com","x_forwarded_path":"/odata/v4/supplier/$metadata","x_forwarded_proto":"https","x_request_start":"1785656827175","x_requested_with":"XMLHttpRequest","x_scp_request_id":"0c499948-9a1a-4c5f-853a-1629e8e6ef5e-6A6EF5FB-1B8877","x_vcap_request_id":"9d0d0fcf-f23d-4d2d-5a96-b1f7b1111b48","request_id":"9d0d0fcf-f23d-4d2d-5a96-b1f7b1111b48","x_correlation_id":"9d0d0fcf-f23d-4d2d-5a96-b1f7b1111b48","timestamp":"2026-08-02T07:47:07.196Z","layer":"cds","component_type":"application","container_id":"10.37.130.4","component_id":"d9622003-7570-45ea-b8be-97c6305e4251","component_name":"SmartProcureX-srv","component_instance":0,"source_instance":0,"organization_name":"0d79b96ctrial","organization_id":"e8159873-0fc0-4477-a4f9-3c43fdb65fe4","space_name":"dev","space_id":"0628b1b5-c14d-4a0a-abf9-843360b5d7c0","tenant_subdomain":"0d79b96ctrial","msg":"GET /odata/v4/supplier/$metadata { 'sap-language': 'EN' }","type":"log"} (STDOUT, APP/PROC/WEB)#
#2026 08 02 07:55:17.552#Z#DEBUG#6828ea62-8e47-11f1-a22d-eeee0a847462.SmartProcureX-srv#flowable-async-job-executor-thread-2161#
[PollStartAppStatusExecution] d9622003-7570-45ea-b8be-97c6305e4251 [2026-08-02T07:47:07.197180] 0d79b96ctrial-dev-smartprocurex-srv.cfapps.us10-003.hana.ondemand.com - [2026-08-02T07:47:07.195198465Z] "GET /odata/v4/supplier/$metadata?sap-language=EN HTTP/1.1" 304 0 0 "https://0d79b96ctrial-dev-com-smartprocurex-smartprocurexui.cfapps.us10-003.hana.ondemand.com/index.html" "Mozilla/5.0 (Windows NT 10.0; Win64; x64) AppleWebKit/537.36 (KHTML, like Gecko) Chrome/151.0.0.0 Safari/537.36" "10.0.136.1:45040" "10.37.130.4:61016" x_forwarded_for:"152.57.234.150, 10.0.72.3, 10.37.193.4, 10.0.136.1" x_forwarded_proto:"https" vcap_request_id:"9d0d0fcf-f23d-4d2d-5a96-b1f7b1111b48" response_time:0.001891 gorouter_time:0.000036 app_id:"d9622003-7570-45ea-b8be-97c6305e4251" app_index:"0" instance_id:"9901b53b-a394-4a2d-4d11-7e49" failed_attempts:0 failed_attempts_time:"-" dns_time:0.000000 dial_time:0.000000 tls_time:0.000000 backend_time:0.001854 local_address:"10.0.129.8:38162" x_cf_routererror:"-" x_correlationid:"9d0d0fcf-f23d-4d2d-5a96-b1f7b1111b48" tenantid:"0d79b96ctrial" sap_passport:"-" x_scp_request_id:"0c499948-9a1a-4c5f-853a-1629e8e6ef5e-6A6EF5FB-1B8877" x_cf_app_instance:"-" x_forwarded_host:"0d79b96ctrial-dev-com-smartprocurex-smartprocurexui.cfapps.us10-003.hana.ondemand.com" x_custom_host:"-" x_ssl_client:"-" x_ssl_client_session_id:"-" x_ssl_client_verify:"-" x_ssl_client_subject_dn:"-" x_ssl_client_subject_cn:"-" x_ssl_client_issuer_dn:"-" x_ssl_client_notbefore:"-" x_ssl_client_notafter:"-" x_cf_forwarded_url:"-" traceparent:"-" true_client_ip:"-" x_cf_true_client_ip:"10.37.193.4" x_request_id:"-" x_b3_traceid:"9d0d0fcff23d4d2d5a96b1f7b1111b48" x_b3_spanid:"5a96b1f7b1111b48" x_b3_parentspanid:"-" b3:"9d0d0fcff23d4d2d5a96b1f7b1111b48-5a96b1f7b1111b48" (STDOUT, RTR)#
#2026 08 02 07:55:17.552#Z#DEBUG#6828ea62-8e47-11f1-a22d-eeee0a847462.SmartProcureX-srv#flowable-async-job-executor-thread-2161#
[PollStartAppStatusExecution] d9622003-7570-45ea-b8be-97c6305e4251 [2026-08-02T07:47:07.197346] {"level":"info","logger":"odata","correlation_id":"88b0903f-d1d1-44d3-7686-4d6eacb9cdf7","tenant_id":"5590af3c-9485-44fe-975e-4b748861d2ff","host":"0d79b96ctrial-dev-smartprocurex-srv.cfapps.us10-003.hana.ondemand.com","user_agent":"Mozilla/5.0 (Windows NT 10.0; Win64; x64) AppleWebKit/537.36 (KHTML, like Gecko) Chrome/151.0.0.0 Safari/537.36","accept":"*/*","accept_encoding":"gzip, deflate, br, zstd","accept_language":"en-US","authorization":"***","b3":"88b0903fd1d144d376864d6eacb9cdf7-76864d6eacb9cdf7","cookie":"***","if_none_match":"W/\"NoCaKBlsTAo/pE0+BZ/oYR8zpX0jOra+mrs7IIi6h68=\"","priority":"u=1, i","referer":"https://0d79b96ctrial-dev-com-smartprocurex-smartprocurexui.cfapps.us10-003.hana.ondemand.com/index.html","sec_ch_ua":"\"Not=A?Brand\";v=\"99\", \"Google Chrome\";v=\"151\", \"Chromium\";v=\"151\"","sec_ch_ua_mobile":"?0","sec_ch_ua_platform":"\"Windows\"","sec_fetch_dest":"empty","sec_fetch_mode":"cors","sec_fetch_site":"same-origin","tenantid":"0d79b96ctrial","x_b3_spanid":"76864d6eacb9cdf7","x_b3_traceid":"88b0903fd1d144d376864d6eacb9cdf7","x_cf_applicationid":"d9622003-7570-45ea-b8be-97c6305e4251","x_cf_instanceid":"9901b53b-a394-4a2d-4d11-7e49","x_cf_instanceindex":"0","x_cf_true_client_ip":"10.37.193.4","x_correlationid":"88b0903f-d1d1-44d3-7686-4d6eacb9cdf7","x_forwarded_for":"152.57.234.150, 10.0.72.3, 10.37.193.4, 10.0.136.1","x_forwarded_host":"0d79b96ctrial-dev-com-smartprocurex-smartprocurexui.cfapps.us10-003.hana.ondemand.com","x_forwarded_path":"/odata/v4/procurement/$metadata","x_forwarded_proto":"https","x_request_start":"1785656827175","x_requested_with":"XMLHttpRequest","x_scp_request_id":"0c499948-9a1a-4c5f-853a-1629e8e6ef5e-6A6EF5FB-1B8876","x_vcap_request_id":"88b0903f-d1d1-44d3-7686-4d6eacb9cdf7","request_id":"88b0903f-d1d1-44d3-7686-4d6eacb9cdf7","x_correlation_id":"88b0903f-d1d1-44d3-7686-4d6eacb9cdf7","timestamp":"2026-08-02T07:47:07.197Z","layer":"cds","component_type":"application","container_id":"10.37.130.4","component_id":"d9622003-7570-45ea-b8be-97c6305e4251","component_name":"SmartProcureX-srv","component_instance":0,"source_instance":0,"organization_name":"0d79b96ctrial","organization_id":"e8159873-0fc0-4477-a4f9-3c43fdb65fe4","space_name":"dev","space_id":"0628b1b5-c14d-4a0a-abf9-843360b5d7c0","tenant_subdomain":"0d79b96ctrial","msg":"GET /odata/v4/procurement/$metadata { 'sap-language': 'EN' }","type":"log"} (STDOUT, APP/PROC/WEB)#
#2026 08 02 07:55:17.552#Z#DEBUG#6828ea62-8e47-11f1-a22d-eeee0a847462.SmartProcureX-srv#flowable-async-job-executor-thread-2161#
[PollStartAppStatusExecution] d9622003-7570-45ea-b8be-97c6305e4251 [2026-08-02T07:47:07.197672] 0d79b96ctrial-dev-smartprocurex-srv.cfapps.us10-003.hana.ondemand.com - [2026-08-02T07:47:07.196032739Z] "GET /odata/v4/procurement/$metadata?sap-language=EN HTTP/1.1" 304 0 0 "https://0d79b96ctrial-dev-com-smartprocurex-smartprocurexui.cfapps.us10-003.hana.ondemand.com/index.html" "Mozilla/5.0 (Windows NT 10.0; Win64; x64) AppleWebKit/537.36 (KHTML, like Gecko) Chrome/151.0.0.0 Safari/537.36" "10.0.136.1:57014" "10.37.130.4:61016" x_forwarded_for:"152.57.234.150, 10.0.72.3, 10.37.193.4, 10.0.136.1" x_forwarded_proto:"https" vcap_request_id:"88b0903f-d1d1-44d3-7686-4d6eacb9cdf7" response_time:0.001537 gorouter_time:0.000059 app_id:"d9622003-7570-45ea-b8be-97c6305e4251" app_index:"0" instance_id:"9901b53b-a394-4a2d-4d11-7e49" failed_attempts:0 failed_attempts_time:"-" dns_time:0.000000 dial_time:0.000000 tls_time:0.000000 backend_time:0.001478 local_address:"10.0.129.9:56786" x_cf_routererror:"-" x_correlationid:"88b0903f-d1d1-44d3-7686-4d6eacb9cdf7" tenantid:"0d79b96ctrial" sap_passport:"-" x_scp_request_id:"0c499948-9a1a-4c5f-853a-1629e8e6ef5e-6A6EF5FB-1B8876" x_cf_app_instance:"-" x_forwarded_host:"0d79b96ctrial-dev-com-smartprocurex-smartprocurexui.cfapps.us10-003.hana.ondemand.com" x_custom_host:"-" x_ssl_client:"-" x_ssl_client_session_id:"-" x_ssl_client_verify:"-" x_ssl_client_subject_dn:"-" x_ssl_client_subject_cn:"-" x_ssl_client_issuer_dn:"-" x_ssl_client_notbefore:"-" x_ssl_client_notafter:"-" x_cf_forwarded_url:"-" traceparent:"-" true_client_ip:"-" x_cf_true_client_ip:"10.37.193.4" x_request_id:"-" x_b3_traceid:"88b0903fd1d144d376864d6eacb9cdf7" x_b3_spanid:"76864d6eacb9cdf7" x_b3_parentspanid:"-" b3:"88b0903fd1d144d376864d6eacb9cdf7-76864d6eacb9cdf7" (STDOUT, RTR)#
#2026 08 02 07:55:17.552#Z#DEBUG#6828ea62-8e47-11f1-a22d-eeee0a847462.SmartProcureX-srv#flowable-async-job-executor-thread-2161#
[PollStartAppStatusExecution] d9622003-7570-45ea-b8be-97c6305e4251 [2026-08-02T07:47:07.234841] {"level":"info","logger":"odata","correlation_id":"297d2c9c-9d5a-41bc-7126-b9fc376be60f","tenant_id":"5590af3c-9485-44fe-975e-4b748861d2ff","host":"0d79b96ctrial-dev-smartprocurex-srv.cfapps.us10-003.hana.ondemand.com","user_agent":"Mozilla/5.0 (Windows NT 10.0; Win64; x64) AppleWebKit/537.36 (KHTML, like Gecko) Chrome/151.0.0.0 Safari/537.36","accept":"*/*","accept_encoding":"gzip, deflate, br, zstd","accept_language":"en-US,en;q=0.9","authorization":"***","b3":"297d2c9c9d5a41bc7126b9fc376be60f-7126b9fc376be60f","cookie":"***","priority":"u=1, i","referer":"https://0d79b96ctrial-dev-com-smartprocurex-smartprocurexui.cfapps.us10-003.hana.ondemand.com/index.html","sec_ch_ua":"\"Not=A?Brand\";v=\"99\", \"Google Chrome\";v=\"151\", \"Chromium\";v=\"151\"","sec_ch_ua_mobile":"?0","sec_ch_ua_platform":"\"Windows\"","sec_fetch_dest":"empty","sec_fetch_mode":"cors","sec_fetch_site":"same-origin","tenantid":"0d79b96ctrial","x_b3_spanid":"7126b9fc376be60f","x_b3_traceid":"297d2c9c9d5a41bc7126b9fc376be60f","x_cf_applicationid":"d9622003-7570-45ea-b8be-97c6305e4251","x_cf_instanceid":"9901b53b-a394-4a2d-4d11-7e49","x_cf_instanceindex":"0","x_cf_true_client_ip":"10.37.193.4","x_correlationid":"297d2c9c-9d5a-41bc-7126-b9fc376be60f","x_forwarded_for":"152.57.234.150, 10.0.72.3, 10.37.193.4, 10.0.136.0","x_forwarded_host":"0d79b96ctrial-dev-com-smartprocurex-smartprocurexui.cfapps.us10-003.hana.ondemand.com","x_forwarded_path":"/odata/v4/procurement/PurchaseRequests","x_forwarded_proto":"https","x_request_start":"1785656827230","x_scp_request_id":"962c67dd-68c6-43c7-8f72-ff06769098d3-6A6EF5FB-1B2CFA","x_vcap_request_id":"297d2c9c-9d5a-41bc-7126-b9fc376be60f","request_id":"297d2c9c-9d5a-41bc-7126-b9fc376be60f","x_correlation_id":"297d2c9c-9d5a-41bc-7126-b9fc376be60f","timestamp":"2026-08-02T07:47:07.234Z","layer":"cds","component_type":"application","container_id":"10.37.130.4","component_id":"d9622003-7570-45ea-b8be-97c6305e4251","component_name":"SmartProcureX-srv","component_instance":0,"source_instance":0,"organization_name":"0d79b96ctrial","organization_id":"e8159873-0fc0-4477-a4f9-3c43fdb65fe4","space_name":"dev","space_id":"0628b1b5-c14d-4a0a-abf9-843360b5d7c0","tenant_subdomain":"0d79b96ctrial","msg":"GET /odata/v4/procurement/PurchaseRequests ","type":"log"} (STDOUT, APP/PROC/WEB)#
#2026 08 02 07:55:17.552#Z#DEBUG#6828ea62-8e47-11f1-a22d-eeee0a847462.SmartProcureX-srv#flowable-async-job-executor-thread-2161#
[PollStartAppStatusExecution] d9622003-7570-45ea-b8be-97c6305e4251 [2026-08-02T07:47:07.566356] {"level":"info","logger":"odata","correlation_id":"45a9e32e-5a8d-43ef-7257-766c813a22d2","tenant_id":"5590af3c-9485-44fe-975e-4b748861d2ff","host":"0d79b96ctrial-dev-smartprocurex-srv.cfapps.us10-003.hana.ondemand.com","user_agent":"Mozilla/5.0 (Windows NT 10.0; Win64; x64) AppleWebKit/537.36 (KHTML, like Gecko) Chrome/151.0.0.0 Safari/537.36","content_length":"772","request_size_b":"772","accept":"multipart/mixed","accept_encoding":"gzip, deflate, br, zstd","accept_language":"en-US","authorization":"***","b3":"45a9e32e5a8d43ef7257766c813a22d2-7257766c813a22d2","content_type":"multipart/mixed; boundary=batch_id-1785656825198-21","cookie":"***","mime_version":"1.0","odata_maxversion":"4.0","odata_version":"4.0","origin":"https://0d79b96ctrial-dev-com-smartprocurex-smartprocurexui.cfapps.us10-003.hana.ondemand.com","priority":"u=1, i","referer":"https://0d79b96ctrial-dev-com-smartprocurex-smartprocurexui.cfapps.us10-003.hana.ondemand.com/index.html","sap_cancel_on_close":"true","sec_ch_ua":"\"Not=A?Brand\";v=\"99\", \"Google Chrome\";v=\"151\", \"Chromium\";v=\"151\"","sec_ch_ua_mobile":"?0","sec_ch_ua_platform":"\"Windows\"","sec_fetch_dest":"empty","sec_fetch_mode":"cors","sec_fetch_site":"same-origin","tenantid":"0d79b96ctrial","x_b3_spanid":"7257766c813a22d2","x_b3_traceid":"45a9e32e5a8d43ef7257766c813a22d2","x_cf_applicationid":"d9622003-7570-45ea-b8be-97c6305e4251","x_cf_instanceid":"9901b53b-a394-4a2d-4d11-7e49","x_cf_instanceindex":"0","x_cf_true_client_ip":"10.37.193.4","x_correlationid":"45a9e32e-5a8d-43ef-7257-766c813a22d2","x_csrf_token":"Fetch","x_forwarded_for":"152.57.234.150, 10.0.72.3, 10.37.193.4, 10.0.136.2","x_forwarded_host":"0d79b96ctrial-dev-com-smartprocurex-smartprocurexui.cfapps.us10-003.hana.ondemand.com","x_forwarded_path":"/odata/v4/procurement/$batch","x_forwarded_proto":"https","x_request_start":"1785656827560","x_requested_with":"XMLHttpRequest","x_scp_request_id":"c87f1912-46c6-40cd-99e7-016f0f2d7fef-6A6EF5FB-1CD421","x_vcap_request_id":"45a9e32e-5a8d-43ef-7257-766c813a22d2","request_id":"45a9e32e-5a8d-43ef-7257-766c813a22d2","x_correlation_id":"45a9e32e-5a8d-43ef-7257-766c813a22d2","timestamp":"2026-08-02T07:47:07.566Z","layer":"cds","component_type":"application","container_id":"10.37.130.4","component_id":"d9622003-7570-45ea-b8be-97c6305e4251","component_name":"SmartProcureX-srv","component_instance":0,"source_instance":0,"organization_name":"0d79b96ctrial","organization_id":"e8159873-0fc0-4477-a4f9-3c43fdb65fe4","space_name":"dev","space_id":"0628b1b5-c14d-4a0a-abf9-843360b5d7c0","tenant_subdomain":"0d79b96ctrial","msg":"POST /odata/v4/procurement/$batch ","type":"log"} (STDOUT, APP/PROC/WEB)#
#2026 08 02 07:55:17.552#Z#DEBUG#6828ea62-8e47-11f1-a22d-eeee0a847462.SmartProcureX-srv#flowable-async-job-executor-thread-2161#
[PollStartAppStatusExecution] d9622003-7570-45ea-b8be-97c6305e4251 [2026-08-02T07:47:07.567514] {"level":"info","logger":"odata","correlation_id":"45a9e32e-5a8d-43ef-7257-766c813a22d2","tenant_id":"5590af3c-9485-44fe-975e-4b748861d2ff","host":"0d79b96ctrial-dev-smartprocurex-srv.cfapps.us10-003.hana.ondemand.com","user_agent":"Mozilla/5.0 (Windows NT 10.0; Win64; x64) AppleWebKit/537.36 (KHTML, like Gecko) Chrome/151.0.0.0 Safari/537.36","content_length":"772","request_size_b":"772","accept":"multipart/mixed","accept_encoding":"gzip, deflate, br, zstd","accept_language":"en-US","authorization":"***","b3":"45a9e32e5a8d43ef7257766c813a22d2-7257766c813a22d2","content_type":"multipart/mixed; boundary=batch_id-1785656825198-21","cookie":"***","mime_version":"1.0","odata_maxversion":"4.0","odata_version":"4.0","origin":"https://0d79b96ctrial-dev-com-smartprocurex-smartprocurexui.cfapps.us10-003.hana.ondemand.com","priority":"u=1, i","referer":"https://0d79b96ctrial-dev-com-smartprocurex-smartprocurexui.cfapps.us10-003.hana.ondemand.com/index.html","sap_cancel_on_close":"true","sec_ch_ua":"\"Not=A?Brand\";v=\"99\", \"Google Chrome\";v=\"151\", \"Chromium\";v=\"151\"","sec_ch_ua_mobile":"?0","sec_ch_ua_platform":"\"Windows\"","sec_fetch_dest":"empty","sec_fetch_mode":"cors","sec_fetch_site":"same-origin","tenantid":"0d79b96ctrial","x_b3_spanid":"7257766c813a22d2","x_b3_traceid":"45a9e32e5a8d43ef7257766c813a22d2","x_cf_applicationid":"d9622003-7570-45ea-b8be-97c6305e4251","x_cf_instanceid":"9901b53b-a394-4a2d-4d11-7e49","x_cf_instanceindex":"0","x_cf_true_client_ip":"10.37.193.4","x_correlationid":"45a9e32e-5a8d-43ef-7257-766c813a22d2","x_csrf_token":"Fetch","x_forwarded_for":"152.57.234.150, 10.0.72.3, 10.37.193.4, 10.0.136.2","x_forwarded_host":"0d79b96ctrial-dev-com-smartprocurex-smartprocurexui.cfapps.us10-003.hana.ondemand.com","x_forwarded_path":"/odata/v4/procurement/$batch","x_forwarded_proto":"https","x_request_start":"1785656827560","x_requested_with":"XMLHttpRequest","x_scp_request_id":"c87f1912-46c6-40cd-99e7-016f0f2d7fef-6A6EF5FB-1CD421","x_vcap_request_id":"45a9e32e-5a8d-43ef-7257-766c813a22d2","request_id":"45a9e32e-5a8d-43ef-7257-766c813a22d2","x_correlation_id":"45a9e32e-5a8d-43ef-7257-766c813a22d2","timestamp":"2026-08-02T07:47:07.567Z","layer":"cds","component_type":"application","container_id":"10.37.130.4","component_id":"d9622003-7570-45ea-b8be-97c6305e4251","component_name":"SmartProcureX-srv","component_instance":0,"source_instance":0,"organization_name":"0d79b96ctrial","organization_id":"e8159873-0fc0-4477-a4f9-3c43fdb65fe4","space_name":"dev","space_id":"0628b1b5-c14d-4a0a-abf9-843360b5d7c0","tenant_subdomain":"0d79b96ctrial","msg":"> GET /PurchaseRequests {\n  '$select': 'ID,priority,requestNumber,status,totalAmount',\n  '$skip': '0',\n  '$top': '100'\n}","type":"log"} (STDOUT, APP/PROC/WEB)#
#2026 08 02 07:55:17.552#Z#DEBUG#6828ea62-8e47-11f1-a22d-eeee0a847462.SmartProcureX-srv#flowable-async-job-executor-thread-2161#
[PollStartAppStatusExecution] d9622003-7570-45ea-b8be-97c6305e4251 [2026-08-02T07:47:08.237031] {"level":"error","logger":"odata","correlation_id":"297d2c9c-9d5a-41bc-7126-b9fc376be60f","tenant_id":"5590af3c-9485-44fe-975e-4b748861d2ff","host":"0d79b96ctrial-dev-smartprocurex-srv.cfapps.us10-003.hana.ondemand.com","user_agent":"Mozilla/5.0 (Windows NT 10.0; Win64; x64) AppleWebKit/537.36 (KHTML, like Gecko) Chrome/151.0.0.0 Safari/537.36","accept":"*/*","accept_encoding":"gzip, deflate, br, zstd","accept_language":"en-US,en;q=0.9","authorization":"***","b3":"297d2c9c9d5a41bc7126b9fc376be60f-7126b9fc376be60f","cookie":"***","priority":"u=1, i","referer":"https://0d79b96ctrial-dev-com-smartprocurex-smartprocurexui.cfapps.us10-003.hana.ondemand.com/index.html","sec_ch_ua":"\"Not=A?Brand\";v=\"99\", \"Google Chrome\";v=\"151\", \"Chromium\";v=\"151\"","sec_ch_ua_mobile":"?0","sec_ch_ua_platform":"\"Windows\"","sec_fetch_dest":"empty","sec_fetch_mode":"cors","sec_fetch_site":"same-origin","tenantid":"0d79b96ctrial","x_b3_spanid":"7126b9fc376be60f","x_b3_traceid":"297d2c9c9d5a41bc7126b9fc376be60f","x_cf_applicationid":"d9622003-7570-45ea-b8be-97c6305e4251","x_cf_instanceid":"9901b53b-a394-4a2d-4d11-7e49","x_cf_instanceindex":"0","x_cf_true_client_ip":"10.37.193.4","x_correlationid":"297d2c9c-9d5a-41bc-7126-b9fc376be60f","x_forwarded_for":"152.57.234.150, 10.0.72.3, 10.37.193.4, 10.0.136.0","x_forwarded_host":"0d79b96ctrial-dev-com-smartprocurex-smartprocurexui.cfapps.us10-003.hana.ondemand.com","x_forwarded_path":"/odata/v4/procurement/PurchaseRequests","x_forwarded_proto":"https","x_request_start":"1785656827230","x_scp_request_id":"962c67dd-68c6-43c7-8f72-ff06769098d3-6A6EF5FB-1B2CFA","x_vcap_request_id":"297d2c9c-9d5a-41bc-7126-b9fc376be60f","request_id":"297d2c9c-9d5a-41bc-7126-b9fc376be60f","x_correlation_id":"297d2c9c-9d5a-41bc-7126-b9fc376be60f","timestamp":"2026-08-02T07:47:08.236Z","layer":"cds","component_type":"application","container_id":"10.37.130.4","component_id":"d9622003-7570-45ea-b8be-97c6305e4251","component_name":"SmartProcureX-srv","component_instance":0,"source_instance":0,"organization_name":"0d79b96ctrial","organization_id":"e8159873-0fc0-4477-a4f9-3c43fdb65fe4","space_name":"dev","space_id":"0628b1b5-c14d-4a0a-abf9-843360b5d7c0","tenant_subdomain":"0d79b96ctrial","msg":"500 - Error: Pool resource could not be acquired within 1s\n    at /home/vcap/app/node_modules/@cap-js/db-service/lib/common/generic-pool.js:71:21\n    at new Promise (<anonymous>)\n    at new Request (/home/vcap/app/node_modules/@cap-js/db-service/lib/common/generic-pool.js:59:20)\n    at Pool.acquire (/home/vcap/app/node_modules/@cap-js/db-service/lib/common/generic-pool.js:141:21)\n    at HANAService.acquire (/home/vcap/app/node_modules/@cap-js/db-service/lib/common/DatabaseService.js:106:28)\n    at HANAService.begin (/home/vcap/app/node_modules/@cap-js/db-service/lib/common/DatabaseService.js:66:27)\n    at HANAService._begin [as dispatch] (/home/vcap/app/node_modules/@sap/cds/lib/srv/srv-tx.js:195:38)\n    at /home/vcap/app/node_modules/@sap/cds/lib/srv/srv-dispatch.js:20:50\n    at HANAService.run (/home/vcap/app/node_modules/@sap/cds/lib/srv/cds.Service.js:171:44)\n    at HANAService.run (/home/vcap/app/node_modules/@cap-js/db-service/lib/common/DatabaseService.js:158:18) {\n  status: 500,\n  code: '500'\n}","type":"log"} (STDERR, APP/PROC/WEB)#
#2026 08 02 07:55:17.552#Z#DEBUG#6828ea62-8e47-11f1-a22d-eeee0a847462.SmartProcureX-srv#flowable-async-job-executor-thread-2161#
[PollStartAppStatusExecution] d9622003-7570-45ea-b8be-97c6305e4251 [2026-08-02T07:47:08.237811] 0d79b96ctrial-dev-smartprocurex-srv.cfapps.us10-003.hana.ondemand.com - [2026-08-02T07:47:07.233697827Z] "GET /odata/v4/procurement/PurchaseRequests HTTP/1.1" 500 0 58 "https://0d79b96ctrial-dev-com-smartprocurex-smartprocurexui.cfapps.us10-003.hana.ondemand.com/index.html" "Mozilla/5.0 (Windows NT 10.0; Win64; x64) AppleWebKit/537.36 (KHTML, like Gecko) Chrome/151.0.0.0 Safari/537.36" "10.0.136.0:17740" "10.37.130.4:61016" x_forwarded_for:"152.57.234.150, 10.0.72.3, 10.37.193.4, 10.0.136.0" x_forwarded_proto:"https" vcap_request_id:"297d2c9c-9d5a-41bc-7126-b9fc376be60f" response_time:1.003978 gorouter_time:0.000060 app_id:"d9622003-7570-45ea-b8be-97c6305e4251" app_index:"0" instance_id:"9901b53b-a394-4a2d-4d11-7e49" failed_attempts:0 failed_attempts_time:"-" dns_time:0.000000 dial_time:0.000000 tls_time:0.000000 backend_time:1.003918 local_address:"10.0.129.9:56786" x_cf_routererror:"-" x_correlationid:"297d2c9c-9d5a-41bc-7126-b9fc376be60f" tenantid:"0d79b96ctrial" sap_passport:"-" x_scp_request_id:"962c67dd-68c6-43c7-8f72-ff06769098d3-6A6EF5FB-1B2CFA" x_cf_app_instance:"-" x_forwarded_host:"0d79b96ctrial-dev-com-smartprocurex-smartprocurexui.cfapps.us10-003.hana.ondemand.com" x_custom_host:"-" x_ssl_client:"-" x_ssl_client_session_id:"-" x_ssl_client_verify:"-" x_ssl_client_subject_dn:"-" x_ssl_client_subject_cn:"-" x_ssl_client_issuer_dn:"-" x_ssl_client_notbefore:"-" x_ssl_client_notafter:"-" x_cf_forwarded_url:"-" traceparent:"-" true_client_ip:"-" x_cf_true_client_ip:"10.37.193.4" x_request_id:"-" x_b3_traceid:"297d2c9c9d5a41bc7126b9fc376be60f" x_b3_spanid:"7126b9fc376be60f" x_b3_parentspanid:"-" b3:"297d2c9c9d5a41bc7126b9fc376be60f-7126b9fc376be60f" (STDOUT, RTR)#
#2026 08 02 07:55:17.552#Z#DEBUG#6828ea62-8e47-11f1-a22d-eeee0a847462.SmartProcureX-srv#flowable-async-job-executor-thread-2161#
[PollStartAppStatusExecution] d9622003-7570-45ea-b8be-97c6305e4251 [2026-08-02T07:47:08.570636] {"level":"error","logger":"odata","correlation_id":"45a9e32e-5a8d-43ef-7257-766c813a22d2","tenant_id":"5590af3c-9485-44fe-975e-4b748861d2ff","host":"0d79b96ctrial-dev-smartprocurex-srv.cfapps.us10-003.hana.ondemand.com","user_agent":"Mozilla/5.0 (Windows NT 10.0; Win64; x64) AppleWebKit/537.36 (KHTML, like Gecko) Chrome/151.0.0.0 Safari/537.36","content_length":"772","request_size_b":"772","accept":"multipart/mixed","accept_encoding":"gzip, deflate, br, zstd","accept_language":"en-US","authorization":"***","b3":"45a9e32e5a8d43ef7257766c813a22d2-7257766c813a22d2","content_type":"multipart/mixed; boundary=batch_id-1785656825198-21","cookie":"***","mime_version":"1.0","odata_maxversion":"4.0","odata_version":"4.0","origin":"https://0d79b96ctrial-dev-com-smartprocurex-smartprocurexui.cfapps.us10-003.hana.ondemand.com","priority":"u=1, i","referer":"https://0d79b96ctrial-dev-com-smartprocurex-smartprocurexui.cfapps.us10-003.hana.ondemand.com/index.html","sap_cancel_on_close":"true","sec_ch_ua":"\"Not=A?Brand\";v=\"99\", \"Google Chrome\";v=\"151\", \"Chromium\";v=\"151\"","sec_ch_ua_mobile":"?0","sec_ch_ua_platform":"\"Windows\"","sec_fetch_dest":"empty","sec_fetch_mode":"cors","sec_fetch_site":"same-origin","tenantid":"0d79b96ctrial","x_b3_spanid":"7257766c813a22d2","x_b3_traceid":"45a9e32e5a8d43ef7257766c813a22d2","x_cf_applicationid":"d9622003-7570-45ea-b8be-97c6305e4251","x_cf_instanceid":"9901b53b-a394-4a2d-4d11-7e49","x_cf_instanceindex":"0","x_cf_true_client_ip":"10.37.193.4","x_correlationid":"45a9e32e-5a8d-43ef-7257-766c813a22d2","x_csrf_token":"Fetch","x_forwarded_for":"152.57.234.150, 10.0.72.3, 10.37.193.4, 10.0.136.2","x_forwarded_host":"0d79b96ctrial-dev-com-smartprocurex-smartprocurexui.cfapps.us10-003.hana.ondemand.com","x_forwarded_path":"/odata/v4/procurement/$batch","x_forwarded_proto":"https","x_request_start":"1785656827560","x_requested_with":"XMLHttpRequest","x_scp_request_id":"c87f1912-46c6-40cd-99e7-016f0f2d7fef-6A6EF5FB-1CD421","x_vcap_request_id":"45a9e32e-5a8d-43ef-7257-766c813a22d2","request_id":"45a9e32e-5a8d-43ef-7257-766c813a22d2","x_correlation_id":"45a9e32e-5a8d-43ef-7257-766c813a22d2","timestamp":"2026-08-02T07:47:08.569Z","layer":"cds","component_type":"application","container_id":"10.37.130.4","component_id":"d9622003-7570-45ea-b8be-97c6305e4251","component_name":"SmartProcureX-srv","component_instance":0,"source_instance":0,"organization_name":"0d79b96ctrial","organization_id":"e8159873-0fc0-4477-a4f9-3c43fdb65fe4","space_name":"dev","space_id":"0628b1b5-c14d-4a0a-abf9-843360b5d7c0","tenant_subdomain":"0d79b96ctrial","msg":"500 - Error: Pool resource could not be acquired within 1s\n    at /home/vcap/app/node_modules/@cap-js/db-service/lib/common/generic-pool.js:71:21\n    at new Promise (<anonymous>)\n    at new Request (/home/vcap/app/node_modules/@cap-js/db-service/lib/common/generic-pool.js:59:20)\n    at Pool.acquire (/home/vcap/app/node_modules/@cap-js/db-service/lib/common/generic-pool.js:141:21)\n    at HANAService.acquire (/home/vcap/app/node_modules/@cap-js/db-service/lib/common/DatabaseService.js:106:28)\n    at HANAService.begin (/home/vcap/app/node_modules/@cap-js/db-service/lib/common/DatabaseService.js:66:27)\n    at HANAService._begin [as dispatch] (/home/vcap/app/node_modules/@sap/cds/lib/srv/srv-tx.js:195:38)\n    at /home/vcap/app/node_modules/@sap/cds/lib/srv/srv-dispatch.js:20:50\n    at HANAService.run (/home/vcap/app/node_modules/@sap/cds/lib/srv/cds.Service.js:171:44)\n    at HANAService.run (/home/vcap/app/node_modules/@cap-js/db-service/lib/common/DatabaseService.js:158:18) {\n  status: 500,\n  code: '500'\n}","type":"log"} (STDERR, APP/PROC/WEB)#
#2026 08 02 07:55:17.552#Z#DEBUG#6828ea62-8e47-11f1-a22d-eeee0a847462.SmartProcureX-srv#flowable-async-job-executor-thread-2161#
[PollStartAppStatusExecution] d9622003-7570-45ea-b8be-97c6305e4251 [2026-08-02T07:47:08.572555] 0d79b96ctrial-dev-smartprocurex-srv.cfapps.us10-003.hana.ondemand.com - [2026-08-02T07:47:07.564781901Z] "POST /odata/v4/procurement/$batch HTTP/1.1" 200 772 314 "https://0d79b96ctrial-dev-com-smartprocurex-smartprocurexui.cfapps.us10-003.hana.ondemand.com/index.html" "Mozilla/5.0 (Windows NT 10.0; Win64; x64) AppleWebKit/537.36 (KHTML, like Gecko) Chrome/151.0.0.0 Safari/537.36" "10.0.136.2:34960" "10.37.130.4:61016" x_forwarded_for:"152.57.234.150, 10.0.72.3, 10.37.193.4, 10.0.136.2" x_forwarded_proto:"https" vcap_request_id:"45a9e32e-5a8d-43ef-7257-766c813a22d2" response_time:1.007441 gorouter_time:0.000048 app_id:"d9622003-7570-45ea-b8be-97c6305e4251" app_index:"0" instance_id:"9901b53b-a394-4a2d-4d11-7e49" failed_attempts:0 failed_attempts_time:"-" dns_time:0.000000 dial_time:0.000000 tls_time:0.000000 backend_time:1.007393 local_address:"10.0.129.8:38162" x_cf_routererror:"-" x_correlationid:"45a9e32e-5a8d-43ef-7257-766c813a22d2" tenantid:"0d79b96ctrial" sap_passport:"-" x_scp_request_id:"c87f1912-46c6-40cd-99e7-016f0f2d7fef-6A6EF5FB-1CD421" x_cf_app_instance:"-" x_forwarded_host:"0d79b96ctrial-dev-com-smartprocurex-smartprocurexui.cfapps.us10-003.hana.ondemand.com" x_custom_host:"-" x_ssl_client:"-" x_ssl_client_session_id:"-" x_ssl_client_verify:"-" x_ssl_client_subject_dn:"-" x_ssl_client_subject_cn:"-" x_ssl_client_issuer_dn:"-" x_ssl_client_notbefore:"-" x_ssl_client_notafter:"-" x_cf_forwarded_url:"-" traceparent:"-" true_client_ip:"-" x_cf_true_client_ip:"10.37.193.4" x_request_id:"-" x_b3_traceid:"45a9e32e5a8d43ef7257766c813a22d2" x_b3_spanid:"7257766c813a22d2" x_b3_parentspanid:"-" b3:"45a9e32e5a8d43ef7257766c813a22d2-7257766c813a22d2" (STDOUT, RTR)#
#2026 08 02 07:55:17.552#Z#DEBUG#6828ea62-8e47-11f1-a22d-eeee0a847462.SmartProcureX-srv#flowable-async-job-executor-thread-2161#
[PollStartAppStatusExecution] d9622003-7570-45ea-b8be-97c6305e4251 [2026-08-02T07:47:08.585940] {"level":"info","logger":"odata","correlation_id":"5dc8e06e-bf08-4ef0-547d-d2292a4e0765","tenant_id":"5590af3c-9485-44fe-975e-4b748861d2ff","host":"0d79b96ctrial-dev-smartprocurex-srv.cfapps.us10-003.hana.ondemand.com","user_agent":"Mozilla/5.0 (Windows NT 10.0; Win64; x64) AppleWebKit/537.36 (KHTML, like Gecko) Chrome/151.0.0.0 Safari/537.36","accept":"*/*","accept_encoding":"gzip, deflate, br, zstd","accept_language":"en-US,en;q=0.9","authorization":"***","b3":"5dc8e06ebf084ef0547dd2292a4e0765-547dd2292a4e0765","cookie":"***","priority":"u=1, i","referer":"https://0d79b96ctrial-dev-com-smartprocurex-smartprocurexui.cfapps.us10-003.hana.ondemand.com/index.html","sec_ch_ua":"\"Not=A?Brand\";v=\"99\", \"Google Chrome\";v=\"151\", \"Chromium\";v=\"151\"","sec_ch_ua_mobile":"?0","sec_ch_ua_platform":"\"Windows\"","sec_fetch_dest":"empty","sec_fetch_mode":"cors","sec_fetch_site":"same-origin","tenantid":"0d79b96ctrial","x_b3_spanid":"547dd2292a4e0765","x_b3_traceid":"5dc8e06ebf084ef0547dd2292a4e0765","x_cf_applicationid":"d9622003-7570-45ea-b8be-97c6305e4251","x_cf_instanceid":"9901b53b-a394-4a2d-4d11-7e49","x_cf_instanceindex":"0","x_cf_true_client_ip":"10.37.193.4","x_correlationid":"5dc8e06e-bf08-4ef0-547d-d2292a4e0765","x_forwarded_for":"152.57.234.150, 10.0.72.3, 10.37.193.4, 10.0.136.1","x_forwarded_host":"0d79b96ctrial-dev-com-smartprocurex-smartprocurexui.cfapps.us10-003.hana.ondemand.com","x_forwarded_path":"/odata/v4/procurement/PurchaseOrders","x_forwarded_proto":"https","x_request_start":"1785656828570","x_scp_request_id":"0c499948-9a1a-4c5f-853a-1629e8e6ef5e-6A6EF5FB-1B887E","x_vcap_request_id":"5dc8e06e-bf08-4ef0-547d-d2292a4e0765","request_id":"5dc8e06e-bf08-4ef0-547d-d2292a4e0765","x_correlation_id":"5dc8e06e-bf08-4ef0-547d-d2292a4e0765","timestamp":"2026-08-02T07:47:08.585Z","layer":"cds","component_type":"application","container_id":"10.37.130.4","component_id":"d9622003-7570-45ea-b8be-97c6305e4251","component_name":"SmartProcureX-srv","component_instance":0,"source_instance":0,"organization_name":"0d79b96ctrial","organization_id":"e8159873-0fc0-4477-a4f9-3c43fdb65fe4","space_name":"dev","space_id":"0628b1b5-c14d-4a0a-abf9-843360b5d7c0","tenant_subdomain":"0d79b96ctrial","msg":"GET /odata/v4/procurement/PurchaseOrders ","type":"log"} (STDOUT, APP/PROC/WEB)#
#2026 08 02 07:55:17.552#Z#DEBUG#6828ea62-8e47-11f1-a22d-eeee0a847462.SmartProcureX-srv#flowable-async-job-executor-thread-2161#
[PollStartAppStatusExecution] d9622003-7570-45ea-b8be-97c6305e4251 [2026-08-02T07:47:09.588841] {"level":"error","logger":"odata","correlation_id":"5dc8e06e-bf08-4ef0-547d-d2292a4e0765","tenant_id":"5590af3c-9485-44fe-975e-4b748861d2ff","host":"0d79b96ctrial-dev-smartprocurex-srv.cfapps.us10-003.hana.ondemand.com","user_agent":"Mozilla/5.0 (Windows NT 10.0; Win64; x64) AppleWebKit/537.36 (KHTML, like Gecko) Chrome/151.0.0.0 Safari/537.36","accept":"*/*","accept_encoding":"gzip, deflate, br, zstd","accept_language":"en-US,en;q=0.9","authorization":"***","b3":"5dc8e06ebf084ef0547dd2292a4e0765-547dd2292a4e0765","cookie":"***","priority":"u=1, i","referer":"https://0d79b96ctrial-dev-com-smartprocurex-smartprocurexui.cfapps.us10-003.hana.ondemand.com/index.html","sec_ch_ua":"\"Not=A?Brand\";v=\"99\", \"Google Chrome\";v=\"151\", \"Chromium\";v=\"151\"","sec_ch_ua_mobile":"?0","sec_ch_ua_platform":"\"Windows\"","sec_fetch_dest":"empty","sec_fetch_mode":"cors","sec_fetch_site":"same-origin","tenantid":"0d79b96ctrial","x_b3_spanid":"547dd2292a4e0765","x_b3_traceid":"5dc8e06ebf084ef0547dd2292a4e0765","x_cf_applicationid":"d9622003-7570-45ea-b8be-97c6305e4251","x_cf_instanceid":"9901b53b-a394-4a2d-4d11-7e49","x_cf_instanceindex":"0","x_cf_true_client_ip":"10.37.193.4","x_correlationid":"5dc8e06e-bf08-4ef0-547d-d2292a4e0765","x_forwarded_for":"152.57.234.150, 10.0.72.3, 10.37.193.4, 10.0.136.1","x_forwarded_host":"0d79b96ctrial-dev-com-smartprocurex-smartprocurexui.cfapps.us10-003.hana.ondemand.com","x_forwarded_path":"/odata/v4/procurement/PurchaseOrders","x_forwarded_proto":"https","x_request_start":"1785656828570","x_scp_request_id":"0c499948-9a1a-4c5f-853a-1629e8e6ef5e-6A6EF5FB-1B887E","x_vcap_request_id":"5dc8e06e-bf08-4ef0-547d-d2292a4e0765","request_id":"5dc8e06e-bf08-4ef0-547d-d2292a4e0765","x_correlation_id":"5dc8e06e-bf08-4ef0-547d-d2292a4e0765","timestamp":"2026-08-02T07:47:09.588Z","layer":"cds","component_type":"application","container_id":"10.37.130.4","component_id":"d9622003-7570-45ea-b8be-97c6305e4251","component_name":"SmartProcureX-srv","component_instance":0,"source_instance":0,"organization_name":"0d79b96ctrial","organization_id":"e8159873-0fc0-4477-a4f9-3c43fdb65fe4","space_name":"dev","space_id":"0628b1b5-c14d-4a0a-abf9-843360b5d7c0","tenant_subdomain":"0d79b96ctrial","msg":"500 - Error: Pool resource could not be acquired within 1s\n    at /home/vcap/app/node_modules/@cap-js/db-service/lib/common/generic-pool.js:71:21\n    at new Promise (<anonymous>)\n    at new Request (/home/vcap/app/node_modules/@cap-js/db-service/lib/common/generic-pool.js:59:20)\n    at Pool.acquire (/home/vcap/app/node_modules/@cap-js/db-service/lib/common/generic-pool.js:141:21)\n    at HANAService.acquire (/home/vcap/app/node_modules/@cap-js/db-service/lib/common/DatabaseService.js:106:28)\n    at HANAService.begin (/home/vcap/app/node_modules/@cap-js/db-service/lib/common/DatabaseService.js:66:27)\n    at HANAService._begin [as dispatch] (/home/vcap/app/node_modules/@sap/cds/lib/srv/srv-tx.js:195:38)\n    at /home/vcap/app/node_modules/@sap/cds/lib/srv/srv-dispatch.js:20:50\n    at HANAService.run (/home/vcap/app/node_modules/@sap/cds/lib/srv/cds.Service.js:171:44)\n    at HANAService.run (/home/vcap/app/node_modules/@cap-js/db-service/lib/common/DatabaseService.js:158:18) {\n  status: 500,\n  code: '500'\n}","type":"log"} (STDERR, APP/PROC/WEB)#
#2026 08 02 07:55:17.552#Z#DEBUG#6828ea62-8e47-11f1-a22d-eeee0a847462.SmartProcureX-srv#flowable-async-job-executor-thread-2161#
[PollStartAppStatusExecution] d9622003-7570-45ea-b8be-97c6305e4251 [2026-08-02T07:47:09.589790] 0d79b96ctrial-dev-smartprocurex-srv.cfapps.us10-003.hana.ondemand.com - [2026-08-02T07:47:08.574508398Z] "GET /odata/v4/procurement/PurchaseOrders HTTP/1.1" 500 0 58 "https://0d79b96ctrial-dev-com-smartprocurex-smartprocurexui.cfapps.us10-003.hana.ondemand.com/index.html" "Mozilla/5.0 (Windows NT 10.0; Win64; x64) AppleWebKit/537.36 (KHTML, like Gecko) Chrome/151.0.0.0 Safari/537.36" "10.0.136.1:45570" "10.37.130.4:61016" x_forwarded_for:"152.57.234.150, 10.0.72.3, 10.37.193.4, 10.0.136.1" x_forwarded_proto:"https" vcap_request_id:"5dc8e06e-bf08-4ef0-547d-d2292a4e0765" response_time:1.015174 gorouter_time:0.000056 app_id:"d9622003-7570-45ea-b8be-97c6305e4251" app_index:"0" instance_id:"9901b53b-a394-4a2d-4d11-7e49" failed_attempts:0 failed_attempts_time:"-" dns_time:0.000000 dial_time:0.001096 tls_time:0.007494 backend_time:1.015119 local_address:"10.0.193.9:48496" x_cf_routererror:"-" x_correlationid:"5dc8e06e-bf08-4ef0-547d-d2292a4e0765" tenantid:"0d79b96ctrial" sap_passport:"-" x_scp_request_id:"0c499948-9a1a-4c5f-853a-1629e8e6ef5e-6A6EF5FB-1B887E" x_cf_app_instance:"-" x_forwarded_host:"0d79b96ctrial-dev-com-smartprocurex-smartprocurexui.cfapps.us10-003.hana.ondemand.com" x_custom_host:"-" x_ssl_client:"-" x_ssl_client_session_id:"-" x_ssl_client_verify:"-" x_ssl_client_subject_dn:"-" x_ssl_client_subject_cn:"-" x_ssl_client_issuer_dn:"-" x_ssl_client_notbefore:"-" x_ssl_client_notafter:"-" x_cf_forwarded_url:"-" traceparent:"-" true_client_ip:"-" x_cf_true_client_ip:"10.37.193.4" x_request_id:"-" x_b3_traceid:"5dc8e06ebf084ef0547dd2292a4e0765" x_b3_spanid:"547dd2292a4e0765" x_b3_parentspanid:"-" b3:"5dc8e06ebf084ef0547dd2292a4e0765-547dd2292a4e0765" (STDOUT, RTR)#
#2026 08 02 07:55:17.552#Z#DEBUG#6828ea62-8e47-11f1-a22d-eeee0a847462.SmartProcureX-srv#flowable-async-job-executor-thread-2161#
[PollStartAppStatusExecution] d9622003-7570-45ea-b8be-97c6305e4251 [2026-08-02T07:47:10.017373] {"level":"info","logger":"odata","correlation_id":"22add2f1-62bc-4ca8-4ff2-6b54cb095aef","tenant_id":"5590af3c-9485-44fe-975e-4b748861d2ff","host":"0d79b96ctrial-dev-smartprocurex-srv.cfapps.us10-003.hana.ondemand.com","user_agent":"Mozilla/5.0 (Windows NT 10.0; Win64; x64) AppleWebKit/537.36 (KHTML, like Gecko) Chrome/151.0.0.0 Safari/537.36","accept":"*/*","accept_encoding":"gzip, deflate, br, zstd","accept_language":"en-US,en;q=0.9","authorization":"***","b3":"22add2f162bc4ca84ff26b54cb095aef-4ff26b54cb095aef","cookie":"***","priority":"u=1, i","referer":"https://0d79b96ctrial-dev-com-smartprocurex-smartprocurexui.cfapps.us10-003.hana.ondemand.com/index.html","sec_ch_ua":"\"Not=A?Brand\";v=\"99\", \"Google Chrome\";v=\"151\", \"Chromium\";v=\"151\"","sec_ch_ua_mobile":"?0","sec_ch_ua_platform":"\"Windows\"","sec_fetch_dest":"empty","sec_fetch_mode":"cors","sec_fetch_site":"same-origin","tenantid":"0d79b96ctrial","x_b3_spanid":"4ff26b54cb095aef","x_b3_traceid":"22add2f162bc4ca84ff26b54cb095aef","x_cf_applicationid":"d9622003-7570-45ea-b8be-97c6305e4251","x_cf_instanceid":"9901b53b-a394-4a2d-4d11-7e49","x_cf_instanceindex":"0","x_cf_true_client_ip":"10.37.193.4","x_correlationid":"22add2f1-62bc-4ca8-4ff2-6b54cb095aef","x_forwarded_for":"152.57.234.150, 10.0.72.3, 10.37.193.4, 10.0.136.1","x_forwarded_host":"0d79b96ctrial-dev-com-smartprocurex-smartprocurexui.cfapps.us10-003.hana.ondemand.com","x_forwarded_path":"/odata/v4/supplier/Suppliers","x_forwarded_proto":"https","x_request_start":"1785656830010","x_scp_request_id":"0c499948-9a1a-4c5f-853a-1629e8e6ef5e-6A6EF5FB-1B8887","x_vcap_request_id":"22add2f1-62bc-4ca8-4ff2-6b54cb095aef","request_id":"22add2f1-62bc-4ca8-4ff2-6b54cb095aef","x_correlation_id":"22add2f1-62bc-4ca8-4ff2-6b54cb095aef","timestamp":"2026-08-02T07:47:10.017Z","layer":"cds","component_type":"application","container_id":"10.37.130.4","component_id":"d9622003-7570-45ea-b8be-97c6305e4251","component_name":"SmartProcureX-srv","component_instance":0,"source_instance":0,"organization_name":"0d79b96ctrial","organization_id":"e8159873-0fc0-4477-a4f9-3c43fdb65fe4","space_name":"dev","space_id":"0628b1b5-c14d-4a0a-abf9-843360b5d7c0","tenant_subdomain":"0d79b96ctrial","msg":"GET /odata/v4/supplier/Suppliers ","type":"log"} (STDOUT, APP/PROC/WEB)#
#2026 08 02 07:55:17.552#Z#DEBUG#6828ea62-8e47-11f1-a22d-eeee0a847462.SmartProcureX-srv#flowable-async-job-executor-thread-2161#
[PollStartAppStatusExecution] d9622003-7570-45ea-b8be-97c6305e4251 [2026-08-02T07:47:11.018718] {"level":"error","logger":"odata","correlation_id":"22add2f1-62bc-4ca8-4ff2-6b54cb095aef","tenant_id":"5590af3c-9485-44fe-975e-4b748861d2ff","host":"0d79b96ctrial-dev-smartprocurex-srv.cfapps.us10-003.hana.ondemand.com","user_agent":"Mozilla/5.0 (Windows NT 10.0; Win64; x64) AppleWebKit/537.36 (KHTML, like Gecko) Chrome/151.0.0.0 Safari/537.36","accept":"*/*","accept_encoding":"gzip, deflate, br, zstd","accept_language":"en-US,en;q=0.9","authorization":"***","b3":"22add2f162bc4ca84ff26b54cb095aef-4ff26b54cb095aef","cookie":"***","priority":"u=1, i","referer":"https://0d79b96ctrial-dev-com-smartprocurex-smartprocurexui.cfapps.us10-003.hana.ondemand.com/index.html","sec_ch_ua":"\"Not=A?Brand\";v=\"99\", \"Google Chrome\";v=\"151\", \"Chromium\";v=\"151\"","sec_ch_ua_mobile":"?0","sec_ch_ua_platform":"\"Windows\"","sec_fetch_dest":"empty","sec_fetch_mode":"cors","sec_fetch_site":"same-origin","tenantid":"0d79b96ctrial","x_b3_spanid":"4ff26b54cb095aef","x_b3_traceid":"22add2f162bc4ca84ff26b54cb095aef","x_cf_applicationid":"d9622003-7570-45ea-b8be-97c6305e4251","x_cf_instanceid":"9901b53b-a394-4a2d-4d11-7e49","x_cf_instanceindex":"0","x_cf_true_client_ip":"10.37.193.4","x_correlationid":"22add2f1-62bc-4ca8-4ff2-6b54cb095aef","x_forwarded_for":"152.57.234.150, 10.0.72.3, 10.37.193.4, 10.0.136.1","x_forwarded_host":"0d79b96ctrial-dev-com-smartprocurex-smartprocurexui.cfapps.us10-003.hana.ondemand.com","x_forwarded_path":"/odata/v4/supplier/Suppliers","x_forwarded_proto":"https","x_request_start":"1785656830010","x_scp_request_id":"0c499948-9a1a-4c5f-853a-1629e8e6ef5e-6A6EF5FB-1B8887","x_vcap_request_id":"22add2f1-62bc-4ca8-4ff2-6b54cb095aef","request_id":"22add2f1-62bc-4ca8-4ff2-6b54cb095aef","x_correlation_id":"22add2f1-62bc-4ca8-4ff2-6b54cb095aef","timestamp":"2026-08-02T07:47:11.018Z","layer":"cds","component_type":"application","container_id":"10.37.130.4","component_id":"d9622003-7570-45ea-b8be-97c6305e4251","component_name":"SmartProcureX-srv","component_instance":0,"source_instance":0,"organization_name":"0d79b96ctrial","organization_id":"e8159873-0fc0-4477-a4f9-3c43fdb65fe4","space_name":"dev","space_id":"0628b1b5-c14d-4a0a-abf9-843360b5d7c0","tenant_subdomain":"0d79b96ctrial","msg":"500 - Error: Pool resource could not be acquired within 1s\n    at /home/vcap/app/node_modules/@cap-js/db-service/lib/common/generic-pool.js:71:21\n    at new Promise (<anonymous>)\n    at new Request (/home/vcap/app/node_modules/@cap-js/db-service/lib/common/generic-pool.js:59:20)\n    at Pool.acquire (/home/vcap/app/node_modules/@cap-js/db-service/lib/common/generic-pool.js:141:21)\n    at HANAService.acquire (/home/vcap/app/node_modules/@cap-js/db-service/lib/common/DatabaseService.js:106:28)\n    at HANAService.begin (/home/vcap/app/node_modules/@cap-js/db-service/lib/common/DatabaseService.js:66:27)\n    at HANAService._begin [as dispatch] (/home/vcap/app/node_modules/@sap/cds/lib/srv/srv-tx.js:195:38)\n    at /home/vcap/app/node_modules/@sap/cds/lib/srv/srv-dispatch.js:20:50\n    at HANAService.run (/home/vcap/app/node_modules/@sap/cds/lib/srv/cds.Service.js:171:44)\n    at HANAService.run (/home/vcap/app/node_modules/@cap-js/db-service/lib/common/DatabaseService.js:158:18) {\n  status: 500,\n  code: '500'\n}","type":"log"} (STDERR, APP/PROC/WEB)#
#2026 08 02 07:55:17.552#Z#DEBUG#6828ea62-8e47-11f1-a22d-eeee0a847462.SmartProcureX-srv#flowable-async-job-executor-thread-2161#
[PollStartAppStatusExecution] d9622003-7570-45ea-b8be-97c6305e4251 [2026-08-02T07:47:11.019317] 0d79b96ctrial-dev-smartprocurex-srv.cfapps.us10-003.hana.ondemand.com - [2026-08-02T07:47:10.015506135Z] "GET /odata/v4/supplier/Suppliers HTTP/1.1" 500 0 58 "https://0d79b96ctrial-dev-com-smartprocurex-smartprocurexui.cfapps.us10-003.hana.ondemand.com/index.html" "Mozilla/5.0 (Windows NT 10.0; Win64; x64) AppleWebKit/537.36 (KHTML, like Gecko) Chrome/151.0.0.0 Safari/537.36" "10.0.136.1:57024" "10.37.130.4:61016" x_forwarded_for:"152.57.234.150, 10.0.72.3, 10.37.193.4, 10.0.136.1" x_forwarded_proto:"https" vcap_request_id:"22add2f1-62bc-4ca8-4ff2-6b54cb095aef" response_time:1.003691 gorouter_time:0.000115 app_id:"d9622003-7570-45ea-b8be-97c6305e4251" app_index:"0" instance_id:"9901b53b-a394-4a2d-4d11-7e49" failed_attempts:0 failed_attempts_time:"-" dns_time:0.000000 dial_time:0.000000 tls_time:0.000000 backend_time:1.003577 local_address:"10.0.129.9:56786" x_cf_routererror:"-" x_correlationid:"22add2f1-62bc-4ca8-4ff2-6b54cb095aef" tenantid:"0d79b96ctrial" sap_passport:"-" x_scp_request_id:"0c499948-9a1a-4c5f-853a-1629e8e6ef5e-6A6EF5FB-1B8887" x_cf_app_instance:"-" x_forwarded_host:"0d79b96ctrial-dev-com-smartprocurex-smartprocurexui.cfapps.us10-003.hana.ondemand.com" x_custom_host:"-" x_ssl_client:"-" x_ssl_client_session_id:"-" x_ssl_client_verify:"-" x_ssl_client_subject_dn:"-" x_ssl_client_subject_cn:"-" x_ssl_client_issuer_dn:"-" x_ssl_client_notbefore:"-" x_ssl_client_notafter:"-" x_cf_forwarded_url:"-" traceparent:"-" true_client_ip:"-" x_cf_true_client_ip:"10.37.193.4" x_request_id:"-" x_b3_traceid:"22add2f162bc4ca84ff26b54cb095aef" x_b3_spanid:"4ff26b54cb095aef" x_b3_parentspanid:"-" b3:"22add2f162bc4ca84ff26b54cb095aef-4ff26b54cb095aef" (STDOUT, RTR)#
#2026 08 02 07:55:17.552#Z#DEBUG#6828ea62-8e47-11f1-a22d-eeee0a847462.SmartProcureX-srv#flowable-async-job-executor-thread-2161#
[PollStartAppStatusExecution] d9622003-7570-45ea-b8be-97c6305e4251 [2026-08-02T07:47:32.953937] {"level":"info","logger":"odata","correlation_id":"30ad37fa-38f0-4b6c-644e-0e52ba86d315","tenant_id":"5590af3c-9485-44fe-975e-4b748861d2ff","host":"0d79b96ctrial-dev-smartprocurex-srv.cfapps.us10-003.hana.ondemand.com","user_agent":"Mozilla/5.0 (Windows NT 10.0; Win64; x64) AppleWebKit/537.36 (KHTML, like Gecko) Chrome/151.0.0.0 Safari/537.36","accept":"*/*","accept_encoding":"gzip, deflate, br, zstd","accept_language":"en-US,en;q=0.9","authorization":"***","b3":"30ad37fa38f04b6c644e0e52ba86d315-644e0e52ba86d315","cookie":"***","priority":"u=1, i","referer":"https://0d79b96ctrial-dev-com-smartprocurex-smartprocurexui.cfapps.us10-003.hana.ondemand.com/index.html","sec_ch_ua":"\"Not=A?Brand\";v=\"99\", \"Google Chrome\";v=\"151\", \"Chromium\";v=\"151\"","sec_ch_ua_mobile":"?0","sec_ch_ua_platform":"\"Windows\"","sec_fetch_dest":"empty","sec_fetch_mode":"cors","sec_fetch_site":"same-origin","tenantid":"0d79b96ctrial","x_b3_spanid":"644e0e52ba86d315","x_b3_traceid":"30ad37fa38f04b6c644e0e52ba86d315","x_cf_applicationid":"d9622003-7570-45ea-b8be-97c6305e4251","x_cf_instanceid":"9901b53b-a394-4a2d-4d11-7e49","x_cf_instanceindex":"0","x_cf_true_client_ip":"10.37.193.4","x_correlationid":"30ad37fa-38f0-4b6c-644e-0e52ba86d315","x_forwarded_for":"152.57.234.150, 10.0.72.3, 10.37.193.4, 10.0.200.3","x_forwarded_host":"0d79b96ctrial-dev-com-smartprocurex-smartprocurexui.cfapps.us10-003.hana.ondemand.com","x_forwarded_path":"/odata/v4/identity/Users","x_forwarded_proto":"https","x_request_start":"1785656852936","x_scp_request_id":"9aa5315b-a820-4309-8a47-2bd2b99a37a3-6A6EF614-1C3B93","x_vcap_request_id":"30ad37fa-38f0-4b6c-644e-0e52ba86d315","request_id":"30ad37fa-38f0-4b6c-644e-0e52ba86d315","x_correlation_id":"30ad37fa-38f0-4b6c-644e-0e52ba86d315","timestamp":"2026-08-02T07:47:32.953Z","layer":"cds","component_type":"application","container_id":"10.37.130.4","component_id":"d9622003-7570-45ea-b8be-97c6305e4251","component_name":"SmartProcureX-srv","component_instance":0,"source_instance":0,"organization_name":"0d79b96ctrial","organization_id":"e8159873-0fc0-4477-a4f9-3c43fdb65fe4","space_name":"dev","space_id":"0628b1b5-c14d-4a0a-abf9-843360b5d7c0","tenant_subdomain":"0d79b96ctrial","msg":"GET /odata/v4/identity/Users ","type":"log"} (STDOUT, APP/PROC/WEB)#
#2026 08 02 07:55:17.552#Z#DEBUG#6828ea62-8e47-11f1-a22d-eeee0a847462.SmartProcureX-srv#flowable-async-job-executor-thread-2161#
[PollStartAppStatusExecution] d9622003-7570-45ea-b8be-97c6305e4251 [2026-08-02T07:47:32.956854] {"level":"info","logger":"odata","correlation_id":"47d750cc-fe39-4dd8-6492-6daa4b7a65c8","tenant_id":"5590af3c-9485-44fe-975e-4b748861d2ff","host":"0d79b96ctrial-dev-smartprocurex-srv.cfapps.us10-003.hana.ondemand.com","user_agent":"Mozilla/5.0 (Windows NT 10.0; Win64; x64) AppleWebKit/537.36 (KHTML, like Gecko) Chrome/151.0.0.0 Safari/537.36","accept":"*/*","accept_encoding":"gzip, deflate, br, zstd","accept_language":"en-US,en;q=0.9","authorization":"***","b3":"47d750ccfe394dd864926daa4b7a65c8-64926daa4b7a65c8","cookie":"***","priority":"u=1, i","referer":"https://0d79b96ctrial-dev-com-smartprocurex-smartprocurexui.cfapps.us10-003.hana.ondemand.com/index.html","sec_ch_ua":"\"Not=A?Brand\";v=\"99\", \"Google Chrome\";v=\"151\", \"Chromium\";v=\"151\"","sec_ch_ua_mobile":"?0","sec_ch_ua_platform":"\"Windows\"","sec_fetch_dest":"empty","sec_fetch_mode":"cors","sec_fetch_site":"same-origin","tenantid":"0d79b96ctrial","x_b3_spanid":"64926daa4b7a65c8","x_b3_traceid":"47d750ccfe394dd864926daa4b7a65c8","x_cf_applicationid":"d9622003-7570-45ea-b8be-97c6305e4251","x_cf_instanceid":"9901b53b-a394-4a2d-4d11-7e49","x_cf_instanceindex":"0","x_cf_true_client_ip":"10.37.193.4","x_correlationid":"47d750cc-fe39-4dd8-6492-6daa4b7a65c8","x_forwarded_for":"152.57.234.150, 10.0.72.3, 10.37.193.4, 10.0.136.3","x_forwarded_host":"0d79b96ctrial-dev-com-smartprocurex-smartprocurexui.cfapps.us10-003.hana.ondemand.com","x_forwarded_path":"/odata/v4/identity/Departments","x_forwarded_proto":"https","x_request_start":"1785656852936","x_scp_request_id":"2d867c7a-1a4b-4a96-b81b-e01f4cc4b15e-6A6EF614-1C014C","x_vcap_request_id":"47d750cc-fe39-4dd8-6492-6daa4b7a65c8","request_id":"47d750cc-fe39-4dd8-6492-6daa4b7a65c8","x_correlation_id":"47d750cc-fe39-4dd8-6492-6daa4b7a65c8","timestamp":"2026-08-02T07:47:32.956Z","layer":"cds","component_type":"application","container_id":"10.37.130.4","component_id":"d9622003-7570-45ea-b8be-97c6305e4251","component_name":"SmartProcureX-srv","component_instance":0,"source_instance":0,"organization_name":"0d79b96ctrial","organization_id":"e8159873-0fc0-4477-a4f9-3c43fdb65fe4","space_name":"dev","space_id":"0628b1b5-c14d-4a0a-abf9-843360b5d7c0","tenant_subdomain":"0d79b96ctrial","msg":"GET /odata/v4/identity/Departments ","type":"log"} (STDOUT, APP/PROC/WEB)#
#2026 08 02 07:55:17.552#Z#DEBUG#6828ea62-8e47-11f1-a22d-eeee0a847462.SmartProcureX-srv#flowable-async-job-executor-thread-2161#
[PollStartAppStatusExecution] d9622003-7570-45ea-b8be-97c6305e4251 [2026-08-02T07:47:33.956400] {"level":"error","logger":"odata","correlation_id":"30ad37fa-38f0-4b6c-644e-0e52ba86d315","tenant_id":"5590af3c-9485-44fe-975e-4b748861d2ff","host":"0d79b96ctrial-dev-smartprocurex-srv.cfapps.us10-003.hana.ondemand.com","user_agent":"Mozilla/5.0 (Windows NT 10.0; Win64; x64) AppleWebKit/537.36 (KHTML, like Gecko) Chrome/151.0.0.0 Safari/537.36","accept":"*/*","accept_encoding":"gzip, deflate, br, zstd","accept_language":"en-US,en;q=0.9","authorization":"***","b3":"30ad37fa38f04b6c644e0e52ba86d315-644e0e52ba86d315","cookie":"***","priority":"u=1, i","referer":"https://0d79b96ctrial-dev-com-smartprocurex-smartprocurexui.cfapps.us10-003.hana.ondemand.com/index.html","sec_ch_ua":"\"Not=A?Brand\";v=\"99\", \"Google Chrome\";v=\"151\", \"Chromium\";v=\"151\"","sec_ch_ua_mobile":"?0","sec_ch_ua_platform":"\"Windows\"","sec_fetch_dest":"empty","sec_fetch_mode":"cors","sec_fetch_site":"same-origin","tenantid":"0d79b96ctrial","x_b3_spanid":"644e0e52ba86d315","x_b3_traceid":"30ad37fa38f04b6c644e0e52ba86d315","x_cf_applicationid":"d9622003-7570-45ea-b8be-97c6305e4251","x_cf_instanceid":"9901b53b-a394-4a2d-4d11-7e49","x_cf_instanceindex":"0","x_cf_true_client_ip":"10.37.193.4","x_correlationid":"30ad37fa-38f0-4b6c-644e-0e52ba86d315","x_forwarded_for":"152.57.234.150, 10.0.72.3, 10.37.193.4, 10.0.200.3","x_forwarded_host":"0d79b96ctrial-dev-com-smartprocurex-smartprocurexui.cfapps.us10-003.hana.ondemand.com","x_forwarded_path":"/odata/v4/identity/Users","x_forwarded_proto":"https","x_request_start":"1785656852936","x_scp_request_id":"9aa5315b-a820-4309-8a47-2bd2b99a37a3-6A6EF614-1C3B93","x_vcap_request_id":"30ad37fa-38f0-4b6c-644e-0e52ba86d315","request_id":"30ad37fa-38f0-4b6c-644e-0e52ba86d315","x_correlation_id":"30ad37fa-38f0-4b6c-644e-0e52ba86d315","timestamp":"2026-08-02T07:47:33.955Z","layer":"cds","component_type":"application","container_id":"10.37.130.4","component_id":"d9622003-7570-45ea-b8be-97c6305e4251","component_name":"SmartProcureX-srv","component_instance":0,"source_instance":0,"organization_name":"0d79b96ctrial","organization_id":"e8159873-0fc0-4477-a4f9-3c43fdb65fe4","space_name":"dev","space_id":"0628b1b5-c14d-4a0a-abf9-843360b5d7c0","tenant_subdomain":"0d79b96ctrial","msg":"500 - Error: Pool resource could not be acquired within 1s\n    at /home/vcap/app/node_modules/@cap-js/db-service/lib/common/generic-pool.js:71:21\n    at new Promise (<anonymous>)\n    at new Request (/home/vcap/app/node_modules/@cap-js/db-service/lib/common/generic-pool.js:59:20)\n    at Pool.acquire (/home/vcap/app/node_modules/@cap-js/db-service/lib/common/generic-pool.js:141:21)\n    at HANAService.acquire (/home/vcap/app/node_modules/@cap-js/db-service/lib/common/DatabaseService.js:106:28)\n    at HANAService.begin (/home/vcap/app/node_modules/@cap-js/db-service/lib/common/DatabaseService.js:66:27)\n    at HANAService._begin [as dispatch] (/home/vcap/app/node_modules/@sap/cds/lib/srv/srv-tx.js:195:38)\n    at /home/vcap/app/node_modules/@sap/cds/lib/srv/srv-dispatch.js:20:50\n    at HANAService.run (/home/vcap/app/node_modules/@sap/cds/lib/srv/cds.Service.js:171:44)\n    at HANAService.run (/home/vcap/app/node_modules/@cap-js/db-service/lib/common/DatabaseService.js:158:18) {\n  status: 500,\n  code: '500'\n}","type":"log"} (STDERR, APP/PROC/WEB)#
#2026 08 02 07:55:17.552#Z#DEBUG#6828ea62-8e47-11f1-a22d-eeee0a847462.SmartProcureX-srv#flowable-async-job-executor-thread-2161#
[PollStartAppStatusExecution] d9622003-7570-45ea-b8be-97c6305e4251 [2026-08-02T07:47:33.956845] {"level":"error","logger":"odata","correlation_id":"47d750cc-fe39-4dd8-6492-6daa4b7a65c8","tenant_id":"5590af3c-9485-44fe-975e-4b748861d2ff","host":"0d79b96ctrial-dev-smartprocurex-srv.cfapps.us10-003.hana.ondemand.com","user_agent":"Mozilla/5.0 (Windows NT 10.0; Win64; x64) AppleWebKit/537.36 (KHTML, like Gecko) Chrome/151.0.0.0 Safari/537.36","accept":"*/*","accept_encoding":"gzip, deflate, br, zstd","accept_language":"en-US,en;q=0.9","authorization":"***","b3":"47d750ccfe394dd864926daa4b7a65c8-64926daa4b7a65c8","cookie":"***","priority":"u=1, i","referer":"https://0d79b96ctrial-dev-com-smartprocurex-smartprocurexui.cfapps.us10-003.hana.ondemand.com/index.html","sec_ch_ua":"\"Not=A?Brand\";v=\"99\", \"Google Chrome\";v=\"151\", \"Chromium\";v=\"151\"","sec_ch_ua_mobile":"?0","sec_ch_ua_platform":"\"Windows\"","sec_fetch_dest":"empty","sec_fetch_mode":"cors","sec_fetch_site":"same-origin","tenantid":"0d79b96ctrial","x_b3_spanid":"64926daa4b7a65c8","x_b3_traceid":"47d750ccfe394dd864926daa4b7a65c8","x_cf_applicationid":"d9622003-7570-45ea-b8be-97c6305e4251","x_cf_instanceid":"9901b53b-a394-4a2d-4d11-7e49","x_cf_instanceindex":"0","x_cf_true_client_ip":"10.37.193.4","x_correlationid":"47d750cc-fe39-4dd8-6492-6daa4b7a65c8","x_forwarded_for":"152.57.234.150, 10.0.72.3, 10.37.193.4, 10.0.136.3","x_forwarded_host":"0d79b96ctrial-dev-com-smartprocurex-smartprocurexui.cfapps.us10-003.hana.ondemand.com","x_forwarded_path":"/odata/v4/identity/Departments","x_forwarded_proto":"https","x_request_start":"1785656852936","x_scp_request_id":"2d867c7a-1a4b-4a96-b81b-e01f4cc4b15e-6A6EF614-1C014C","x_vcap_request_id":"47d750cc-fe39-4dd8-6492-6daa4b7a65c8","request_id":"47d750cc-fe39-4dd8-6492-6daa4b7a65c8","x_correlation_id":"47d750cc-fe39-4dd8-6492-6daa4b7a65c8","timestamp":"2026-08-02T07:47:33.956Z","layer":"cds","component_type":"application","container_id":"10.37.130.4","component_id":"d9622003-7570-45ea-b8be-97c6305e4251","component_name":"SmartProcureX-srv","component_instance":0,"source_instance":0,"organization_name":"0d79b96ctrial","organization_id":"e8159873-0fc0-4477-a4f9-3c43fdb65fe4","space_name":"dev","space_id":"0628b1b5-c14d-4a0a-abf9-843360b5d7c0","tenant_subdomain":"0d79b96ctrial","msg":"500 - Error: Pool resource could not be acquired within 1s\n    at /home/vcap/app/node_modules/@cap-js/db-service/lib/common/generic-pool.js:71:21\n    at new Promise (<anonymous>)\n    at new Request (/home/vcap/app/node_modules/@cap-js/db-service/lib/common/generic-pool.js:59:20)\n    at Pool.acquire (/home/vcap/app/node_modules/@cap-js/db-service/lib/common/generic-pool.js:141:21)\n    at HANAService.acquire (/home/vcap/app/node_modules/@cap-js/db-service/lib/common/DatabaseService.js:106:28)\n    at HANAService.begin (/home/vcap/app/node_modules/@cap-js/db-service/lib/common/DatabaseService.js:66:27)\n    at HANAService._begin [as dispatch] (/home/vcap/app/node_modules/@sap/cds/lib/srv/srv-tx.js:195:38)\n    at /home/vcap/app/node_modules/@sap/cds/lib/srv/srv-dispatch.js:20:50\n    at HANAService.run (/home/vcap/app/node_modules/@sap/cds/lib/srv/cds.Service.js:171:44)\n    at HANAService.run (/home/vcap/app/node_modules/@cap-js/db-service/lib/common/DatabaseService.js:158:18) {\n  status: 500,\n  code: '500'\n}","type":"log"} (STDERR, APP/PROC/WEB)#
#2026 08 02 07:55:17.552#Z#DEBUG#6828ea62-8e47-11f1-a22d-eeee0a847462.SmartProcureX-srv#flowable-async-job-executor-thread-2161#
[PollStartAppStatusExecution] d9622003-7570-45ea-b8be-97c6305e4251 [2026-08-02T07:47:33.957406] 0d79b96ctrial-dev-smartprocurex-srv.cfapps.us10-003.hana.ondemand.com - [2026-08-02T07:47:32.952150819Z] "GET /odata/v4/identity/Users HTTP/1.1" 500 0 58 "https://0d79b96ctrial-dev-com-smartprocurex-smartprocurexui.cfapps.us10-003.hana.ondemand.com/index.html" "Mozilla/5.0 (Windows NT 10.0; Win64; x64) AppleWebKit/537.36 (KHTML, like Gecko) Chrome/151.0.0.0 Safari/537.36" "10.0.200.3:38508" "10.37.130.4:61016" x_forwarded_for:"152.57.234.150, 10.0.72.3, 10.37.193.4, 10.0.200.3" x_forwarded_proto:"https" vcap_request_id:"30ad37fa-38f0-4b6c-644e-0e52ba86d315" response_time:1.005122 gorouter_time:0.000064 app_id:"d9622003-7570-45ea-b8be-97c6305e4251" app_index:"0" instance_id:"9901b53b-a394-4a2d-4d11-7e49" failed_attempts:0 failed_attempts_time:"-" dns_time:0.000000 dial_time:0.000000 tls_time:0.000000 backend_time:1.005058 local_address:"10.0.193.9:48496" x_cf_routererror:"-" x_correlationid:"30ad37fa-38f0-4b6c-644e-0e52ba86d315" tenantid:"0d79b96ctrial" sap_passport:"-" x_scp_request_id:"9aa5315b-a820-4309-8a47-2bd2b99a37a3-6A6EF614-1C3B93" x_cf_app_instance:"-" x_forwarded_host:"0d79b96ctrial-dev-com-smartprocurex-smartprocurexui.cfapps.us10-003.hana.ondemand.com" x_custom_host:"-" x_ssl_client:"-" x_ssl_client_session_id:"-" x_ssl_client_verify:"-" x_ssl_client_subject_dn:"-" x_ssl_client_subject_cn:"-" x_ssl_client_issuer_dn:"-" x_ssl_client_notbefore:"-" x_ssl_client_notafter:"-" x_cf_forwarded_url:"-" traceparent:"-" true_client_ip:"-" x_cf_true_client_ip:"10.37.193.4" x_request_id:"-" x_b3_traceid:"30ad37fa38f04b6c644e0e52ba86d315" x_b3_spanid:"644e0e52ba86d315" x_b3_parentspanid:"-" b3:"30ad37fa38f04b6c644e0e52ba86d315-644e0e52ba86d315" (STDOUT, RTR)#
#2026 08 02 07:55:17.552#Z#DEBUG#6828ea62-8e47-11f1-a22d-eeee0a847462.SmartProcureX-srv#flowable-async-job-executor-thread-2161#
[PollStartAppStatusExecution] d9622003-7570-45ea-b8be-97c6305e4251 [2026-08-02T07:47:33.957663] 0d79b96ctrial-dev-smartprocurex-srv.cfapps.us10-003.hana.ondemand.com - [2026-08-02T07:47:32.954566695Z] "GET /odata/v4/identity/Departments HTTP/1.1" 500 0 58 "https://0d79b96ctrial-dev-com-smartprocurex-smartprocurexui.cfapps.us10-003.hana.ondemand.com/index.html" "Mozilla/5.0 (Windows NT 10.0; Win64; x64) AppleWebKit/537.36 (KHTML, like Gecko) Chrome/151.0.0.0 Safari/537.36" "10.0.136.3:56626" "10.37.130.4:61016" x_forwarded_for:"152.57.234.150, 10.0.72.3, 10.37.193.4, 10.0.136.3" x_forwarded_proto:"https" vcap_request_id:"47d750cc-fe39-4dd8-6492-6daa4b7a65c8" response_time:1.002875 gorouter_time:0.000094 app_id:"d9622003-7570-45ea-b8be-97c6305e4251" app_index:"0" instance_id:"9901b53b-a394-4a2d-4d11-7e49" failed_attempts:0 failed_attempts_time:"-" dns_time:0.000000 dial_time:0.000000 tls_time:0.000000 backend_time:1.002781 local_address:"10.0.129.9:56786" x_cf_routererror:"-" x_correlationid:"47d750cc-fe39-4dd8-6492-6daa4b7a65c8" tenantid:"0d79b96ctrial" sap_passport:"-" x_scp_request_id:"2d867c7a-1a4b-4a96-b81b-e01f4cc4b15e-6A6EF614-1C014C" x_cf_app_instance:"-" x_forwarded_host:"0d79b96ctrial-dev-com-smartprocurex-smartprocurexui.cfapps.us10-003.hana.ondemand.com" x_custom_host:"-" x_ssl_client:"-" x_ssl_client_session_id:"-" x_ssl_client_verify:"-" x_ssl_client_subject_dn:"-" x_ssl_client_subject_cn:"-" x_ssl_client_issuer_dn:"-" x_ssl_client_notbefore:"-" x_ssl_client_notafter:"-" x_cf_forwarded_url:"-" traceparent:"-" true_client_ip:"-" x_cf_true_client_ip:"10.37.193.4" x_request_id:"-" x_b3_traceid:"47d750ccfe394dd864926daa4b7a65c8" x_b3_spanid:"64926daa4b7a65c8" x_b3_parentspanid:"-" b3:"47d750ccfe394dd864926daa4b7a65c8-64926daa4b7a65c8" (STDOUT, RTR)#
#2026 08 02 07:55:17.552#Z#DEBUG#6828ea62-8e47-11f1-a22d-eeee0a847462.SmartProcureX-srv#flowable-async-job-executor-thread-2161#
[PollStartAppStatusExecution] d9622003-7570-45ea-b8be-97c6305e4251 [2026-08-02T07:49:26.804431] {"level":"info","logger":"odata","correlation_id":"91f2328a-cbb3-4167-7f74-6943453ea644","tenant_id":"5590af3c-9485-44fe-975e-4b748861d2ff","host":"0d79b96ctrial-dev-smartprocurex-srv.cfapps.us10-003.hana.ondemand.com","user_agent":"Mozilla/5.0 (Windows NT 10.0; Win64; x64) AppleWebKit/537.36 (KHTML, like Gecko) Chrome/151.0.0.0 Safari/537.36","accept":"*/*","accept_encoding":"gzip, deflate, br, zstd","accept_language":"en-US","authorization":"***","b3":"91f2328acbb341677f746943453ea644-7f746943453ea644","cookie":"***","priority":"u=1, i","referer":"https://0d79b96ctrial-dev-com-smartprocurex-smartprocurexui.cfapps.us10-003.hana.ondemand.com/index.html","sec_ch_ua":"\"Not=A?Brand\";v=\"99\", \"Google Chrome\";v=\"151\", \"Chromium\";v=\"151\"","sec_ch_ua_mobile":"?0","sec_ch_ua_platform":"\"Windows\"","sec_fetch_dest":"empty","sec_fetch_mode":"cors","sec_fetch_site":"same-origin","tenantid":"0d79b96ctrial","x_b3_spanid":"7f746943453ea644","x_b3_traceid":"91f2328acbb341677f746943453ea644","x_cf_applicationid":"d9622003-7570-45ea-b8be-97c6305e4251","x_cf_instanceid":"9901b53b-a394-4a2d-4d11-7e49","x_cf_instanceindex":"0","x_cf_true_client_ip":"10.37.193.4","x_correlationid":"91f2328a-cbb3-4167-7f74-6943453ea644","x_csrf_token":"Fetch","x_forwarded_for":"152.57.234.150, 10.0.200.3, 10.37.193.4, 10.0.200.2","x_forwarded_host":"0d79b96ctrial-dev-com-smartprocurex-smartprocurexui.cfapps.us10-003.hana.ondemand.com","x_forwarded_path":"/odata/v4/procurement/","x_forwarded_proto":"https","x_request_start":"1785656966775","x_requested_with":"XMLHttpRequest","x_scp_request_id":"ed68c315-3eeb-4471-9fdc-9dc1d1fc79cc-6A6EF686-1BE48A","x_vcap_request_id":"91f2328a-cbb3-4167-7f74-6943453ea644","request_id":"91f2328a-cbb3-4167-7f74-6943453ea644","x_correlation_id":"91f2328a-cbb3-4167-7f74-6943453ea644","timestamp":"2026-08-02T07:49:26.804Z","layer":"cds","component_type":"application","container_id":"10.37.130.4","component_id":"d9622003-7570-45ea-b8be-97c6305e4251","component_name":"SmartProcureX-srv","component_instance":0,"source_instance":0,"organization_name":"0d79b96ctrial","organization_id":"e8159873-0fc0-4477-a4f9-3c43fdb65fe4","space_name":"dev","space_id":"0628b1b5-c14d-4a0a-abf9-843360b5d7c0","tenant_subdomain":"0d79b96ctrial","msg":"HEAD /odata/v4/procurement/ ","type":"log"} (STDOUT, APP/PROC/WEB)#
#2026 08 02 07:55:17.552#Z#DEBUG#6828ea62-8e47-11f1-a22d-eeee0a847462.SmartProcureX-srv#flowable-async-job-executor-thread-2161#
[PollStartAppStatusExecution] d9622003-7570-45ea-b8be-97c6305e4251 [2026-08-02T07:49:26.805748] 0d79b96ctrial-dev-smartprocurex-srv.cfapps.us10-003.hana.ondemand.com - [2026-08-02T07:49:26.793738394Z] "HEAD /odata/v4/procurement/ HTTP/1.1" 200 0 0 "https://0d79b96ctrial-dev-com-smartprocurex-smartprocurexui.cfapps.us10-003.hana.ondemand.com/index.html" "Mozilla/5.0 (Windows NT 10.0; Win64; x64) AppleWebKit/537.36 (KHTML, like Gecko) Chrome/151.0.0.0 Safari/537.36" "10.0.200.2:57130" "10.37.130.4:61016" x_forwarded_for:"152.57.234.150, 10.0.200.3, 10.37.193.4, 10.0.200.2" x_forwarded_proto:"https" vcap_request_id:"91f2328a-cbb3-4167-7f74-6943453ea644" response_time:0.011831 gorouter_time:0.000048 app_id:"d9622003-7570-45ea-b8be-97c6305e4251" app_index:"0" instance_id:"9901b53b-a394-4a2d-4d11-7e49" failed_attempts:0 failed_attempts_time:"-" dns_time:0.000000 dial_time:0.001141 tls_time:0.007779 backend_time:0.011784 local_address:"10.0.193.8:36814" x_cf_routererror:"-" x_correlationid:"91f2328a-cbb3-4167-7f74-6943453ea644" tenantid:"0d79b96ctrial" sap_passport:"-" x_scp_request_id:"ed68c315-3eeb-4471-9fdc-9dc1d1fc79cc-6A6EF686-1BE48A" x_cf_app_instance:"-" x_forwarded_host:"0d79b96ctrial-dev-com-smartprocurex-smartprocurexui.cfapps.us10-003.hana.ondemand.com" x_custom_host:"-" x_ssl_client:"-" x_ssl_client_session_id:"-" x_ssl_client_verify:"-" x_ssl_client_subject_dn:"-" x_ssl_client_subject_cn:"-" x_ssl_client_issuer_dn:"-" x_ssl_client_notbefore:"-" x_ssl_client_notafter:"-" x_cf_forwarded_url:"-" traceparent:"-" true_client_ip:"-" x_cf_true_client_ip:"10.37.193.4" x_request_id:"-" x_b3_traceid:"91f2328acbb341677f746943453ea644" x_b3_spanid:"7f746943453ea644" x_b3_parentspanid:"-" b3:"91f2328acbb341677f746943453ea644-7f746943453ea644" (STDOUT, RTR)#
#2026 08 02 07:55:17.552#Z#DEBUG#6828ea62-8e47-11f1-a22d-eeee0a847462.SmartProcureX-srv#flowable-async-job-executor-thread-2161#
[PollStartAppStatusExecution] d9622003-7570-45ea-b8be-97c6305e4251 [2026-08-02T07:49:26.806920] {"level":"info","logger":"odata","correlation_id":"8c0e7727-8ed1-4237-5361-5335e8686990","tenant_id":"5590af3c-9485-44fe-975e-4b748861d2ff","host":"0d79b96ctrial-dev-smartprocurex-srv.cfapps.us10-003.hana.ondemand.com","user_agent":"Mozilla/5.0 (Windows NT 10.0; Win64; x64) AppleWebKit/537.36 (KHTML, like Gecko) Chrome/151.0.0.0 Safari/537.36","accept":"*/*","accept_encoding":"gzip, deflate, br, zstd","accept_language":"en-US","authorization":"***","b3":"8c0e77278ed1423753615335e8686990-53615335e8686990","cookie":"***","if_none_match":"W/\"NoCaKBlsTAo/pE0+BZ/oYR8zpX0jOra+mrs7IIi6h68=\"","priority":"u=1, i","referer":"https://0d79b96ctrial-dev-com-smartprocurex-smartprocurexui.cfapps.us10-003.hana.ondemand.com/index.html","sec_ch_ua":"\"Not=A?Brand\";v=\"99\", \"Google Chrome\";v=\"151\", \"Chromium\";v=\"151\"","sec_ch_ua_mobile":"?0","sec_ch_ua_platform":"\"Windows\"","sec_fetch_dest":"empty","sec_fetch_mode":"cors","sec_fetch_site":"same-origin","tenantid":"0d79b96ctrial","x_b3_spanid":"53615335e8686990","x_b3_traceid":"8c0e77278ed1423753615335e8686990","x_cf_applicationid":"d9622003-7570-45ea-b8be-97c6305e4251","x_cf_instanceid":"9901b53b-a394-4a2d-4d11-7e49","x_cf_instanceindex":"0","x_cf_true_client_ip":"10.37.193.4","x_correlationid":"8c0e7727-8ed1-4237-5361-5335e8686990","x_forwarded_for":"152.57.234.150, 10.0.200.3, 10.37.193.4, 10.0.200.3","x_forwarded_host":"0d79b96ctrial-dev-com-smartprocurex-smartprocurexui.cfapps.us10-003.hana.ondemand.com","x_forwarded_path":"/odata/v4/procurement/$metadata","x_forwarded_proto":"https","x_request_start":"1785656966773","x_requested_with":"XMLHttpRequest","x_scp_request_id":"9aa5315b-a820-4309-8a47-2bd2b99a37a3-6A6EF686-1C3E40","x_vcap_request_id":"8c0e7727-8ed1-4237-5361-5335e8686990","request_id":"8c0e7727-8ed1-4237-5361-5335e8686990","x_correlation_id":"8c0e7727-8ed1-4237-5361-5335e8686990","timestamp":"2026-08-02T07:49:26.806Z","layer":"cds","component_type":"application","container_id":"10.37.130.4","component_id":"d9622003-7570-45ea-b8be-97c6305e4251","component_name":"SmartProcureX-srv","component_instance":0,"source_instance":0,"organization_name":"0d79b96ctrial","organization_id":"e8159873-0fc0-4477-a4f9-3c43fdb65fe4","space_name":"dev","space_id":"0628b1b5-c14d-4a0a-abf9-843360b5d7c0","tenant_subdomain":"0d79b96ctrial","msg":"GET /odata/v4/procurement/$metadata { 'sap-language': 'EN' }","type":"log"} (STDOUT, APP/PROC/WEB)#
#2026 08 02 07:55:17.552#Z#DEBUG#6828ea62-8e47-11f1-a22d-eeee0a847462.SmartProcureX-srv#flowable-async-job-executor-thread-2161#
[PollStartAppStatusExecution] d9622003-7570-45ea-b8be-97c6305e4251 [2026-08-02T07:49:26.809827] {"level":"info","logger":"odata","correlation_id":"875afd51-8801-4b0f-698f-fff8c22f5483","tenant_id":"5590af3c-9485-44fe-975e-4b748861d2ff","host":"0d79b96ctrial-dev-smartprocurex-srv.cfapps.us10-003.hana.ondemand.com","user_agent":"Mozilla/5.0 (Windows NT 10.0; Win64; x64) AppleWebKit/537.36 (KHTML, like Gecko) Chrome/151.0.0.0 Safari/537.36","accept":"*/*","accept_encoding":"gzip, deflate, br, zstd","accept_language":"en-US","authorization":"***","b3":"875afd5188014b0f698ffff8c22f5483-698ffff8c22f5483","cookie":"***","if_none_match":"W/\"TzIwEMPeKzfvIlNeEHEa0L8tCcT0HSsQIXFasv1PgOY=\"","priority":"u=1, i","referer":"https://0d79b96ctrial-dev-com-smartprocurex-smartprocurexui.cfapps.us10-003.hana.ondemand.com/index.html","sec_ch_ua":"\"Not=A?Brand\";v=\"99\", \"Google Chrome\";v=\"151\", \"Chromium\";v=\"151\"","sec_ch_ua_mobile":"?0","sec_ch_ua_platform":"\"Windows\"","sec_fetch_dest":"empty","sec_fetch_mode":"cors","sec_fetch_site":"same-origin","tenantid":"0d79b96ctrial","x_b3_spanid":"698ffff8c22f5483","x_b3_traceid":"875afd5188014b0f698ffff8c22f5483","x_cf_applicationid":"d9622003-7570-45ea-b8be-97c6305e4251","x_cf_instanceid":"9901b53b-a394-4a2d-4d11-7e49","x_cf_instanceindex":"0","x_cf_true_client_ip":"10.37.193.4","x_correlationid":"875afd51-8801-4b0f-698f-fff8c22f5483","x_forwarded_for":"152.57.234.150, 10.0.200.3, 10.37.193.4, 10.0.200.0","x_forwarded_host":"0d79b96ctrial-dev-com-smartprocurex-smartprocurexui.cfapps.us10-003.hana.ondemand.com","x_forwarded_path":"/odata/v4/supplier/$metadata","x_forwarded_proto":"https","x_request_start":"1785656966774","x_requested_with":"XMLHttpRequest","x_scp_request_id":"8b3a38ad-b837-4495-bf5b-66c85e07a4db-6A6EF686-1BC2B8","x_vcap_request_id":"875afd51-8801-4b0f-698f-fff8c22f5483","request_id":"875afd51-8801-4b0f-698f-fff8c22f5483","x_correlation_id":"875afd51-8801-4b0f-698f-fff8c22f5483","timestamp":"2026-08-02T07:49:26.809Z","layer":"cds","component_type":"application","container_id":"10.37.130.4","component_id":"d9622003-7570-45ea-b8be-97c6305e4251","component_name":"SmartProcureX-srv","component_instance":0,"source_instance":0,"organization_name":"0d79b96ctrial","organization_id":"e8159873-0fc0-4477-a4f9-3c43fdb65fe4","space_name":"dev","space_id":"0628b1b5-c14d-4a0a-abf9-843360b5d7c0","tenant_subdomain":"0d79b96ctrial","msg":"GET /odata/v4/supplier/$metadata { 'sap-language': 'EN' }","type":"log"} (STDOUT, APP/PROC/WEB)#
#2026 08 02 07:55:17.552#Z#DEBUG#6828ea62-8e47-11f1-a22d-eeee0a847462.SmartProcureX-srv#flowable-async-job-executor-thread-2161#
[PollStartAppStatusExecution] d9622003-7570-45ea-b8be-97c6305e4251 [2026-08-02T07:49:26.810659] 0d79b96ctrial-dev-smartprocurex-srv.cfapps.us10-003.hana.ondemand.com - [2026-08-02T07:49:26.799998986Z] "GET /odata/v4/supplier/$metadata?sap-language=EN HTTP/1.1" 304 0 0 "https://0d79b96ctrial-dev-com-smartprocurex-smartprocurexui.cfapps.us10-003.hana.ondemand.com/index.html" "Mozilla/5.0 (Windows NT 10.0; Win64; x64) AppleWebKit/537.36 (KHTML, like Gecko) Chrome/151.0.0.0 Safari/537.36" "10.0.200.0:61192" "10.37.130.4:61016" x_forwarded_for:"152.57.234.150, 10.0.200.3, 10.37.193.4, 10.0.200.0" x_forwarded_proto:"https" vcap_request_id:"875afd51-8801-4b0f-698f-fff8c22f5483" response_time:0.010553 gorouter_time:0.000052 app_id:"d9622003-7570-45ea-b8be-97c6305e4251" app_index:"0" instance_id:"9901b53b-a394-4a2d-4d11-7e49" failed_attempts:0 failed_attempts_time:"-" dns_time:0.000000 dial_time:0.001091 tls_time:0.007181 backend_time:0.010501 local_address:"10.0.193.9:12258" x_cf_routererror:"-" x_correlationid:"875afd51-8801-4b0f-698f-fff8c22f5483" tenantid:"0d79b96ctrial" sap_passport:"-" x_scp_request_id:"8b3a38ad-b837-4495-bf5b-66c85e07a4db-6A6EF686-1BC2B8" x_cf_app_instance:"-" x_forwarded_host:"0d79b96ctrial-dev-com-smartprocurex-smartprocurexui.cfapps.us10-003.hana.ondemand.com" x_custom_host:"-" x_ssl_client:"-" x_ssl_client_session_id:"-" x_ssl_client_verify:"-" x_ssl_client_subject_dn:"-" x_ssl_client_subject_cn:"-" x_ssl_client_issuer_dn:"-" x_ssl_client_notbefore:"-" x_ssl_client_notafter:"-" x_cf_forwarded_url:"-" traceparent:"-" true_client_ip:"-" x_cf_true_client_ip:"10.37.193.4" x_request_id:"-" x_b3_traceid:"875afd5188014b0f698ffff8c22f5483" x_b3_spanid:"698ffff8c22f5483" x_b3_parentspanid:"-" b3:"875afd5188014b0f698ffff8c22f5483-698ffff8c22f5483" (STDOUT, RTR)#
#2026 08 02 07:55:17.552#Z#DEBUG#6828ea62-8e47-11f1-a22d-eeee0a847462.SmartProcureX-srv#flowable-async-job-executor-thread-2161#
[PollStartAppStatusExecution] d9622003-7570-45ea-b8be-97c6305e4251 [2026-08-02T07:49:26.810930] 0d79b96ctrial-dev-smartprocurex-srv.cfapps.us10-003.hana.ondemand.com - [2026-08-02T07:49:26.797941101Z] "GET /odata/v4/procurement/$metadata?sap-language=EN HTTP/1.1" 304 0 0 "https://0d79b96ctrial-dev-com-smartprocurex-smartprocurexui.cfapps.us10-003.hana.ondemand.com/index.html" "Mozilla/5.0 (Windows NT 10.0; Win64; x64) AppleWebKit/537.36 (KHTML, like Gecko) Chrome/151.0.0.0 Safari/537.36" "10.0.200.3:64266" "10.37.130.4:61016" x_forwarded_for:"152.57.234.150, 10.0.200.3, 10.37.193.4, 10.0.200.3" x_forwarded_proto:"https" vcap_request_id:"8c0e7727-8ed1-4237-5361-5335e8686990" response_time:0.012885 gorouter_time:0.000031 app_id:"d9622003-7570-45ea-b8be-97c6305e4251" app_index:"0" instance_id:"9901b53b-a394-4a2d-4d11-7e49" failed_attempts:0 failed_attempts_time:"-" dns_time:0.000000 dial_time:0.004811 tls_time:0.007850 backend_time:0.012854 local_address:"10.0.193.8:36814" x_cf_routererror:"-" x_correlationid:"8c0e7727-8ed1-4237-5361-5335e8686990" tenantid:"0d79b96ctrial" sap_passport:"-" x_scp_request_id:"9aa5315b-a820-4309-8a47-2bd2b99a37a3-6A6EF686-1C3E40" x_cf_app_instance:"-" x_forwarded_host:"0d79b96ctrial-dev-com-smartprocurex-smartprocurexui.cfapps.us10-003.hana.ondemand.com" x_custom_host:"-" x_ssl_client:"-" x_ssl_client_session_id:"-" x_ssl_client_verify:"-" x_ssl_client_subject_dn:"-" x_ssl_client_subject_cn:"-" x_ssl_client_issuer_dn:"-" x_ssl_client_notbefore:"-" x_ssl_client_notafter:"-" x_cf_forwarded_url:"-" traceparent:"-" true_client_ip:"-" x_cf_true_client_ip:"10.37.193.4" x_request_id:"-" x_b3_traceid:"8c0e77278ed1423753615335e8686990" x_b3_spanid:"53615335e8686990" x_b3_parentspanid:"-" b3:"8c0e77278ed1423753615335e8686990-53615335e8686990" (STDOUT, RTR)#
#2026 08 02 07:55:17.552#Z#DEBUG#6828ea62-8e47-11f1-a22d-eeee0a847462.SmartProcureX-srv#flowable-async-job-executor-thread-2161#
[PollStartAppStatusExecution] d9622003-7570-45ea-b8be-97c6305e4251 [2026-08-02T07:49:26.811991] {"level":"info","logger":"odata","correlation_id":"1341f1e7-2029-48c7-66f5-e4fdaaaf4faa","tenant_id":"5590af3c-9485-44fe-975e-4b748861d2ff","host":"0d79b96ctrial-dev-smartprocurex-srv.cfapps.us10-003.hana.ondemand.com","user_agent":"Mozilla/5.0 (Windows NT 10.0; Win64; x64) AppleWebKit/537.36 (KHTML, like Gecko) Chrome/151.0.0.0 Safari/537.36","accept":"*/*","accept_encoding":"gzip, deflate, br, zstd","accept_language":"en-US","authorization":"***","b3":"1341f1e7202948c766f5e4fdaaaf4faa-66f5e4fdaaaf4faa","cookie":"***","priority":"u=1, i","referer":"https://0d79b96ctrial-dev-com-smartprocurex-smartprocurexui.cfapps.us10-003.hana.ondemand.com/index.html","sec_ch_ua":"\"Not=A?Brand\";v=\"99\", \"Google Chrome\";v=\"151\", \"Chromium\";v=\"151\"","sec_ch_ua_mobile":"?0","sec_ch_ua_platform":"\"Windows\"","sec_fetch_dest":"empty","sec_fetch_mode":"cors","sec_fetch_site":"same-origin","tenantid":"0d79b96ctrial","x_b3_spanid":"66f5e4fdaaaf4faa","x_b3_traceid":"1341f1e7202948c766f5e4fdaaaf4faa","x_cf_applicationid":"d9622003-7570-45ea-b8be-97c6305e4251","x_cf_instanceid":"9901b53b-a394-4a2d-4d11-7e49","x_cf_instanceindex":"0","x_cf_true_client_ip":"10.37.193.4","x_correlationid":"1341f1e7-2029-48c7-66f5-e4fdaaaf4faa","x_csrf_token":"Fetch","x_forwarded_for":"152.57.234.150, 10.0.200.3, 10.37.193.4, 10.0.200.0","x_forwarded_host":"0d79b96ctrial-dev-com-smartprocurex-smartprocurexui.cfapps.us10-003.hana.ondemand.com","x_forwarded_path":"/odata/v4/supplier/","x_forwarded_proto":"https","x_request_start":"1785656966776","x_requested_with":"XMLHttpRequest","x_scp_request_id":"8b3a38ad-b837-4495-bf5b-66c85e07a4db-6A6EF686-1BC2B9","x_vcap_request_id":"1341f1e7-2029-48c7-66f5-e4fdaaaf4faa","request_id":"1341f1e7-2029-48c7-66f5-e4fdaaaf4faa","x_correlation_id":"1341f1e7-2029-48c7-66f5-e4fdaaaf4faa","timestamp":"2026-08-02T07:49:26.811Z","layer":"cds","component_type":"application","container_id":"10.37.130.4","component_id":"d9622003-7570-45ea-b8be-97c6305e4251","component_name":"SmartProcureX-srv","component_instance":0,"source_instance":0,"organization_name":"0d79b96ctrial","organization_id":"e8159873-0fc0-4477-a4f9-3c43fdb65fe4","space_name":"dev","space_id":"0628b1b5-c14d-4a0a-abf9-843360b5d7c0","tenant_subdomain":"0d79b96ctrial","msg":"HEAD /odata/v4/supplier/ ","type":"log"} (STDOUT, APP/PROC/WEB)#
#2026 08 02 07:55:17.552#Z#DEBUG#6828ea62-8e47-11f1-a22d-eeee0a847462.SmartProcureX-srv#flowable-async-job-executor-thread-2161#
[PollStartAppStatusExecution] d9622003-7570-45ea-b8be-97c6305e4251 [2026-08-02T07:49:26.812838] 0d79b96ctrial-dev-smartprocurex-srv.cfapps.us10-003.hana.ondemand.com - [2026-08-02T07:49:26.802859745Z] "HEAD /odata/v4/supplier/ HTTP/1.1" 200 0 0 "https://0d79b96ctrial-dev-com-smartprocurex-smartprocurexui.cfapps.us10-003.hana.ondemand.com/index.html" "Mozilla/5.0 (Windows NT 10.0; Win64; x64) AppleWebKit/537.36 (KHTML, like Gecko) Chrome/151.0.0.0 Safari/537.36" "10.0.200.0:61466" "10.37.130.4:61016" x_forwarded_for:"152.57.234.150, 10.0.200.3, 10.37.193.4, 10.0.200.0" x_forwarded_proto:"https" vcap_request_id:"1341f1e7-2029-48c7-66f5-e4fdaaaf4faa" response_time:0.009860 gorouter_time:0.000032 app_id:"d9622003-7570-45ea-b8be-97c6305e4251" app_index:"0" instance_id:"9901b53b-a394-4a2d-4d11-7e49" failed_attempts:0 failed_attempts_time:"-" dns_time:0.000000 dial_time:0.001049 tls_time:"-" backend_time:0.009827 local_address:"10.0.193.8:36818" x_cf_routererror:"-" x_correlationid:"1341f1e7-2029-48c7-66f5-e4fdaaaf4faa" tenantid:"0d79b96ctrial" sap_passport:"-" x_scp_request_id:"8b3a38ad-b837-4495-bf5b-66c85e07a4db-6A6EF686-1BC2B9" x_cf_app_instance:"-" x_forwarded_host:"0d79b96ctrial-dev-com-smartprocurex-smartprocurexui.cfapps.us10-003.hana.ondemand.com" x_custom_host:"-" x_ssl_client:"-" x_ssl_client_session_id:"-" x_ssl_client_verify:"-" x_ssl_client_subject_dn:"-" x_ssl_client_subject_cn:"-" x_ssl_client_issuer_dn:"-" x_ssl_client_notbefore:"-" x_ssl_client_notafter:"-" x_cf_forwarded_url:"-" traceparent:"-" true_client_ip:"-" x_cf_true_client_ip:"10.37.193.4" x_request_id:"-" x_b3_traceid:"1341f1e7202948c766f5e4fdaaaf4faa" x_b3_spanid:"66f5e4fdaaaf4faa" x_b3_parentspanid:"-" b3:"1341f1e7202948c766f5e4fdaaaf4faa-66f5e4fdaaaf4faa" (STDOUT, RTR)#
#2026 08 02 07:55:17.552#Z#DEBUG#6828ea62-8e47-11f1-a22d-eeee0a847462.SmartProcureX-srv#flowable-async-job-executor-thread-2161#
[PollStartAppStatusExecution] d9622003-7570-45ea-b8be-97c6305e4251 [2026-08-02T07:49:26.832870] {"level":"info","logger":"odata","correlation_id":"31db0738-6f4c-4367-4e1a-3b4652645137","tenant_id":"5590af3c-9485-44fe-975e-4b748861d2ff","host":"0d79b96ctrial-dev-smartprocurex-srv.cfapps.us10-003.hana.ondemand.com","user_agent":"Mozilla/5.0 (Windows NT 10.0; Win64; x64) AppleWebKit/537.36 (KHTML, like Gecko) Chrome/151.0.0.0 Safari/537.36","accept":"*/*","accept_encoding":"gzip, deflate, br, zstd","accept_language":"en-US,en;q=0.9","authorization":"***","b3":"31db07386f4c43674e1a3b4652645137-4e1a3b4652645137","cookie":"***","priority":"u=1, i","referer":"https://0d79b96ctrial-dev-com-smartprocurex-smartprocurexui.cfapps.us10-003.hana.ondemand.com/index.html","sec_ch_ua":"\"Not=A?Brand\";v=\"99\", \"Google Chrome\";v=\"151\", \"Chromium\";v=\"151\"","sec_ch_ua_mobile":"?0","sec_ch_ua_platform":"\"Windows\"","sec_fetch_dest":"empty","sec_fetch_mode":"cors","sec_fetch_site":"same-origin","tenantid":"0d79b96ctrial","x_b3_spanid":"4e1a3b4652645137","x_b3_traceid":"31db07386f4c43674e1a3b4652645137","x_cf_applicationid":"d9622003-7570-45ea-b8be-97c6305e4251","x_cf_instanceid":"9901b53b-a394-4a2d-4d11-7e49","x_cf_instanceindex":"0","x_cf_true_client_ip":"10.37.193.4","x_correlationid":"31db0738-6f4c-4367-4e1a-3b4652645137","x_forwarded_for":"152.57.234.150, 10.0.200.3, 10.37.193.4, 10.0.200.2","x_forwarded_host":"0d79b96ctrial-dev-com-smartprocurex-smartprocurexui.cfapps.us10-003.hana.ondemand.com","x_forwarded_path":"/odata/v4/identity/Users","x_forwarded_proto":"https","x_request_start":"1785656966828","x_scp_request_id":"ed68c315-3eeb-4471-9fdc-9dc1d1fc79cc-6A6EF686-1BE48B","x_vcap_request_id":"31db0738-6f4c-4367-4e1a-3b4652645137","request_id":"31db0738-6f4c-4367-4e1a-3b4652645137","x_correlation_id":"31db0738-6f4c-4367-4e1a-3b4652645137","timestamp":"2026-08-02T07:49:26.832Z","layer":"cds","component_type":"application","container_id":"10.37.130.4","component_id":"d9622003-7570-45ea-b8be-97c6305e4251","component_name":"SmartProcureX-srv","component_instance":0,"source_instance":0,"organization_name":"0d79b96ctrial","organization_id":"e8159873-0fc0-4477-a4f9-3c43fdb65fe4","space_name":"dev","space_id":"0628b1b5-c14d-4a0a-abf9-843360b5d7c0","tenant_subdomain":"0d79b96ctrial","msg":"GET /odata/v4/identity/Users ","type":"log"} (STDOUT, APP/PROC/WEB)#
#2026 08 02 07:55:17.552#Z#DEBUG#6828ea62-8e47-11f1-a22d-eeee0a847462.SmartProcureX-srv#flowable-async-job-executor-thread-2161#
[PollStartAppStatusExecution] d9622003-7570-45ea-b8be-97c6305e4251 [2026-08-02T07:49:26.845786] {"level":"info","logger":"odata","correlation_id":"81c78d1b-5c1a-4f41-53d9-a86a412366c1","tenant_id":"5590af3c-9485-44fe-975e-4b748861d2ff","host":"0d79b96ctrial-dev-smartprocurex-srv.cfapps.us10-003.hana.ondemand.com","user_agent":"Mozilla/5.0 (Windows NT 10.0; Win64; x64) AppleWebKit/537.36 (KHTML, like Gecko) Chrome/151.0.0.0 Safari/537.36","accept":"*/*","accept_encoding":"gzip, deflate, br, zstd","accept_language":"en-US,en;q=0.9","authorization":"***","b3":"81c78d1b5c1a4f4153d9a86a412366c1-53d9a86a412366c1","cookie":"***","priority":"u=1, i","referer":"https://0d79b96ctrial-dev-com-smartprocurex-smartprocurexui.cfapps.us10-003.hana.ondemand.com/index.html","sec_ch_ua":"\"Not=A?Brand\";v=\"99\", \"Google Chrome\";v=\"151\", \"Chromium\";v=\"151\"","sec_ch_ua_mobile":"?0","sec_ch_ua_platform":"\"Windows\"","sec_fetch_dest":"empty","sec_fetch_mode":"cors","sec_fetch_site":"same-origin","tenantid":"0d79b96ctrial","x_b3_spanid":"53d9a86a412366c1","x_b3_traceid":"81c78d1b5c1a4f4153d9a86a412366c1","x_cf_applicationid":"d9622003-7570-45ea-b8be-97c6305e4251","x_cf_instanceid":"9901b53b-a394-4a2d-4d11-7e49","x_cf_instanceindex":"0","x_cf_true_client_ip":"10.37.193.4","x_correlationid":"81c78d1b-5c1a-4f41-53d9-a86a412366c1","x_forwarded_for":"152.57.234.150, 10.0.200.3, 10.37.193.4, 10.0.200.0","x_forwarded_host":"0d79b96ctrial-dev-com-smartprocurex-smartprocurexui.cfapps.us10-003.hana.ondemand.com","x_forwarded_path":"/odata/v4/identity/Departments","x_forwarded_proto":"https","x_request_start":"1785656966833","x_scp_request_id":"8b3a38ad-b837-4495-bf5b-66c85e07a4db-6A6EF686-1BC2BA","x_vcap_request_id":"81c78d1b-5c1a-4f41-53d9-a86a412366c1","request_id":"81c78d1b-5c1a-4f41-53d9-a86a412366c1","x_correlation_id":"81c78d1b-5c1a-4f41-53d9-a86a412366c1","timestamp":"2026-08-02T07:49:26.845Z","layer":"cds","component_type":"application","container_id":"10.37.130.4","component_id":"d9622003-7570-45ea-b8be-97c6305e4251","component_name":"SmartProcureX-srv","component_instance":0,"source_instance":0,"organization_name":"0d79b96ctrial","organization_id":"e8159873-0fc0-4477-a4f9-3c43fdb65fe4","space_name":"dev","space_id":"0628b1b5-c14d-4a0a-abf9-843360b5d7c0","tenant_subdomain":"0d79b96ctrial","msg":"GET /odata/v4/identity/Departments ","type":"log"} (STDOUT, APP/PROC/WEB)#
#2026 08 02 07:55:17.552#Z#DEBUG#6828ea62-8e47-11f1-a22d-eeee0a847462.SmartProcureX-srv#flowable-async-job-executor-thread-2161#
[PollStartAppStatusExecution] d9622003-7570-45ea-b8be-97c6305e4251 [2026-08-02T07:49:27.835392] {"level":"error","logger":"odata","correlation_id":"31db0738-6f4c-4367-4e1a-3b4652645137","tenant_id":"5590af3c-9485-44fe-975e-4b748861d2ff","host":"0d79b96ctrial-dev-smartprocurex-srv.cfapps.us10-003.hana.ondemand.com","user_agent":"Mozilla/5.0 (Windows NT 10.0; Win64; x64) AppleWebKit/537.36 (KHTML, like Gecko) Chrome/151.0.0.0 Safari/537.36","accept":"*/*","accept_encoding":"gzip, deflate, br, zstd","accept_language":"en-US,en;q=0.9","authorization":"***","b3":"31db07386f4c43674e1a3b4652645137-4e1a3b4652645137","cookie":"***","priority":"u=1, i","referer":"https://0d79b96ctrial-dev-com-smartprocurex-smartprocurexui.cfapps.us10-003.hana.ondemand.com/index.html","sec_ch_ua":"\"Not=A?Brand\";v=\"99\", \"Google Chrome\";v=\"151\", \"Chromium\";v=\"151\"","sec_ch_ua_mobile":"?0","sec_ch_ua_platform":"\"Windows\"","sec_fetch_dest":"empty","sec_fetch_mode":"cors","sec_fetch_site":"same-origin","tenantid":"0d79b96ctrial","x_b3_spanid":"4e1a3b4652645137","x_b3_traceid":"31db07386f4c43674e1a3b4652645137","x_cf_applicationid":"d9622003-7570-45ea-b8be-97c6305e4251","x_cf_instanceid":"9901b53b-a394-4a2d-4d11-7e49","x_cf_instanceindex":"0","x_cf_true_client_ip":"10.37.193.4","x_correlationid":"31db0738-6f4c-4367-4e1a-3b4652645137","x_forwarded_for":"152.57.234.150, 10.0.200.3, 10.37.193.4, 10.0.200.2","x_forwarded_host":"0d79b96ctrial-dev-com-smartprocurex-smartprocurexui.cfapps.us10-003.hana.ondemand.com","x_forwarded_path":"/odata/v4/identity/Users","x_forwarded_proto":"https","x_request_start":"1785656966828","x_scp_request_id":"ed68c315-3eeb-4471-9fdc-9dc1d1fc79cc-6A6EF686-1BE48B","x_vcap_request_id":"31db0738-6f4c-4367-4e1a-3b4652645137","request_id":"31db0738-6f4c-4367-4e1a-3b4652645137","x_correlation_id":"31db0738-6f4c-4367-4e1a-3b4652645137","timestamp":"2026-08-02T07:49:27.834Z","layer":"cds","component_type":"application","container_id":"10.37.130.4","component_id":"d9622003-7570-45ea-b8be-97c6305e4251","component_name":"SmartProcureX-srv","component_instance":0,"source_instance":0,"organization_name":"0d79b96ctrial","organization_id":"e8159873-0fc0-4477-a4f9-3c43fdb65fe4","space_name":"dev","space_id":"0628b1b5-c14d-4a0a-abf9-843360b5d7c0","tenant_subdomain":"0d79b96ctrial","msg":"500 - Error: Pool resource could not be acquired within 1s\n    at /home/vcap/app/node_modules/@cap-js/db-service/lib/common/generic-pool.js:71:21\n    at new Promise (<anonymous>)\n    at new Request (/home/vcap/app/node_modules/@cap-js/db-service/lib/common/generic-pool.js:59:20)\n    at Pool.acquire (/home/vcap/app/node_modules/@cap-js/db-service/lib/common/generic-pool.js:141:21)\n    at HANAService.acquire (/home/vcap/app/node_modules/@cap-js/db-service/lib/common/DatabaseService.js:106:28)\n    at HANAService.begin (/home/vcap/app/node_modules/@cap-js/db-service/lib/common/DatabaseService.js:66:27)\n    at HANAService._begin [as dispatch] (/home/vcap/app/node_modules/@sap/cds/lib/srv/srv-tx.js:195:38)\n    at /home/vcap/app/node_modules/@sap/cds/lib/srv/srv-dispatch.js:20:50\n    at HANAService.run (/home/vcap/app/node_modules/@sap/cds/lib/srv/cds.Service.js:171:44)\n    at HANAService.run (/home/vcap/app/node_modules/@cap-js/db-service/lib/common/DatabaseService.js:158:18) {\n  status: 500,\n  code: '500'\n}","type":"log"} (STDERR, APP/PROC/WEB)#
#2026 08 02 07:55:17.552#Z#DEBUG#6828ea62-8e47-11f1-a22d-eeee0a847462.SmartProcureX-srv#flowable-async-job-executor-thread-2161#
[PollStartAppStatusExecution] d9622003-7570-45ea-b8be-97c6305e4251 [2026-08-02T07:49:27.836381] 0d79b96ctrial-dev-smartprocurex-srv.cfapps.us10-003.hana.ondemand.com - [2026-08-02T07:49:26.831051570Z] "GET /odata/v4/identity/Users HTTP/1.1" 500 0 58 "https://0d79b96ctrial-dev-com-smartprocurex-smartprocurexui.cfapps.us10-003.hana.ondemand.com/index.html" "Mozilla/5.0 (Windows NT 10.0; Win64; x64) AppleWebKit/537.36 (KHTML, like Gecko) Chrome/151.0.0.0 Safari/537.36" "10.0.200.2:12648" "10.37.130.4:61016" x_forwarded_for:"152.57.234.150, 10.0.200.3, 10.37.193.4, 10.0.200.2" x_forwarded_proto:"https" vcap_request_id:"31db0738-6f4c-4367-4e1a-3b4652645137" response_time:1.005234 gorouter_time:0.000076 app_id:"d9622003-7570-45ea-b8be-97c6305e4251" app_index:"0" instance_id:"9901b53b-a394-4a2d-4d11-7e49" failed_attempts:0 failed_attempts_time:"-" dns_time:0.000000 dial_time:0.000000 tls_time:0.000000 backend_time:1.005158 local_address:"10.0.193.9:12258" x_cf_routererror:"-" x_correlationid:"31db0738-6f4c-4367-4e1a-3b4652645137" tenantid:"0d79b96ctrial" sap_passport:"-" x_scp_request_id:"ed68c315-3eeb-4471-9fdc-9dc1d1fc79cc-6A6EF686-1BE48B" x_cf_app_instance:"-" x_forwarded_host:"0d79b96ctrial-dev-com-smartprocurex-smartprocurexui.cfapps.us10-003.hana.ondemand.com" x_custom_host:"-" x_ssl_client:"-" x_ssl_client_session_id:"-" x_ssl_client_verify:"-" x_ssl_client_subject_dn:"-" x_ssl_client_subject_cn:"-" x_ssl_client_issuer_dn:"-" x_ssl_client_notbefore:"-" x_ssl_client_notafter:"-" x_cf_forwarded_url:"-" traceparent:"-" true_client_ip:"-" x_cf_true_client_ip:"10.37.193.4" x_request_id:"-" x_b3_traceid:"31db07386f4c43674e1a3b4652645137" x_b3_spanid:"4e1a3b4652645137" x_b3_parentspanid:"-" b3:"31db07386f4c43674e1a3b4652645137-4e1a3b4652645137" (STDOUT, RTR)#
#2026 08 02 07:55:17.552#Z#DEBUG#6828ea62-8e47-11f1-a22d-eeee0a847462.SmartProcureX-srv#flowable-async-job-executor-thread-2161#
[PollStartAppStatusExecution] d9622003-7570-45ea-b8be-97c6305e4251 [2026-08-02T07:49:27.846400] {"level":"error","logger":"odata","correlation_id":"81c78d1b-5c1a-4f41-53d9-a86a412366c1","tenant_id":"5590af3c-9485-44fe-975e-4b748861d2ff","host":"0d79b96ctrial-dev-smartprocurex-srv.cfapps.us10-003.hana.ondemand.com","user_agent":"Mozilla/5.0 (Windows NT 10.0; Win64; x64) AppleWebKit/537.36 (KHTML, like Gecko) Chrome/151.0.0.0 Safari/537.36","accept":"*/*","accept_encoding":"gzip, deflate, br, zstd","accept_language":"en-US,en;q=0.9","authorization":"***","b3":"81c78d1b5c1a4f4153d9a86a412366c1-53d9a86a412366c1","cookie":"***","priority":"u=1, i","referer":"https://0d79b96ctrial-dev-com-smartprocurex-smartprocurexui.cfapps.us10-003.hana.ondemand.com/index.html","sec_ch_ua":"\"Not=A?Brand\";v=\"99\", \"Google Chrome\";v=\"151\", \"Chromium\";v=\"151\"","sec_ch_ua_mobile":"?0","sec_ch_ua_platform":"\"Windows\"","sec_fetch_dest":"empty","sec_fetch_mode":"cors","sec_fetch_site":"same-origin","tenantid":"0d79b96ctrial","x_b3_spanid":"53d9a86a412366c1","x_b3_traceid":"81c78d1b5c1a4f4153d9a86a412366c1","x_cf_applicationid":"d9622003-7570-45ea-b8be-97c6305e4251","x_cf_instanceid":"9901b53b-a394-4a2d-4d11-7e49","x_cf_instanceindex":"0","x_cf_true_client_ip":"10.37.193.4","x_correlationid":"81c78d1b-5c1a-4f41-53d9-a86a412366c1","x_forwarded_for":"152.57.234.150, 10.0.200.3, 10.37.193.4, 10.0.200.0","x_forwarded_host":"0d79b96ctrial-dev-com-smartprocurex-smartprocurexui.cfapps.us10-003.hana.ondemand.com","x_forwarded_path":"/odata/v4/identity/Departments","x_forwarded_proto":"https","x_request_start":"1785656966833","x_scp_request_id":"8b3a38ad-b837-4495-bf5b-66c85e07a4db-6A6EF686-1BC2BA","x_vcap_request_id":"81c78d1b-5c1a-4f41-53d9-a86a412366c1","request_id":"81c78d1b-5c1a-4f41-53d9-a86a412366c1","x_correlation_id":"81c78d1b-5c1a-4f41-53d9-a86a412366c1","timestamp":"2026-08-02T07:49:27.845Z","layer":"cds","component_type":"application","container_id":"10.37.130.4","component_id":"d9622003-7570-45ea-b8be-97c6305e4251","component_name":"SmartProcureX-srv","component_instance":0,"source_instance":0,"organization_name":"0d79b96ctrial","organization_id":"e8159873-0fc0-4477-a4f9-3c43fdb65fe4","space_name":"dev","space_id":"0628b1b5-c14d-4a0a-abf9-843360b5d7c0","tenant_subdomain":"0d79b96ctrial","msg":"500 - Error: Pool resource could not be acquired within 1s\n    at /home/vcap/app/node_modules/@cap-js/db-service/lib/common/generic-pool.js:71:21\n    at new Promise (<anonymous>)\n    at new Request (/home/vcap/app/node_modules/@cap-js/db-service/lib/common/generic-pool.js:59:20)\n    at Pool.acquire (/home/vcap/app/node_modules/@cap-js/db-service/lib/common/generic-pool.js:141:21)\n    at HANAService.acquire (/home/vcap/app/node_modules/@cap-js/db-service/lib/common/DatabaseService.js:106:28)\n    at HANAService.begin (/home/vcap/app/node_modules/@cap-js/db-service/lib/common/DatabaseService.js:66:27)\n    at HANAService._begin [as dispatch] (/home/vcap/app/node_modules/@sap/cds/lib/srv/srv-tx.js:195:38)\n    at /home/vcap/app/node_modules/@sap/cds/lib/srv/srv-dispatch.js:20:50\n    at HANAService.run (/home/vcap/app/node_modules/@sap/cds/lib/srv/cds.Service.js:171:44)\n    at HANAService.run (/home/vcap/app/node_modules/@cap-js/db-service/lib/common/DatabaseService.js:158:18) {\n  status: 500,\n  code: '500'\n}","type":"log"} (STDERR, APP/PROC/WEB)#
#2026 08 02 07:55:17.552#Z#DEBUG#6828ea62-8e47-11f1-a22d-eeee0a847462.SmartProcureX-srv#flowable-async-job-executor-thread-2161#
[PollStartAppStatusExecution] d9622003-7570-45ea-b8be-97c6305e4251 [2026-08-02T07:49:27.847582] 0d79b96ctrial-dev-smartprocurex-srv.cfapps.us10-003.hana.ondemand.com - [2026-08-02T07:49:26.835646821Z] "GET /odata/v4/identity/Departments HTTP/1.1" 500 0 58 "https://0d79b96ctrial-dev-com-smartprocurex-smartprocurexui.cfapps.us10-003.hana.ondemand.com/index.html" "Mozilla/5.0 (Windows NT 10.0; Win64; x64) AppleWebKit/537.36 (KHTML, like Gecko) Chrome/151.0.0.0 Safari/537.36" "10.0.200.0:61190" "10.37.130.4:61016" x_forwarded_for:"152.57.234.150, 10.0.200.3, 10.37.193.4, 10.0.200.0" x_forwarded_proto:"https" vcap_request_id:"81c78d1b-5c1a-4f41-53d9-a86a412366c1" response_time:1.011830 gorouter_time:0.000042 app_id:"d9622003-7570-45ea-b8be-97c6305e4251" app_index:"0" instance_id:"9901b53b-a394-4a2d-4d11-7e49" failed_attempts:0 failed_attempts_time:"-" dns_time:0.000000 dial_time:0.001314 tls_time:0.007576 backend_time:1.011788 local_address:"10.0.193.9:12270" x_cf_routererror:"-" x_correlationid:"81c78d1b-5c1a-4f41-53d9-a86a412366c1" tenantid:"0d79b96ctrial" sap_passport:"-" x_scp_request_id:"8b3a38ad-b837-4495-bf5b-66c85e07a4db-6A6EF686-1BC2BA" x_cf_app_instance:"-" x_forwarded_host:"0d79b96ctrial-dev-com-smartprocurex-smartprocurexui.cfapps.us10-003.hana.ondemand.com" x_custom_host:"-" x_ssl_client:"-" x_ssl_client_session_id:"-" x_ssl_client_verify:"-" x_ssl_client_subject_dn:"-" x_ssl_client_subject_cn:"-" x_ssl_client_issuer_dn:"-" x_ssl_client_notbefore:"-" x_ssl_client_notafter:"-" x_cf_forwarded_url:"-" traceparent:"-" true_client_ip:"-" x_cf_true_client_ip:"10.37.193.4" x_request_id:"-" x_b3_traceid:"81c78d1b5c1a4f4153d9a86a412366c1" x_b3_spanid:"53d9a86a412366c1" x_b3_parentspanid:"-" b3:"81c78d1b5c1a4f4153d9a86a412366c1-53d9a86a412366c1" (STDOUT, RTR)#
#2026 08 02 07:55:17.552#Z#DEBUG#6828ea62-8e47-11f1-a22d-eeee0a847462.SmartProcureX-srv#flowable-async-job-executor-thread-2161#
[PollStartAppStatusExecution] d9622003-7570-45ea-b8be-97c6305e4251 [2026-08-02T07:49:30.278956] {"level":"info","logger":"odata","correlation_id":"2ca10897-6c91-4fd8-4090-29ed46b3ed93","tenant_id":"5590af3c-9485-44fe-975e-4b748861d2ff","host":"0d79b96ctrial-dev-smartprocurex-srv.cfapps.us10-003.hana.ondemand.com","user_agent":"Mozilla/5.0 (Windows NT 10.0; Win64; x64) AppleWebKit/537.36 (KHTML, like Gecko) Chrome/151.0.0.0 Safari/537.36","accept":"*/*","accept_encoding":"gzip, deflate, br, zstd","accept_language":"en-US,en;q=0.9","authorization":"***","b3":"2ca108976c914fd8409029ed46b3ed93-409029ed46b3ed93","cookie":"***","priority":"u=1, i","referer":"https://0d79b96ctrial-dev-com-smartprocurex-smartprocurexui.cfapps.us10-003.hana.ondemand.com/index.html","sec_ch_ua":"\"Not=A?Brand\";v=\"99\", \"Google Chrome\";v=\"151\", \"Chromium\";v=\"151\"","sec_ch_ua_mobile":"?0","sec_ch_ua_platform":"\"Windows\"","sec_fetch_dest":"empty","sec_fetch_mode":"cors","sec_fetch_site":"same-origin","tenantid":"0d79b96ctrial","x_b3_spanid":"409029ed46b3ed93","x_b3_traceid":"2ca108976c914fd8409029ed46b3ed93","x_cf_applicationid":"d9622003-7570-45ea-b8be-97c6305e4251","x_cf_instanceid":"9901b53b-a394-4a2d-4d11-7e49","x_cf_instanceindex":"0","x_cf_true_client_ip":"10.37.193.4","x_correlationid":"2ca10897-6c91-4fd8-4090-29ed46b3ed93","x_forwarded_for":"152.57.234.150, 10.0.200.3, 10.37.193.4, 10.0.200.3","x_forwarded_host":"0d79b96ctrial-dev-com-smartprocurex-smartprocurexui.cfapps.us10-003.hana.ondemand.com","x_forwarded_path":"/odata/v4/procurement/PurchaseRequests","x_forwarded_proto":"https","x_request_start":"1785656970273","x_scp_request_id":"9aa5315b-a820-4309-8a47-2bd2b99a37a3-6A6EF686-1C3E51","x_vcap_request_id":"2ca10897-6c91-4fd8-4090-29ed46b3ed93","request_id":"2ca10897-6c91-4fd8-4090-29ed46b3ed93","x_correlation_id":"2ca10897-6c91-4fd8-4090-29ed46b3ed93","timestamp":"2026-08-02T07:49:30.278Z","layer":"cds","component_type":"application","container_id":"10.37.130.4","component_id":"d9622003-7570-45ea-b8be-97c6305e4251","component_name":"SmartProcureX-srv","component_instance":0,"source_instance":0,"organization_name":"0d79b96ctrial","organization_id":"e8159873-0fc0-4477-a4f9-3c43fdb65fe4","space_name":"dev","space_id":"0628b1b5-c14d-4a0a-abf9-843360b5d7c0","tenant_subdomain":"0d79b96ctrial","msg":"GET /odata/v4/procurement/PurchaseRequests ","type":"log"} (STDOUT, APP/PROC/WEB)#
#2026 08 02 07:55:17.552#Z#DEBUG#6828ea62-8e47-11f1-a22d-eeee0a847462.SmartProcureX-srv#flowable-async-job-executor-thread-2161#
[PollStartAppStatusExecution] d9622003-7570-45ea-b8be-97c6305e4251 [2026-08-02T07:49:30.308963] {"level":"info","logger":"odata","correlation_id":"d2672150-b15a-4bcb-4b09-c0633ac17608","tenant_id":"5590af3c-9485-44fe-975e-4b748861d2ff","host":"0d79b96ctrial-dev-smartprocurex-srv.cfapps.us10-003.hana.ondemand.com","user_agent":"Mozilla/5.0 (Windows NT 10.0; Win64; x64) AppleWebKit/537.36 (KHTML, like Gecko) Chrome/151.0.0.0 Safari/537.36","content_length":"409","request_size_b":"409","accept":"multipart/mixed","accept_encoding":"gzip, deflate, br, zstd","accept_language":"en-US","authorization":"***","b3":"d2672150b15a4bcb4b09c0633ac17608-4b09c0633ac17608","content_type":"multipart/mixed; boundary=batch_id-1785656967934-28","cookie":"***","mime_version":"1.0","odata_maxversion":"4.0","odata_version":"4.0","origin":"https://0d79b96ctrial-dev-com-smartprocurex-smartprocurexui.cfapps.us10-003.hana.ondemand.com","priority":"u=1, i","referer":"https://0d79b96ctrial-dev-com-smartprocurex-smartprocurexui.cfapps.us10-003.hana.ondemand.com/index.html","sap_cancel_on_close":"true","sec_ch_ua":"\"Not=A?Brand\";v=\"99\", \"Google Chrome\";v=\"151\", \"Chromium\";v=\"151\"","sec_ch_ua_mobile":"?0","sec_ch_ua_platform":"\"Windows\"","sec_fetch_dest":"empty","sec_fetch_mode":"cors","sec_fetch_site":"same-origin","tenantid":"0d79b96ctrial","x_b3_spanid":"4b09c0633ac17608","x_b3_traceid":"d2672150b15a4bcb4b09c0633ac17608","x_cf_applicationid":"d9622003-7570-45ea-b8be-97c6305e4251","x_cf_instanceid":"9901b53b-a394-4a2d-4d11-7e49","x_cf_instanceindex":"0","x_cf_true_client_ip":"10.37.193.4","x_correlationid":"d2672150-b15a-4bcb-4b09-c0633ac17608","x_csrf_token":"Fetch","x_forwarded_for":"152.57.234.150, 10.0.200.3, 10.37.193.4, 10.0.200.0","x_forwarded_host":"0d79b96ctrial-dev-com-smartprocurex-smartprocurexui.cfapps.us10-003.hana.ondemand.com","x_forwarded_path":"/odata/v4/procurement/$batch","x_forwarded_proto":"https","x_request_start":"1785656970303","x_requested_with":"XMLHttpRequest","x_scp_request_id":"8b3a38ad-b837-4495-bf5b-66c85e07a4db-6A6EF686-1BC2C9","x_vcap_request_id":"d2672150-b15a-4bcb-4b09-c0633ac17608","request_id":"d2672150-b15a-4bcb-4b09-c0633ac17608","x_correlation_id":"d2672150-b15a-4bcb-4b09-c0633ac17608","timestamp":"2026-08-02T07:49:30.308Z","layer":"cds","component_type":"application","container_id":"10.37.130.4","component_id":"d9622003-7570-45ea-b8be-97c6305e4251","component_name":"SmartProcureX-srv","component_instance":0,"source_instance":0,"organization_name":"0d79b96ctrial","organization_id":"e8159873-0fc0-4477-a4f9-3c43fdb65fe4","space_name":"dev","space_id":"0628b1b5-c14d-4a0a-abf9-843360b5d7c0","tenant_subdomain":"0d79b96ctrial","msg":"POST /odata/v4/procurement/$batch ","type":"log"} (STDOUT, APP/PROC/WEB)#
#2026 08 02 07:55:17.552#Z#DEBUG#6828ea62-8e47-11f1-a22d-eeee0a847462.SmartProcureX-srv#flowable-async-job-executor-thread-2161#
[PollStartAppStatusExecution] d9622003-7570-45ea-b8be-97c6305e4251 [2026-08-02T07:49:30.310651] {"level":"info","logger":"odata","correlation_id":"d2672150-b15a-4bcb-4b09-c0633ac17608","tenant_id":"5590af3c-9485-44fe-975e-4b748861d2ff","host":"0d79b96ctrial-dev-smartprocurex-srv.cfapps.us10-003.hana.ondemand.com","user_agent":"Mozilla/5.0 (Windows NT 10.0; Win64; x64) AppleWebKit/537.36 (KHTML, like Gecko) Chrome/151.0.0.0 Safari/537.36","content_length":"409","request_size_b":"409","accept":"multipart/mixed","accept_encoding":"gzip, deflate, br, zstd","accept_language":"en-US","authorization":"***","b3":"d2672150b15a4bcb4b09c0633ac17608-4b09c0633ac17608","content_type":"multipart/mixed; boundary=batch_id-1785656967934-28","cookie":"***","mime_version":"1.0","odata_maxversion":"4.0","odata_version":"4.0","origin":"https://0d79b96ctrial-dev-com-smartprocurex-smartprocurexui.cfapps.us10-003.hana.ondemand.com","priority":"u=1, i","referer":"https://0d79b96ctrial-dev-com-smartprocurex-smartprocurexui.cfapps.us10-003.hana.ondemand.com/index.html","sap_cancel_on_close":"true","sec_ch_ua":"\"Not=A?Brand\";v=\"99\", \"Google Chrome\";v=\"151\", \"Chromium\";v=\"151\"","sec_ch_ua_mobile":"?0","sec_ch_ua_platform":"\"Windows\"","sec_fetch_dest":"empty","sec_fetch_mode":"cors","sec_fetch_site":"same-origin","tenantid":"0d79b96ctrial","x_b3_spanid":"4b09c0633ac17608","x_b3_traceid":"d2672150b15a4bcb4b09c0633ac17608","x_cf_applicationid":"d9622003-7570-45ea-b8be-97c6305e4251","x_cf_instanceid":"9901b53b-a394-4a2d-4d11-7e49","x_cf_instanceindex":"0","x_cf_true_client_ip":"10.37.193.4","x_correlationid":"d2672150-b15a-4bcb-4b09-c0633ac17608","x_csrf_token":"Fetch","x_forwarded_for":"152.57.234.150, 10.0.200.3, 10.37.193.4, 10.0.200.0","x_forwarded_host":"0d79b96ctrial-dev-com-smartprocurex-smartprocurexui.cfapps.us10-003.hana.ondemand.com","x_forwarded_path":"/odata/v4/procurement/$batch","x_forwarded_proto":"https","x_request_start":"1785656970303","x_requested_with":"XMLHttpRequest","x_scp_request_id":"8b3a38ad-b837-4495-bf5b-66c85e07a4db-6A6EF686-1BC2C9","x_vcap_request_id":"d2672150-b15a-4bcb-4b09-c0633ac17608","request_id":"d2672150-b15a-4bcb-4b09-c0633ac17608","x_correlation_id":"d2672150-b15a-4bcb-4b09-c0633ac17608","timestamp":"2026-08-02T07:49:30.310Z","layer":"cds","component_type":"application","container_id":"10.37.130.4","component_id":"d9622003-7570-45ea-b8be-97c6305e4251","component_name":"SmartProcureX-srv","component_instance":0,"source_instance":0,"organization_name":"0d79b96ctrial","organization_id":"e8159873-0fc0-4477-a4f9-3c43fdb65fe4","space_name":"dev","space_id":"0628b1b5-c14d-4a0a-abf9-843360b5d7c0","tenant_subdomain":"0d79b96ctrial","msg":"> GET /PurchaseRequests {\n  '$select': 'ID,priority,requestNumber,status,totalAmount',\n  '$skip': '0',\n  '$top': '100'\n}","type":"log"} (STDOUT, APP/PROC/WEB)#
#2026 08 02 07:55:17.552#Z#DEBUG#6828ea62-8e47-11f1-a22d-eeee0a847462.SmartProcureX-srv#flowable-async-job-executor-thread-2161#
[PollStartAppStatusExecution] d9622003-7570-45ea-b8be-97c6305e4251 [2026-08-02T07:49:31.281686] {"level":"error","logger":"odata","correlation_id":"2ca10897-6c91-4fd8-4090-29ed46b3ed93","tenant_id":"5590af3c-9485-44fe-975e-4b748861d2ff","host":"0d79b96ctrial-dev-smartprocurex-srv.cfapps.us10-003.hana.ondemand.com","user_agent":"Mozilla/5.0 (Windows NT 10.0; Win64; x64) AppleWebKit/537.36 (KHTML, like Gecko) Chrome/151.0.0.0 Safari/537.36","accept":"*/*","accept_encoding":"gzip, deflate, br, zstd","accept_language":"en-US,en;q=0.9","authorization":"***","b3":"2ca108976c914fd8409029ed46b3ed93-409029ed46b3ed93","cookie":"***","priority":"u=1, i","referer":"https://0d79b96ctrial-dev-com-smartprocurex-smartprocurexui.cfapps.us10-003.hana.ondemand.com/index.html","sec_ch_ua":"\"Not=A?Brand\";v=\"99\", \"Google Chrome\";v=\"151\", \"Chromium\";v=\"151\"","sec_ch_ua_mobile":"?0","sec_ch_ua_platform":"\"Windows\"","sec_fetch_dest":"empty","sec_fetch_mode":"cors","sec_fetch_site":"same-origin","tenantid":"0d79b96ctrial","x_b3_spanid":"409029ed46b3ed93","x_b3_traceid":"2ca108976c914fd8409029ed46b3ed93","x_cf_applicationid":"d9622003-7570-45ea-b8be-97c6305e4251","x_cf_instanceid":"9901b53b-a394-4a2d-4d11-7e49","x_cf_instanceindex":"0","x_cf_true_client_ip":"10.37.193.4","x_correlationid":"2ca10897-6c91-4fd8-4090-29ed46b3ed93","x_forwarded_for":"152.57.234.150, 10.0.200.3, 10.37.193.4, 10.0.200.3","x_forwarded_host":"0d79b96ctrial-dev-com-smartprocurex-smartprocurexui.cfapps.us10-003.hana.ondemand.com","x_forwarded_path":"/odata/v4/procurement/PurchaseRequests","x_forwarded_proto":"https","x_request_start":"1785656970273","x_scp_request_id":"9aa5315b-a820-4309-8a47-2bd2b99a37a3-6A6EF686-1C3E51","x_vcap_request_id":"2ca10897-6c91-4fd8-4090-29ed46b3ed93","request_id":"2ca10897-6c91-4fd8-4090-29ed46b3ed93","x_correlation_id":"2ca10897-6c91-4fd8-4090-29ed46b3ed93","timestamp":"2026-08-02T07:49:31.281Z","layer":"cds","component_type":"application","container_id":"10.37.130.4","component_id":"d9622003-7570-45ea-b8be-97c6305e4251","component_name":"SmartProcureX-srv","component_instance":0,"source_instance":0,"organization_name":"0d79b96ctrial","organization_id":"e8159873-0fc0-4477-a4f9-3c43fdb65fe4","space_name":"dev","space_id":"0628b1b5-c14d-4a0a-abf9-843360b5d7c0","tenant_subdomain":"0d79b96ctrial","msg":"500 - Error: Pool resource could not be acquired within 1s\n    at /home/vcap/app/node_modules/@cap-js/db-service/lib/common/generic-pool.js:71:21\n    at new Promise (<anonymous>)\n    at new Request (/home/vcap/app/node_modules/@cap-js/db-service/lib/common/generic-pool.js:59:20)\n    at Pool.acquire (/home/vcap/app/node_modules/@cap-js/db-service/lib/common/generic-pool.js:141:21)\n    at HANAService.acquire (/home/vcap/app/node_modules/@cap-js/db-service/lib/common/DatabaseService.js:106:28)\n    at HANAService.begin (/home/vcap/app/node_modules/@cap-js/db-service/lib/common/DatabaseService.js:66:27)\n    at HANAService._begin [as dispatch] (/home/vcap/app/node_modules/@sap/cds/lib/srv/srv-tx.js:195:38)\n    at /home/vcap/app/node_modules/@sap/cds/lib/srv/srv-dispatch.js:20:50\n    at HANAService.run (/home/vcap/app/node_modules/@sap/cds/lib/srv/cds.Service.js:171:44)\n    at HANAService.run (/home/vcap/app/node_modules/@cap-js/db-service/lib/common/DatabaseService.js:158:18) {\n  status: 500,\n  code: '500'\n}","type":"log"} (STDERR, APP/PROC/WEB)#
#2026 08 02 07:55:17.552#Z#DEBUG#6828ea62-8e47-11f1-a22d-eeee0a847462.SmartProcureX-srv#flowable-async-job-executor-thread-2161#
[PollStartAppStatusExecution] d9622003-7570-45ea-b8be-97c6305e4251 [2026-08-02T07:49:31.282790] 0d79b96ctrial-dev-smartprocurex-srv.cfapps.us10-003.hana.ondemand.com - [2026-08-02T07:49:30.277143385Z] "GET /odata/v4/procurement/PurchaseRequests HTTP/1.1" 500 0 58 "https://0d79b96ctrial-dev-com-smartprocurex-smartprocurexui.cfapps.us10-003.hana.ondemand.com/index.html" "Mozilla/5.0 (Windows NT 10.0; Win64; x64) AppleWebKit/537.36 (KHTML, like Gecko) Chrome/151.0.0.0 Safari/537.36" "10.0.200.3:43746" "10.37.130.4:61016" x_forwarded_for:"152.57.234.150, 10.0.200.3, 10.37.193.4, 10.0.200.3" x_forwarded_proto:"https" vcap_request_id:"2ca10897-6c91-4fd8-4090-29ed46b3ed93" response_time:1.005531 gorouter_time:0.000053 app_id:"d9622003-7570-45ea-b8be-97c6305e4251" app_index:"0" instance_id:"9901b53b-a394-4a2d-4d11-7e49" failed_attempts:0 failed_attempts_time:"-" dns_time:0.000000 dial_time:0.000000 tls_time:0.000000 backend_time:1.005479 local_address:"10.0.193.9:12270" x_cf_routererror:"-" x_correlationid:"2ca10897-6c91-4fd8-4090-29ed46b3ed93" tenantid:"0d79b96ctrial" sap_passport:"-" x_scp_request_id:"9aa5315b-a820-4309-8a47-2bd2b99a37a3-6A6EF686-1C3E51" x_cf_app_instance:"-" x_forwarded_host:"0d79b96ctrial-dev-com-smartprocurex-smartprocurexui.cfapps.us10-003.hana.ondemand.com" x_custom_host:"-" x_ssl_client:"-" x_ssl_client_session_id:"-" x_ssl_client_verify:"-" x_ssl_client_subject_dn:"-" x_ssl_client_subject_cn:"-" x_ssl_client_issuer_dn:"-" x_ssl_client_notbefore:"-" x_ssl_client_notafter:"-" x_cf_forwarded_url:"-" traceparent:"-" true_client_ip:"-" x_cf_true_client_ip:"10.37.193.4" x_request_id:"-" x_b3_traceid:"2ca108976c914fd8409029ed46b3ed93" x_b3_spanid:"409029ed46b3ed93" x_b3_parentspanid:"-" b3:"2ca108976c914fd8409029ed46b3ed93-409029ed46b3ed93" (STDOUT, RTR)#
#2026 08 02 07:55:17.552#Z#DEBUG#6828ea62-8e47-11f1-a22d-eeee0a847462.SmartProcureX-srv#flowable-async-job-executor-thread-2161#
[PollStartAppStatusExecution] d9622003-7570-45ea-b8be-97c6305e4251 [2026-08-02T07:49:31.311679] {"level":"error","logger":"odata","correlation_id":"d2672150-b15a-4bcb-4b09-c0633ac17608","tenant_id":"5590af3c-9485-44fe-975e-4b748861d2ff","host":"0d79b96ctrial-dev-smartprocurex-srv.cfapps.us10-003.hana.ondemand.com","user_agent":"Mozilla/5.0 (Windows NT 10.0; Win64; x64) AppleWebKit/537.36 (KHTML, like Gecko) Chrome/151.0.0.0 Safari/537.36","content_length":"409","request_size_b":"409","accept":"multipart/mixed","accept_encoding":"gzip, deflate, br, zstd","accept_language":"en-US","authorization":"***","b3":"d2672150b15a4bcb4b09c0633ac17608-4b09c0633ac17608","content_type":"multipart/mixed; boundary=batch_id-1785656967934-28","cookie":"***","mime_version":"1.0","odata_maxversion":"4.0","odata_version":"4.0","origin":"https://0d79b96ctrial-dev-com-smartprocurex-smartprocurexui.cfapps.us10-003.hana.ondemand.com","priority":"u=1, i","referer":"https://0d79b96ctrial-dev-com-smartprocurex-smartprocurexui.cfapps.us10-003.hana.ondemand.com/index.html","sap_cancel_on_close":"true","sec_ch_ua":"\"Not=A?Brand\";v=\"99\", \"Google Chrome\";v=\"151\", \"Chromium\";v=\"151\"","sec_ch_ua_mobile":"?0","sec_ch_ua_platform":"\"Windows\"","sec_fetch_dest":"empty","sec_fetch_mode":"cors","sec_fetch_site":"same-origin","tenantid":"0d79b96ctrial","x_b3_spanid":"4b09c0633ac17608","x_b3_traceid":"d2672150b15a4bcb4b09c0633ac17608","x_cf_applicationid":"d9622003-7570-45ea-b8be-97c6305e4251","x_cf_instanceid":"9901b53b-a394-4a2d-4d11-7e49","x_cf_instanceindex":"0","x_cf_true_client_ip":"10.37.193.4","x_correlationid":"d2672150-b15a-4bcb-4b09-c0633ac17608","x_csrf_token":"Fetch","x_forwarded_for":"152.57.234.150, 10.0.200.3, 10.37.193.4, 10.0.200.0","x_forwarded_host":"0d79b96ctrial-dev-com-smartprocurex-smartprocurexui.cfapps.us10-003.hana.ondemand.com","x_forwarded_path":"/odata/v4/procurement/$batch","x_forwarded_proto":"https","x_request_start":"1785656970303","x_requested_with":"XMLHttpRequest","x_scp_request_id":"8b3a38ad-b837-4495-bf5b-66c85e07a4db-6A6EF686-1BC2C9","x_vcap_request_id":"d2672150-b15a-4bcb-4b09-c0633ac17608","request_id":"d2672150-b15a-4bcb-4b09-c0633ac17608","x_correlation_id":"d2672150-b15a-4bcb-4b09-c0633ac17608","timestamp":"2026-08-02T07:49:31.311Z","layer":"cds","component_type":"application","container_id":"10.37.130.4","component_id":"d9622003-7570-45ea-b8be-97c6305e4251","component_name":"SmartProcureX-srv","component_instance":0,"source_instance":0,"organization_name":"0d79b96ctrial","organization_id":"e8159873-0fc0-4477-a4f9-3c43fdb65fe4","space_name":"dev","space_id":"0628b1b5-c14d-4a0a-abf9-843360b5d7c0","tenant_subdomain":"0d79b96ctrial","msg":"500 - Error: Pool resource could not be acquired within 1s\n    at /home/vcap/app/node_modules/@cap-js/db-service/lib/common/generic-pool.js:71:21\n    at new Promise (<anonymous>)\n    at new Request (/home/vcap/app/node_modules/@cap-js/db-service/lib/common/generic-pool.js:59:20)\n    at Pool.acquire (/home/vcap/app/node_modules/@cap-js/db-service/lib/common/generic-pool.js:141:21)\n    at HANAService.acquire (/home/vcap/app/node_modules/@cap-js/db-service/lib/common/DatabaseService.js:106:28)\n    at HANAService.begin (/home/vcap/app/node_modules/@cap-js/db-service/lib/common/DatabaseService.js:66:27)\n    at HANAService._begin [as dispatch] (/home/vcap/app/node_modules/@sap/cds/lib/srv/srv-tx.js:195:38)\n    at /home/vcap/app/node_modules/@sap/cds/lib/srv/srv-dispatch.js:20:50\n    at HANAService.run (/home/vcap/app/node_modules/@sap/cds/lib/srv/cds.Service.js:171:44)\n    at HANAService.run (/home/vcap/app/node_modules/@cap-js/db-service/lib/common/DatabaseService.js:158:18) {\n  status: 500,\n  code: '500'\n}","type":"log"} (STDERR, APP/PROC/WEB)#
#2026 08 02 07:55:17.552#Z#DEBUG#6828ea62-8e47-11f1-a22d-eeee0a847462.SmartProcureX-srv#flowable-async-job-executor-thread-2161#
[PollStartAppStatusExecution] d9622003-7570-45ea-b8be-97c6305e4251 [2026-08-02T07:49:31.312773] 0d79b96ctrial-dev-smartprocurex-srv.cfapps.us10-003.hana.ondemand.com - [2026-08-02T07:49:30.307188848Z] "POST /odata/v4/procurement/$batch HTTP/1.1" 200 409 314 "https://0d79b96ctrial-dev-com-smartprocurex-smartprocurexui.cfapps.us10-003.hana.ondemand.com/index.html" "Mozilla/5.0 (Windows NT 10.0; Win64; x64) AppleWebKit/537.36 (KHTML, like Gecko) Chrome/151.0.0.0 Safari/537.36" "10.0.200.0:61466" "10.37.130.4:61016" x_forwarded_for:"152.57.234.150, 10.0.200.3, 10.37.193.4, 10.0.200.0" x_forwarded_proto:"https" vcap_request_id:"d2672150-b15a-4bcb-4b09-c0633ac17608" response_time:1.005420 gorouter_time:0.000045 app_id:"d9622003-7570-45ea-b8be-97c6305e4251" app_index:"0" instance_id:"9901b53b-a394-4a2d-4d11-7e49" failed_attempts:0 failed_attempts_time:"-" dns_time:0.000000 dial_time:0.000000 tls_time:0.000000 backend_time:1.005375 local_address:"10.0.193.8:36828" x_cf_routererror:"-" x_correlationid:"d2672150-b15a-4bcb-4b09-c0633ac17608" tenantid:"0d79b96ctrial" sap_passport:"-" x_scp_request_id:"8b3a38ad-b837-4495-bf5b-66c85e07a4db-6A6EF686-1BC2C9" x_cf_app_instance:"-" x_forwarded_host:"0d79b96ctrial-dev-com-smartprocurex-smartprocurexui.cfapps.us10-003.hana.ondemand.com" x_custom_host:"-" x_ssl_client:"-" x_ssl_client_session_id:"-" x_ssl_client_verify:"-" x_ssl_client_subject_dn:"-" x_ssl_client_subject_cn:"-" x_ssl_client_issuer_dn:"-" x_ssl_client_notbefore:"-" x_ssl_client_notafter:"-" x_cf_forwarded_url:"-" traceparent:"-" true_client_ip:"-" x_cf_true_client_ip:"10.37.193.4" x_request_id:"-" x_b3_traceid:"d2672150b15a4bcb4b09c0633ac17608" x_b3_spanid:"4b09c0633ac17608" x_b3_parentspanid:"-" b3:"d2672150b15a4bcb4b09c0633ac17608-4b09c0633ac17608" (STDOUT, RTR)#
#2026 08 02 07:55:17.552#Z#DEBUG#6828ea62-8e47-11f1-a22d-eeee0a847462.SmartProcureX-srv#flowable-async-job-executor-thread-2161#
[PollStartAppStatusExecution] d9622003-7570-45ea-b8be-97c6305e4251 [2026-08-02T07:49:31.558796] {"level":"info","logger":"odata","correlation_id":"3a6355a5-cdf4-4cc0-6bc3-df90939eb3bc","tenant_id":"5590af3c-9485-44fe-975e-4b748861d2ff","host":"0d79b96ctrial-dev-smartprocurex-srv.cfapps.us10-003.hana.ondemand.com","user_agent":"Mozilla/5.0 (Windows NT 10.0; Win64; x64) AppleWebKit/537.36 (KHTML, like Gecko) Chrome/151.0.0.0 Safari/537.36","accept":"*/*","accept_encoding":"gzip, deflate, br, zstd","accept_language":"en-US,en;q=0.9","authorization":"***","b3":"3a6355a5cdf44cc06bc3df90939eb3bc-6bc3df90939eb3bc","cookie":"***","priority":"u=1, i","referer":"https://0d79b96ctrial-dev-com-smartprocurex-smartprocurexui.cfapps.us10-003.hana.ondemand.com/index.html","sec_ch_ua":"\"Not=A?Brand\";v=\"99\", \"Google Chrome\";v=\"151\", \"Chromium\";v=\"151\"","sec_ch_ua_mobile":"?0","sec_ch_ua_platform":"\"Windows\"","sec_fetch_dest":"empty","sec_fetch_mode":"cors","sec_fetch_site":"same-origin","tenantid":"0d79b96ctrial","x_b3_spanid":"6bc3df90939eb3bc","x_b3_traceid":"3a6355a5cdf44cc06bc3df90939eb3bc","x_cf_applicationid":"d9622003-7570-45ea-b8be-97c6305e4251","x_cf_instanceid":"9901b53b-a394-4a2d-4d11-7e49","x_cf_instanceindex":"0","x_cf_true_client_ip":"10.37.193.4","x_correlationid":"3a6355a5-cdf4-4cc0-6bc3-df90939eb3bc","x_forwarded_for":"152.57.234.150, 10.0.200.3, 10.37.193.4, 10.0.200.2","x_forwarded_host":"0d79b96ctrial-dev-com-smartprocurex-smartprocurexui.cfapps.us10-003.hana.ondemand.com","x_forwarded_path":"/odata/v4/procurement/PurchaseOrders","x_forwarded_proto":"https","x_request_start":"1785656971553","x_scp_request_id":"ed68c315-3eeb-4471-9fdc-9dc1d1fc79cc-6A6EF687-1BE49C","x_vcap_request_id":"3a6355a5-cdf4-4cc0-6bc3-df90939eb3bc","request_id":"3a6355a5-cdf4-4cc0-6bc3-df90939eb3bc","x_correlation_id":"3a6355a5-cdf4-4cc0-6bc3-df90939eb3bc","timestamp":"2026-08-02T07:49:31.558Z","layer":"cds","component_type":"application","container_id":"10.37.130.4","component_id":"d9622003-7570-45ea-b8be-97c6305e4251","component_name":"SmartProcureX-srv","component_instance":0,"source_instance":0,"organization_name":"0d79b96ctrial","organization_id":"e8159873-0fc0-4477-a4f9-3c43fdb65fe4","space_name":"dev","space_id":"0628b1b5-c14d-4a0a-abf9-843360b5d7c0","tenant_subdomain":"0d79b96ctrial","msg":"GET /odata/v4/procurement/PurchaseOrders ","type":"log"} (STDOUT, APP/PROC/WEB)#
#2026 08 02 07:55:17.553#Z#DEBUG#6828ea62-8e47-11f1-a22d-eeee0a847462.SmartProcureX-srv#flowable-async-job-executor-thread-2161#
[PollStartAppStatusExecution] d9622003-7570-45ea-b8be-97c6305e4251 [2026-08-02T07:49:32.560700] {"level":"error","logger":"odata","correlation_id":"3a6355a5-cdf4-4cc0-6bc3-df90939eb3bc","tenant_id":"5590af3c-9485-44fe-975e-4b748861d2ff","host":"0d79b96ctrial-dev-smartprocurex-srv.cfapps.us10-003.hana.ondemand.com","user_agent":"Mozilla/5.0 (Windows NT 10.0; Win64; x64) AppleWebKit/537.36 (KHTML, like Gecko) Chrome/151.0.0.0 Safari/537.36","accept":"*/*","accept_encoding":"gzip, deflate, br, zstd","accept_language":"en-US,en;q=0.9","authorization":"***","b3":"3a6355a5cdf44cc06bc3df90939eb3bc-6bc3df90939eb3bc","cookie":"***","priority":"u=1, i","referer":"https://0d79b96ctrial-dev-com-smartprocurex-smartprocurexui.cfapps.us10-003.hana.ondemand.com/index.html","sec_ch_ua":"\"Not=A?Brand\";v=\"99\", \"Google Chrome\";v=\"151\", \"Chromium\";v=\"151\"","sec_ch_ua_mobile":"?0","sec_ch_ua_platform":"\"Windows\"","sec_fetch_dest":"empty","sec_fetch_mode":"cors","sec_fetch_site":"same-origin","tenantid":"0d79b96ctrial","x_b3_spanid":"6bc3df90939eb3bc","x_b3_traceid":"3a6355a5cdf44cc06bc3df90939eb3bc","x_cf_applicationid":"d9622003-7570-45ea-b8be-97c6305e4251","x_cf_instanceid":"9901b53b-a394-4a2d-4d11-7e49","x_cf_instanceindex":"0","x_cf_true_client_ip":"10.37.193.4","x_correlationid":"3a6355a5-cdf4-4cc0-6bc3-df90939eb3bc","x_forwarded_for":"152.57.234.150, 10.0.200.3, 10.37.193.4, 10.0.200.2","x_forwarded_host":"0d79b96ctrial-dev-com-smartprocurex-smartprocurexui.cfapps.us10-003.hana.ondemand.com","x_forwarded_path":"/odata/v4/procurement/PurchaseOrders","x_forwarded_proto":"https","x_request_start":"1785656971553","x_scp_request_id":"ed68c315-3eeb-4471-9fdc-9dc1d1fc79cc-6A6EF687-1BE49C","x_vcap_request_id":"3a6355a5-cdf4-4cc0-6bc3-df90939eb3bc","request_id":"3a6355a5-cdf4-4cc0-6bc3-df90939eb3bc","x_correlation_id":"3a6355a5-cdf4-4cc0-6bc3-df90939eb3bc","timestamp":"2026-08-02T07:49:32.560Z","layer":"cds","component_type":"application","container_id":"10.37.130.4","component_id":"d9622003-7570-45ea-b8be-97c6305e4251","component_name":"SmartProcureX-srv","component_instance":0,"source_instance":0,"organization_name":"0d79b96ctrial","organization_id":"e8159873-0fc0-4477-a4f9-3c43fdb65fe4","space_name":"dev","space_id":"0628b1b5-c14d-4a0a-abf9-843360b5d7c0","tenant_subdomain":"0d79b96ctrial","msg":"500 - Error: Pool resource could not be acquired within 1s\n    at /home/vcap/app/node_modules/@cap-js/db-service/lib/common/generic-pool.js:71:21\n    at new Promise (<anonymous>)\n    at new Request (/home/vcap/app/node_modules/@cap-js/db-service/lib/common/generic-pool.js:59:20)\n    at Pool.acquire (/home/vcap/app/node_modules/@cap-js/db-service/lib/common/generic-pool.js:141:21)\n    at HANAService.acquire (/home/vcap/app/node_modules/@cap-js/db-service/lib/common/DatabaseService.js:106:28)\n    at HANAService.begin (/home/vcap/app/node_modules/@cap-js/db-service/lib/common/DatabaseService.js:66:27)\n    at HANAService._begin [as dispatch] (/home/vcap/app/node_modules/@sap/cds/lib/srv/srv-tx.js:195:38)\n    at /home/vcap/app/node_modules/@sap/cds/lib/srv/srv-dispatch.js:20:50\n    at HANAService.run (/home/vcap/app/node_modules/@sap/cds/lib/srv/cds.Service.js:171:44)\n    at HANAService.run (/home/vcap/app/node_modules/@cap-js/db-service/lib/common/DatabaseService.js:158:18) {\n  status: 500,\n  code: '500'\n}","type":"log"} (STDERR, APP/PROC/WEB)#
#2026 08 02 07:55:17.553#Z#DEBUG#6828ea62-8e47-11f1-a22d-eeee0a847462.SmartProcureX-srv#flowable-async-job-executor-thread-2161#
[PollStartAppStatusExecution] d9622003-7570-45ea-b8be-97c6305e4251 [2026-08-02T07:49:32.561887] 0d79b96ctrial-dev-smartprocurex-srv.cfapps.us10-003.hana.ondemand.com - [2026-08-02T07:49:31.557196594Z] "GET /odata/v4/procurement/PurchaseOrders HTTP/1.1" 500 0 58 "https://0d79b96ctrial-dev-com-smartprocurex-smartprocurexui.cfapps.us10-003.hana.ondemand.com/index.html" "Mozilla/5.0 (Windows NT 10.0; Win64; x64) AppleWebKit/537.36 (KHTML, like Gecko) Chrome/151.0.0.0 Safari/537.36" "10.0.200.2:12648" "10.37.130.4:61016" x_forwarded_for:"152.57.234.150, 10.0.200.3, 10.37.193.4, 10.0.200.2" x_forwarded_proto:"https" vcap_request_id:"3a6355a5-cdf4-4cc0-6bc3-df90939eb3bc" response_time:1.004549 gorouter_time:0.000034 app_id:"d9622003-7570-45ea-b8be-97c6305e4251" app_index:"0" instance_id:"9901b53b-a394-4a2d-4d11-7e49" failed_attempts:0 failed_attempts_time:"-" dns_time:0.000000 dial_time:0.000000 tls_time:0.000000 backend_time:1.004515 local_address:"10.0.193.9:12270" x_cf_routererror:"-" x_correlationid:"3a6355a5-cdf4-4cc0-6bc3-df90939eb3bc" tenantid:"0d79b96ctrial" sap_passport:"-" x_scp_request_id:"ed68c315-3eeb-4471-9fdc-9dc1d1fc79cc-6A6EF687-1BE49C" x_cf_app_instance:"-" x_forwarded_host:"0d79b96ctrial-dev-com-smartprocurex-smartprocurexui.cfapps.us10-003.hana.ondemand.com" x_custom_host:"-" x_ssl_client:"-" x_ssl_client_session_id:"-" x_ssl_client_verify:"-" x_ssl_client_subject_dn:"-" x_ssl_client_subject_cn:"-" x_ssl_client_issuer_dn:"-" x_ssl_client_notbefore:"-" x_ssl_client_notafter:"-" x_cf_forwarded_url:"-" traceparent:"-" true_client_ip:"-" x_cf_true_client_ip:"10.37.193.4" x_request_id:"-" x_b3_traceid:"3a6355a5cdf44cc06bc3df90939eb3bc" x_b3_spanid:"6bc3df90939eb3bc" x_b3_parentspanid:"-" b3:"3a6355a5cdf44cc06bc3df90939eb3bc-6bc3df90939eb3bc" (STDOUT, RTR)#
#2026 08 02 07:55:17.553#Z#DEBUG#6828ea62-8e47-11f1-a22d-eeee0a847462.SmartProcureX-srv#flowable-async-job-executor-thread-2161#
[PollStartAppStatusExecution] d9622003-7570-45ea-b8be-97c6305e4251 [2026-08-02T07:49:32.872633] {"level":"info","logger":"odata","correlation_id":"69e455a4-a07c-4bf3-72a0-bd92a45fc8fa","tenant_id":"5590af3c-9485-44fe-975e-4b748861d2ff","host":"0d79b96ctrial-dev-smartprocurex-srv.cfapps.us10-003.hana.ondemand.com","user_agent":"Mozilla/5.0 (Windows NT 10.0; Win64; x64) AppleWebKit/537.36 (KHTML, like Gecko) Chrome/151.0.0.0 Safari/537.36","accept":"*/*","accept_encoding":"gzip, deflate, br, zstd","accept_language":"en-US,en;q=0.9","authorization":"***","b3":"69e455a4a07c4bf372a0bd92a45fc8fa-72a0bd92a45fc8fa","cookie":"***","priority":"u=1, i","referer":"https://0d79b96ctrial-dev-com-smartprocurex-smartprocurexui.cfapps.us10-003.hana.ondemand.com/index.html","sec_ch_ua":"\"Not=A?Brand\";v=\"99\", \"Google Chrome\";v=\"151\", \"Chromium\";v=\"151\"","sec_ch_ua_mobile":"?0","sec_ch_ua_platform":"\"Windows\"","sec_fetch_dest":"empty","sec_fetch_mode":"cors","sec_fetch_site":"same-origin","tenantid":"0d79b96ctrial","x_b3_spanid":"72a0bd92a45fc8fa","x_b3_traceid":"69e455a4a07c4bf372a0bd92a45fc8fa","x_cf_applicationid":"d9622003-7570-45ea-b8be-97c6305e4251","x_cf_instanceid":"9901b53b-a394-4a2d-4d11-7e49","x_cf_instanceindex":"0","x_cf_true_client_ip":"10.37.193.4","x_correlationid":"69e455a4-a07c-4bf3-72a0-bd92a45fc8fa","x_forwarded_for":"152.57.234.150, 10.0.200.3, 10.37.193.4, 10.0.200.0","x_forwarded_host":"0d79b96ctrial-dev-com-smartprocurex-smartprocurexui.cfapps.us10-003.hana.ondemand.com","x_forwarded_path":"/odata/v4/supplier/Suppliers","x_forwarded_proto":"https","x_request_start":"1785656972868","x_scp_request_id":"8b3a38ad-b837-4495-bf5b-66c85e07a4db-6A6EF687-1BC2D0","x_vcap_request_id":"69e455a4-a07c-4bf3-72a0-bd92a45fc8fa","request_id":"69e455a4-a07c-4bf3-72a0-bd92a45fc8fa","x_correlation_id":"69e455a4-a07c-4bf3-72a0-bd92a45fc8fa","timestamp":"2026-08-02T07:49:32.872Z","layer":"cds","component_type":"application","container_id":"10.37.130.4","component_id":"d9622003-7570-45ea-b8be-97c6305e4251","component_name":"SmartProcureX-srv","component_instance":0,"source_instance":0,"organization_name":"0d79b96ctrial","organization_id":"e8159873-0fc0-4477-a4f9-3c43fdb65fe4","space_name":"dev","space_id":"0628b1b5-c14d-4a0a-abf9-843360b5d7c0","tenant_subdomain":"0d79b96ctrial","msg":"GET /odata/v4/supplier/Suppliers ","type":"log"} (STDOUT, APP/PROC/WEB)#
#2026 08 02 07:55:17.553#Z#DEBUG#6828ea62-8e47-11f1-a22d-eeee0a847462.SmartProcureX-srv#flowable-async-job-executor-thread-2161#
[PollStartAppStatusExecution] d9622003-7570-45ea-b8be-97c6305e4251 [2026-08-02T07:49:33.873881] {"level":"error","logger":"odata","correlation_id":"69e455a4-a07c-4bf3-72a0-bd92a45fc8fa","tenant_id":"5590af3c-9485-44fe-975e-4b748861d2ff","host":"0d79b96ctrial-dev-smartprocurex-srv.cfapps.us10-003.hana.ondemand.com","user_agent":"Mozilla/5.0 (Windows NT 10.0; Win64; x64) AppleWebKit/537.36 (KHTML, like Gecko) Chrome/151.0.0.0 Safari/537.36","accept":"*/*","accept_encoding":"gzip, deflate, br, zstd","accept_language":"en-US,en;q=0.9","authorization":"***","b3":"69e455a4a07c4bf372a0bd92a45fc8fa-72a0bd92a45fc8fa","cookie":"***","priority":"u=1, i","referer":"https://0d79b96ctrial-dev-com-smartprocurex-smartprocurexui.cfapps.us10-003.hana.ondemand.com/index.html","sec_ch_ua":"\"Not=A?Brand\";v=\"99\", \"Google Chrome\";v=\"151\", \"Chromium\";v=\"151\"","sec_ch_ua_mobile":"?0","sec_ch_ua_platform":"\"Windows\"","sec_fetch_dest":"empty","sec_fetch_mode":"cors","sec_fetch_site":"same-origin","tenantid":"0d79b96ctrial","x_b3_spanid":"72a0bd92a45fc8fa","x_b3_traceid":"69e455a4a07c4bf372a0bd92a45fc8fa","x_cf_applicationid":"d9622003-7570-45ea-b8be-97c6305e4251","x_cf_instanceid":"9901b53b-a394-4a2d-4d11-7e49","x_cf_instanceindex":"0","x_cf_true_client_ip":"10.37.193.4","x_correlationid":"69e455a4-a07c-4bf3-72a0-bd92a45fc8fa","x_forwarded_for":"152.57.234.150, 10.0.200.3, 10.37.193.4, 10.0.200.0","x_forwarded_host":"0d79b96ctrial-dev-com-smartprocurex-smartprocurexui.cfapps.us10-003.hana.ondemand.com","x_forwarded_path":"/odata/v4/supplier/Suppliers","x_forwarded_proto":"https","x_request_start":"1785656972868","x_scp_request_id":"8b3a38ad-b837-4495-bf5b-66c85e07a4db-6A6EF687-1BC2D0","x_vcap_request_id":"69e455a4-a07c-4bf3-72a0-bd92a45fc8fa","request_id":"69e455a4-a07c-4bf3-72a0-bd92a45fc8fa","x_correlation_id":"69e455a4-a07c-4bf3-72a0-bd92a45fc8fa","timestamp":"2026-08-02T07:49:33.873Z","layer":"cds","component_type":"application","container_id":"10.37.130.4","component_id":"d9622003-7570-45ea-b8be-97c6305e4251","component_name":"SmartProcureX-srv","component_instance":0,"source_instance":0,"organization_name":"0d79b96ctrial","organization_id":"e8159873-0fc0-4477-a4f9-3c43fdb65fe4","space_name":"dev","space_id":"0628b1b5-c14d-4a0a-abf9-843360b5d7c0","tenant_subdomain":"0d79b96ctrial","msg":"500 - Error: Pool resource could not be acquired within 1s\n    at /home/vcap/app/node_modules/@cap-js/db-service/lib/common/generic-pool.js:71:21\n    at new Promise (<anonymous>)\n    at new Request (/home/vcap/app/node_modules/@cap-js/db-service/lib/common/generic-pool.js:59:20)\n    at Pool.acquire (/home/vcap/app/node_modules/@cap-js/db-service/lib/common/generic-pool.js:141:21)\n    at HANAService.acquire (/home/vcap/app/node_modules/@cap-js/db-service/lib/common/DatabaseService.js:106:28)\n    at HANAService.begin (/home/vcap/app/node_modules/@cap-js/db-service/lib/common/DatabaseService.js:66:27)\n    at HANAService._begin [as dispatch] (/home/vcap/app/node_modules/@sap/cds/lib/srv/srv-tx.js:195:38)\n    at /home/vcap/app/node_modules/@sap/cds/lib/srv/srv-dispatch.js:20:50\n    at HANAService.run (/home/vcap/app/node_modules/@sap/cds/lib/srv/cds.Service.js:171:44)\n    at HANAService.run (/home/vcap/app/node_modules/@cap-js/db-service/lib/common/DatabaseService.js:158:18) {\n  status: 500,\n  code: '500'\n}","type":"log"} (STDERR, APP/PROC/WEB)#
#2026 08 02 07:55:17.553#Z#DEBUG#6828ea62-8e47-11f1-a22d-eeee0a847462.SmartProcureX-srv#flowable-async-job-executor-thread-2161#
[PollStartAppStatusExecution] d9622003-7570-45ea-b8be-97c6305e4251 [2026-08-02T07:49:33.875044] 0d79b96ctrial-dev-smartprocurex-srv.cfapps.us10-003.hana.ondemand.com - [2026-08-02T07:49:32.870674410Z] "GET /odata/v4/supplier/Suppliers HTTP/1.1" 500 0 58 "https://0d79b96ctrial-dev-com-smartprocurex-smartprocurexui.cfapps.us10-003.hana.ondemand.com/index.html" "Mozilla/5.0 (Windows NT 10.0; Win64; x64) AppleWebKit/537.36 (KHTML, like Gecko) Chrome/151.0.0.0 Safari/537.36" "10.0.200.0:21910" "10.37.130.4:61016" x_forwarded_for:"152.57.234.150, 10.0.200.3, 10.37.193.4, 10.0.200.0" x_forwarded_proto:"https" vcap_request_id:"69e455a4-a07c-4bf3-72a0-bd92a45fc8fa" response_time:1.004241 gorouter_time:0.000056 app_id:"d9622003-7570-45ea-b8be-97c6305e4251" app_index:"0" instance_id:"9901b53b-a394-4a2d-4d11-7e49" failed_attempts:0 failed_attempts_time:"-" dns_time:0.000000 dial_time:0.000000 tls_time:0.000000 backend_time:1.004185 local_address:"10.0.193.9:12270" x_cf_routererror:"-" x_correlationid:"69e455a4-a07c-4bf3-72a0-bd92a45fc8fa" tenantid:"0d79b96ctrial" sap_passport:"-" x_scp_request_id:"8b3a38ad-b837-4495-bf5b-66c85e07a4db-6A6EF687-1BC2D0" x_cf_app_instance:"-" x_forwarded_host:"0d79b96ctrial-dev-com-smartprocurex-smartprocurexui.cfapps.us10-003.hana.ondemand.com" x_custom_host:"-" x_ssl_client:"-" x_ssl_client_session_id:"-" x_ssl_client_verify:"-" x_ssl_client_subject_dn:"-" x_ssl_client_subject_cn:"-" x_ssl_client_issuer_dn:"-" x_ssl_client_notbefore:"-" x_ssl_client_notafter:"-" x_cf_forwarded_url:"-" traceparent:"-" true_client_ip:"-" x_cf_true_client_ip:"10.37.193.4" x_request_id:"-" x_b3_traceid:"69e455a4a07c4bf372a0bd92a45fc8fa" x_b3_spanid:"72a0bd92a45fc8fa" x_b3_parentspanid:"-" b3:"69e455a4a07c4bf372a0bd92a45fc8fa-72a0bd92a45fc8fa" (STDOUT, RTR)#
#2026 08 02 07:55:17.553#Z#DEBUG#6828ea62-8e47-11f1-a22d-eeee0a847462.SmartProcureX-srv#flowable-async-job-executor-thread-2161#
[PollStartAppStatusExecution] d9622003-7570-45ea-b8be-97c6305e4251 [2026-08-02T07:49:34.081028] {"level":"info","logger":"odata","correlation_id":"212d814d-e4b1-48f9-5240-cf4536e06212","tenant_id":"5590af3c-9485-44fe-975e-4b748861d2ff","host":"0d79b96ctrial-dev-smartprocurex-srv.cfapps.us10-003.hana.ondemand.com","user_agent":"Mozilla/5.0 (Windows NT 10.0; Win64; x64) AppleWebKit/537.36 (KHTML, like Gecko) Chrome/151.0.0.0 Safari/537.36","accept":"*/*","accept_encoding":"gzip, deflate, br, zstd","accept_language":"en-US","authorization":"***","b3":"212d814de4b148f95240cf4536e06212-5240cf4536e06212","cookie":"***","priority":"u=1, i","referer":"https://0d79b96ctrial-dev-com-smartprocurex-smartprocurexui.cfapps.us10-003.hana.ondemand.com/index.html","sec_ch_ua":"\"Not=A?Brand\";v=\"99\", \"Google Chrome\";v=\"151\", \"Chromium\";v=\"151\"","sec_ch_ua_mobile":"?0","sec_ch_ua_platform":"\"Windows\"","sec_fetch_dest":"empty","sec_fetch_mode":"cors","sec_fetch_site":"same-origin","tenantid":"0d79b96ctrial","x_b3_spanid":"5240cf4536e06212","x_b3_traceid":"212d814de4b148f95240cf4536e06212","x_cf_applicationid":"d9622003-7570-45ea-b8be-97c6305e4251","x_cf_instanceid":"9901b53b-a394-4a2d-4d11-7e49","x_cf_instanceindex":"0","x_cf_true_client_ip":"10.37.193.4","x_correlationid":"212d814d-e4b1-48f9-5240-cf4536e06212","x_csrf_token":"Fetch","x_forwarded_for":"152.57.234.150, 10.0.200.3, 10.37.193.4, 10.0.200.3","x_forwarded_host":"0d79b96ctrial-dev-com-smartprocurex-smartprocurexui.cfapps.us10-003.hana.ondemand.com","x_forwarded_path":"/odata/v4/supplier/","x_forwarded_proto":"https","x_request_start":"1785656974073","x_requested_with":"XMLHttpRequest","x_scp_request_id":"9aa5315b-a820-4309-8a47-2bd2b99a37a3-6A6EF68B-1C3E69","x_vcap_request_id":"212d814d-e4b1-48f9-5240-cf4536e06212","request_id":"212d814d-e4b1-48f9-5240-cf4536e06212","x_correlation_id":"212d814d-e4b1-48f9-5240-cf4536e06212","timestamp":"2026-08-02T07:49:34.080Z","layer":"cds","component_type":"application","container_id":"10.37.130.4","component_id":"d9622003-7570-45ea-b8be-97c6305e4251","component_name":"SmartProcureX-srv","component_instance":0,"source_instance":0,"organization_name":"0d79b96ctrial","organization_id":"e8159873-0fc0-4477-a4f9-3c43fdb65fe4","space_name":"dev","space_id":"0628b1b5-c14d-4a0a-abf9-843360b5d7c0","tenant_subdomain":"0d79b96ctrial","msg":"HEAD /odata/v4/supplier/ ","type":"log"} (STDOUT, APP/PROC/WEB)#
#2026 08 02 07:55:17.553#Z#DEBUG#6828ea62-8e47-11f1-a22d-eeee0a847462.SmartProcureX-srv#flowable-async-job-executor-thread-2161#
[PollStartAppStatusExecution] d9622003-7570-45ea-b8be-97c6305e4251 [2026-08-02T07:49:34.081589] {"level":"info","logger":"odata","correlation_id":"76bdfcbb-51af-470a-62f1-24115a939f67","tenant_id":"5590af3c-9485-44fe-975e-4b748861d2ff","host":"0d79b96ctrial-dev-smartprocurex-srv.cfapps.us10-003.hana.ondemand.com","user_agent":"Mozilla/5.0 (Windows NT 10.0; Win64; x64) AppleWebKit/537.36 (KHTML, like Gecko) Chrome/151.0.0.0 Safari/537.36","accept":"*/*","accept_encoding":"gzip, deflate, br, zstd","accept_language":"en-US","authorization":"***","b3":"76bdfcbb51af470a62f124115a939f67-62f124115a939f67","cookie":"***","if_none_match":"W/\"NoCaKBlsTAo/pE0+BZ/oYR8zpX0jOra+mrs7IIi6h68=\"","priority":"u=1, i","referer":"https://0d79b96ctrial-dev-com-smartprocurex-smartprocurexui.cfapps.us10-003.hana.ondemand.com/index.html","sec_ch_ua":"\"Not=A?Brand\";v=\"99\", \"Google Chrome\";v=\"151\", \"Chromium\";v=\"151\"","sec_ch_ua_mobile":"?0","sec_ch_ua_platform":"\"Windows\"","sec_fetch_dest":"empty","sec_fetch_mode":"cors","sec_fetch_site":"same-origin","tenantid":"0d79b96ctrial","x_b3_spanid":"62f124115a939f67","x_b3_traceid":"76bdfcbb51af470a62f124115a939f67","x_cf_applicationid":"d9622003-7570-45ea-b8be-97c6305e4251","x_cf_instanceid":"9901b53b-a394-4a2d-4d11-7e49","x_cf_instanceindex":"0","x_cf_true_client_ip":"10.37.193.4","x_correlationid":"76bdfcbb-51af-470a-62f1-24115a939f67","x_forwarded_for":"152.57.234.150, 10.0.200.3, 10.37.193.4, 10.0.200.2","x_forwarded_host":"0d79b96ctrial-dev-com-smartprocurex-smartprocurexui.cfapps.us10-003.hana.ondemand.com","x_forwarded_path":"/odata/v4/procurement/$metadata","x_forwarded_proto":"https","x_request_start":"1785656974073","x_requested_with":"XMLHttpRequest","x_scp_request_id":"ed68c315-3eeb-4471-9fdc-9dc1d1fc79cc-6A6EF68C-1BE4A4","x_vcap_request_id":"76bdfcbb-51af-470a-62f1-24115a939f67","request_id":"76bdfcbb-51af-470a-62f1-24115a939f67","x_correlation_id":"76bdfcbb-51af-470a-62f1-24115a939f67","timestamp":"2026-08-02T07:49:34.081Z","layer":"cds","component_type":"application","container_id":"10.37.130.4","component_id":"d9622003-7570-45ea-b8be-97c6305e4251","component_name":"SmartProcureX-srv","component_instance":0,"source_instance":0,"organization_name":"0d79b96ctrial","organization_id":"e8159873-0fc0-4477-a4f9-3c43fdb65fe4","space_name":"dev","space_id":"0628b1b5-c14d-4a0a-abf9-843360b5d7c0","tenant_subdomain":"0d79b96ctrial","msg":"GET /odata/v4/procurement/$metadata { 'sap-language': 'EN' }","type":"log"} (STDOUT, APP/PROC/WEB)#
#2026 08 02 07:55:17.553#Z#DEBUG#6828ea62-8e47-11f1-a22d-eeee0a847462.SmartProcureX-srv#flowable-async-job-executor-thread-2161#
[PollStartAppStatusExecution] d9622003-7570-45ea-b8be-97c6305e4251 [2026-08-02T07:49:34.081948] 0d79b96ctrial-dev-smartprocurex-srv.cfapps.us10-003.hana.ondemand.com - [2026-08-02T07:49:34.078294594Z] "HEAD /odata/v4/supplier/ HTTP/1.1" 200 0 0 "https://0d79b96ctrial-dev-com-smartprocurex-smartprocurexui.cfapps.us10-003.hana.ondemand.com/index.html" "Mozilla/5.0 (Windows NT 10.0; Win64; x64) AppleWebKit/537.36 (KHTML, like Gecko) Chrome/151.0.0.0 Safari/537.36" "10.0.200.3:21282" "10.37.130.4:61016" x_forwarded_for:"152.57.234.150, 10.0.200.3, 10.37.193.4, 10.0.200.3" x_forwarded_proto:"https" vcap_request_id:"212d814d-e4b1-48f9-5240-cf4536e06212" response_time:0.003535 gorouter_time:0.000408 app_id:"d9622003-7570-45ea-b8be-97c6305e4251" app_index:"0" instance_id:"9901b53b-a394-4a2d-4d11-7e49" failed_attempts:0 failed_attempts_time:"-" dns_time:0.000000 dial_time:0.000000 tls_time:0.000000 backend_time:0.003127 local_address:"10.0.193.8:36828" x_cf_routererror:"-" x_correlationid:"212d814d-e4b1-48f9-5240-cf4536e06212" tenantid:"0d79b96ctrial" sap_passport:"-" x_scp_request_id:"9aa5315b-a820-4309-8a47-2bd2b99a37a3-6A6EF68B-1C3E69" x_cf_app_instance:"-" x_forwarded_host:"0d79b96ctrial-dev-com-smartprocurex-smartprocurexui.cfapps.us10-003.hana.ondemand.com" x_custom_host:"-" x_ssl_client:"-" x_ssl_client_session_id:"-" x_ssl_client_verify:"-" x_ssl_client_subject_dn:"-" x_ssl_client_subject_cn:"-" x_ssl_client_issuer_dn:"-" x_ssl_client_notbefore:"-" x_ssl_client_notafter:"-" x_cf_forwarded_url:"-" traceparent:"-" true_client_ip:"-" x_cf_true_client_ip:"10.37.193.4" x_request_id:"-" x_b3_traceid:"212d814de4b148f95240cf4536e06212" x_b3_spanid:"5240cf4536e06212" x_b3_parentspanid:"-" b3:"212d814de4b148f95240cf4536e06212-5240cf4536e06212" (STDOUT, RTR)#
#2026 08 02 07:55:17.553#Z#DEBUG#6828ea62-8e47-11f1-a22d-eeee0a847462.SmartProcureX-srv#flowable-async-job-executor-thread-2161#
[PollStartAppStatusExecution] d9622003-7570-45ea-b8be-97c6305e4251 [2026-08-02T07:49:34.082113] {"level":"info","logger":"odata","correlation_id":"053d3a6c-c3db-4464-752a-e5a0b6cfcc2f","tenant_id":"5590af3c-9485-44fe-975e-4b748861d2ff","host":"0d79b96ctrial-dev-smartprocurex-srv.cfapps.us10-003.hana.ondemand.com","user_agent":"Mozilla/5.0 (Windows NT 10.0; Win64; x64) AppleWebKit/537.36 (KHTML, like Gecko) Chrome/151.0.0.0 Safari/537.36","accept":"*/*","accept_encoding":"gzip, deflate, br, zstd","accept_language":"en-US","authorization":"***","b3":"053d3a6cc3db4464752ae5a0b6cfcc2f-752ae5a0b6cfcc2f","cookie":"***","priority":"u=1, i","referer":"https://0d79b96ctrial-dev-com-smartprocurex-smartprocurexui.cfapps.us10-003.hana.ondemand.com/index.html","sec_ch_ua":"\"Not=A?Brand\";v=\"99\", \"Google Chrome\";v=\"151\", \"Chromium\";v=\"151\"","sec_ch_ua_mobile":"?0","sec_ch_ua_platform":"\"Windows\"","sec_fetch_dest":"empty","sec_fetch_mode":"cors","sec_fetch_site":"same-origin","tenantid":"0d79b96ctrial","x_b3_spanid":"752ae5a0b6cfcc2f","x_b3_traceid":"053d3a6cc3db4464752ae5a0b6cfcc2f","x_cf_applicationid":"d9622003-7570-45ea-b8be-97c6305e4251","x_cf_instanceid":"9901b53b-a394-4a2d-4d11-7e49","x_cf_instanceindex":"0","x_cf_true_client_ip":"10.37.193.4","x_correlationid":"053d3a6c-c3db-4464-752a-e5a0b6cfcc2f","x_csrf_token":"Fetch","x_forwarded_for":"152.57.234.150, 10.0.200.3, 10.37.193.4, 10.0.200.0","x_forwarded_host":"0d79b96ctrial-dev-com-smartprocurex-smartprocurexui.cfapps.us10-003.hana.ondemand.com","x_forwarded_path":"/odata/v4/procurement/","x_forwarded_proto":"https","x_request_start":"1785656974073","x_requested_with":"XMLHttpRequest","x_scp_request_id":"8b3a38ad-b837-4495-bf5b-66c85e07a4db-6A6EF68B-1BC2D6","x_vcap_request_id":"053d3a6c-c3db-4464-752a-e5a0b6cfcc2f","request_id":"053d3a6c-c3db-4464-752a-e5a0b6cfcc2f","x_correlation_id":"053d3a6c-c3db-4464-752a-e5a0b6cfcc2f","timestamp":"2026-08-02T07:49:34.081Z","layer":"cds","component_type":"application","container_id":"10.37.130.4","component_id":"d9622003-7570-45ea-b8be-97c6305e4251","component_name":"SmartProcureX-srv","component_instance":0,"source_instance":0,"organization_name":"0d79b96ctrial","organization_id":"e8159873-0fc0-4477-a4f9-3c43fdb65fe4","space_name":"dev","space_id":"0628b1b5-c14d-4a0a-abf9-843360b5d7c0","tenant_subdomain":"0d79b96ctrial","msg":"HEAD /odata/v4/procurement/ ","type":"log"} (STDOUT, APP/PROC/WEB)#
#2026 08 02 07:55:17.553#Z#DEBUG#6828ea62-8e47-11f1-a22d-eeee0a847462.SmartProcureX-srv#flowable-async-job-executor-thread-2161#
[PollStartAppStatusExecution] d9622003-7570-45ea-b8be-97c6305e4251 [2026-08-02T07:49:34.082505] 0d79b96ctrial-dev-smartprocurex-srv.cfapps.us10-003.hana.ondemand.com - [2026-08-02T07:49:34.078691534Z] "GET /odata/v4/procurement/$metadata?sap-language=EN HTTP/1.1" 304 0 0 "https://0d79b96ctrial-dev-com-smartprocurex-smartprocurexui.cfapps.us10-003.hana.ondemand.com/index.html" "Mozilla/5.0 (Windows NT 10.0; Win64; x64) AppleWebKit/537.36 (KHTML, like Gecko) Chrome/151.0.0.0 Safari/537.36" "10.0.200.2:46096" "10.37.130.4:61016" x_forwarded_for:"152.57.234.150, 10.0.200.3, 10.37.193.4, 10.0.200.2" x_forwarded_proto:"https" vcap_request_id:"76bdfcbb-51af-470a-62f1-24115a939f67" response_time:0.003702 gorouter_time:0.000305 app_id:"d9622003-7570-45ea-b8be-97c6305e4251" app_index:"0" instance_id:"9901b53b-a394-4a2d-4d11-7e49" failed_attempts:0 failed_attempts_time:"-" dns_time:0.000000 dial_time:0.000000 tls_time:0.000000 backend_time:0.003397 local_address:"10.0.193.8:36818" x_cf_routererror:"-" x_correlationid:"76bdfcbb-51af-470a-62f1-24115a939f67" tenantid:"0d79b96ctrial" sap_passport:"-" x_scp_request_id:"ed68c315-3eeb-4471-9fdc-9dc1d1fc79cc-6A6EF68C-1BE4A4" x_cf_app_instance:"-" x_forwarded_host:"0d79b96ctrial-dev-com-smartprocurex-smartprocurexui.cfapps.us10-003.hana.ondemand.com" x_custom_host:"-" x_ssl_client:"-" x_ssl_client_session_id:"-" x_ssl_client_verify:"-" x_ssl_client_subject_dn:"-" x_ssl_client_subject_cn:"-" x_ssl_client_issuer_dn:"-" x_ssl_client_notbefore:"-" x_ssl_client_notafter:"-" x_cf_forwarded_url:"-" traceparent:"-" true_client_ip:"-" x_cf_true_client_ip:"10.37.193.4" x_request_id:"-" x_b3_traceid:"76bdfcbb51af470a62f124115a939f67" x_b3_spanid:"62f124115a939f67" x_b3_parentspanid:"-" b3:"76bdfcbb51af470a62f124115a939f67-62f124115a939f67" (STDOUT, RTR)#
#2026 08 02 07:55:17.553#Z#DEBUG#6828ea62-8e47-11f1-a22d-eeee0a847462.SmartProcureX-srv#flowable-async-job-executor-thread-2161#
[PollStartAppStatusExecution] d9622003-7570-45ea-b8be-97c6305e4251 [2026-08-02T07:49:34.083018] 0d79b96ctrial-dev-smartprocurex-srv.cfapps.us10-003.hana.ondemand.com - [2026-08-02T07:49:34.080272540Z] "HEAD /odata/v4/procurement/ HTTP/1.1" 200 0 0 "https://0d79b96ctrial-dev-com-smartprocurex-smartprocurexui.cfapps.us10-003.hana.ondemand.com/index.html" "Mozilla/5.0 (Windows NT 10.0; Win64; x64) AppleWebKit/537.36 (KHTML, like Gecko) Chrome/151.0.0.0 Safari/537.36" "10.0.200.0:45354" "10.37.130.4:61016" x_forwarded_for:"152.57.234.150, 10.0.200.3, 10.37.193.4, 10.0.200.0" x_forwarded_proto:"https" vcap_request_id:"053d3a6c-c3db-4464-752a-e5a0b6cfcc2f" response_time:0.002643 gorouter_time:0.000057 app_id:"d9622003-7570-45ea-b8be-97c6305e4251" app_index:"0" instance_id:"9901b53b-a394-4a2d-4d11-7e49" failed_attempts:0 failed_attempts_time:"-" dns_time:0.000000 dial_time:0.000000 tls_time:0.000000 backend_time:0.002587 local_address:"10.0.193.8:36814" x_cf_routererror:"-" x_correlationid:"053d3a6c-c3db-4464-752a-e5a0b6cfcc2f" tenantid:"0d79b96ctrial" sap_passport:"-" x_scp_request_id:"8b3a38ad-b837-4495-bf5b-66c85e07a4db-6A6EF68B-1BC2D6" x_cf_app_instance:"-" x_forwarded_host:"0d79b96ctrial-dev-com-smartprocurex-smartprocurexui.cfapps.us10-003.hana.ondemand.com" x_custom_host:"-" x_ssl_client:"-" x_ssl_client_session_id:"-" x_ssl_client_verify:"-" x_ssl_client_subject_dn:"-" x_ssl_client_subject_cn:"-" x_ssl_client_issuer_dn:"-" x_ssl_client_notbefore:"-" x_ssl_client_notafter:"-" x_cf_forwarded_url:"-" traceparent:"-" true_client_ip:"-" x_cf_true_client_ip:"10.37.193.4" x_request_id:"-" x_b3_traceid:"053d3a6cc3db4464752ae5a0b6cfcc2f" x_b3_spanid:"752ae5a0b6cfcc2f" x_b3_parentspanid:"-" b3:"053d3a6cc3db4464752ae5a0b6cfcc2f-752ae5a0b6cfcc2f" (STDOUT, RTR)#
#2026 08 02 07:55:17.553#Z#DEBUG#6828ea62-8e47-11f1-a22d-eeee0a847462.SmartProcureX-srv#flowable-async-job-executor-thread-2161#
[PollStartAppStatusExecution] d9622003-7570-45ea-b8be-97c6305e4251 [2026-08-02T07:49:34.088129] {"level":"info","logger":"odata","correlation_id":"e2401a83-b267-4f38-4af7-39c050604986","tenant_id":"5590af3c-9485-44fe-975e-4b748861d2ff","host":"0d79b96ctrial-dev-smartprocurex-srv.cfapps.us10-003.hana.ondemand.com","user_agent":"Mozilla/5.0 (Windows NT 10.0; Win64; x64) AppleWebKit/537.36 (KHTML, like Gecko) Chrome/151.0.0.0 Safari/537.36","accept":"*/*","accept_encoding":"gzip, deflate, br, zstd","accept_language":"en-US","authorization":"***","b3":"e2401a83b2674f384af739c050604986-4af739c050604986","cookie":"***","if_none_match":"W/\"TzIwEMPeKzfvIlNeEHEa0L8tCcT0HSsQIXFasv1PgOY=\"","priority":"u=1, i","referer":"https://0d79b96ctrial-dev-com-smartprocurex-smartprocurexui.cfapps.us10-003.hana.ondemand.com/index.html","sec_ch_ua":"\"Not=A?Brand\";v=\"99\", \"Google Chrome\";v=\"151\", \"Chromium\";v=\"151\"","sec_ch_ua_mobile":"?0","sec_ch_ua_platform":"\"Windows\"","sec_fetch_dest":"empty","sec_fetch_mode":"cors","sec_fetch_site":"same-origin","tenantid":"0d79b96ctrial","x_b3_spanid":"4af739c050604986","x_b3_traceid":"e2401a83b2674f384af739c050604986","x_cf_applicationid":"d9622003-7570-45ea-b8be-97c6305e4251","x_cf_instanceid":"9901b53b-a394-4a2d-4d11-7e49","x_cf_instanceindex":"0","x_cf_true_client_ip":"10.37.193.4","x_correlationid":"e2401a83-b267-4f38-4af7-39c050604986","x_forwarded_for":"152.57.234.150, 10.0.200.3, 10.37.193.4, 10.0.200.0","x_forwarded_host":"0d79b96ctrial-dev-com-smartprocurex-smartprocurexui.cfapps.us10-003.hana.ondemand.com","x_forwarded_path":"/odata/v4/supplier/$metadata","x_forwarded_proto":"https","x_request_start":"1785656974074","x_requested_with":"XMLHttpRequest","x_scp_request_id":"8b3a38ad-b837-4495-bf5b-66c85e07a4db-6A6EF68D-1BC2D7","x_vcap_request_id":"e2401a83-b267-4f38-4af7-39c050604986","request_id":"e2401a83-b267-4f38-4af7-39c050604986","x_correlation_id":"e2401a83-b267-4f38-4af7-39c050604986","timestamp":"2026-08-02T07:49:34.087Z","layer":"cds","component_type":"application","container_id":"10.37.130.4","component_id":"d9622003-7570-45ea-b8be-97c6305e4251","component_name":"SmartProcureX-srv","component_instance":0,"source_instance":0,"organization_name":"0d79b96ctrial","organization_id":"e8159873-0fc0-4477-a4f9-3c43fdb65fe4","space_name":"dev","space_id":"0628b1b5-c14d-4a0a-abf9-843360b5d7c0","tenant_subdomain":"0d79b96ctrial","msg":"GET /odata/v4/supplier/$metadata { 'sap-language': 'EN' }","type":"log"} (STDOUT, APP/PROC/WEB)#
#2026 08 02 07:55:17.553#Z#DEBUG#6828ea62-8e47-11f1-a22d-eeee0a847462.SmartProcureX-srv#flowable-async-job-executor-thread-2161#
[PollStartAppStatusExecution] d9622003-7570-45ea-b8be-97c6305e4251 [2026-08-02T07:49:34.089053] 0d79b96ctrial-dev-smartprocurex-srv.cfapps.us10-003.hana.ondemand.com - [2026-08-02T07:49:34.086982116Z] "GET /odata/v4/supplier/$metadata?sap-language=EN HTTP/1.1" 304 0 0 "https://0d79b96ctrial-dev-com-smartprocurex-smartprocurexui.cfapps.us10-003.hana.ondemand.com/index.html" "Mozilla/5.0 (Windows NT 10.0; Win64; x64) AppleWebKit/537.36 (KHTML, like Gecko) Chrome/151.0.0.0 Safari/537.36" "10.0.200.0:21928" "10.37.130.4:61016" x_forwarded_for:"152.57.234.150, 10.0.200.3, 10.37.193.4, 10.0.200.0" x_forwarded_proto:"https" vcap_request_id:"e2401a83-b267-4f38-4af7-39c050604986" response_time:0.001979 gorouter_time:0.000061 app_id:"d9622003-7570-45ea-b8be-97c6305e4251" app_index:"0" instance_id:"9901b53b-a394-4a2d-4d11-7e49" failed_attempts:0 failed_attempts_time:"-" dns_time:0.000000 dial_time:0.000000 tls_time:0.000000 backend_time:0.001917 local_address:"10.0.193.9:12270" x_cf_routererror:"-" x_correlationid:"e2401a83-b267-4f38-4af7-39c050604986" tenantid:"0d79b96ctrial" sap_passport:"-" x_scp_request_id:"8b3a38ad-b837-4495-bf5b-66c85e07a4db-6A6EF68D-1BC2D7" x_cf_app_instance:"-" x_forwarded_host:"0d79b96ctrial-dev-com-smartprocurex-smartprocurexui.cfapps.us10-003.hana.ondemand.com" x_custom_host:"-" x_ssl_client:"-" x_ssl_client_session_id:"-" x_ssl_client_verify:"-" x_ssl_client_subject_dn:"-" x_ssl_client_subject_cn:"-" x_ssl_client_issuer_dn:"-" x_ssl_client_notbefore:"-" x_ssl_client_notafter:"-" x_cf_forwarded_url:"-" traceparent:"-" true_client_ip:"-" x_cf_true_client_ip:"10.37.193.4" x_request_id:"-" x_b3_traceid:"e2401a83b2674f384af739c050604986" x_b3_spanid:"4af739c050604986" x_b3_parentspanid:"-" b3:"e2401a83b2674f384af739c050604986-4af739c050604986" (STDOUT, RTR)#
#2026 08 02 07:55:17.553#Z#DEBUG#6828ea62-8e47-11f1-a22d-eeee0a847462.SmartProcureX-srv#flowable-async-job-executor-thread-2161#
[PollStartAppStatusExecution] d9622003-7570-45ea-b8be-97c6305e4251 [2026-08-02T07:49:34.132466] {"level":"info","logger":"odata","correlation_id":"301a27cb-3429-4b9a-5046-317e938bbb34","tenant_id":"5590af3c-9485-44fe-975e-4b748861d2ff","host":"0d79b96ctrial-dev-smartprocurex-srv.cfapps.us10-003.hana.ondemand.com","user_agent":"Mozilla/5.0 (Windows NT 10.0; Win64; x64) AppleWebKit/537.36 (KHTML, like Gecko) Chrome/151.0.0.0 Safari/537.36","accept":"*/*","accept_encoding":"gzip, deflate, br, zstd","accept_language":"en-US,en;q=0.9","authorization":"***","b3":"301a27cb34294b9a5046317e938bbb34-5046317e938bbb34","cookie":"***","priority":"u=1, i","referer":"https://0d79b96ctrial-dev-com-smartprocurex-smartprocurexui.cfapps.us10-003.hana.ondemand.com/index.html","sec_ch_ua":"\"Not=A?Brand\";v=\"99\", \"Google Chrome\";v=\"151\", \"Chromium\";v=\"151\"","sec_ch_ua_mobile":"?0","sec_ch_ua_platform":"\"Windows\"","sec_fetch_dest":"empty","sec_fetch_mode":"cors","sec_fetch_site":"same-origin","tenantid":"0d79b96ctrial","x_b3_spanid":"5046317e938bbb34","x_b3_traceid":"301a27cb34294b9a5046317e938bbb34","x_cf_applicationid":"d9622003-7570-45ea-b8be-97c6305e4251","x_cf_instanceid":"9901b53b-a394-4a2d-4d11-7e49","x_cf_instanceindex":"0","x_cf_true_client_ip":"10.37.193.4","x_correlationid":"301a27cb-3429-4b9a-5046-317e938bbb34","x_forwarded_for":"152.57.234.150, 10.0.200.3, 10.37.193.4, 10.0.200.3","x_forwarded_host":"0d79b96ctrial-dev-com-smartprocurex-smartprocurexui.cfapps.us10-003.hana.ondemand.com","x_forwarded_path":"/odata/v4/procurement/PurchaseRequests","x_forwarded_proto":"https","x_request_start":"1785656974128","x_scp_request_id":"9aa5315b-a820-4309-8a47-2bd2b99a37a3-6A6EF68E-1C3E6B","x_vcap_request_id":"301a27cb-3429-4b9a-5046-317e938bbb34","request_id":"301a27cb-3429-4b9a-5046-317e938bbb34","x_correlation_id":"301a27cb-3429-4b9a-5046-317e938bbb34","timestamp":"2026-08-02T07:49:34.131Z","layer":"cds","component_type":"application","container_id":"10.37.130.4","component_id":"d9622003-7570-45ea-b8be-97c6305e4251","component_name":"SmartProcureX-srv","component_instance":0,"source_instance":0,"organization_name":"0d79b96ctrial","organization_id":"e8159873-0fc0-4477-a4f9-3c43fdb65fe4","space_name":"dev","space_id":"0628b1b5-c14d-4a0a-abf9-843360b5d7c0","tenant_subdomain":"0d79b96ctrial","msg":"GET /odata/v4/procurement/PurchaseRequests ","type":"log"} (STDOUT, APP/PROC/WEB)#
#2026 08 02 07:55:17.553#Z#DEBUG#6828ea62-8e47-11f1-a22d-eeee0a847462.SmartProcureX-srv#flowable-async-job-executor-thread-2161#
[PollStartAppStatusExecution] d9622003-7570-45ea-b8be-97c6305e4251 [2026-08-02T07:49:34.438114] {"level":"info","logger":"odata","correlation_id":"a0aeda60-73be-4478-490a-3076e2c2f8fa","tenant_id":"5590af3c-9485-44fe-975e-4b748861d2ff","host":"0d79b96ctrial-dev-smartprocurex-srv.cfapps.us10-003.hana.ondemand.com","user_agent":"Mozilla/5.0 (Windows NT 10.0; Win64; x64) AppleWebKit/537.36 (KHTML, like Gecko) Chrome/151.0.0.0 Safari/537.36","content_length":"772","request_size_b":"772","accept":"multipart/mixed","accept_encoding":"gzip, deflate, br, zstd","accept_language":"en-US","authorization":"***","b3":"a0aeda6073be4478490a3076e2c2f8fa-490a3076e2c2f8fa","content_type":"multipart/mixed; boundary=batch_id-1785656972061-21","cookie":"***","mime_version":"1.0","odata_maxversion":"4.0","odata_version":"4.0","origin":"https://0d79b96ctrial-dev-com-smartprocurex-smartprocurexui.cfapps.us10-003.hana.ondemand.com","priority":"u=1, i","referer":"https://0d79b96ctrial-dev-com-smartprocurex-smartprocurexui.cfapps.us10-003.hana.ondemand.com/index.html","sap_cancel_on_close":"true","sec_ch_ua":"\"Not=A?Brand\";v=\"99\", \"Google Chrome\";v=\"151\", \"Chromium\";v=\"151\"","sec_ch_ua_mobile":"?0","sec_ch_ua_platform":"\"Windows\"","sec_fetch_dest":"empty","sec_fetch_mode":"cors","sec_fetch_site":"same-origin","tenantid":"0d79b96ctrial","x_b3_spanid":"490a3076e2c2f8fa","x_b3_traceid":"a0aeda6073be4478490a3076e2c2f8fa","x_cf_applicationid":"d9622003-7570-45ea-b8be-97c6305e4251","x_cf_instanceid":"9901b53b-a394-4a2d-4d11-7e49","x_cf_instanceindex":"0","x_cf_true_client_ip":"10.37.193.4","x_correlationid":"a0aeda60-73be-4478-490a-3076e2c2f8fa","x_csrf_token":"Fetch","x_forwarded_for":"152.57.234.150, 10.0.200.3, 10.37.193.4, 10.0.200.2","x_forwarded_host":"0d79b96ctrial-dev-com-smartprocurex-smartprocurexui.cfapps.us10-003.hana.ondemand.com","x_forwarded_path":"/odata/v4/procurement/$batch","x_forwarded_proto":"https","x_request_start":"1785656974433","x_requested_with":"XMLHttpRequest","x_scp_request_id":"ed68c315-3eeb-4471-9fdc-9dc1d1fc79cc-6A6EF68E-1BE4A7","x_vcap_request_id":"a0aeda60-73be-4478-490a-3076e2c2f8fa","request_id":"a0aeda60-73be-4478-490a-3076e2c2f8fa","x_correlation_id":"a0aeda60-73be-4478-490a-3076e2c2f8fa","timestamp":"2026-08-02T07:49:34.437Z","layer":"cds","component_type":"application","container_id":"10.37.130.4","component_id":"d9622003-7570-45ea-b8be-97c6305e4251","component_name":"SmartProcureX-srv","component_instance":0,"source_instance":0,"organization_name":"0d79b96ctrial","organization_id":"e8159873-0fc0-4477-a4f9-3c43fdb65fe4","space_name":"dev","space_id":"0628b1b5-c14d-4a0a-abf9-843360b5d7c0","tenant_subdomain":"0d79b96ctrial","msg":"POST /odata/v4/procurement/$batch ","type":"log"} (STDOUT, APP/PROC/WEB)#
#2026 08 02 07:55:17.553#Z#DEBUG#6828ea62-8e47-11f1-a22d-eeee0a847462.SmartProcureX-srv#flowable-async-job-executor-thread-2161#
[PollStartAppStatusExecution] d9622003-7570-45ea-b8be-97c6305e4251 [2026-08-02T07:49:34.439293] {"level":"info","logger":"odata","correlation_id":"a0aeda60-73be-4478-490a-3076e2c2f8fa","tenant_id":"5590af3c-9485-44fe-975e-4b748861d2ff","host":"0d79b96ctrial-dev-smartprocurex-srv.cfapps.us10-003.hana.ondemand.com","user_agent":"Mozilla/5.0 (Windows NT 10.0; Win64; x64) AppleWebKit/537.36 (KHTML, like Gecko) Chrome/151.0.0.0 Safari/537.36","content_length":"772","request_size_b":"772","accept":"multipart/mixed","accept_encoding":"gzip, deflate, br, zstd","accept_language":"en-US","authorization":"***","b3":"a0aeda6073be4478490a3076e2c2f8fa-490a3076e2c2f8fa","content_type":"multipart/mixed; boundary=batch_id-1785656972061-21","cookie":"***","mime_version":"1.0","odata_maxversion":"4.0","odata_version":"4.0","origin":"https://0d79b96ctrial-dev-com-smartprocurex-smartprocurexui.cfapps.us10-003.hana.ondemand.com","priority":"u=1, i","referer":"https://0d79b96ctrial-dev-com-smartprocurex-smartprocurexui.cfapps.us10-003.hana.ondemand.com/index.html","sap_cancel_on_close":"true","sec_ch_ua":"\"Not=A?Brand\";v=\"99\", \"Google Chrome\";v=\"151\", \"Chromium\";v=\"151\"","sec_ch_ua_mobile":"?0","sec_ch_ua_platform":"\"Windows\"","sec_fetch_dest":"empty","sec_fetch_mode":"cors","sec_fetch_site":"same-origin","tenantid":"0d79b96ctrial","x_b3_spanid":"490a3076e2c2f8fa","x_b3_traceid":"a0aeda6073be4478490a3076e2c2f8fa","x_cf_applicationid":"d9622003-7570-45ea-b8be-97c6305e4251","x_cf_instanceid":"9901b53b-a394-4a2d-4d11-7e49","x_cf_instanceindex":"0","x_cf_true_client_ip":"10.37.193.4","x_correlationid":"a0aeda60-73be-4478-490a-3076e2c2f8fa","x_csrf_token":"Fetch","x_forwarded_for":"152.57.234.150, 10.0.200.3, 10.37.193.4, 10.0.200.2","x_forwarded_host":"0d79b96ctrial-dev-com-smartprocurex-smartprocurexui.cfapps.us10-003.hana.ondemand.com","x_forwarded_path":"/odata/v4/procurement/$batch","x_forwarded_proto":"https","x_request_start":"1785656974433","x_requested_with":"XMLHttpRequest","x_scp_request_id":"ed68c315-3eeb-4471-9fdc-9dc1d1fc79cc-6A6EF68E-1BE4A7","x_vcap_request_id":"a0aeda60-73be-4478-490a-3076e2c2f8fa","request_id":"a0aeda60-73be-4478-490a-3076e2c2f8fa","x_correlation_id":"a0aeda60-73be-4478-490a-3076e2c2f8fa","timestamp":"2026-08-02T07:49:34.439Z","layer":"cds","component_type":"application","container_id":"10.37.130.4","component_id":"d9622003-7570-45ea-b8be-97c6305e4251","component_name":"SmartProcureX-srv","component_instance":0,"source_instance":0,"organization_name":"0d79b96ctrial","organization_id":"e8159873-0fc0-4477-a4f9-3c43fdb65fe4","space_name":"dev","space_id":"0628b1b5-c14d-4a0a-abf9-843360b5d7c0","tenant_subdomain":"0d79b96ctrial","msg":"> GET /PurchaseRequests {\n  '$select': 'ID,priority,requestNumber,status,totalAmount',\n  '$skip': '0',\n  '$top': '100'\n}","type":"log"} (STDOUT, APP/PROC/WEB)#
#2026 08 02 07:55:17.553#Z#DEBUG#6828ea62-8e47-11f1-a22d-eeee0a847462.SmartProcureX-srv#flowable-async-job-executor-thread-2161#
[PollStartAppStatusExecution] d9622003-7570-45ea-b8be-97c6305e4251 [2026-08-02T07:49:35.133617] {"level":"error","logger":"odata","correlation_id":"301a27cb-3429-4b9a-5046-317e938bbb34","tenant_id":"5590af3c-9485-44fe-975e-4b748861d2ff","host":"0d79b96ctrial-dev-smartprocurex-srv.cfapps.us10-003.hana.ondemand.com","user_agent":"Mozilla/5.0 (Windows NT 10.0; Win64; x64) AppleWebKit/537.36 (KHTML, like Gecko) Chrome/151.0.0.0 Safari/537.36","accept":"*/*","accept_encoding":"gzip, deflate, br, zstd","accept_language":"en-US,en;q=0.9","authorization":"***","b3":"301a27cb34294b9a5046317e938bbb34-5046317e938bbb34","cookie":"***","priority":"u=1, i","referer":"https://0d79b96ctrial-dev-com-smartprocurex-smartprocurexui.cfapps.us10-003.hana.ondemand.com/index.html","sec_ch_ua":"\"Not=A?Brand\";v=\"99\", \"Google Chrome\";v=\"151\", \"Chromium\";v=\"151\"","sec_ch_ua_mobile":"?0","sec_ch_ua_platform":"\"Windows\"","sec_fetch_dest":"empty","sec_fetch_mode":"cors","sec_fetch_site":"same-origin","tenantid":"0d79b96ctrial","x_b3_spanid":"5046317e938bbb34","x_b3_traceid":"301a27cb34294b9a5046317e938bbb34","x_cf_applicationid":"d9622003-7570-45ea-b8be-97c6305e4251","x_cf_instanceid":"9901b53b-a394-4a2d-4d11-7e49","x_cf_instanceindex":"0","x_cf_true_client_ip":"10.37.193.4","x_correlationid":"301a27cb-3429-4b9a-5046-317e938bbb34","x_forwarded_for":"152.57.234.150, 10.0.200.3, 10.37.193.4, 10.0.200.3","x_forwarded_host":"0d79b96ctrial-dev-com-smartprocurex-smartprocurexui.cfapps.us10-003.hana.ondemand.com","x_forwarded_path":"/odata/v4/procurement/PurchaseRequests","x_forwarded_proto":"https","x_request_start":"1785656974128","x_scp_request_id":"9aa5315b-a820-4309-8a47-2bd2b99a37a3-6A6EF68E-1C3E6B","x_vcap_request_id":"301a27cb-3429-4b9a-5046-317e938bbb34","request_id":"301a27cb-3429-4b9a-5046-317e938bbb34","x_correlation_id":"301a27cb-3429-4b9a-5046-317e938bbb34","timestamp":"2026-08-02T07:49:35.133Z","layer":"cds","component_type":"application","container_id":"10.37.130.4","component_id":"d9622003-7570-45ea-b8be-97c6305e4251","component_name":"SmartProcureX-srv","component_instance":0,"source_instance":0,"organization_name":"0d79b96ctrial","organization_id":"e8159873-0fc0-4477-a4f9-3c43fdb65fe4","space_name":"dev","space_id":"0628b1b5-c14d-4a0a-abf9-843360b5d7c0","tenant_subdomain":"0d79b96ctrial","msg":"500 - Error: Pool resource could not be acquired within 1s\n    at /home/vcap/app/node_modules/@cap-js/db-service/lib/common/generic-pool.js:71:21\n    at new Promise (<anonymous>)\n    at new Request (/home/vcap/app/node_modules/@cap-js/db-service/lib/common/generic-pool.js:59:20)\n    at Pool.acquire (/home/vcap/app/node_modules/@cap-js/db-service/lib/common/generic-pool.js:141:21)\n    at HANAService.acquire (/home/vcap/app/node_modules/@cap-js/db-service/lib/common/DatabaseService.js:106:28)\n    at HANAService.begin (/home/vcap/app/node_modules/@cap-js/db-service/lib/common/DatabaseService.js:66:27)\n    at HANAService._begin [as dispatch] (/home/vcap/app/node_modules/@sap/cds/lib/srv/srv-tx.js:195:38)\n    at /home/vcap/app/node_modules/@sap/cds/lib/srv/srv-dispatch.js:20:50\n    at HANAService.run (/home/vcap/app/node_modules/@sap/cds/lib/srv/cds.Service.js:171:44)\n    at HANAService.run (/home/vcap/app/node_modules/@cap-js/db-service/lib/common/DatabaseService.js:158:18) {\n  status: 500,\n  code: '500'\n}","type":"log"} (STDERR, APP/PROC/WEB)#
#2026 08 02 07:55:17.553#Z#DEBUG#6828ea62-8e47-11f1-a22d-eeee0a847462.SmartProcureX-srv#flowable-async-job-executor-thread-2161#
[PollStartAppStatusExecution] d9622003-7570-45ea-b8be-97c6305e4251 [2026-08-02T07:49:35.134679] 0d79b96ctrial-dev-smartprocurex-srv.cfapps.us10-003.hana.ondemand.com - [2026-08-02T07:49:34.130804876Z] "GET /odata/v4/procurement/PurchaseRequests HTTP/1.1" 500 0 58 "https://0d79b96ctrial-dev-com-smartprocurex-smartprocurexui.cfapps.us10-003.hana.ondemand.com/index.html" "Mozilla/5.0 (Windows NT 10.0; Win64; x64) AppleWebKit/537.36 (KHTML, like Gecko) Chrome/151.0.0.0 Safari/537.36" "10.0.200.3:43746" "10.37.130.4:61016" x_forwarded_for:"152.57.234.150, 10.0.200.3, 10.37.193.4, 10.0.200.3" x_forwarded_proto:"https" vcap_request_id:"301a27cb-3429-4b9a-5046-317e938bbb34" response_time:1.003745 gorouter_time:0.000032 app_id:"d9622003-7570-45ea-b8be-97c6305e4251" app_index:"0" instance_id:"9901b53b-a394-4a2d-4d11-7e49" failed_attempts:0 failed_attempts_time:"-" dns_time:0.000000 dial_time:0.000000 tls_time:0.000000 backend_time:1.003713 local_address:"10.0.193.9:12270" x_cf_routererror:"-" x_correlationid:"301a27cb-3429-4b9a-5046-317e938bbb34" tenantid:"0d79b96ctrial" sap_passport:"-" x_scp_request_id:"9aa5315b-a820-4309-8a47-2bd2b99a37a3-6A6EF68E-1C3E6B" x_cf_app_instance:"-" x_forwarded_host:"0d79b96ctrial-dev-com-smartprocurex-smartprocurexui.cfapps.us10-003.hana.ondemand.com" x_custom_host:"-" x_ssl_client:"-" x_ssl_client_session_id:"-" x_ssl_client_verify:"-" x_ssl_client_subject_dn:"-" x_ssl_client_subject_cn:"-" x_ssl_client_issuer_dn:"-" x_ssl_client_notbefore:"-" x_ssl_client_notafter:"-" x_cf_forwarded_url:"-" traceparent:"-" true_client_ip:"-" x_cf_true_client_ip:"10.37.193.4" x_request_id:"-" x_b3_traceid:"301a27cb34294b9a5046317e938bbb34" x_b3_spanid:"5046317e938bbb34" x_b3_parentspanid:"-" b3:"301a27cb34294b9a5046317e938bbb34-5046317e938bbb34" (STDOUT, RTR)#
#2026 08 02 07:55:17.553#Z#DEBUG#6828ea62-8e47-11f1-a22d-eeee0a847462.SmartProcureX-srv#flowable-async-job-executor-thread-2161#
[PollStartAppStatusExecution] d9622003-7570-45ea-b8be-97c6305e4251 [2026-08-02T07:49:35.440900] {"level":"error","logger":"odata","correlation_id":"a0aeda60-73be-4478-490a-3076e2c2f8fa","tenant_id":"5590af3c-9485-44fe-975e-4b748861d2ff","host":"0d79b96ctrial-dev-smartprocurex-srv.cfapps.us10-003.hana.ondemand.com","user_agent":"Mozilla/5.0 (Windows NT 10.0; Win64; x64) AppleWebKit/537.36 (KHTML, like Gecko) Chrome/151.0.0.0 Safari/537.36","content_length":"772","request_size_b":"772","accept":"multipart/mixed","accept_encoding":"gzip, deflate, br, zstd","accept_language":"en-US","authorization":"***","b3":"a0aeda6073be4478490a3076e2c2f8fa-490a3076e2c2f8fa","content_type":"multipart/mixed; boundary=batch_id-1785656972061-21","cookie":"***","mime_version":"1.0","odata_maxversion":"4.0","odata_version":"4.0","origin":"https://0d79b96ctrial-dev-com-smartprocurex-smartprocurexui.cfapps.us10-003.hana.ondemand.com","priority":"u=1, i","referer":"https://0d79b96ctrial-dev-com-smartprocurex-smartprocurexui.cfapps.us10-003.hana.ondemand.com/index.html","sap_cancel_on_close":"true","sec_ch_ua":"\"Not=A?Brand\";v=\"99\", \"Google Chrome\";v=\"151\", \"Chromium\";v=\"151\"","sec_ch_ua_mobile":"?0","sec_ch_ua_platform":"\"Windows\"","sec_fetch_dest":"empty","sec_fetch_mode":"cors","sec_fetch_site":"same-origin","tenantid":"0d79b96ctrial","x_b3_spanid":"490a3076e2c2f8fa","x_b3_traceid":"a0aeda6073be4478490a3076e2c2f8fa","x_cf_applicationid":"d9622003-7570-45ea-b8be-97c6305e4251","x_cf_instanceid":"9901b53b-a394-4a2d-4d11-7e49","x_cf_instanceindex":"0","x_cf_true_client_ip":"10.37.193.4","x_correlationid":"a0aeda60-73be-4478-490a-3076e2c2f8fa","x_csrf_token":"Fetch","x_forwarded_for":"152.57.234.150, 10.0.200.3, 10.37.193.4, 10.0.200.2","x_forwarded_host":"0d79b96ctrial-dev-com-smartprocurex-smartprocurexui.cfapps.us10-003.hana.ondemand.com","x_forwarded_path":"/odata/v4/procurement/$batch","x_forwarded_proto":"https","x_request_start":"1785656974433","x_requested_with":"XMLHttpRequest","x_scp_request_id":"ed68c315-3eeb-4471-9fdc-9dc1d1fc79cc-6A6EF68E-1BE4A7","x_vcap_request_id":"a0aeda60-73be-4478-490a-3076e2c2f8fa","request_id":"a0aeda60-73be-4478-490a-3076e2c2f8fa","x_correlation_id":"a0aeda60-73be-4478-490a-3076e2c2f8fa","timestamp":"2026-08-02T07:49:35.440Z","layer":"cds","component_type":"application","container_id":"10.37.130.4","component_id":"d9622003-7570-45ea-b8be-97c6305e4251","component_name":"SmartProcureX-srv","component_instance":0,"source_instance":0,"organization_name":"0d79b96ctrial","organization_id":"e8159873-0fc0-4477-a4f9-3c43fdb65fe4","space_name":"dev","space_id":"0628b1b5-c14d-4a0a-abf9-843360b5d7c0","tenant_subdomain":"0d79b96ctrial","msg":"500 - Error: Pool resource could not be acquired within 1s\n    at /home/vcap/app/node_modules/@cap-js/db-service/lib/common/generic-pool.js:71:21\n    at new Promise (<anonymous>)\n    at new Request (/home/vcap/app/node_modules/@cap-js/db-service/lib/common/generic-pool.js:59:20)\n    at Pool.acquire (/home/vcap/app/node_modules/@cap-js/db-service/lib/common/generic-pool.js:141:21)\n    at HANAService.acquire (/home/vcap/app/node_modules/@cap-js/db-service/lib/common/DatabaseService.js:106:28)\n    at HANAService.begin (/home/vcap/app/node_modules/@cap-js/db-service/lib/common/DatabaseService.js:66:27)\n    at HANAService._begin [as dispatch] (/home/vcap/app/node_modules/@sap/cds/lib/srv/srv-tx.js:195:38)\n    at /home/vcap/app/node_modules/@sap/cds/lib/srv/srv-dispatch.js:20:50\n    at HANAService.run (/home/vcap/app/node_modules/@sap/cds/lib/srv/cds.Service.js:171:44)\n    at HANAService.run (/home/vcap/app/node_modules/@cap-js/db-service/lib/common/DatabaseService.js:158:18) {\n  status: 500,\n  code: '500'\n}","type":"log"} (STDERR, APP/PROC/WEB)#
#2026 08 02 07:55:17.553#Z#DEBUG#6828ea62-8e47-11f1-a22d-eeee0a847462.SmartProcureX-srv#flowable-async-job-executor-thread-2161#
[PollStartAppStatusExecution] d9622003-7570-45ea-b8be-97c6305e4251 [2026-08-02T07:49:35.442220] 0d79b96ctrial-dev-smartprocurex-srv.cfapps.us10-003.hana.ondemand.com - [2026-08-02T07:49:34.436445533Z] "POST /odata/v4/procurement/$batch HTTP/1.1" 200 772 314 "https://0d79b96ctrial-dev-com-smartprocurex-smartprocurexui.cfapps.us10-003.hana.ondemand.com/index.html" "Mozilla/5.0 (Windows NT 10.0; Win64; x64) AppleWebKit/537.36 (KHTML, like Gecko) Chrome/151.0.0.0 Safari/537.36" "10.0.200.2:46096" "10.37.130.4:61016" x_forwarded_for:"152.57.234.150, 10.0.200.3, 10.37.193.4, 10.0.200.2" x_forwarded_proto:"https" vcap_request_id:"a0aeda60-73be-4478-490a-3076e2c2f8fa" response_time:1.005582 gorouter_time:0.000076 app_id:"d9622003-7570-45ea-b8be-97c6305e4251" app_index:"0" instance_id:"9901b53b-a394-4a2d-4d11-7e49" failed_attempts:0 failed_attempts_time:"-" dns_time:0.000000 dial_time:0.000000 tls_time:0.000000 backend_time:1.005505 local_address:"10.0.193.8:36814" x_cf_routererror:"-" x_correlationid:"a0aeda60-73be-4478-490a-3076e2c2f8fa" tenantid:"0d79b96ctrial" sap_passport:"-" x_scp_request_id:"ed68c315-3eeb-4471-9fdc-9dc1d1fc79cc-6A6EF68E-1BE4A7" x_cf_app_instance:"-" x_forwarded_host:"0d79b96ctrial-dev-com-smartprocurex-smartprocurexui.cfapps.us10-003.hana.ondemand.com" x_custom_host:"-" x_ssl_client:"-" x_ssl_client_session_id:"-" x_ssl_client_verify:"-" x_ssl_client_subject_dn:"-" x_ssl_client_subject_cn:"-" x_ssl_client_issuer_dn:"-" x_ssl_client_notbefore:"-" x_ssl_client_notafter:"-" x_cf_forwarded_url:"-" traceparent:"-" true_client_ip:"-" x_cf_true_client_ip:"10.37.193.4" x_request_id:"-" x_b3_traceid:"a0aeda6073be4478490a3076e2c2f8fa" x_b3_spanid:"490a3076e2c2f8fa" x_b3_parentspanid:"-" b3:"a0aeda6073be4478490a3076e2c2f8fa-490a3076e2c2f8fa" (STDOUT, RTR)#
#2026 08 02 07:55:17.553#Z#DEBUG#6828ea62-8e47-11f1-a22d-eeee0a847462.SmartProcureX-srv#flowable-async-job-executor-thread-2161#
[PollStartAppStatusExecution] d9622003-7570-45ea-b8be-97c6305e4251 [2026-08-02T07:49:35.578822] {"level":"info","logger":"odata","correlation_id":"ab42095a-05fc-493e-5566-0cfb6fef6463","tenant_id":"5590af3c-9485-44fe-975e-4b748861d2ff","host":"0d79b96ctrial-dev-smartprocurex-srv.cfapps.us10-003.hana.ondemand.com","user_agent":"Mozilla/5.0 (Windows NT 10.0; Win64; x64) AppleWebKit/537.36 (KHTML, like Gecko) Chrome/151.0.0.0 Safari/537.36","accept":"*/*","accept_encoding":"gzip, deflate, br, zstd","accept_language":"en-US,en;q=0.9","authorization":"***","b3":"ab42095a05fc493e55660cfb6fef6463-55660cfb6fef6463","cookie":"***","priority":"u=1, i","referer":"https://0d79b96ctrial-dev-com-smartprocurex-smartprocurexui.cfapps.us10-003.hana.ondemand.com/index.html","sec_ch_ua":"\"Not=A?Brand\";v=\"99\", \"Google Chrome\";v=\"151\", \"Chromium\";v=\"151\"","sec_ch_ua_mobile":"?0","sec_ch_ua_platform":"\"Windows\"","sec_fetch_dest":"empty","sec_fetch_mode":"cors","sec_fetch_site":"same-origin","tenantid":"0d79b96ctrial","x_b3_spanid":"55660cfb6fef6463","x_b3_traceid":"ab42095a05fc493e55660cfb6fef6463","x_cf_applicationid":"d9622003-7570-45ea-b8be-97c6305e4251","x_cf_instanceid":"9901b53b-a394-4a2d-4d11-7e49","x_cf_instanceindex":"0","x_cf_true_client_ip":"10.37.193.4","x_correlationid":"ab42095a-05fc-493e-5566-0cfb6fef6463","x_forwarded_for":"152.57.234.150, 10.0.200.3, 10.37.193.4, 10.0.200.0","x_forwarded_host":"0d79b96ctrial-dev-com-smartprocurex-smartprocurexui.cfapps.us10-003.hana.ondemand.com","x_forwarded_path":"/odata/v4/procurement/PurchaseOrders","x_forwarded_proto":"https","x_request_start":"1785656975574","x_scp_request_id":"8b3a38ad-b837-4495-bf5b-66c85e07a4db-6A6EF68E-1BC2DE","x_vcap_request_id":"ab42095a-05fc-493e-5566-0cfb6fef6463","request_id":"ab42095a-05fc-493e-5566-0cfb6fef6463","x_correlation_id":"ab42095a-05fc-493e-5566-0cfb6fef6463","timestamp":"2026-08-02T07:49:35.578Z","layer":"cds","component_type":"application","container_id":"10.37.130.4","component_id":"d9622003-7570-45ea-b8be-97c6305e4251","component_name":"SmartProcureX-srv","component_instance":0,"source_instance":0,"organization_name":"0d79b96ctrial","organization_id":"e8159873-0fc0-4477-a4f9-3c43fdb65fe4","space_name":"dev","space_id":"0628b1b5-c14d-4a0a-abf9-843360b5d7c0","tenant_subdomain":"0d79b96ctrial","msg":"GET /odata/v4/procurement/PurchaseOrders ","type":"log"} (STDOUT, APP/PROC/WEB)#
#2026 08 02 07:55:17.553#Z#DEBUG#6828ea62-8e47-11f1-a22d-eeee0a847462.SmartProcureX-srv#flowable-async-job-executor-thread-2161#
[PollStartAppStatusExecution] d9622003-7570-45ea-b8be-97c6305e4251 [2026-08-02T07:49:36.579861] {"level":"error","logger":"odata","correlation_id":"ab42095a-05fc-493e-5566-0cfb6fef6463","tenant_id":"5590af3c-9485-44fe-975e-4b748861d2ff","host":"0d79b96ctrial-dev-smartprocurex-srv.cfapps.us10-003.hana.ondemand.com","user_agent":"Mozilla/5.0 (Windows NT 10.0; Win64; x64) AppleWebKit/537.36 (KHTML, like Gecko) Chrome/151.0.0.0 Safari/537.36","accept":"*/*","accept_encoding":"gzip, deflate, br, zstd","accept_language":"en-US,en;q=0.9","authorization":"***","b3":"ab42095a05fc493e55660cfb6fef6463-55660cfb6fef6463","cookie":"***","priority":"u=1, i","referer":"https://0d79b96ctrial-dev-com-smartprocurex-smartprocurexui.cfapps.us10-003.hana.ondemand.com/index.html","sec_ch_ua":"\"Not=A?Brand\";v=\"99\", \"Google Chrome\";v=\"151\", \"Chromium\";v=\"151\"","sec_ch_ua_mobile":"?0","sec_ch_ua_platform":"\"Windows\"","sec_fetch_dest":"empty","sec_fetch_mode":"cors","sec_fetch_site":"same-origin","tenantid":"0d79b96ctrial","x_b3_spanid":"55660cfb6fef6463","x_b3_traceid":"ab42095a05fc493e55660cfb6fef6463","x_cf_applicationid":"d9622003-7570-45ea-b8be-97c6305e4251","x_cf_instanceid":"9901b53b-a394-4a2d-4d11-7e49","x_cf_instanceindex":"0","x_cf_true_client_ip":"10.37.193.4","x_correlationid":"ab42095a-05fc-493e-5566-0cfb6fef6463","x_forwarded_for":"152.57.234.150, 10.0.200.3, 10.37.193.4, 10.0.200.0","x_forwarded_host":"0d79b96ctrial-dev-com-smartprocurex-smartprocurexui.cfapps.us10-003.hana.ondemand.com","x_forwarded_path":"/odata/v4/procurement/PurchaseOrders","x_forwarded_proto":"https","x_request_start":"1785656975574","x_scp_request_id":"8b3a38ad-b837-4495-bf5b-66c85e07a4db-6A6EF68E-1BC2DE","x_vcap_request_id":"ab42095a-05fc-493e-5566-0cfb6fef6463","request_id":"ab42095a-05fc-493e-5566-0cfb6fef6463","x_correlation_id":"ab42095a-05fc-493e-5566-0cfb6fef6463","timestamp":"2026-08-02T07:49:36.579Z","layer":"cds","component_type":"application","container_id":"10.37.130.4","component_id":"d9622003-7570-45ea-b8be-97c6305e4251","component_name":"SmartProcureX-srv","component_instance":0,"source_instance":0,"organization_name":"0d79b96ctrial","organization_id":"e8159873-0fc0-4477-a4f9-3c43fdb65fe4","space_name":"dev","space_id":"0628b1b5-c14d-4a0a-abf9-843360b5d7c0","tenant_subdomain":"0d79b96ctrial","msg":"500 - Error: Pool resource could not be acquired within 1s\n    at /home/vcap/app/node_modules/@cap-js/db-service/lib/common/generic-pool.js:71:21\n    at new Promise (<anonymous>)\n    at new Request (/home/vcap/app/node_modules/@cap-js/db-service/lib/common/generic-pool.js:59:20)\n    at Pool.acquire (/home/vcap/app/node_modules/@cap-js/db-service/lib/common/generic-pool.js:141:21)\n    at HANAService.acquire (/home/vcap/app/node_modules/@cap-js/db-service/lib/common/DatabaseService.js:106:28)\n    at HANAService.begin (/home/vcap/app/node_modules/@cap-js/db-service/lib/common/DatabaseService.js:66:27)\n    at HANAService._begin [as dispatch] (/home/vcap/app/node_modules/@sap/cds/lib/srv/srv-tx.js:195:38)\n    at /home/vcap/app/node_modules/@sap/cds/lib/srv/srv-dispatch.js:20:50\n    at HANAService.run (/home/vcap/app/node_modules/@sap/cds/lib/srv/cds.Service.js:171:44)\n    at HANAService.run (/home/vcap/app/node_modules/@cap-js/db-service/lib/common/DatabaseService.js:158:18) {\n  status: 500,\n  code: '500'\n}","type":"log"} (STDERR, APP/PROC/WEB)#
#2026 08 02 07:55:17.553#Z#DEBUG#6828ea62-8e47-11f1-a22d-eeee0a847462.SmartProcureX-srv#flowable-async-job-executor-thread-2161#
[PollStartAppStatusExecution] d9622003-7570-45ea-b8be-97c6305e4251 [2026-08-02T07:49:36.581012] 0d79b96ctrial-dev-smartprocurex-srv.cfapps.us10-003.hana.ondemand.com - [2026-08-02T07:49:35.577138821Z] "GET /odata/v4/procurement/PurchaseOrders HTTP/1.1" 500 0 58 "https://0d79b96ctrial-dev-com-smartprocurex-smartprocurexui.cfapps.us10-003.hana.ondemand.com/index.html" "Mozilla/5.0 (Windows NT 10.0; Win64; x64) AppleWebKit/537.36 (KHTML, like Gecko) Chrome/151.0.0.0 Safari/537.36" "10.0.200.0:21928" "10.37.130.4:61016" x_forwarded_for:"152.57.234.150, 10.0.200.3, 10.37.193.4, 10.0.200.0" x_forwarded_proto:"https" vcap_request_id:"ab42095a-05fc-493e-5566-0cfb6fef6463" response_time:1.003771 gorouter_time:0.000045 app_id:"d9622003-7570-45ea-b8be-97c6305e4251" app_index:"0" instance_id:"9901b53b-a394-4a2d-4d11-7e49" failed_attempts:0 failed_attempts_time:"-" dns_time:0.000000 dial_time:0.000000 tls_time:0.000000 backend_time:1.003725 local_address:"10.0.193.9:12270" x_cf_routererror:"-" x_correlationid:"ab42095a-05fc-493e-5566-0cfb6fef6463" tenantid:"0d79b96ctrial" sap_passport:"-" x_scp_request_id:"8b3a38ad-b837-4495-bf5b-66c85e07a4db-6A6EF68E-1BC2DE" x_cf_app_instance:"-" x_forwarded_host:"0d79b96ctrial-dev-com-smartprocurex-smartprocurexui.cfapps.us10-003.hana.ondemand.com" x_custom_host:"-" x_ssl_client:"-" x_ssl_client_session_id:"-" x_ssl_client_verify:"-" x_ssl_client_subject_dn:"-" x_ssl_client_subject_cn:"-" x_ssl_client_issuer_dn:"-" x_ssl_client_notbefore:"-" x_ssl_client_notafter:"-" x_cf_forwarded_url:"-" traceparent:"-" true_client_ip:"-" x_cf_true_client_ip:"10.37.193.4" x_request_id:"-" x_b3_traceid:"ab42095a05fc493e55660cfb6fef6463" x_b3_spanid:"55660cfb6fef6463" x_b3_parentspanid:"-" b3:"ab42095a05fc493e55660cfb6fef6463-55660cfb6fef6463" (STDOUT, RTR)#
#2026 08 02 07:55:17.553#Z#DEBUG#6828ea62-8e47-11f1-a22d-eeee0a847462.SmartProcureX-srv#flowable-async-job-executor-thread-2161#
[PollStartAppStatusExecution] d9622003-7570-45ea-b8be-97c6305e4251 [2026-08-02T07:49:36.863922] {"level":"info","logger":"odata","correlation_id":"241ead37-87de-4734-4a33-8ee7cbbc0166","tenant_id":"5590af3c-9485-44fe-975e-4b748861d2ff","host":"0d79b96ctrial-dev-smartprocurex-srv.cfapps.us10-003.hana.ondemand.com","user_agent":"Mozilla/5.0 (Windows NT 10.0; Win64; x64) AppleWebKit/537.36 (KHTML, like Gecko) Chrome/151.0.0.0 Safari/537.36","accept":"*/*","accept_encoding":"gzip, deflate, br, zstd","accept_language":"en-US,en;q=0.9","authorization":"***","b3":"241ead3787de47344a338ee7cbbc0166-4a338ee7cbbc0166","cookie":"***","priority":"u=1, i","referer":"https://0d79b96ctrial-dev-com-smartprocurex-smartprocurexui.cfapps.us10-003.hana.ondemand.com/index.html","sec_ch_ua":"\"Not=A?Brand\";v=\"99\", \"Google Chrome\";v=\"151\", \"Chromium\";v=\"151\"","sec_ch_ua_mobile":"?0","sec_ch_ua_platform":"\"Windows\"","sec_fetch_dest":"empty","sec_fetch_mode":"cors","sec_fetch_site":"same-origin","tenantid":"0d79b96ctrial","x_b3_spanid":"4a338ee7cbbc0166","x_b3_traceid":"241ead3787de47344a338ee7cbbc0166","x_cf_applicationid":"d9622003-7570-45ea-b8be-97c6305e4251","x_cf_instanceid":"9901b53b-a394-4a2d-4d11-7e49","x_cf_instanceindex":"0","x_cf_true_client_ip":"10.37.193.4","x_correlationid":"241ead37-87de-4734-4a33-8ee7cbbc0166","x_forwarded_for":"152.57.234.150, 10.0.200.3, 10.37.193.4, 10.0.200.0","x_forwarded_host":"0d79b96ctrial-dev-com-smartprocurex-smartprocurexui.cfapps.us10-003.hana.ondemand.com","x_forwarded_path":"/odata/v4/supplier/Suppliers","x_forwarded_proto":"https","x_request_start":"1785656976858","x_scp_request_id":"8b3a38ad-b837-4495-bf5b-66c85e07a4db-6A6EF68E-1BC2E6","x_vcap_request_id":"241ead37-87de-4734-4a33-8ee7cbbc0166","request_id":"241ead37-87de-4734-4a33-8ee7cbbc0166","x_correlation_id":"241ead37-87de-4734-4a33-8ee7cbbc0166","timestamp":"2026-08-02T07:49:36.863Z","layer":"cds","component_type":"application","container_id":"10.37.130.4","component_id":"d9622003-7570-45ea-b8be-97c6305e4251","component_name":"SmartProcureX-srv","component_instance":0,"source_instance":0,"organization_name":"0d79b96ctrial","organization_id":"e8159873-0fc0-4477-a4f9-3c43fdb65fe4","space_name":"dev","space_id":"0628b1b5-c14d-4a0a-abf9-843360b5d7c0","tenant_subdomain":"0d79b96ctrial","msg":"GET /odata/v4/supplier/Suppliers ","type":"log"} (STDOUT, APP/PROC/WEB)#
#2026 08 02 07:55:17.553#Z#DEBUG#6828ea62-8e47-11f1-a22d-eeee0a847462.SmartProcureX-srv#flowable-async-job-executor-thread-2161#
[PollStartAppStatusExecution] d9622003-7570-45ea-b8be-97c6305e4251 [2026-08-02T07:49:37.865937] {"level":"error","logger":"odata","correlation_id":"241ead37-87de-4734-4a33-8ee7cbbc0166","tenant_id":"5590af3c-9485-44fe-975e-4b748861d2ff","host":"0d79b96ctrial-dev-smartprocurex-srv.cfapps.us10-003.hana.ondemand.com","user_agent":"Mozilla/5.0 (Windows NT 10.0; Win64; x64) AppleWebKit/537.36 (KHTML, like Gecko) Chrome/151.0.0.0 Safari/537.36","accept":"*/*","accept_encoding":"gzip, deflate, br, zstd","accept_language":"en-US,en;q=0.9","authorization":"***","b3":"241ead3787de47344a338ee7cbbc0166-4a338ee7cbbc0166","cookie":"***","priority":"u=1, i","referer":"https://0d79b96ctrial-dev-com-smartprocurex-smartprocurexui.cfapps.us10-003.hana.ondemand.com/index.html","sec_ch_ua":"\"Not=A?Brand\";v=\"99\", \"Google Chrome\";v=\"151\", \"Chromium\";v=\"151\"","sec_ch_ua_mobile":"?0","sec_ch_ua_platform":"\"Windows\"","sec_fetch_dest":"empty","sec_fetch_mode":"cors","sec_fetch_site":"same-origin","tenantid":"0d79b96ctrial","x_b3_spanid":"4a338ee7cbbc0166","x_b3_traceid":"241ead3787de47344a338ee7cbbc0166","x_cf_applicationid":"d9622003-7570-45ea-b8be-97c6305e4251","x_cf_instanceid":"9901b53b-a394-4a2d-4d11-7e49","x_cf_instanceindex":"0","x_cf_true_client_ip":"10.37.193.4","x_correlationid":"241ead37-87de-4734-4a33-8ee7cbbc0166","x_forwarded_for":"152.57.234.150, 10.0.200.3, 10.37.193.4, 10.0.200.0","x_forwarded_host":"0d79b96ctrial-dev-com-smartprocurex-smartprocurexui.cfapps.us10-003.hana.ondemand.com","x_forwarded_path":"/odata/v4/supplier/Suppliers","x_forwarded_proto":"https","x_request_start":"1785656976858","x_scp_request_id":"8b3a38ad-b837-4495-bf5b-66c85e07a4db-6A6EF68E-1BC2E6","x_vcap_request_id":"241ead37-87de-4734-4a33-8ee7cbbc0166","request_id":"241ead37-87de-4734-4a33-8ee7cbbc0166","x_correlation_id":"241ead37-87de-4734-4a33-8ee7cbbc0166","timestamp":"2026-08-02T07:49:37.865Z","layer":"cds","component_type":"application","container_id":"10.37.130.4","component_id":"d9622003-7570-45ea-b8be-97c6305e4251","component_name":"SmartProcureX-srv","component_instance":0,"source_instance":0,"organization_name":"0d79b96ctrial","organization_id":"e8159873-0fc0-4477-a4f9-3c43fdb65fe4","space_name":"dev","space_id":"0628b1b5-c14d-4a0a-abf9-843360b5d7c0","tenant_subdomain":"0d79b96ctrial","msg":"500 - Error: Pool resource could not be acquired within 1s\n    at /home/vcap/app/node_modules/@cap-js/db-service/lib/common/generic-pool.js:71:21\n    at new Promise (<anonymous>)\n    at new Request (/home/vcap/app/node_modules/@cap-js/db-service/lib/common/generic-pool.js:59:20)\n    at Pool.acquire (/home/vcap/app/node_modules/@cap-js/db-service/lib/common/generic-pool.js:141:21)\n    at HANAService.acquire (/home/vcap/app/node_modules/@cap-js/db-service/lib/common/DatabaseService.js:106:28)\n    at HANAService.begin (/home/vcap/app/node_modules/@cap-js/db-service/lib/common/DatabaseService.js:66:27)\n    at HANAService._begin [as dispatch] (/home/vcap/app/node_modules/@sap/cds/lib/srv/srv-tx.js:195:38)\n    at /home/vcap/app/node_modules/@sap/cds/lib/srv/srv-dispatch.js:20:50\n    at HANAService.run (/home/vcap/app/node_modules/@sap/cds/lib/srv/cds.Service.js:171:44)\n    at HANAService.run (/home/vcap/app/node_modules/@cap-js/db-service/lib/common/DatabaseService.js:158:18) {\n  status: 500,\n  code: '500'\n}","type":"log"} (STDERR, APP/PROC/WEB)#
#2026 08 02 07:55:17.553#Z#DEBUG#6828ea62-8e47-11f1-a22d-eeee0a847462.SmartProcureX-srv#flowable-async-job-executor-thread-2161#
[PollStartAppStatusExecution] d9622003-7570-45ea-b8be-97c6305e4251 [2026-08-02T07:49:37.866991] 0d79b96ctrial-dev-smartprocurex-srv.cfapps.us10-003.hana.ondemand.com - [2026-08-02T07:49:36.862018331Z] "GET /odata/v4/supplier/Suppliers HTTP/1.1" 500 0 58 "https://0d79b96ctrial-dev-com-smartprocurex-smartprocurexui.cfapps.us10-003.hana.ondemand.com/index.html" "Mozilla/5.0 (Windows NT 10.0; Win64; x64) AppleWebKit/537.36 (KHTML, like Gecko) Chrome/151.0.0.0 Safari/537.36" "10.0.200.0:45354" "10.37.130.4:61016" x_forwarded_for:"152.57.234.150, 10.0.200.3, 10.37.193.4, 10.0.200.0" x_forwarded_proto:"https" vcap_request_id:"241ead37-87de-4734-4a33-8ee7cbbc0166" response_time:1.004868 gorouter_time:0.000038 app_id:"d9622003-7570-45ea-b8be-97c6305e4251" app_index:"0" instance_id:"9901b53b-a394-4a2d-4d11-7e49" failed_attempts:0 failed_attempts_time:"-" dns_time:0.000000 dial_time:0.000000 tls_time:0.000000 backend_time:1.004830 local_address:"10.0.193.8:36814" x_cf_routererror:"-" x_correlationid:"241ead37-87de-4734-4a33-8ee7cbbc0166" tenantid:"0d79b96ctrial" sap_passport:"-" x_scp_request_id:"8b3a38ad-b837-4495-bf5b-66c85e07a4db-6A6EF68E-1BC2E6" x_cf_app_instance:"-" x_forwarded_host:"0d79b96ctrial-dev-com-smartprocurex-smartprocurexui.cfapps.us10-003.hana.ondemand.com" x_custom_host:"-" x_ssl_client:"-" x_ssl_client_session_id:"-" x_ssl_client_verify:"-" x_ssl_client_subject_dn:"-" x_ssl_client_subject_cn:"-" x_ssl_client_issuer_dn:"-" x_ssl_client_notbefore:"-" x_ssl_client_notafter:"-" x_cf_forwarded_url:"-" traceparent:"-" true_client_ip:"-" x_cf_true_client_ip:"10.37.193.4" x_request_id:"-" x_b3_traceid:"241ead3787de47344a338ee7cbbc0166" x_b3_spanid:"4a338ee7cbbc0166" x_b3_parentspanid:"-" b3:"241ead3787de47344a338ee7cbbc0166-4a338ee7cbbc0166" (STDOUT, RTR)#
#2026 08 02 07:55:17.553#Z#DEBUG#6828ea62-8e47-11f1-a22d-eeee0a847462.SmartProcureX-srv#flowable-async-job-executor-thread-2161#
[PollStartAppStatusExecution] d9622003-7570-45ea-b8be-97c6305e4251 [2026-08-02T07:50:16.665276] {"level":"info","logger":"odata","correlation_id":"5708fcc2-3eff-4a0d-611a-9365d0ba3f93","tenant_id":"5590af3c-9485-44fe-975e-4b748861d2ff","host":"0d79b96ctrial-dev-smartprocurex-srv.cfapps.us10-003.hana.ondemand.com","user_agent":"Mozilla/5.0 (Windows NT 10.0; Win64; x64) AppleWebKit/537.36 (KHTML, like Gecko) Chrome/151.0.0.0 Safari/537.36","accept":"*/*","accept_encoding":"gzip, deflate, br, zstd","accept_language":"en-US","authorization":"***","b3":"5708fcc23eff4a0d611a9365d0ba3f93-611a9365d0ba3f93","cookie":"***","if_none_match":"W/\"NoCaKBlsTAo/pE0+BZ/oYR8zpX0jOra+mrs7IIi6h68=\"","priority":"u=1, i","referer":"https://0d79b96ctrial-dev-com-smartprocurex-smartprocurexui.cfapps.us10-003.hana.ondemand.com/index.html","sec_ch_ua":"\"Not=A?Brand\";v=\"99\", \"Google Chrome\";v=\"151\", \"Chromium\";v=\"151\"","sec_ch_ua_mobile":"?0","sec_ch_ua_platform":"\"Windows\"","sec_fetch_dest":"empty","sec_fetch_mode":"cors","sec_fetch_site":"same-origin","tenantid":"0d79b96ctrial","x_b3_spanid":"611a9365d0ba3f93","x_b3_traceid":"5708fcc23eff4a0d611a9365d0ba3f93","x_cf_applicationid":"d9622003-7570-45ea-b8be-97c6305e4251","x_cf_instanceid":"9901b53b-a394-4a2d-4d11-7e49","x_cf_instanceindex":"0","x_cf_true_client_ip":"10.37.193.4","x_correlationid":"5708fcc2-3eff-4a0d-611a-9365d0ba3f93","x_forwarded_for":"152.57.234.150, 10.0.200.3, 10.37.193.4, 10.0.200.0","x_forwarded_host":"0d79b96ctrial-dev-com-smartprocurex-smartprocurexui.cfapps.us10-003.hana.ondemand.com","x_forwarded_path":"/odata/v4/procurement/$metadata","x_forwarded_proto":"https","x_request_start":"1785657016648","x_requested_with":"XMLHttpRequest","x_scp_request_id":"8b3a38ad-b837-4495-bf5b-66c85e07a4db-6A6EF6B8-1BC3D6","x_vcap_request_id":"5708fcc2-3eff-4a0d-611a-9365d0ba3f93","request_id":"5708fcc2-3eff-4a0d-611a-9365d0ba3f93","x_correlation_id":"5708fcc2-3eff-4a0d-611a-9365d0ba3f93","timestamp":"2026-08-02T07:50:16.664Z","layer":"cds","component_type":"application","container_id":"10.37.130.4","component_id":"d9622003-7570-45ea-b8be-97c6305e4251","component_name":"SmartProcureX-srv","component_instance":0,"source_instance":0,"organization_name":"0d79b96ctrial","organization_id":"e8159873-0fc0-4477-a4f9-3c43fdb65fe4","space_name":"dev","space_id":"0628b1b5-c14d-4a0a-abf9-843360b5d7c0","tenant_subdomain":"0d79b96ctrial","msg":"GET /odata/v4/procurement/$metadata { 'sap-language': 'EN' }","type":"log"} (STDOUT, APP/PROC/WEB)#
#2026 08 02 07:55:17.553#Z#DEBUG#6828ea62-8e47-11f1-a22d-eeee0a847462.SmartProcureX-srv#flowable-async-job-executor-thread-2161#
[PollStartAppStatusExecution] d9622003-7570-45ea-b8be-97c6305e4251 [2026-08-02T07:50:16.666256] 0d79b96ctrial-dev-smartprocurex-srv.cfapps.us10-003.hana.ondemand.com - [2026-08-02T07:50:16.663480350Z] "GET /odata/v4/procurement/$metadata?sap-language=EN HTTP/1.1" 304 0 0 "https://0d79b96ctrial-dev-com-smartprocurex-smartprocurexui.cfapps.us10-003.hana.ondemand.com/index.html" "Mozilla/5.0 (Windows NT 10.0; Win64; x64) AppleWebKit/537.36 (KHTML, like Gecko) Chrome/151.0.0.0 Safari/537.36" "10.0.200.0:54160" "10.37.130.4:61016" x_forwarded_for:"152.57.234.150, 10.0.200.3, 10.37.193.4, 10.0.200.0" x_forwarded_proto:"https" vcap_request_id:"5708fcc2-3eff-4a0d-611a-9365d0ba3f93" response_time:0.002672 gorouter_time:0.000038 app_id:"d9622003-7570-45ea-b8be-97c6305e4251" app_index:"0" instance_id:"9901b53b-a394-4a2d-4d11-7e49" failed_attempts:0 failed_attempts_time:"-" dns_time:0.000000 dial_time:0.000000 tls_time:0.000000 backend_time:0.002634 local_address:"10.0.193.8:36814" x_cf_routererror:"-" x_correlationid:"5708fcc2-3eff-4a0d-611a-9365d0ba3f93" tenantid:"0d79b96ctrial" sap_passport:"-" x_scp_request_id:"8b3a38ad-b837-4495-bf5b-66c85e07a4db-6A6EF6B8-1BC3D6" x_cf_app_instance:"-" x_forwarded_host:"0d79b96ctrial-dev-com-smartprocurex-smartprocurexui.cfapps.us10-003.hana.ondemand.com" x_custom_host:"-" x_ssl_client:"-" x_ssl_client_session_id:"-" x_ssl_client_verify:"-" x_ssl_client_subject_dn:"-" x_ssl_client_subject_cn:"-" x_ssl_client_issuer_dn:"-" x_ssl_client_notbefore:"-" x_ssl_client_notafter:"-" x_cf_forwarded_url:"-" traceparent:"-" true_client_ip:"-" x_cf_true_client_ip:"10.37.193.4" x_request_id:"-" x_b3_traceid:"5708fcc23eff4a0d611a9365d0ba3f93" x_b3_spanid:"611a9365d0ba3f93" x_b3_parentspanid:"-" b3:"5708fcc23eff4a0d611a9365d0ba3f93-611a9365d0ba3f93" (STDOUT, RTR)#
#2026 08 02 07:55:17.553#Z#DEBUG#6828ea62-8e47-11f1-a22d-eeee0a847462.SmartProcureX-srv#flowable-async-job-executor-thread-2161#
[PollStartAppStatusExecution] d9622003-7570-45ea-b8be-97c6305e4251 [2026-08-02T07:50:16.671554] {"level":"info","logger":"odata","correlation_id":"419360bf-d7be-4420-4096-642d9ef66e25","tenant_id":"5590af3c-9485-44fe-975e-4b748861d2ff","host":"0d79b96ctrial-dev-smartprocurex-srv.cfapps.us10-003.hana.ondemand.com","user_agent":"Mozilla/5.0 (Windows NT 10.0; Win64; x64) AppleWebKit/537.36 (KHTML, like Gecko) Chrome/151.0.0.0 Safari/537.36","accept":"*/*","accept_encoding":"gzip, deflate, br, zstd","accept_language":"en-US","authorization":"***","b3":"419360bfd7be44204096642d9ef66e25-4096642d9ef66e25","cookie":"***","priority":"u=1, i","referer":"https://0d79b96ctrial-dev-com-smartprocurex-smartprocurexui.cfapps.us10-003.hana.ondemand.com/index.html","sec_ch_ua":"\"Not=A?Brand\";v=\"99\", \"Google Chrome\";v=\"151\", \"Chromium\";v=\"151\"","sec_ch_ua_mobile":"?0","sec_ch_ua_platform":"\"Windows\"","sec_fetch_dest":"empty","sec_fetch_mode":"cors","sec_fetch_site":"same-origin","tenantid":"0d79b96ctrial","x_b3_spanid":"4096642d9ef66e25","x_b3_traceid":"419360bfd7be44204096642d9ef66e25","x_cf_applicationid":"d9622003-7570-45ea-b8be-97c6305e4251","x_cf_instanceid":"9901b53b-a394-4a2d-4d11-7e49","x_cf_instanceindex":"0","x_cf_true_client_ip":"10.37.193.4","x_correlationid":"419360bf-d7be-4420-4096-642d9ef66e25","x_csrf_token":"Fetch","x_forwarded_for":"152.57.234.150, 10.0.200.3, 10.37.193.4, 10.0.200.1","x_forwarded_host":"0d79b96ctrial-dev-com-smartprocurex-smartprocurexui.cfapps.us10-003.hana.ondemand.com","x_forwarded_path":"/odata/v4/procurement/","x_forwarded_proto":"https","x_request_start":"1785657016653","x_requested_with":"XMLHttpRequest","x_scp_request_id":"773384ec-cd81-4a02-9653-5157c6ba347b-6A6EF6B8-1C96C5","x_vcap_request_id":"419360bf-d7be-4420-4096-642d9ef66e25","request_id":"419360bf-d7be-4420-4096-642d9ef66e25","x_correlation_id":"419360bf-d7be-4420-4096-642d9ef66e25","timestamp":"2026-08-02T07:50:16.671Z","layer":"cds","component_type":"application","container_id":"10.37.130.4","component_id":"d9622003-7570-45ea-b8be-97c6305e4251","component_name":"SmartProcureX-srv","component_instance":0,"source_instance":0,"organization_name":"0d79b96ctrial","organization_id":"e8159873-0fc0-4477-a4f9-3c43fdb65fe4","space_name":"dev","space_id":"0628b1b5-c14d-4a0a-abf9-843360b5d7c0","tenant_subdomain":"0d79b96ctrial","msg":"HEAD /odata/v4/procurement/ ","type":"log"} (STDOUT, APP/PROC/WEB)#
#2026 08 02 07:55:17.553#Z#DEBUG#6828ea62-8e47-11f1-a22d-eeee0a847462.SmartProcureX-srv#flowable-async-job-executor-thread-2161#
[PollStartAppStatusExecution] d9622003-7570-45ea-b8be-97c6305e4251 [2026-08-02T07:50:16.672745] 0d79b96ctrial-dev-smartprocurex-srv.cfapps.us10-003.hana.ondemand.com - [2026-08-02T07:50:16.669554475Z] "HEAD /odata/v4/procurement/ HTTP/1.1" 200 0 0 "https://0d79b96ctrial-dev-com-smartprocurex-smartprocurexui.cfapps.us10-003.hana.ondemand.com/index.html" "Mozilla/5.0 (Windows NT 10.0; Win64; x64) AppleWebKit/537.36 (KHTML, like Gecko) Chrome/151.0.0.0 Safari/537.36" "10.0.200.1:33754" "10.37.130.4:61016" x_forwarded_for:"152.57.234.150, 10.0.200.3, 10.37.193.4, 10.0.200.1" x_forwarded_proto:"https" vcap_request_id:"419360bf-d7be-4420-4096-642d9ef66e25" response_time:0.003091 gorouter_time:0.000037 app_id:"d9622003-7570-45ea-b8be-97c6305e4251" app_index:"0" instance_id:"9901b53b-a394-4a2d-4d11-7e49" failed_attempts:0 failed_attempts_time:"-" dns_time:0.000000 dial_time:0.000000 tls_time:0.000000 backend_time:0.003054 local_address:"10.0.193.9:12270" x_cf_routererror:"-" x_correlationid:"419360bf-d7be-4420-4096-642d9ef66e25" tenantid:"0d79b96ctrial" sap_passport:"-" x_scp_request_id:"773384ec-cd81-4a02-9653-5157c6ba347b-6A6EF6B8-1C96C5" x_cf_app_instance:"-" x_forwarded_host:"0d79b96ctrial-dev-com-smartprocurex-smartprocurexui.cfapps.us10-003.hana.ondemand.com" x_custom_host:"-" x_ssl_client:"-" x_ssl_client_session_id:"-" x_ssl_client_verify:"-" x_ssl_client_subject_dn:"-" x_ssl_client_subject_cn:"-" x_ssl_client_issuer_dn:"-" x_ssl_client_notbefore:"-" x_ssl_client_notafter:"-" x_cf_forwarded_url:"-" traceparent:"-" true_client_ip:"-" x_cf_true_client_ip:"10.37.193.4" x_request_id:"-" x_b3_traceid:"419360bfd7be44204096642d9ef66e25" x_b3_spanid:"4096642d9ef66e25" x_b3_parentspanid:"-" b3:"419360bfd7be44204096642d9ef66e25-4096642d9ef66e25" (STDOUT, RTR)#
#2026 08 02 07:55:17.553#Z#DEBUG#6828ea62-8e47-11f1-a22d-eeee0a847462.SmartProcureX-srv#flowable-async-job-executor-thread-2161#
[PollStartAppStatusExecution] d9622003-7570-45ea-b8be-97c6305e4251 [2026-08-02T07:50:16.673831] {"level":"info","logger":"odata","correlation_id":"08a37142-dc8b-42d1-5f57-e655ac7d2f8c","tenant_id":"5590af3c-9485-44fe-975e-4b748861d2ff","host":"0d79b96ctrial-dev-smartprocurex-srv.cfapps.us10-003.hana.ondemand.com","user_agent":"Mozilla/5.0 (Windows NT 10.0; Win64; x64) AppleWebKit/537.36 (KHTML, like Gecko) Chrome/151.0.0.0 Safari/537.36","accept":"*/*","accept_encoding":"gzip, deflate, br, zstd","accept_language":"en-US","authorization":"***","b3":"08a37142dc8b42d15f57e655ac7d2f8c-5f57e655ac7d2f8c","cookie":"***","if_none_match":"W/\"TzIwEMPeKzfvIlNeEHEa0L8tCcT0HSsQIXFasv1PgOY=\"","priority":"u=1, i","referer":"https://0d79b96ctrial-dev-com-smartprocurex-smartprocurexui.cfapps.us10-003.hana.ondemand.com/index.html","sec_ch_ua":"\"Not=A?Brand\";v=\"99\", \"Google Chrome\";v=\"151\", \"Chromium\";v=\"151\"","sec_ch_ua_mobile":"?0","sec_ch_ua_platform":"\"Windows\"","sec_fetch_dest":"empty","sec_fetch_mode":"cors","sec_fetch_site":"same-origin","tenantid":"0d79b96ctrial","x_b3_spanid":"5f57e655ac7d2f8c","x_b3_traceid":"08a37142dc8b42d15f57e655ac7d2f8c","x_cf_applicationid":"d9622003-7570-45ea-b8be-97c6305e4251","x_cf_instanceid":"9901b53b-a394-4a2d-4d11-7e49","x_cf_instanceindex":"0","x_cf_true_client_ip":"10.37.193.4","x_correlationid":"08a37142-dc8b-42d1-5f57-e655ac7d2f8c","x_forwarded_for":"152.57.234.150, 10.0.200.3, 10.37.193.4, 10.0.200.2","x_forwarded_host":"0d79b96ctrial-dev-com-smartprocurex-smartprocurexui.cfapps.us10-003.hana.ondemand.com","x_forwarded_path":"/odata/v4/supplier/$metadata","x_forwarded_proto":"https","x_request_start":"1785657016654","x_requested_with":"XMLHttpRequest","x_scp_request_id":"ed68c315-3eeb-4471-9fdc-9dc1d1fc79cc-6A6EF6B8-1BE57E","x_vcap_request_id":"08a37142-dc8b-42d1-5f57-e655ac7d2f8c","request_id":"08a37142-dc8b-42d1-5f57-e655ac7d2f8c","x_correlation_id":"08a37142-dc8b-42d1-5f57-e655ac7d2f8c","timestamp":"2026-08-02T07:50:16.673Z","layer":"cds","component_type":"application","container_id":"10.37.130.4","component_id":"d9622003-7570-45ea-b8be-97c6305e4251","component_name":"SmartProcureX-srv","component_instance":0,"source_instance":0,"organization_name":"0d79b96ctrial","organization_id":"e8159873-0fc0-4477-a4f9-3c43fdb65fe4","space_name":"dev","space_id":"0628b1b5-c14d-4a0a-abf9-843360b5d7c0","tenant_subdomain":"0d79b96ctrial","msg":"GET /odata/v4/supplier/$metadata { 'sap-language': 'EN' }","type":"log"} (STDOUT, APP/PROC/WEB)#
#2026 08 02 07:55:17.553#Z#DEBUG#6828ea62-8e47-11f1-a22d-eeee0a847462.SmartProcureX-srv#flowable-async-job-executor-thread-2161#
[PollStartAppStatusExecution] d9622003-7570-45ea-b8be-97c6305e4251 [2026-08-02T07:50:16.674828] 0d79b96ctrial-dev-smartprocurex-srv.cfapps.us10-003.hana.ondemand.com - [2026-08-02T07:50:16.672601378Z] "GET /odata/v4/supplier/$metadata?sap-language=EN HTTP/1.1" 304 0 0 "https://0d79b96ctrial-dev-com-smartprocurex-smartprocurexui.cfapps.us10-003.hana.ondemand.com/index.html" "Mozilla/5.0 (Windows NT 10.0; Win64; x64) AppleWebKit/537.36 (KHTML, like Gecko) Chrome/151.0.0.0 Safari/537.36" "10.0.200.2:54778" "10.37.130.4:61016" x_forwarded_for:"152.57.234.150, 10.0.200.3, 10.37.193.4, 10.0.200.2" x_forwarded_proto:"https" vcap_request_id:"08a37142-dc8b-42d1-5f57-e655ac7d2f8c" response_time:0.002150 gorouter_time:0.000026 app_id:"d9622003-7570-45ea-b8be-97c6305e4251" app_index:"0" instance_id:"9901b53b-a394-4a2d-4d11-7e49" failed_attempts:0 failed_attempts_time:"-" dns_time:0.000000 dial_time:0.000000 tls_time:0.000000 backend_time:0.002124 local_address:"10.0.193.9:12270" x_cf_routererror:"-" x_correlationid:"08a37142-dc8b-42d1-5f57-e655ac7d2f8c" tenantid:"0d79b96ctrial" sap_passport:"-" x_scp_request_id:"ed68c315-3eeb-4471-9fdc-9dc1d1fc79cc-6A6EF6B8-1BE57E" x_cf_app_instance:"-" x_forwarded_host:"0d79b96ctrial-dev-com-smartprocurex-smartprocurexui.cfapps.us10-003.hana.ondemand.com" x_custom_host:"-" x_ssl_client:"-" x_ssl_client_session_id:"-" x_ssl_client_verify:"-" x_ssl_client_subject_dn:"-" x_ssl_client_subject_cn:"-" x_ssl_client_issuer_dn:"-" x_ssl_client_notbefore:"-" x_ssl_client_notafter:"-" x_cf_forwarded_url:"-" traceparent:"-" true_client_ip:"-" x_cf_true_client_ip:"10.37.193.4" x_request_id:"-" x_b3_traceid:"08a37142dc8b42d15f57e655ac7d2f8c" x_b3_spanid:"5f57e655ac7d2f8c" x_b3_parentspanid:"-" b3:"08a37142dc8b42d15f57e655ac7d2f8c-5f57e655ac7d2f8c" (STDOUT, RTR)#
#2026 08 02 07:55:17.553#Z#DEBUG#6828ea62-8e47-11f1-a22d-eeee0a847462.SmartProcureX-srv#flowable-async-job-executor-thread-2161#
[PollStartAppStatusExecution] d9622003-7570-45ea-b8be-97c6305e4251 [2026-08-02T07:50:16.675057] {"level":"info","logger":"odata","correlation_id":"c10a3d42-2938-495e-440f-f58b0af9f4b1","tenant_id":"5590af3c-9485-44fe-975e-4b748861d2ff","host":"0d79b96ctrial-dev-smartprocurex-srv.cfapps.us10-003.hana.ondemand.com","user_agent":"Mozilla/5.0 (Windows NT 10.0; Win64; x64) AppleWebKit/537.36 (KHTML, like Gecko) Chrome/151.0.0.0 Safari/537.36","accept":"*/*","accept_encoding":"gzip, deflate, br, zstd","accept_language":"en-US","authorization":"***","b3":"c10a3d422938495e440ff58b0af9f4b1-440ff58b0af9f4b1","cookie":"***","priority":"u=1, i","referer":"https://0d79b96ctrial-dev-com-smartprocurex-smartprocurexui.cfapps.us10-003.hana.ondemand.com/index.html","sec_ch_ua":"\"Not=A?Brand\";v=\"99\", \"Google Chrome\";v=\"151\", \"Chromium\";v=\"151\"","sec_ch_ua_mobile":"?0","sec_ch_ua_platform":"\"Windows\"","sec_fetch_dest":"empty","sec_fetch_mode":"cors","sec_fetch_site":"same-origin","tenantid":"0d79b96ctrial","x_b3_spanid":"440ff58b0af9f4b1","x_b3_traceid":"c10a3d422938495e440ff58b0af9f4b1","x_cf_applicationid":"d9622003-7570-45ea-b8be-97c6305e4251","x_cf_instanceid":"9901b53b-a394-4a2d-4d11-7e49","x_cf_instanceindex":"0","x_cf_true_client_ip":"10.37.193.4","x_correlationid":"c10a3d42-2938-495e-440f-f58b0af9f4b1","x_csrf_token":"Fetch","x_forwarded_for":"152.57.234.150, 10.0.200.3, 10.37.193.4, 10.0.200.2","x_forwarded_host":"0d79b96ctrial-dev-com-smartprocurex-smartprocurexui.cfapps.us10-003.hana.ondemand.com","x_forwarded_path":"/odata/v4/supplier/","x_forwarded_proto":"https","x_request_start":"1785657016653","x_requested_with":"XMLHttpRequest","x_scp_request_id":"ed68c315-3eeb-4471-9fdc-9dc1d1fc79cc-6A6EF6B8-1BE57F","x_vcap_request_id":"c10a3d42-2938-495e-440f-f58b0af9f4b1","request_id":"c10a3d42-2938-495e-440f-f58b0af9f4b1","x_correlation_id":"c10a3d42-2938-495e-440f-f58b0af9f4b1","timestamp":"2026-08-02T07:50:16.674Z","layer":"cds","component_type":"application","container_id":"10.37.130.4","component_id":"d9622003-7570-45ea-b8be-97c6305e4251","component_name":"SmartProcureX-srv","component_instance":0,"source_instance":0,"organization_name":"0d79b96ctrial","organization_id":"e8159873-0fc0-4477-a4f9-3c43fdb65fe4","space_name":"dev","space_id":"0628b1b5-c14d-4a0a-abf9-843360b5d7c0","tenant_subdomain":"0d79b96ctrial","msg":"HEAD /odata/v4/supplier/ ","type":"log"} (STDOUT, APP/PROC/WEB)#
#2026 08 02 07:55:17.553#Z#DEBUG#6828ea62-8e47-11f1-a22d-eeee0a847462.SmartProcureX-srv#flowable-async-job-executor-thread-2161#
[PollStartAppStatusExecution] d9622003-7570-45ea-b8be-97c6305e4251 [2026-08-02T07:50:16.676015] 0d79b96ctrial-dev-smartprocurex-srv.cfapps.us10-003.hana.ondemand.com - [2026-08-02T07:50:16.674043875Z] "HEAD /odata/v4/supplier/ HTTP/1.1" 200 0 0 "https://0d79b96ctrial-dev-com-smartprocurex-smartprocurexui.cfapps.us10-003.hana.ondemand.com/index.html" "Mozilla/5.0 (Windows NT 10.0; Win64; x64) AppleWebKit/537.36 (KHTML, like Gecko) Chrome/151.0.0.0 Safari/537.36" "10.0.200.2:11470" "10.37.130.4:61016" x_forwarded_for:"152.57.234.150, 10.0.200.3, 10.37.193.4, 10.0.200.2" x_forwarded_proto:"https" vcap_request_id:"c10a3d42-2938-495e-440f-f58b0af9f4b1" response_time:0.001877 gorouter_time:0.000035 app_id:"d9622003-7570-45ea-b8be-97c6305e4251" app_index:"0" instance_id:"9901b53b-a394-4a2d-4d11-7e49" failed_attempts:0 failed_attempts_time:"-" dns_time:0.000000 dial_time:0.000000 tls_time:0.000000 backend_time:0.001842 local_address:"10.0.193.8:36814" x_cf_routererror:"-" x_correlationid:"c10a3d42-2938-495e-440f-f58b0af9f4b1" tenantid:"0d79b96ctrial" sap_passport:"-" x_scp_request_id:"ed68c315-3eeb-4471-9fdc-9dc1d1fc79cc-6A6EF6B8-1BE57F" x_cf_app_instance:"-" x_forwarded_host:"0d79b96ctrial-dev-com-smartprocurex-smartprocurexui.cfapps.us10-003.hana.ondemand.com" x_custom_host:"-" x_ssl_client:"-" x_ssl_client_session_id:"-" x_ssl_client_verify:"-" x_ssl_client_subject_dn:"-" x_ssl_client_subject_cn:"-" x_ssl_client_issuer_dn:"-" x_ssl_client_notbefore:"-" x_ssl_client_notafter:"-" x_cf_forwarded_url:"-" traceparent:"-" true_client_ip:"-" x_cf_true_client_ip:"10.37.193.4" x_request_id:"-" x_b3_traceid:"c10a3d422938495e440ff58b0af9f4b1" x_b3_spanid:"440ff58b0af9f4b1" x_b3_parentspanid:"-" b3:"c10a3d422938495e440ff58b0af9f4b1-440ff58b0af9f4b1" (STDOUT, RTR)#
#2026 08 02 07:55:17.553#Z#DEBUG#6828ea62-8e47-11f1-a22d-eeee0a847462.SmartProcureX-srv#flowable-async-job-executor-thread-2161#
[PollStartAppStatusExecution] d9622003-7570-45ea-b8be-97c6305e4251 [2026-08-02T07:50:16.712412] {"level":"info","logger":"odata","correlation_id":"66851b14-9c95-41ac-5898-bdb6fe36227d","tenant_id":"5590af3c-9485-44fe-975e-4b748861d2ff","host":"0d79b96ctrial-dev-smartprocurex-srv.cfapps.us10-003.hana.ondemand.com","user_agent":"Mozilla/5.0 (Windows NT 10.0; Win64; x64) AppleWebKit/537.36 (KHTML, like Gecko) Chrome/151.0.0.0 Safari/537.36","accept":"*/*","accept_encoding":"gzip, deflate, br, zstd","accept_language":"en-US,en;q=0.9","authorization":"***","b3":"66851b149c9541ac5898bdb6fe36227d-5898bdb6fe36227d","cookie":"***","priority":"u=1, i","referer":"https://0d79b96ctrial-dev-com-smartprocurex-smartprocurexui.cfapps.us10-003.hana.ondemand.com/index.html","sec_ch_ua":"\"Not=A?Brand\";v=\"99\", \"Google Chrome\";v=\"151\", \"Chromium\";v=\"151\"","sec_ch_ua_mobile":"?0","sec_ch_ua_platform":"\"Windows\"","sec_fetch_dest":"empty","sec_fetch_mode":"cors","sec_fetch_site":"same-origin","tenantid":"0d79b96ctrial","x_b3_spanid":"5898bdb6fe36227d","x_b3_traceid":"66851b149c9541ac5898bdb6fe36227d","x_cf_applicationid":"d9622003-7570-45ea-b8be-97c6305e4251","x_cf_instanceid":"9901b53b-a394-4a2d-4d11-7e49","x_cf_instanceindex":"0","x_cf_true_client_ip":"10.37.193.4","x_correlationid":"66851b14-9c95-41ac-5898-bdb6fe36227d","x_forwarded_for":"152.57.234.150, 10.0.200.3, 10.37.193.4, 10.0.200.0","x_forwarded_host":"0d79b96ctrial-dev-com-smartprocurex-smartprocurexui.cfapps.us10-003.hana.ondemand.com","x_forwarded_path":"/odata/v4/procurement/PurchaseRequests","x_forwarded_proto":"https","x_request_start":"1785657016708","x_scp_request_id":"8b3a38ad-b837-4495-bf5b-66c85e07a4db-6A6EF6B8-1BC3D7","x_vcap_request_id":"66851b14-9c95-41ac-5898-bdb6fe36227d","request_id":"66851b14-9c95-41ac-5898-bdb6fe36227d","x_correlation_id":"66851b14-9c95-41ac-5898-bdb6fe36227d","timestamp":"2026-08-02T07:50:16.712Z","layer":"cds","component_type":"application","container_id":"10.37.130.4","component_id":"d9622003-7570-45ea-b8be-97c6305e4251","component_name":"SmartProcureX-srv","component_instance":0,"source_instance":0,"organization_name":"0d79b96ctrial","organization_id":"e8159873-0fc0-4477-a4f9-3c43fdb65fe4","space_name":"dev","space_id":"0628b1b5-c14d-4a0a-abf9-843360b5d7c0","tenant_subdomain":"0d79b96ctrial","msg":"GET /odata/v4/procurement/PurchaseRequests ","type":"log"} (STDOUT, APP/PROC/WEB)#
#2026 08 02 07:55:17.553#Z#DEBUG#6828ea62-8e47-11f1-a22d-eeee0a847462.SmartProcureX-srv#flowable-async-job-executor-thread-2161#
[PollStartAppStatusExecution] d9622003-7570-45ea-b8be-97c6305e4251 [2026-08-02T07:50:16.954436] {"level":"info","logger":"odata","correlation_id":"c68ad5a0-02f2-4b52-6378-06eacb72f307","tenant_id":"5590af3c-9485-44fe-975e-4b748861d2ff","host":"0d79b96ctrial-dev-smartprocurex-srv.cfapps.us10-003.hana.ondemand.com","user_agent":"Mozilla/5.0 (Windows NT 10.0; Win64; x64) AppleWebKit/537.36 (KHTML, like Gecko) Chrome/151.0.0.0 Safari/537.36","content_length":"772","request_size_b":"772","accept":"multipart/mixed","accept_encoding":"gzip, deflate, br, zstd","accept_language":"en-US","authorization":"***","b3":"c68ad5a002f24b52637806eacb72f307-637806eacb72f307","content_type":"multipart/mixed; boundary=batch_id-1785657014574-21","cookie":"***","mime_version":"1.0","odata_maxversion":"4.0","odata_version":"4.0","origin":"https://0d79b96ctrial-dev-com-smartprocurex-smartprocurexui.cfapps.us10-003.hana.ondemand.com","priority":"u=1, i","referer":"https://0d79b96ctrial-dev-com-smartprocurex-smartprocurexui.cfapps.us10-003.hana.ondemand.com/index.html","sap_cancel_on_close":"true","sec_ch_ua":"\"Not=A?Brand\";v=\"99\", \"Google Chrome\";v=\"151\", \"Chromium\";v=\"151\"","sec_ch_ua_mobile":"?0","sec_ch_ua_platform":"\"Windows\"","sec_fetch_dest":"empty","sec_fetch_mode":"cors","sec_fetch_site":"same-origin","tenantid":"0d79b96ctrial","x_b3_spanid":"637806eacb72f307","x_b3_traceid":"c68ad5a002f24b52637806eacb72f307","x_cf_applicationid":"d9622003-7570-45ea-b8be-97c6305e4251","x_cf_instanceid":"9901b53b-a394-4a2d-4d11-7e49","x_cf_instanceindex":"0","x_cf_true_client_ip":"10.37.193.4","x_correlationid":"c68ad5a0-02f2-4b52-6378-06eacb72f307","x_csrf_token":"Fetch","x_forwarded_for":"152.57.234.150, 10.0.200.3, 10.37.193.4, 10.0.200.1","x_forwarded_host":"0d79b96ctrial-dev-com-smartprocurex-smartprocurexui.cfapps.us10-003.hana.ondemand.com","x_forwarded_path":"/odata/v4/procurement/$batch","x_forwarded_proto":"https","x_request_start":"1785657016948","x_requested_with":"XMLHttpRequest","x_scp_request_id":"773384ec-cd81-4a02-9653-5157c6ba347b-6A6EF6B8-1C96C7","x_vcap_request_id":"c68ad5a0-02f2-4b52-6378-06eacb72f307","request_id":"c68ad5a0-02f2-4b52-6378-06eacb72f307","x_correlation_id":"c68ad5a0-02f2-4b52-6378-06eacb72f307","timestamp":"2026-08-02T07:50:16.954Z","layer":"cds","component_type":"application","container_id":"10.37.130.4","component_id":"d9622003-7570-45ea-b8be-97c6305e4251","component_name":"SmartProcureX-srv","component_instance":0,"source_instance":0,"organization_name":"0d79b96ctrial","organization_id":"e8159873-0fc0-4477-a4f9-3c43fdb65fe4","space_name":"dev","space_id":"0628b1b5-c14d-4a0a-abf9-843360b5d7c0","tenant_subdomain":"0d79b96ctrial","msg":"POST /odata/v4/procurement/$batch ","type":"log"} (STDOUT, APP/PROC/WEB)#
#2026 08 02 07:55:17.553#Z#DEBUG#6828ea62-8e47-11f1-a22d-eeee0a847462.SmartProcureX-srv#flowable-async-job-executor-thread-2161#
[PollStartAppStatusExecution] d9622003-7570-45ea-b8be-97c6305e4251 [2026-08-02T07:50:16.955896] {"level":"info","logger":"odata","correlation_id":"c68ad5a0-02f2-4b52-6378-06eacb72f307","tenant_id":"5590af3c-9485-44fe-975e-4b748861d2ff","host":"0d79b96ctrial-dev-smartprocurex-srv.cfapps.us10-003.hana.ondemand.com","user_agent":"Mozilla/5.0 (Windows NT 10.0; Win64; x64) AppleWebKit/537.36 (KHTML, like Gecko) Chrome/151.0.0.0 Safari/537.36","content_length":"772","request_size_b":"772","accept":"multipart/mixed","accept_encoding":"gzip, deflate, br, zstd","accept_language":"en-US","authorization":"***","b3":"c68ad5a002f24b52637806eacb72f307-637806eacb72f307","content_type":"multipart/mixed; boundary=batch_id-1785657014574-21","cookie":"***","mime_version":"1.0","odata_maxversion":"4.0","odata_version":"4.0","origin":"https://0d79b96ctrial-dev-com-smartprocurex-smartprocurexui.cfapps.us10-003.hana.ondemand.com","priority":"u=1, i","referer":"https://0d79b96ctrial-dev-com-smartprocurex-smartprocurexui.cfapps.us10-003.hana.ondemand.com/index.html","sap_cancel_on_close":"true","sec_ch_ua":"\"Not=A?Brand\";v=\"99\", \"Google Chrome\";v=\"151\", \"Chromium\";v=\"151\"","sec_ch_ua_mobile":"?0","sec_ch_ua_platform":"\"Windows\"","sec_fetch_dest":"empty","sec_fetch_mode":"cors","sec_fetch_site":"same-origin","tenantid":"0d79b96ctrial","x_b3_spanid":"637806eacb72f307","x_b3_traceid":"c68ad5a002f24b52637806eacb72f307","x_cf_applicationid":"d9622003-7570-45ea-b8be-97c6305e4251","x_cf_instanceid":"9901b53b-a394-4a2d-4d11-7e49","x_cf_instanceindex":"0","x_cf_true_client_ip":"10.37.193.4","x_correlationid":"c68ad5a0-02f2-4b52-6378-06eacb72f307","x_csrf_token":"Fetch","x_forwarded_for":"152.57.234.150, 10.0.200.3, 10.37.193.4, 10.0.200.1","x_forwarded_host":"0d79b96ctrial-dev-com-smartprocurex-smartprocurexui.cfapps.us10-003.hana.ondemand.com","x_forwarded_path":"/odata/v4/procurement/$batch","x_forwarded_proto":"https","x_request_start":"1785657016948","x_requested_with":"XMLHttpRequest","x_scp_request_id":"773384ec-cd81-4a02-9653-5157c6ba347b-6A6EF6B8-1C96C7","x_vcap_request_id":"c68ad5a0-02f2-4b52-6378-06eacb72f307","request_id":"c68ad5a0-02f2-4b52-6378-06eacb72f307","x_correlation_id":"c68ad5a0-02f2-4b52-6378-06eacb72f307","timestamp":"2026-08-02T07:50:16.955Z","layer":"cds","component_type":"application","container_id":"10.37.130.4","component_id":"d9622003-7570-45ea-b8be-97c6305e4251","component_name":"SmartProcureX-srv","component_instance":0,"source_instance":0,"organization_name":"0d79b96ctrial","organization_id":"e8159873-0fc0-4477-a4f9-3c43fdb65fe4","space_name":"dev","space_id":"0628b1b5-c14d-4a0a-abf9-843360b5d7c0","tenant_subdomain":"0d79b96ctrial","msg":"> GET /PurchaseRequests {\n  '$select': 'ID,priority,requestNumber,status,totalAmount',\n  '$skip': '0',\n  '$top': '100'\n}","type":"log"} (STDOUT, APP/PROC/WEB)#
#2026 08 02 07:55:17.553#Z#DEBUG#6828ea62-8e47-11f1-a22d-eeee0a847462.SmartProcureX-srv#flowable-async-job-executor-thread-2161#
[PollStartAppStatusExecution] d9622003-7570-45ea-b8be-97c6305e4251 [2026-08-02T07:50:17.715084] {"level":"error","logger":"odata","correlation_id":"66851b14-9c95-41ac-5898-bdb6fe36227d","tenant_id":"5590af3c-9485-44fe-975e-4b748861d2ff","host":"0d79b96ctrial-dev-smartprocurex-srv.cfapps.us10-003.hana.ondemand.com","user_agent":"Mozilla/5.0 (Windows NT 10.0; Win64; x64) AppleWebKit/537.36 (KHTML, like Gecko) Chrome/151.0.0.0 Safari/537.36","accept":"*/*","accept_encoding":"gzip, deflate, br, zstd","accept_language":"en-US,en;q=0.9","authorization":"***","b3":"66851b149c9541ac5898bdb6fe36227d-5898bdb6fe36227d","cookie":"***","priority":"u=1, i","referer":"https://0d79b96ctrial-dev-com-smartprocurex-smartprocurexui.cfapps.us10-003.hana.ondemand.com/index.html","sec_ch_ua":"\"Not=A?Brand\";v=\"99\", \"Google Chrome\";v=\"151\", \"Chromium\";v=\"151\"","sec_ch_ua_mobile":"?0","sec_ch_ua_platform":"\"Windows\"","sec_fetch_dest":"empty","sec_fetch_mode":"cors","sec_fetch_site":"same-origin","tenantid":"0d79b96ctrial","x_b3_spanid":"5898bdb6fe36227d","x_b3_traceid":"66851b149c9541ac5898bdb6fe36227d","x_cf_applicationid":"d9622003-7570-45ea-b8be-97c6305e4251","x_cf_instanceid":"9901b53b-a394-4a2d-4d11-7e49","x_cf_instanceindex":"0","x_cf_true_client_ip":"10.37.193.4","x_correlationid":"66851b14-9c95-41ac-5898-bdb6fe36227d","x_forwarded_for":"152.57.234.150, 10.0.200.3, 10.37.193.4, 10.0.200.0","x_forwarded_host":"0d79b96ctrial-dev-com-smartprocurex-smartprocurexui.cfapps.us10-003.hana.ondemand.com","x_forwarded_path":"/odata/v4/procurement/PurchaseRequests","x_forwarded_proto":"https","x_request_start":"1785657016708","x_scp_request_id":"8b3a38ad-b837-4495-bf5b-66c85e07a4db-6A6EF6B8-1BC3D7","x_vcap_request_id":"66851b14-9c95-41ac-5898-bdb6fe36227d","request_id":"66851b14-9c95-41ac-5898-bdb6fe36227d","x_correlation_id":"66851b14-9c95-41ac-5898-bdb6fe36227d","timestamp":"2026-08-02T07:50:17.714Z","layer":"cds","component_type":"application","container_id":"10.37.130.4","component_id":"d9622003-7570-45ea-b8be-97c6305e4251","component_name":"SmartProcureX-srv","component_instance":0,"source_instance":0,"organization_name":"0d79b96ctrial","organization_id":"e8159873-0fc0-4477-a4f9-3c43fdb65fe4","space_name":"dev","space_id":"0628b1b5-c14d-4a0a-abf9-843360b5d7c0","tenant_subdomain":"0d79b96ctrial","msg":"500 - Error: Pool resource could not be acquired within 1s\n    at /home/vcap/app/node_modules/@cap-js/db-service/lib/common/generic-pool.js:71:21\n    at new Promise (<anonymous>)\n    at new Request (/home/vcap/app/node_modules/@cap-js/db-service/lib/common/generic-pool.js:59:20)\n    at Pool.acquire (/home/vcap/app/node_modules/@cap-js/db-service/lib/common/generic-pool.js:141:21)\n    at HANAService.acquire (/home/vcap/app/node_modules/@cap-js/db-service/lib/common/DatabaseService.js:106:28)\n    at HANAService.begin (/home/vcap/app/node_modules/@cap-js/db-service/lib/common/DatabaseService.js:66:27)\n    at HANAService._begin [as dispatch] (/home/vcap/app/node_modules/@sap/cds/lib/srv/srv-tx.js:195:38)\n    at /home/vcap/app/node_modules/@sap/cds/lib/srv/srv-dispatch.js:20:50\n    at HANAService.run (/home/vcap/app/node_modules/@sap/cds/lib/srv/cds.Service.js:171:44)\n    at HANAService.run (/home/vcap/app/node_modules/@cap-js/db-service/lib/common/DatabaseService.js:158:18) {\n  status: 500,\n  code: '500'\n}","type":"log"} (STDERR, APP/PROC/WEB)#
#2026 08 02 07:55:17.553#Z#DEBUG#6828ea62-8e47-11f1-a22d-eeee0a847462.SmartProcureX-srv#flowable-async-job-executor-thread-2161#
[PollStartAppStatusExecution] d9622003-7570-45ea-b8be-97c6305e4251 [2026-08-02T07:50:17.716298] 0d79b96ctrial-dev-smartprocurex-srv.cfapps.us10-003.hana.ondemand.com - [2026-08-02T07:50:16.710972198Z] "GET /odata/v4/procurement/PurchaseRequests HTTP/1.1" 500 0 58 "https://0d79b96ctrial-dev-com-smartprocurex-smartprocurexui.cfapps.us10-003.hana.ondemand.com/index.html" "Mozilla/5.0 (Windows NT 10.0; Win64; x64) AppleWebKit/537.36 (KHTML, like Gecko) Chrome/151.0.0.0 Safari/537.36" "10.0.200.0:11142" "10.37.130.4:61016" x_forwarded_for:"152.57.234.150, 10.0.200.3, 10.37.193.4, 10.0.200.0" x_forwarded_proto:"https" vcap_request_id:"66851b14-9c95-41ac-5898-bdb6fe36227d" response_time:1.005224 gorouter_time:0.000033 app_id:"d9622003-7570-45ea-b8be-97c6305e4251" app_index:"0" instance_id:"9901b53b-a394-4a2d-4d11-7e49" failed_attempts:0 failed_attempts_time:"-" dns_time:0.000000 dial_time:0.000000 tls_time:0.000000 backend_time:1.005191 local_address:"10.0.193.9:12270" x_cf_routererror:"-" x_correlationid:"66851b14-9c95-41ac-5898-bdb6fe36227d" tenantid:"0d79b96ctrial" sap_passport:"-" x_scp_request_id:"8b3a38ad-b837-4495-bf5b-66c85e07a4db-6A6EF6B8-1BC3D7" x_cf_app_instance:"-" x_forwarded_host:"0d79b96ctrial-dev-com-smartprocurex-smartprocurexui.cfapps.us10-003.hana.ondemand.com" x_custom_host:"-" x_ssl_client:"-" x_ssl_client_session_id:"-" x_ssl_client_verify:"-" x_ssl_client_subject_dn:"-" x_ssl_client_subject_cn:"-" x_ssl_client_issuer_dn:"-" x_ssl_client_notbefore:"-" x_ssl_client_notafter:"-" x_cf_forwarded_url:"-" traceparent:"-" true_client_ip:"-" x_cf_true_client_ip:"10.37.193.4" x_request_id:"-" x_b3_traceid:"66851b149c9541ac5898bdb6fe36227d" x_b3_spanid:"5898bdb6fe36227d" x_b3_parentspanid:"-" b3:"66851b149c9541ac5898bdb6fe36227d-5898bdb6fe36227d" (STDOUT, RTR)#
#2026 08 02 07:55:17.553#Z#DEBUG#6828ea62-8e47-11f1-a22d-eeee0a847462.SmartProcureX-srv#flowable-async-job-executor-thread-2161#
[PollStartAppStatusExecution] d9622003-7570-45ea-b8be-97c6305e4251 [2026-08-02T07:50:17.957536] {"level":"error","logger":"odata","correlation_id":"c68ad5a0-02f2-4b52-6378-06eacb72f307","tenant_id":"5590af3c-9485-44fe-975e-4b748861d2ff","host":"0d79b96ctrial-dev-smartprocurex-srv.cfapps.us10-003.hana.ondemand.com","user_agent":"Mozilla/5.0 (Windows NT 10.0; Win64; x64) AppleWebKit/537.36 (KHTML, like Gecko) Chrome/151.0.0.0 Safari/537.36","content_length":"772","request_size_b":"772","accept":"multipart/mixed","accept_encoding":"gzip, deflate, br, zstd","accept_language":"en-US","authorization":"***","b3":"c68ad5a002f24b52637806eacb72f307-637806eacb72f307","content_type":"multipart/mixed; boundary=batch_id-1785657014574-21","cookie":"***","mime_version":"1.0","odata_maxversion":"4.0","odata_version":"4.0","origin":"https://0d79b96ctrial-dev-com-smartprocurex-smartprocurexui.cfapps.us10-003.hana.ondemand.com","priority":"u=1, i","referer":"https://0d79b96ctrial-dev-com-smartprocurex-smartprocurexui.cfapps.us10-003.hana.ondemand.com/index.html","sap_cancel_on_close":"true","sec_ch_ua":"\"Not=A?Brand\";v=\"99\", \"Google Chrome\";v=\"151\", \"Chromium\";v=\"151\"","sec_ch_ua_mobile":"?0","sec_ch_ua_platform":"\"Windows\"","sec_fetch_dest":"empty","sec_fetch_mode":"cors","sec_fetch_site":"same-origin","tenantid":"0d79b96ctrial","x_b3_spanid":"637806eacb72f307","x_b3_traceid":"c68ad5a002f24b52637806eacb72f307","x_cf_applicationid":"d9622003-7570-45ea-b8be-97c6305e4251","x_cf_instanceid":"9901b53b-a394-4a2d-4d11-7e49","x_cf_instanceindex":"0","x_cf_true_client_ip":"10.37.193.4","x_correlationid":"c68ad5a0-02f2-4b52-6378-06eacb72f307","x_csrf_token":"Fetch","x_forwarded_for":"152.57.234.150, 10.0.200.3, 10.37.193.4, 10.0.200.1","x_forwarded_host":"0d79b96ctrial-dev-com-smartprocurex-smartprocurexui.cfapps.us10-003.hana.ondemand.com","x_forwarded_path":"/odata/v4/procurement/$batch","x_forwarded_proto":"https","x_request_start":"1785657016948","x_requested_with":"XMLHttpRequest","x_scp_request_id":"773384ec-cd81-4a02-9653-5157c6ba347b-6A6EF6B8-1C96C7","x_vcap_request_id":"c68ad5a0-02f2-4b52-6378-06eacb72f307","request_id":"c68ad5a0-02f2-4b52-6378-06eacb72f307","x_correlation_id":"c68ad5a0-02f2-4b52-6378-06eacb72f307","timestamp":"2026-08-02T07:50:17.957Z","layer":"cds","component_type":"application","container_id":"10.37.130.4","component_id":"d9622003-7570-45ea-b8be-97c6305e4251","component_name":"SmartProcureX-srv","component_instance":0,"source_instance":0,"organization_name":"0d79b96ctrial","organization_id":"e8159873-0fc0-4477-a4f9-3c43fdb65fe4","space_name":"dev","space_id":"0628b1b5-c14d-4a0a-abf9-843360b5d7c0","tenant_subdomain":"0d79b96ctrial","msg":"500 - Error: Pool resource could not be acquired within 1s\n    at /home/vcap/app/node_modules/@cap-js/db-service/lib/common/generic-pool.js:71:21\n    at new Promise (<anonymous>)\n    at new Request (/home/vcap/app/node_modules/@cap-js/db-service/lib/common/generic-pool.js:59:20)\n    at Pool.acquire (/home/vcap/app/node_modules/@cap-js/db-service/lib/common/generic-pool.js:141:21)\n    at HANAService.acquire (/home/vcap/app/node_modules/@cap-js/db-service/lib/common/DatabaseService.js:106:28)\n    at HANAService.begin (/home/vcap/app/node_modules/@cap-js/db-service/lib/common/DatabaseService.js:66:27)\n    at HANAService._begin [as dispatch] (/home/vcap/app/node_modules/@sap/cds/lib/srv/srv-tx.js:195:38)\n    at /home/vcap/app/node_modules/@sap/cds/lib/srv/srv-dispatch.js:20:50\n    at HANAService.run (/home/vcap/app/node_modules/@sap/cds/lib/srv/cds.Service.js:171:44)\n    at HANAService.run (/home/vcap/app/node_modules/@cap-js/db-service/lib/common/DatabaseService.js:158:18) {\n  status: 500,\n  code: '500'\n}","type":"log"} (STDERR, APP/PROC/WEB)#
#2026 08 02 07:55:17.553#Z#DEBUG#6828ea62-8e47-11f1-a22d-eeee0a847462.SmartProcureX-srv#flowable-async-job-executor-thread-2161#
[PollStartAppStatusExecution] d9622003-7570-45ea-b8be-97c6305e4251 [2026-08-02T07:50:17.958901] 0d79b96ctrial-dev-smartprocurex-srv.cfapps.us10-003.hana.ondemand.com - [2026-08-02T07:50:16.952597869Z] "POST /odata/v4/procurement/$batch HTTP/1.1" 200 772 314 "https://0d79b96ctrial-dev-com-smartprocurex-smartprocurexui.cfapps.us10-003.hana.ondemand.com/index.html" "Mozilla/5.0 (Windows NT 10.0; Win64; x64) AppleWebKit/537.36 (KHTML, like Gecko) Chrome/151.0.0.0 Safari/537.36" "10.0.200.1:42652" "10.37.130.4:61016" x_forwarded_for:"152.57.234.150, 10.0.200.3, 10.37.193.4, 10.0.200.1" x_forwarded_proto:"https" vcap_request_id:"c68ad5a0-02f2-4b52-6378-06eacb72f307" response_time:1.006182 gorouter_time:0.000093 app_id:"d9622003-7570-45ea-b8be-97c6305e4251" app_index:"0" instance_id:"9901b53b-a394-4a2d-4d11-7e49" failed_attempts:0 failed_attempts_time:"-" dns_time:0.000000 dial_time:0.000000 tls_time:0.000000 backend_time:1.006089 local_address:"10.0.193.8:36814" x_cf_routererror:"-" x_correlationid:"c68ad5a0-02f2-4b52-6378-06eacb72f307" tenantid:"0d79b96ctrial" sap_passport:"-" x_scp_request_id:"773384ec-cd81-4a02-9653-5157c6ba347b-6A6EF6B8-1C96C7" x_cf_app_instance:"-" x_forwarded_host:"0d79b96ctrial-dev-com-smartprocurex-smartprocurexui.cfapps.us10-003.hana.ondemand.com" x_custom_host:"-" x_ssl_client:"-" x_ssl_client_session_id:"-" x_ssl_client_verify:"-" x_ssl_client_subject_dn:"-" x_ssl_client_subject_cn:"-" x_ssl_client_issuer_dn:"-" x_ssl_client_notbefore:"-" x_ssl_client_notafter:"-" x_cf_forwarded_url:"-" traceparent:"-" true_client_ip:"-" x_cf_true_client_ip:"10.37.193.4" x_request_id:"-" x_b3_traceid:"c68ad5a002f24b52637806eacb72f307" x_b3_spanid:"637806eacb72f307" x_b3_parentspanid:"-" b3:"c68ad5a002f24b52637806eacb72f307-637806eacb72f307" (STDOUT, RTR)#
#2026 08 02 07:55:17.553#Z#DEBUG#6828ea62-8e47-11f1-a22d-eeee0a847462.SmartProcureX-srv#flowable-async-job-executor-thread-2161#
[PollStartAppStatusExecution] d9622003-7570-45ea-b8be-97c6305e4251 [2026-08-02T07:50:18.013516] {"level":"info","logger":"odata","correlation_id":"2dbdf350-5860-401d-67cf-0301b22f7556","tenant_id":"5590af3c-9485-44fe-975e-4b748861d2ff","host":"0d79b96ctrial-dev-smartprocurex-srv.cfapps.us10-003.hana.ondemand.com","user_agent":"Mozilla/5.0 (Windows NT 10.0; Win64; x64) AppleWebKit/537.36 (KHTML, like Gecko) Chrome/151.0.0.0 Safari/537.36","accept":"*/*","accept_encoding":"gzip, deflate, br, zstd","accept_language":"en-US,en;q=0.9","authorization":"***","b3":"2dbdf3505860401d67cf0301b22f7556-67cf0301b22f7556","cookie":"***","priority":"u=1, i","referer":"https://0d79b96ctrial-dev-com-smartprocurex-smartprocurexui.cfapps.us10-003.hana.ondemand.com/index.html","sec_ch_ua":"\"Not=A?Brand\";v=\"99\", \"Google Chrome\";v=\"151\", \"Chromium\";v=\"151\"","sec_ch_ua_mobile":"?0","sec_ch_ua_platform":"\"Windows\"","sec_fetch_dest":"empty","sec_fetch_mode":"cors","sec_fetch_site":"same-origin","tenantid":"0d79b96ctrial","x_b3_spanid":"67cf0301b22f7556","x_b3_traceid":"2dbdf3505860401d67cf0301b22f7556","x_cf_applicationid":"d9622003-7570-45ea-b8be-97c6305e4251","x_cf_instanceid":"9901b53b-a394-4a2d-4d11-7e49","x_cf_instanceindex":"0","x_cf_true_client_ip":"10.37.193.4","x_correlationid":"2dbdf350-5860-401d-67cf-0301b22f7556","x_forwarded_for":"152.57.234.150, 10.0.200.3, 10.37.193.4, 10.0.200.2","x_forwarded_host":"0d79b96ctrial-dev-com-smartprocurex-smartprocurexui.cfapps.us10-003.hana.ondemand.com","x_forwarded_path":"/odata/v4/procurement/PurchaseOrders","x_forwarded_proto":"https","x_request_start":"1785657018008","x_scp_request_id":"ed68c315-3eeb-4471-9fdc-9dc1d1fc79cc-6A6EF6B8-1BE589","x_vcap_request_id":"2dbdf350-5860-401d-67cf-0301b22f7556","request_id":"2dbdf350-5860-401d-67cf-0301b22f7556","x_correlation_id":"2dbdf350-5860-401d-67cf-0301b22f7556","timestamp":"2026-08-02T07:50:18.013Z","layer":"cds","component_type":"application","container_id":"10.37.130.4","component_id":"d9622003-7570-45ea-b8be-97c6305e4251","component_name":"SmartProcureX-srv","component_instance":0,"source_instance":0,"organization_name":"0d79b96ctrial","organization_id":"e8159873-0fc0-4477-a4f9-3c43fdb65fe4","space_name":"dev","space_id":"0628b1b5-c14d-4a0a-abf9-843360b5d7c0","tenant_subdomain":"0d79b96ctrial","msg":"GET /odata/v4/procurement/PurchaseOrders ","type":"log"} (STDOUT, APP/PROC/WEB)#
#2026 08 02 07:55:17.553#Z#DEBUG#6828ea62-8e47-11f1-a22d-eeee0a847462.SmartProcureX-srv#flowable-async-job-executor-thread-2161#
[PollStartAppStatusExecution] d9622003-7570-45ea-b8be-97c6305e4251 [2026-08-02T07:50:19.015394] {"level":"error","logger":"odata","correlation_id":"2dbdf350-5860-401d-67cf-0301b22f7556","tenant_id":"5590af3c-9485-44fe-975e-4b748861d2ff","host":"0d79b96ctrial-dev-smartprocurex-srv.cfapps.us10-003.hana.ondemand.com","user_agent":"Mozilla/5.0 (Windows NT 10.0; Win64; x64) AppleWebKit/537.36 (KHTML, like Gecko) Chrome/151.0.0.0 Safari/537.36","accept":"*/*","accept_encoding":"gzip, deflate, br, zstd","accept_language":"en-US,en;q=0.9","authorization":"***","b3":"2dbdf3505860401d67cf0301b22f7556-67cf0301b22f7556","cookie":"***","priority":"u=1, i","referer":"https://0d79b96ctrial-dev-com-smartprocurex-smartprocurexui.cfapps.us10-003.hana.ondemand.com/index.html","sec_ch_ua":"\"Not=A?Brand\";v=\"99\", \"Google Chrome\";v=\"151\", \"Chromium\";v=\"151\"","sec_ch_ua_mobile":"?0","sec_ch_ua_platform":"\"Windows\"","sec_fetch_dest":"empty","sec_fetch_mode":"cors","sec_fetch_site":"same-origin","tenantid":"0d79b96ctrial","x_b3_spanid":"67cf0301b22f7556","x_b3_traceid":"2dbdf3505860401d67cf0301b22f7556","x_cf_applicationid":"d9622003-7570-45ea-b8be-97c6305e4251","x_cf_instanceid":"9901b53b-a394-4a2d-4d11-7e49","x_cf_instanceindex":"0","x_cf_true_client_ip":"10.37.193.4","x_correlationid":"2dbdf350-5860-401d-67cf-0301b22f7556","x_forwarded_for":"152.57.234.150, 10.0.200.3, 10.37.193.4, 10.0.200.2","x_forwarded_host":"0d79b96ctrial-dev-com-smartprocurex-smartprocurexui.cfapps.us10-003.hana.ondemand.com","x_forwarded_path":"/odata/v4/procurement/PurchaseOrders","x_forwarded_proto":"https","x_request_start":"1785657018008","x_scp_request_id":"ed68c315-3eeb-4471-9fdc-9dc1d1fc79cc-6A6EF6B8-1BE589","x_vcap_request_id":"2dbdf350-5860-401d-67cf-0301b22f7556","request_id":"2dbdf350-5860-401d-67cf-0301b22f7556","x_correlation_id":"2dbdf350-5860-401d-67cf-0301b22f7556","timestamp":"2026-08-02T07:50:19.014Z","layer":"cds","component_type":"application","container_id":"10.37.130.4","component_id":"d9622003-7570-45ea-b8be-97c6305e4251","component_name":"SmartProcureX-srv","component_instance":0,"source_instance":0,"organization_name":"0d79b96ctrial","organization_id":"e8159873-0fc0-4477-a4f9-3c43fdb65fe4","space_name":"dev","space_id":"0628b1b5-c14d-4a0a-abf9-843360b5d7c0","tenant_subdomain":"0d79b96ctrial","msg":"500 - Error: Pool resource could not be acquired within 1s\n    at /home/vcap/app/node_modules/@cap-js/db-service/lib/common/generic-pool.js:71:21\n    at new Promise (<anonymous>)\n    at new Request (/home/vcap/app/node_modules/@cap-js/db-service/lib/common/generic-pool.js:59:20)\n    at Pool.acquire (/home/vcap/app/node_modules/@cap-js/db-service/lib/common/generic-pool.js:141:21)\n    at HANAService.acquire (/home/vcap/app/node_modules/@cap-js/db-service/lib/common/DatabaseService.js:106:28)\n    at HANAService.begin (/home/vcap/app/node_modules/@cap-js/db-service/lib/common/DatabaseService.js:66:27)\n    at HANAService._begin [as dispatch] (/home/vcap/app/node_modules/@sap/cds/lib/srv/srv-tx.js:195:38)\n    at /home/vcap/app/node_modules/@sap/cds/lib/srv/srv-dispatch.js:20:50\n    at HANAService.run (/home/vcap/app/node_modules/@sap/cds/lib/srv/cds.Service.js:171:44)\n    at HANAService.run (/home/vcap/app/node_modules/@cap-js/db-service/lib/common/DatabaseService.js:158:18) {\n  status: 500,\n  code: '500'\n}","type":"log"} (STDERR, APP/PROC/WEB)#
#2026 08 02 07:55:17.553#Z#DEBUG#6828ea62-8e47-11f1-a22d-eeee0a847462.SmartProcureX-srv#flowable-async-job-executor-thread-2161#
[PollStartAppStatusExecution] d9622003-7570-45ea-b8be-97c6305e4251 [2026-08-02T07:50:19.016428] 0d79b96ctrial-dev-smartprocurex-srv.cfapps.us10-003.hana.ondemand.com - [2026-08-02T07:50:18.012263980Z] "GET /odata/v4/procurement/PurchaseOrders HTTP/1.1" 500 0 58 "https://0d79b96ctrial-dev-com-smartprocurex-smartprocurexui.cfapps.us10-003.hana.ondemand.com/index.html" "Mozilla/5.0 (Windows NT 10.0; Win64; x64) AppleWebKit/537.36 (KHTML, like Gecko) Chrome/151.0.0.0 Safari/537.36" "10.0.200.2:54778" "10.37.130.4:61016" x_forwarded_for:"152.57.234.150, 10.0.200.3, 10.37.193.4, 10.0.200.2" x_forwarded_proto:"https" vcap_request_id:"2dbdf350-5860-401d-67cf-0301b22f7556" response_time:1.004021 gorouter_time:0.000037 app_id:"d9622003-7570-45ea-b8be-97c6305e4251" app_index:"0" instance_id:"9901b53b-a394-4a2d-4d11-7e49" failed_attempts:0 failed_attempts_time:"-" dns_time:0.000000 dial_time:0.000000 tls_time:0.000000 backend_time:1.003984 local_address:"10.0.193.9:12270" x_cf_routererror:"-" x_correlationid:"2dbdf350-5860-401d-67cf-0301b22f7556" tenantid:"0d79b96ctrial" sap_passport:"-" x_scp_request_id:"ed68c315-3eeb-4471-9fdc-9dc1d1fc79cc-6A6EF6B8-1BE589" x_cf_app_instance:"-" x_forwarded_host:"0d79b96ctrial-dev-com-smartprocurex-smartprocurexui.cfapps.us10-003.hana.ondemand.com" x_custom_host:"-" x_ssl_client:"-" x_ssl_client_session_id:"-" x_ssl_client_verify:"-" x_ssl_client_subject_dn:"-" x_ssl_client_subject_cn:"-" x_ssl_client_issuer_dn:"-" x_ssl_client_notbefore:"-" x_ssl_client_notafter:"-" x_cf_forwarded_url:"-" traceparent:"-" true_client_ip:"-" x_cf_true_client_ip:"10.37.193.4" x_request_id:"-" x_b3_traceid:"2dbdf3505860401d67cf0301b22f7556" x_b3_spanid:"67cf0301b22f7556" x_b3_parentspanid:"-" b3:"2dbdf3505860401d67cf0301b22f7556-67cf0301b22f7556" (STDOUT, RTR)#
#2026 08 02 07:55:17.553#Z#DEBUG#6828ea62-8e47-11f1-a22d-eeee0a847462.SmartProcureX-srv#flowable-async-job-executor-thread-2161#
[PollStartAppStatusExecution] d9622003-7570-45ea-b8be-97c6305e4251 [2026-08-02T07:50:19.323720] {"level":"info","logger":"odata","correlation_id":"75b0d4da-65d0-4e60-5883-4d5cdf9b07bc","tenant_id":"5590af3c-9485-44fe-975e-4b748861d2ff","host":"0d79b96ctrial-dev-smartprocurex-srv.cfapps.us10-003.hana.ondemand.com","user_agent":"Mozilla/5.0 (Windows NT 10.0; Win64; x64) AppleWebKit/537.36 (KHTML, like Gecko) Chrome/151.0.0.0 Safari/537.36","accept":"*/*","accept_encoding":"gzip, deflate, br, zstd","accept_language":"en-US,en;q=0.9","authorization":"***","b3":"75b0d4da65d04e6058834d5cdf9b07bc-58834d5cdf9b07bc","cookie":"***","priority":"u=1, i","referer":"https://0d79b96ctrial-dev-com-smartprocurex-smartprocurexui.cfapps.us10-003.hana.ondemand.com/index.html","sec_ch_ua":"\"Not=A?Brand\";v=\"99\", \"Google Chrome\";v=\"151\", \"Chromium\";v=\"151\"","sec_ch_ua_mobile":"?0","sec_ch_ua_platform":"\"Windows\"","sec_fetch_dest":"empty","sec_fetch_mode":"cors","sec_fetch_site":"same-origin","tenantid":"0d79b96ctrial","x_b3_spanid":"58834d5cdf9b07bc","x_b3_traceid":"75b0d4da65d04e6058834d5cdf9b07bc","x_cf_applicationid":"d9622003-7570-45ea-b8be-97c6305e4251","x_cf_instanceid":"9901b53b-a394-4a2d-4d11-7e49","x_cf_instanceindex":"0","x_cf_true_client_ip":"10.37.193.4","x_correlationid":"75b0d4da-65d0-4e60-5883-4d5cdf9b07bc","x_forwarded_for":"152.57.234.150, 10.0.200.3, 10.37.193.4, 10.0.200.2","x_forwarded_host":"0d79b96ctrial-dev-com-smartprocurex-smartprocurexui.cfapps.us10-003.hana.ondemand.com","x_forwarded_path":"/odata/v4/supplier/Suppliers","x_forwarded_proto":"https","x_request_start":"1785657019318","x_scp_request_id":"ed68c315-3eeb-4471-9fdc-9dc1d1fc79cc-6A6EF6B8-1BE58E","x_vcap_request_id":"75b0d4da-65d0-4e60-5883-4d5cdf9b07bc","request_id":"75b0d4da-65d0-4e60-5883-4d5cdf9b07bc","x_correlation_id":"75b0d4da-65d0-4e60-5883-4d5cdf9b07bc","timestamp":"2026-08-02T07:50:19.323Z","layer":"cds","component_type":"application","container_id":"10.37.130.4","component_id":"d9622003-7570-45ea-b8be-97c6305e4251","component_name":"SmartProcureX-srv","component_instance":0,"source_instance":0,"organization_name":"0d79b96ctrial","organization_id":"e8159873-0fc0-4477-a4f9-3c43fdb65fe4","space_name":"dev","space_id":"0628b1b5-c14d-4a0a-abf9-843360b5d7c0","tenant_subdomain":"0d79b96ctrial","msg":"GET /odata/v4/supplier/Suppliers ","type":"log"} (STDOUT, APP/PROC/WEB)#
#2026 08 02 07:55:17.553#Z#DEBUG#6828ea62-8e47-11f1-a22d-eeee0a847462.SmartProcureX-srv#flowable-async-job-executor-thread-2161#
[PollStartAppStatusExecution] d9622003-7570-45ea-b8be-97c6305e4251 [2026-08-02T07:50:19.732681] {"level":"info","logger":"odata","correlation_id":"5f580373-03ec-4da2-6f47-84757afcd5ff","tenant_id":"5590af3c-9485-44fe-975e-4b748861d2ff","host":"0d79b96ctrial-dev-smartprocurex-srv.cfapps.us10-003.hana.ondemand.com","user_agent":"Mozilla/5.0 (Windows NT 10.0; Win64; x64) AppleWebKit/537.36 (KHTML, like Gecko) Chrome/151.0.0.0 Safari/537.36","accept":"*/*","accept_encoding":"gzip, deflate, br, zstd","accept_language":"en-US,en;q=0.9","authorization":"***","b3":"5f58037303ec4da26f4784757afcd5ff-6f4784757afcd5ff","cookie":"***","priority":"u=1, i","referer":"https://0d79b96ctrial-dev-com-smartprocurex-smartprocurexui.cfapps.us10-003.hana.ondemand.com/index.html","sec_ch_ua":"\"Not=A?Brand\";v=\"99\", \"Google Chrome\";v=\"151\", \"Chromium\";v=\"151\"","sec_ch_ua_mobile":"?0","sec_ch_ua_platform":"\"Windows\"","sec_fetch_dest":"empty","sec_fetch_mode":"cors","sec_fetch_site":"same-origin","tenantid":"0d79b96ctrial","x_b3_spanid":"6f4784757afcd5ff","x_b3_traceid":"5f58037303ec4da26f4784757afcd5ff","x_cf_applicationid":"d9622003-7570-45ea-b8be-97c6305e4251","x_cf_instanceid":"9901b53b-a394-4a2d-4d11-7e49","x_cf_instanceindex":"0","x_cf_true_client_ip":"10.37.193.4","x_correlationid":"5f580373-03ec-4da2-6f47-84757afcd5ff","x_forwarded_for":"152.57.234.150, 10.0.200.3, 10.37.193.4, 10.0.200.0","x_forwarded_host":"0d79b96ctrial-dev-com-smartprocurex-smartprocurexui.cfapps.us10-003.hana.ondemand.com","x_forwarded_path":"/odata/v4/identity/Users","x_forwarded_proto":"https","x_request_start":"1785657019728","x_scp_request_id":"8b3a38ad-b837-4495-bf5b-66c85e07a4db-6A6EF6B9-1BC3E4","x_vcap_request_id":"5f580373-03ec-4da2-6f47-84757afcd5ff","request_id":"5f580373-03ec-4da2-6f47-84757afcd5ff","x_correlation_id":"5f580373-03ec-4da2-6f47-84757afcd5ff","timestamp":"2026-08-02T07:50:19.732Z","layer":"cds","component_type":"application","container_id":"10.37.130.4","component_id":"d9622003-7570-45ea-b8be-97c6305e4251","component_name":"SmartProcureX-srv","component_instance":0,"source_instance":0,"organization_name":"0d79b96ctrial","organization_id":"e8159873-0fc0-4477-a4f9-3c43fdb65fe4","space_name":"dev","space_id":"0628b1b5-c14d-4a0a-abf9-843360b5d7c0","tenant_subdomain":"0d79b96ctrial","msg":"GET /odata/v4/identity/Users ","type":"log"} (STDOUT, APP/PROC/WEB)#
#2026 08 02 07:55:17.553#Z#DEBUG#6828ea62-8e47-11f1-a22d-eeee0a847462.SmartProcureX-srv#flowable-async-job-executor-thread-2161#
[PollStartAppStatusExecution] d9622003-7570-45ea-b8be-97c6305e4251 [2026-08-02T07:50:19.737499] {"level":"info","logger":"odata","correlation_id":"06b849af-b0da-452c-7929-45a248c00d26","tenant_id":"5590af3c-9485-44fe-975e-4b748861d2ff","host":"0d79b96ctrial-dev-smartprocurex-srv.cfapps.us10-003.hana.ondemand.com","user_agent":"Mozilla/5.0 (Windows NT 10.0; Win64; x64) AppleWebKit/537.36 (KHTML, like Gecko) Chrome/151.0.0.0 Safari/537.36","accept":"*/*","accept_encoding":"gzip, deflate, br, zstd","accept_language":"en-US,en;q=0.9","authorization":"***","b3":"06b849afb0da452c792945a248c00d26-792945a248c00d26","cookie":"***","priority":"u=1, i","referer":"https://0d79b96ctrial-dev-com-smartprocurex-smartprocurexui.cfapps.us10-003.hana.ondemand.com/index.html","sec_ch_ua":"\"Not=A?Brand\";v=\"99\", \"Google Chrome\";v=\"151\", \"Chromium\";v=\"151\"","sec_ch_ua_mobile":"?0","sec_ch_ua_platform":"\"Windows\"","sec_fetch_dest":"empty","sec_fetch_mode":"cors","sec_fetch_site":"same-origin","tenantid":"0d79b96ctrial","x_b3_spanid":"792945a248c00d26","x_b3_traceid":"06b849afb0da452c792945a248c00d26","x_cf_applicationid":"d9622003-7570-45ea-b8be-97c6305e4251","x_cf_instanceid":"9901b53b-a394-4a2d-4d11-7e49","x_cf_instanceindex":"0","x_cf_true_client_ip":"10.37.193.4","x_correlationid":"06b849af-b0da-452c-7929-45a248c00d26","x_forwarded_for":"152.57.234.150, 10.0.200.3, 10.37.193.4, 10.0.200.1","x_forwarded_host":"0d79b96ctrial-dev-com-smartprocurex-smartprocurexui.cfapps.us10-003.hana.ondemand.com","x_forwarded_path":"/odata/v4/identity/Departments","x_forwarded_proto":"https","x_request_start":"1785657019733","x_scp_request_id":"773384ec-cd81-4a02-9653-5157c6ba347b-6A6EF6B9-1C96CE","x_vcap_request_id":"06b849af-b0da-452c-7929-45a248c00d26","request_id":"06b849af-b0da-452c-7929-45a248c00d26","x_correlation_id":"06b849af-b0da-452c-7929-45a248c00d26","timestamp":"2026-08-02T07:50:19.737Z","layer":"cds","component_type":"application","container_id":"10.37.130.4","component_id":"d9622003-7570-45ea-b8be-97c6305e4251","component_name":"SmartProcureX-srv","component_instance":0,"source_instance":0,"organization_name":"0d79b96ctrial","organization_id":"e8159873-0fc0-4477-a4f9-3c43fdb65fe4","space_name":"dev","space_id":"0628b1b5-c14d-4a0a-abf9-843360b5d7c0","tenant_subdomain":"0d79b96ctrial","msg":"GET /odata/v4/identity/Departments ","type":"log"} (STDOUT, APP/PROC/WEB)#
#2026 08 02 07:55:17.553#Z#DEBUG#6828ea62-8e47-11f1-a22d-eeee0a847462.SmartProcureX-srv#flowable-async-job-executor-thread-2161#
[PollStartAppStatusExecution] d9622003-7570-45ea-b8be-97c6305e4251 [2026-08-02T07:50:20.324359] {"level":"error","logger":"odata","correlation_id":"75b0d4da-65d0-4e60-5883-4d5cdf9b07bc","tenant_id":"5590af3c-9485-44fe-975e-4b748861d2ff","host":"0d79b96ctrial-dev-smartprocurex-srv.cfapps.us10-003.hana.ondemand.com","user_agent":"Mozilla/5.0 (Windows NT 10.0; Win64; x64) AppleWebKit/537.36 (KHTML, like Gecko) Chrome/151.0.0.0 Safari/537.36","accept":"*/*","accept_encoding":"gzip, deflate, br, zstd","accept_language":"en-US,en;q=0.9","authorization":"***","b3":"75b0d4da65d04e6058834d5cdf9b07bc-58834d5cdf9b07bc","cookie":"***","priority":"u=1, i","referer":"https://0d79b96ctrial-dev-com-smartprocurex-smartprocurexui.cfapps.us10-003.hana.ondemand.com/index.html","sec_ch_ua":"\"Not=A?Brand\";v=\"99\", \"Google Chrome\";v=\"151\", \"Chromium\";v=\"151\"","sec_ch_ua_mobile":"?0","sec_ch_ua_platform":"\"Windows\"","sec_fetch_dest":"empty","sec_fetch_mode":"cors","sec_fetch_site":"same-origin","tenantid":"0d79b96ctrial","x_b3_spanid":"58834d5cdf9b07bc","x_b3_traceid":"75b0d4da65d04e6058834d5cdf9b07bc","x_cf_applicationid":"d9622003-7570-45ea-b8be-97c6305e4251","x_cf_instanceid":"9901b53b-a394-4a2d-4d11-7e49","x_cf_instanceindex":"0","x_cf_true_client_ip":"10.37.193.4","x_correlationid":"75b0d4da-65d0-4e60-5883-4d5cdf9b07bc","x_forwarded_for":"152.57.234.150, 10.0.200.3, 10.37.193.4, 10.0.200.2","x_forwarded_host":"0d79b96ctrial-dev-com-smartprocurex-smartprocurexui.cfapps.us10-003.hana.ondemand.com","x_forwarded_path":"/odata/v4/supplier/Suppliers","x_forwarded_proto":"https","x_request_start":"1785657019318","x_scp_request_id":"ed68c315-3eeb-4471-9fdc-9dc1d1fc79cc-6A6EF6B8-1BE58E","x_vcap_request_id":"75b0d4da-65d0-4e60-5883-4d5cdf9b07bc","request_id":"75b0d4da-65d0-4e60-5883-4d5cdf9b07bc","x_correlation_id":"75b0d4da-65d0-4e60-5883-4d5cdf9b07bc","timestamp":"2026-08-02T07:50:20.323Z","layer":"cds","component_type":"application","container_id":"10.37.130.4","component_id":"d9622003-7570-45ea-b8be-97c6305e4251","component_name":"SmartProcureX-srv","component_instance":0,"source_instance":0,"organization_name":"0d79b96ctrial","organization_id":"e8159873-0fc0-4477-a4f9-3c43fdb65fe4","space_name":"dev","space_id":"0628b1b5-c14d-4a0a-abf9-843360b5d7c0","tenant_subdomain":"0d79b96ctrial","msg":"500 - Error: Pool resource could not be acquired within 1s\n    at /home/vcap/app/node_modules/@cap-js/db-service/lib/common/generic-pool.js:71:21\n    at new Promise (<anonymous>)\n    at new Request (/home/vcap/app/node_modules/@cap-js/db-service/lib/common/generic-pool.js:59:20)\n    at Pool.acquire (/home/vcap/app/node_modules/@cap-js/db-service/lib/common/generic-pool.js:141:21)\n    at HANAService.acquire (/home/vcap/app/node_modules/@cap-js/db-service/lib/common/DatabaseService.js:106:28)\n    at HANAService.begin (/home/vcap/app/node_modules/@cap-js/db-service/lib/common/DatabaseService.js:66:27)\n    at HANAService._begin [as dispatch] (/home/vcap/app/node_modules/@sap/cds/lib/srv/srv-tx.js:195:38)\n    at /home/vcap/app/node_modules/@sap/cds/lib/srv/srv-dispatch.js:20:50\n    at HANAService.run (/home/vcap/app/node_modules/@sap/cds/lib/srv/cds.Service.js:171:44)\n    at HANAService.run (/home/vcap/app/node_modules/@cap-js/db-service/lib/common/DatabaseService.js:158:18) {\n  status: 500,\n  code: '500'\n}","type":"log"} (STDERR, APP/PROC/WEB)#
#2026 08 02 07:55:17.553#Z#DEBUG#6828ea62-8e47-11f1-a22d-eeee0a847462.SmartProcureX-srv#flowable-async-job-executor-thread-2161#
[PollStartAppStatusExecution] d9622003-7570-45ea-b8be-97c6305e4251 [2026-08-02T07:50:20.325585] 0d79b96ctrial-dev-smartprocurex-srv.cfapps.us10-003.hana.ondemand.com - [2026-08-02T07:50:19.322249152Z] "GET /odata/v4/supplier/Suppliers HTTP/1.1" 500 0 58 "https://0d79b96ctrial-dev-com-smartprocurex-smartprocurexui.cfapps.us10-003.hana.ondemand.com/index.html" "Mozilla/5.0 (Windows NT 10.0; Win64; x64) AppleWebKit/537.36 (KHTML, like Gecko) Chrome/151.0.0.0 Safari/537.36" "10.0.200.2:11470" "10.37.130.4:61016" x_forwarded_for:"152.57.234.150, 10.0.200.3, 10.37.193.4, 10.0.200.2" x_forwarded_proto:"https" vcap_request_id:"75b0d4da-65d0-4e60-5883-4d5cdf9b07bc" response_time:1.003090 gorouter_time:0.000087 app_id:"d9622003-7570-45ea-b8be-97c6305e4251" app_index:"0" instance_id:"9901b53b-a394-4a2d-4d11-7e49" failed_attempts:0 failed_attempts_time:"-" dns_time:0.000000 dial_time:0.000000 tls_time:0.000000 backend_time:1.003003 local_address:"10.0.193.8:36814" x_cf_routererror:"-" x_correlationid:"75b0d4da-65d0-4e60-5883-4d5cdf9b07bc" tenantid:"0d79b96ctrial" sap_passport:"-" x_scp_request_id:"ed68c315-3eeb-4471-9fdc-9dc1d1fc79cc-6A6EF6B8-1BE58E" x_cf_app_instance:"-" x_forwarded_host:"0d79b96ctrial-dev-com-smartprocurex-smartprocurexui.cfapps.us10-003.hana.ondemand.com" x_custom_host:"-" x_ssl_client:"-" x_ssl_client_session_id:"-" x_ssl_client_verify:"-" x_ssl_client_subject_dn:"-" x_ssl_client_subject_cn:"-" x_ssl_client_issuer_dn:"-" x_ssl_client_notbefore:"-" x_ssl_client_notafter:"-" x_cf_forwarded_url:"-" traceparent:"-" true_client_ip:"-" x_cf_true_client_ip:"10.37.193.4" x_request_id:"-" x_b3_traceid:"75b0d4da65d04e6058834d5cdf9b07bc" x_b3_spanid:"58834d5cdf9b07bc" x_b3_parentspanid:"-" b3:"75b0d4da65d04e6058834d5cdf9b07bc-58834d5cdf9b07bc" (STDOUT, RTR)#
#2026 08 02 07:55:17.553#Z#DEBUG#6828ea62-8e47-11f1-a22d-eeee0a847462.SmartProcureX-srv#flowable-async-job-executor-thread-2161#
[PollStartAppStatusExecution] d9622003-7570-45ea-b8be-97c6305e4251 [2026-08-02T07:50:20.734125] {"level":"error","logger":"odata","correlation_id":"5f580373-03ec-4da2-6f47-84757afcd5ff","tenant_id":"5590af3c-9485-44fe-975e-4b748861d2ff","host":"0d79b96ctrial-dev-smartprocurex-srv.cfapps.us10-003.hana.ondemand.com","user_agent":"Mozilla/5.0 (Windows NT 10.0; Win64; x64) AppleWebKit/537.36 (KHTML, like Gecko) Chrome/151.0.0.0 Safari/537.36","accept":"*/*","accept_encoding":"gzip, deflate, br, zstd","accept_language":"en-US,en;q=0.9","authorization":"***","b3":"5f58037303ec4da26f4784757afcd5ff-6f4784757afcd5ff","cookie":"***","priority":"u=1, i","referer":"https://0d79b96ctrial-dev-com-smartprocurex-smartprocurexui.cfapps.us10-003.hana.ondemand.com/index.html","sec_ch_ua":"\"Not=A?Brand\";v=\"99\", \"Google Chrome\";v=\"151\", \"Chromium\";v=\"151\"","sec_ch_ua_mobile":"?0","sec_ch_ua_platform":"\"Windows\"","sec_fetch_dest":"empty","sec_fetch_mode":"cors","sec_fetch_site":"same-origin","tenantid":"0d79b96ctrial","x_b3_spanid":"6f4784757afcd5ff","x_b3_traceid":"5f58037303ec4da26f4784757afcd5ff","x_cf_applicationid":"d9622003-7570-45ea-b8be-97c6305e4251","x_cf_instanceid":"9901b53b-a394-4a2d-4d11-7e49","x_cf_instanceindex":"0","x_cf_true_client_ip":"10.37.193.4","x_correlationid":"5f580373-03ec-4da2-6f47-84757afcd5ff","x_forwarded_for":"152.57.234.150, 10.0.200.3, 10.37.193.4, 10.0.200.0","x_forwarded_host":"0d79b96ctrial-dev-com-smartprocurex-smartprocurexui.cfapps.us10-003.hana.ondemand.com","x_forwarded_path":"/odata/v4/identity/Users","x_forwarded_proto":"https","x_request_start":"1785657019728","x_scp_request_id":"8b3a38ad-b837-4495-bf5b-66c85e07a4db-6A6EF6B9-1BC3E4","x_vcap_request_id":"5f580373-03ec-4da2-6f47-84757afcd5ff","request_id":"5f580373-03ec-4da2-6f47-84757afcd5ff","x_correlation_id":"5f580373-03ec-4da2-6f47-84757afcd5ff","timestamp":"2026-08-02T07:50:20.733Z","layer":"cds","component_type":"application","container_id":"10.37.130.4","component_id":"d9622003-7570-45ea-b8be-97c6305e4251","component_name":"SmartProcureX-srv","component_instance":0,"source_instance":0,"organization_name":"0d79b96ctrial","organization_id":"e8159873-0fc0-4477-a4f9-3c43fdb65fe4","space_name":"dev","space_id":"0628b1b5-c14d-4a0a-abf9-843360b5d7c0","tenant_subdomain":"0d79b96ctrial","msg":"500 - Error: Pool resource could not be acquired within 1s\n    at /home/vcap/app/node_modules/@cap-js/db-service/lib/common/generic-pool.js:71:21\n    at new Promise (<anonymous>)\n    at new Request (/home/vcap/app/node_modules/@cap-js/db-service/lib/common/generic-pool.js:59:20)\n    at Pool.acquire (/home/vcap/app/node_modules/@cap-js/db-service/lib/common/generic-pool.js:141:21)\n    at HANAService.acquire (/home/vcap/app/node_modules/@cap-js/db-service/lib/common/DatabaseService.js:106:28)\n    at HANAService.begin (/home/vcap/app/node_modules/@cap-js/db-service/lib/common/DatabaseService.js:66:27)\n    at HANAService._begin [as dispatch] (/home/vcap/app/node_modules/@sap/cds/lib/srv/srv-tx.js:195:38)\n    at /home/vcap/app/node_modules/@sap/cds/lib/srv/srv-dispatch.js:20:50\n    at HANAService.run (/home/vcap/app/node_modules/@sap/cds/lib/srv/cds.Service.js:171:44)\n    at HANAService.run (/home/vcap/app/node_modules/@cap-js/db-service/lib/common/DatabaseService.js:158:18) {\n  status: 500,\n  code: '500'\n}","type":"log"} (STDERR, APP/PROC/WEB)#
#2026 08 02 07:55:17.553#Z#DEBUG#6828ea62-8e47-11f1-a22d-eeee0a847462.SmartProcureX-srv#flowable-async-job-executor-thread-2161#
[PollStartAppStatusExecution] d9622003-7570-45ea-b8be-97c6305e4251 [2026-08-02T07:50:20.735442] 0d79b96ctrial-dev-smartprocurex-srv.cfapps.us10-003.hana.ondemand.com - [2026-08-02T07:50:19.731162986Z] "GET /odata/v4/identity/Users HTTP/1.1" 500 0 58 "https://0d79b96ctrial-dev-com-smartprocurex-smartprocurexui.cfapps.us10-003.hana.ondemand.com/index.html" "Mozilla/5.0 (Windows NT 10.0; Win64; x64) AppleWebKit/537.36 (KHTML, like Gecko) Chrome/151.0.0.0 Safari/537.36" "10.0.200.0:54160" "10.37.130.4:61016" x_forwarded_for:"152.57.234.150, 10.0.200.3, 10.37.193.4, 10.0.200.0" x_forwarded_proto:"https" vcap_request_id:"5f580373-03ec-4da2-6f47-84757afcd5ff" response_time:1.004031 gorouter_time:0.000030 app_id:"d9622003-7570-45ea-b8be-97c6305e4251" app_index:"0" instance_id:"9901b53b-a394-4a2d-4d11-7e49" failed_attempts:0 failed_attempts_time:"-" dns_time:0.000000 dial_time:0.000000 tls_time:0.000000 backend_time:1.004001 local_address:"10.0.193.8:36818" x_cf_routererror:"-" x_correlationid:"5f580373-03ec-4da2-6f47-84757afcd5ff" tenantid:"0d79b96ctrial" sap_passport:"-" x_scp_request_id:"8b3a38ad-b837-4495-bf5b-66c85e07a4db-6A6EF6B9-1BC3E4" x_cf_app_instance:"-" x_forwarded_host:"0d79b96ctrial-dev-com-smartprocurex-smartprocurexui.cfapps.us10-003.hana.ondemand.com" x_custom_host:"-" x_ssl_client:"-" x_ssl_client_session_id:"-" x_ssl_client_verify:"-" x_ssl_client_subject_dn:"-" x_ssl_client_subject_cn:"-" x_ssl_client_issuer_dn:"-" x_ssl_client_notbefore:"-" x_ssl_client_notafter:"-" x_cf_forwarded_url:"-" traceparent:"-" true_client_ip:"-" x_cf_true_client_ip:"10.37.193.4" x_request_id:"-" x_b3_traceid:"5f58037303ec4da26f4784757afcd5ff" x_b3_spanid:"6f4784757afcd5ff" x_b3_parentspanid:"-" b3:"5f58037303ec4da26f4784757afcd5ff-6f4784757afcd5ff" (STDOUT, RTR)#
#2026 08 02 07:55:17.553#Z#DEBUG#6828ea62-8e47-11f1-a22d-eeee0a847462.SmartProcureX-srv#flowable-async-job-executor-thread-2161#
[PollStartAppStatusExecution] d9622003-7570-45ea-b8be-97c6305e4251 [2026-08-02T07:50:20.737783] {"level":"error","logger":"odata","correlation_id":"06b849af-b0da-452c-7929-45a248c00d26","tenant_id":"5590af3c-9485-44fe-975e-4b748861d2ff","host":"0d79b96ctrial-dev-smartprocurex-srv.cfapps.us10-003.hana.ondemand.com","user_agent":"Mozilla/5.0 (Windows NT 10.0; Win64; x64) AppleWebKit/537.36 (KHTML, like Gecko) Chrome/151.0.0.0 Safari/537.36","accept":"*/*","accept_encoding":"gzip, deflate, br, zstd","accept_language":"en-US,en;q=0.9","authorization":"***","b3":"06b849afb0da452c792945a248c00d26-792945a248c00d26","cookie":"***","priority":"u=1, i","referer":"https://0d79b96ctrial-dev-com-smartprocurex-smartprocurexui.cfapps.us10-003.hana.ondemand.com/index.html","sec_ch_ua":"\"Not=A?Brand\";v=\"99\", \"Google Chrome\";v=\"151\", \"Chromium\";v=\"151\"","sec_ch_ua_mobile":"?0","sec_ch_ua_platform":"\"Windows\"","sec_fetch_dest":"empty","sec_fetch_mode":"cors","sec_fetch_site":"same-origin","tenantid":"0d79b96ctrial","x_b3_spanid":"792945a248c00d26","x_b3_traceid":"06b849afb0da452c792945a248c00d26","x_cf_applicationid":"d9622003-7570-45ea-b8be-97c6305e4251","x_cf_instanceid":"9901b53b-a394-4a2d-4d11-7e49","x_cf_instanceindex":"0","x_cf_true_client_ip":"10.37.193.4","x_correlationid":"06b849af-b0da-452c-7929-45a248c00d26","x_forwarded_for":"152.57.234.150, 10.0.200.3, 10.37.193.4, 10.0.200.1","x_forwarded_host":"0d79b96ctrial-dev-com-smartprocurex-smartprocurexui.cfapps.us10-003.hana.ondemand.com","x_forwarded_path":"/odata/v4/identity/Departments","x_forwarded_proto":"https","x_request_start":"1785657019733","x_scp_request_id":"773384ec-cd81-4a02-9653-5157c6ba347b-6A6EF6B9-1C96CE","x_vcap_request_id":"06b849af-b0da-452c-7929-45a248c00d26","request_id":"06b849af-b0da-452c-7929-45a248c00d26","x_correlation_id":"06b849af-b0da-452c-7929-45a248c00d26","timestamp":"2026-08-02T07:50:20.737Z","layer":"cds","component_type":"application","container_id":"10.37.130.4","component_id":"d9622003-7570-45ea-b8be-97c6305e4251","component_name":"SmartProcureX-srv","component_instance":0,"source_instance":0,"organization_name":"0d79b96ctrial","organization_id":"e8159873-0fc0-4477-a4f9-3c43fdb65fe4","space_name":"dev","space_id":"0628b1b5-c14d-4a0a-abf9-843360b5d7c0","tenant_subdomain":"0d79b96ctrial","msg":"500 - Error: Pool resource could not be acquired within 1s\n    at /home/vcap/app/node_modules/@cap-js/db-service/lib/common/generic-pool.js:71:21\n    at new Promise (<anonymous>)\n    at new Request (/home/vcap/app/node_modules/@cap-js/db-service/lib/common/generic-pool.js:59:20)\n    at Pool.acquire (/home/vcap/app/node_modules/@cap-js/db-service/lib/common/generic-pool.js:141:21)\n    at HANAService.acquire (/home/vcap/app/node_modules/@cap-js/db-service/lib/common/DatabaseService.js:106:28)\n    at HANAService.begin (/home/vcap/app/node_modules/@cap-js/db-service/lib/common/DatabaseService.js:66:27)\n    at HANAService._begin [as dispatch] (/home/vcap/app/node_modules/@sap/cds/lib/srv/srv-tx.js:195:38)\n    at /home/vcap/app/node_modules/@sap/cds/lib/srv/srv-dispatch.js:20:50\n    at HANAService.run (/home/vcap/app/node_modules/@sap/cds/lib/srv/cds.Service.js:171:44)\n    at HANAService.run (/home/vcap/app/node_modules/@cap-js/db-service/lib/common/DatabaseService.js:158:18) {\n  status: 500,\n  code: '500'\n}","type":"log"} (STDERR, APP/PROC/WEB)#
#2026 08 02 07:55:17.553#Z#DEBUG#6828ea62-8e47-11f1-a22d-eeee0a847462.SmartProcureX-srv#flowable-async-job-executor-thread-2161#
[PollStartAppStatusExecution] d9622003-7570-45ea-b8be-97c6305e4251 [2026-08-02T07:50:20.738717] 0d79b96ctrial-dev-smartprocurex-srv.cfapps.us10-003.hana.ondemand.com - [2026-08-02T07:50:19.736181623Z] "GET /odata/v4/identity/Departments HTTP/1.1" 500 0 58 "https://0d79b96ctrial-dev-com-smartprocurex-smartprocurexui.cfapps.us10-003.hana.ondemand.com/index.html" "Mozilla/5.0 (Windows NT 10.0; Win64; x64) AppleWebKit/537.36 (KHTML, like Gecko) Chrome/151.0.0.0 Safari/537.36" "10.0.200.1:42652" "10.37.130.4:61016" x_forwarded_for:"152.57.234.150, 10.0.200.3, 10.37.193.4, 10.0.200.1" x_forwarded_proto:"https" vcap_request_id:"06b849af-b0da-452c-7929-45a248c00d26" response_time:1.002424 gorouter_time:0.000072 app_id:"d9622003-7570-45ea-b8be-97c6305e4251" app_index:"0" instance_id:"9901b53b-a394-4a2d-4d11-7e49" failed_attempts:0 failed_attempts_time:"-" dns_time:0.000000 dial_time:0.000000 tls_time:0.000000 backend_time:1.002352 local_address:"10.0.193.8:36828" x_cf_routererror:"-" x_correlationid:"06b849af-b0da-452c-7929-45a248c00d26" tenantid:"0d79b96ctrial" sap_passport:"-" x_scp_request_id:"773384ec-cd81-4a02-9653-5157c6ba347b-6A6EF6B9-1C96CE" x_cf_app_instance:"-" x_forwarded_host:"0d79b96ctrial-dev-com-smartprocurex-smartprocurexui.cfapps.us10-003.hana.ondemand.com" x_custom_host:"-" x_ssl_client:"-" x_ssl_client_session_id:"-" x_ssl_client_verify:"-" x_ssl_client_subject_dn:"-" x_ssl_client_subject_cn:"-" x_ssl_client_issuer_dn:"-" x_ssl_client_notbefore:"-" x_ssl_client_notafter:"-" x_cf_forwarded_url:"-" traceparent:"-" true_client_ip:"-" x_cf_true_client_ip:"10.37.193.4" x_request_id:"-" x_b3_traceid:"06b849afb0da452c792945a248c00d26" x_b3_spanid:"792945a248c00d26" x_b3_parentspanid:"-" b3:"06b849afb0da452c792945a248c00d26-792945a248c00d26" (STDOUT, RTR)#
#2026 08 02 07:55:17.553#Z#DEBUG#6828ea62-8e47-11f1-a22d-eeee0a847462.SmartProcureX-srv#flowable-async-job-executor-thread-2161#
[PollStartAppStatusExecution] d9622003-7570-45ea-b8be-97c6305e4251 [2026-08-02T07:51:18.232755] Updated app with guid d9622003-7570-45ea-b8be-97c6305e4251 ({"lifecycle"=>{"data"=>{"buildpacks"=>["nodejs_buildpack"]}, "type"=>"buildpack"}}) (STDOUT, API)#
#2026 08 02 07:55:17.553#Z#DEBUG#6828ea62-8e47-11f1-a22d-eeee0a847462.SmartProcureX-srv#flowable-async-job-executor-thread-2161#
[PollStartAppStatusExecution] d9622003-7570-45ea-b8be-97c6305e4251 [2026-08-02T07:51:18.342609] Updating process: "web" (STDOUT, API)#
#2026 08 02 07:55:17.553#Z#DEBUG#6828ea62-8e47-11f1-a22d-eeee0a847462.SmartProcureX-srv#flowable-async-job-executor-thread-2161#
[PollStartAppStatusExecution] d9622003-7570-45ea-b8be-97c6305e4251 [2026-08-02T07:51:47.264135] Uploading app package for app with guid d9622003-7570-45ea-b8be-97c6305e4251 (STDOUT, API)#
#2026 08 02 07:55:17.553#Z#DEBUG#6828ea62-8e47-11f1-a22d-eeee0a847462.SmartProcureX-srv#flowable-async-job-executor-thread-2161#
[PollStartAppStatusExecution] d9622003-7570-45ea-b8be-97c6305e4251 [2026-08-02T07:51:47.432330] Updated app with guid d9622003-7570-45ea-b8be-97c6305e4251 ({"environment_variables"=>"[PRIVATE DATA HIDDEN]"}) (STDOUT, API)#
#2026 08 02 07:55:17.553#Z#DEBUG#6828ea62-8e47-11f1-a22d-eeee0a847462.SmartProcureX-srv#flowable-async-job-executor-thread-2161#
[PollStartAppStatusExecution] d9622003-7570-45ea-b8be-97c6305e4251 [2026-08-02T07:51:57.371729] Stopping app with guid d9622003-7570-45ea-b8be-97c6305e4251 (STDOUT, API)#
#2026 08 02 07:55:17.553#Z#DEBUG#6828ea62-8e47-11f1-a22d-eeee0a847462.SmartProcureX-srv#flowable-async-job-executor-thread-2161#
[PollStartAppStatusExecution] d9622003-7570-45ea-b8be-97c6305e4251 [2026-08-02T07:51:57.409104] Cell c029166f-5c99-471a-95ad-14514ab6ab95 stopping instance 9901b53b-a394-4a2d-4d11-7e49 (STDOUT, CELL)#
#2026 08 02 07:55:17.553#Z#DEBUG#6828ea62-8e47-11f1-a22d-eeee0a847462.SmartProcureX-srv#flowable-async-job-executor-thread-2161#
[PollStartAppStatusExecution] d9622003-7570-45ea-b8be-97c6305e4251 [2026-08-02T07:51:57.556532] Creating build for app with guid d9622003-7570-45ea-b8be-97c6305e4251 (STDOUT, API)#
#2026 08 02 07:55:17.553#Z#DEBUG#6828ea62-8e47-11f1-a22d-eeee0a847462.SmartProcureX-srv#flowable-async-job-executor-thread-2161#
[PollStartAppStatusExecution] d9622003-7570-45ea-b8be-97c6305e4251 [2026-08-02T07:51:57.856426] Downloading nodejs_buildpack... (STDOUT, STG)#
#2026 08 02 07:55:17.553#Z#DEBUG#6828ea62-8e47-11f1-a22d-eeee0a847462.SmartProcureX-srv#flowable-async-job-executor-thread-2161#
[PollStartAppStatusExecution] d9622003-7570-45ea-b8be-97c6305e4251 [2026-08-02T07:51:57.900302] Downloaded nodejs_buildpack (STDOUT, STG)#
#2026 08 02 07:55:17.553#Z#DEBUG#6828ea62-8e47-11f1-a22d-eeee0a847462.SmartProcureX-srv#flowable-async-job-executor-thread-2161#
[PollStartAppStatusExecution] d9622003-7570-45ea-b8be-97c6305e4251 [2026-08-02T07:51:57.900357] Cell da97415f-d45d-4f73-b6f3-2c853ecdb03d creating container for instance 9fe4ebcc-3a72-4114-8031-91aa30ae92aa (STDOUT, STG)#
#2026 08 02 07:55:17.553#Z#DEBUG#6828ea62-8e47-11f1-a22d-eeee0a847462.SmartProcureX-srv#flowable-async-job-executor-thread-2161#
[PollStartAppStatusExecution] d9622003-7570-45ea-b8be-97c6305e4251 [2026-08-02T07:51:58.218160] Security group rules were updated (STDOUT, STG)#
#2026 08 02 07:55:17.553#Z#DEBUG#6828ea62-8e47-11f1-a22d-eeee0a847462.SmartProcureX-srv#flowable-async-job-executor-thread-2161#
[PollStartAppStatusExecution] d9622003-7570-45ea-b8be-97c6305e4251 [2026-08-02T07:51:58.271089] Cell da97415f-d45d-4f73-b6f3-2c853ecdb03d successfully created container for instance 9fe4ebcc-3a72-4114-8031-91aa30ae92aa (STDOUT, STG)#
#2026 08 02 07:55:17.553#Z#DEBUG#6828ea62-8e47-11f1-a22d-eeee0a847462.SmartProcureX-srv#flowable-async-job-executor-thread-2161#
[PollStartAppStatusExecution] d9622003-7570-45ea-b8be-97c6305e4251 [2026-08-02T07:51:58.991216] Downloading app package... (STDOUT, STG)#
#2026 08 02 07:55:17.553#Z#DEBUG#6828ea62-8e47-11f1-a22d-eeee0a847462.SmartProcureX-srv#flowable-async-job-executor-thread-2161#
[PollStartAppStatusExecution] d9622003-7570-45ea-b8be-97c6305e4251 [2026-08-02T07:51:58.991249] Downloading build artifacts cache... (STDOUT, STG)#
#2026 08 02 07:55:17.553#Z#DEBUG#6828ea62-8e47-11f1-a22d-eeee0a847462.SmartProcureX-srv#flowable-async-job-executor-thread-2161#
[PollStartAppStatusExecution] d9622003-7570-45ea-b8be-97c6305e4251 [2026-08-02T07:51:59.053196] Downloaded build artifacts cache (225B) (STDOUT, STG)#
#2026 08 02 07:55:17.553#Z#DEBUG#6828ea62-8e47-11f1-a22d-eeee0a847462.SmartProcureX-srv#flowable-async-job-executor-thread-2161#
[PollStartAppStatusExecution] d9622003-7570-45ea-b8be-97c6305e4251 [2026-08-02T07:51:59.359895] Downloaded app package (3.5M) (STDOUT, STG)#
#2026 08 02 07:55:17.553#Z#DEBUG#6828ea62-8e47-11f1-a22d-eeee0a847462.SmartProcureX-srv#flowable-async-job-executor-thread-2161#
[PollStartAppStatusExecution] d9622003-7570-45ea-b8be-97c6305e4251 [2026-08-02T07:51:59.410687] -----> Nodejs Buildpack version 1.9.2 (STDOUT, STG)#
#2026 08 02 07:55:17.553#Z#DEBUG#6828ea62-8e47-11f1-a22d-eeee0a847462.SmartProcureX-srv#flowable-async-job-executor-thread-2161#
[PollStartAppStatusExecution] d9622003-7570-45ea-b8be-97c6305e4251 [2026-08-02T07:51:59.535748] -----> Bootstrapping python (STDOUT, STG)#
#2026 08 02 07:55:17.553#Z#DEBUG#6828ea62-8e47-11f1-a22d-eeee0a847462.SmartProcureX-srv#flowable-async-job-executor-thread-2161#
[PollStartAppStatusExecution] d9622003-7570-45ea-b8be-97c6305e4251 [2026-08-02T07:51:59.535778] -----> Installing python 3.13.13 (STDOUT, STG)#
#2026 08 02 07:55:17.553#Z#DEBUG#6828ea62-8e47-11f1-a22d-eeee0a847462.SmartProcureX-srv#flowable-async-job-executor-thread-2161#
[PollStartAppStatusExecution] d9622003-7570-45ea-b8be-97c6305e4251 [2026-08-02T07:51:59.535857] Copy [/tmp/buildpacks/411ec6166282b4d1/dependencies/268a5e3743d51a14b86ea9da64439307/python_3.13.13_linux_x64_cflinuxfs4_8311abbf.tgz] (STDOUT, STG)#
#2026 08 02 07:55:17.553#Z#DEBUG#6828ea62-8e47-11f1-a22d-eeee0a847462.SmartProcureX-srv#flowable-async-job-executor-thread-2161#
[PollStartAppStatusExecution] d9622003-7570-45ea-b8be-97c6305e4251 [2026-08-02T07:52:02.486122] -----> Installing binaries (STDOUT, STG)#
#2026 08 02 07:55:17.553#Z#DEBUG#6828ea62-8e47-11f1-a22d-eeee0a847462.SmartProcureX-srv#flowable-async-job-executor-thread-2161#
[PollStartAppStatusExecution] d9622003-7570-45ea-b8be-97c6305e4251 [2026-08-02T07:52:02.486151] engines.node (package.json): ^24 (STDOUT, STG)#
#2026 08 02 07:55:17.553#Z#DEBUG#6828ea62-8e47-11f1-a22d-eeee0a847462.SmartProcureX-srv#flowable-async-job-executor-thread-2161#
[PollStartAppStatusExecution] d9622003-7570-45ea-b8be-97c6305e4251 [2026-08-02T07:52:02.486158] engines.npm (package.json): unspecified (use default) (STDOUT, STG)#
#2026 08 02 07:55:17.553#Z#DEBUG#6828ea62-8e47-11f1-a22d-eeee0a847462.SmartProcureX-srv#flowable-async-job-executor-thread-2161#
[PollStartAppStatusExecution] d9622003-7570-45ea-b8be-97c6305e4251 [2026-08-02T07:52:02.486273] -----> Installing node 24.15.0 (STDOUT, STG)#
#2026 08 02 07:55:17.553#Z#DEBUG#6828ea62-8e47-11f1-a22d-eeee0a847462.SmartProcureX-srv#flowable-async-job-executor-thread-2161#
[PollStartAppStatusExecution] d9622003-7570-45ea-b8be-97c6305e4251 [2026-08-02T07:52:02.486434] Copy [/tmp/buildpacks/411ec6166282b4d1/dependencies/6441e97e6386f47ec4c16cfdf8db0a17/node_24.15.0_linux_x64_cflinuxfs4_1a62d98b.tgz] (STDOUT, STG)#
#2026 08 02 07:55:17.553#Z#DEBUG#6828ea62-8e47-11f1-a22d-eeee0a847462.SmartProcureX-srv#flowable-async-job-executor-thread-2161#
[PollStartAppStatusExecution] d9622003-7570-45ea-b8be-97c6305e4251 [2026-08-02T07:52:04.209906] Using default npm version: 11.12.1 (STDOUT, STG)#
#2026 08 02 07:55:17.553#Z#DEBUG#6828ea62-8e47-11f1-a22d-eeee0a847462.SmartProcureX-srv#flowable-async-job-executor-thread-2161#
[PollStartAppStatusExecution] d9622003-7570-45ea-b8be-97c6305e4251 [2026-08-02T07:52:04.209928] -----> Installing yarn 1.22.22 (STDOUT, STG)#
#2026 08 02 07:55:17.553#Z#DEBUG#6828ea62-8e47-11f1-a22d-eeee0a847462.SmartProcureX-srv#flowable-async-job-executor-thread-2161#
[PollStartAppStatusExecution] d9622003-7570-45ea-b8be-97c6305e4251 [2026-08-02T07:52:04.210068] Copy [/tmp/buildpacks/411ec6166282b4d1/dependencies/e4fe26756e9984a665478d350474fa2e/yarn_1.22.22_linux_noarch_any-stack_b6132b86.tgz] (STDOUT, STG)#
#2026 08 02 07:55:17.553#Z#DEBUG#6828ea62-8e47-11f1-a22d-eeee0a847462.SmartProcureX-srv#flowable-async-job-executor-thread-2161#
[PollStartAppStatusExecution] d9622003-7570-45ea-b8be-97c6305e4251 [2026-08-02T07:52:04.462345] Installed yarn 1.22.22 (STDOUT, STG)#
#2026 08 02 07:55:17.553#Z#DEBUG#6828ea62-8e47-11f1-a22d-eeee0a847462.SmartProcureX-srv#flowable-async-job-executor-thread-2161#
[PollStartAppStatusExecution] d9622003-7570-45ea-b8be-97c6305e4251 [2026-08-02T07:52:04.462374] -----> Creating runtime environment (STDOUT, STG)#
#2026 08 02 07:55:17.553#Z#DEBUG#6828ea62-8e47-11f1-a22d-eeee0a847462.SmartProcureX-srv#flowable-async-job-executor-thread-2161#
[PollStartAppStatusExecution] d9622003-7570-45ea-b8be-97c6305e4251 [2026-08-02T07:52:04.464086] NODE_ENV=production (STDOUT, STG)#
#2026 08 02 07:55:17.553#Z#DEBUG#6828ea62-8e47-11f1-a22d-eeee0a847462.SmartProcureX-srv#flowable-async-job-executor-thread-2161#
[PollStartAppStatusExecution] d9622003-7570-45ea-b8be-97c6305e4251 [2026-08-02T07:52:04.464234] NODE_HOME=/tmp/contents397159024/deps/0/node (STDOUT, STG)#
#2026 08 02 07:55:17.553#Z#DEBUG#6828ea62-8e47-11f1-a22d-eeee0a847462.SmartProcureX-srv#flowable-async-job-executor-thread-2161#
[PollStartAppStatusExecution] d9622003-7570-45ea-b8be-97c6305e4251 [2026-08-02T07:52:04.464428] NODE_MODULES_CACHE=true (STDOUT, STG)#
#2026 08 02 07:55:17.553#Z#DEBUG#6828ea62-8e47-11f1-a22d-eeee0a847462.SmartProcureX-srv#flowable-async-job-executor-thread-2161#
[PollStartAppStatusExecution] d9622003-7570-45ea-b8be-97c6305e4251 [2026-08-02T07:52:04.464449] NODE_VERBOSE=false (STDOUT, STG)#
#2026 08 02 07:55:17.553#Z#DEBUG#6828ea62-8e47-11f1-a22d-eeee0a847462.SmartProcureX-srv#flowable-async-job-executor-thread-2161#
[PollStartAppStatusExecution] d9622003-7570-45ea-b8be-97c6305e4251 [2026-08-02T07:52:04.464454] NPM_CONFIG_LOGLEVEL=error (STDOUT, STG)#
#2026 08 02 07:55:17.553#Z#DEBUG#6828ea62-8e47-11f1-a22d-eeee0a847462.SmartProcureX-srv#flowable-async-job-executor-thread-2161#
[PollStartAppStatusExecution] d9622003-7570-45ea-b8be-97c6305e4251 [2026-08-02T07:52:04.464459] NPM_CONFIG_PRODUCTION=true (STDOUT, STG)#
#2026 08 02 07:55:17.553#Z#DEBUG#6828ea62-8e47-11f1-a22d-eeee0a847462.SmartProcureX-srv#flowable-async-job-executor-thread-2161#
[PollStartAppStatusExecution] d9622003-7570-45ea-b8be-97c6305e4251 [2026-08-02T07:52:04.464809] -----> Building dependencies (STDOUT, STG)#
#2026 08 02 07:55:17.553#Z#DEBUG#6828ea62-8e47-11f1-a22d-eeee0a847462.SmartProcureX-srv#flowable-async-job-executor-thread-2161#
[PollStartAppStatusExecution] d9622003-7570-45ea-b8be-97c6305e4251 [2026-08-02T07:52:04.464817] Prebuild detected (node_modules already exists) (STDOUT, STG)#
#2026 08 02 07:55:17.553#Z#DEBUG#6828ea62-8e47-11f1-a22d-eeee0a847462.SmartProcureX-srv#flowable-async-job-executor-thread-2161#
[PollStartAppStatusExecution] d9622003-7570-45ea-b8be-97c6305e4251 [2026-08-02T07:52:04.464832] Rebuilding any native modules (STDOUT, STG)#
#2026 08 02 07:55:17.553#Z#DEBUG#6828ea62-8e47-11f1-a22d-eeee0a847462.SmartProcureX-srv#flowable-async-job-executor-thread-2161#
[PollStartAppStatusExecution] d9622003-7570-45ea-b8be-97c6305e4251 [2026-08-02T07:52:04.933775] rebuilt dependencies successfully (STDOUT, STG)#
#2026 08 02 07:55:17.553#Z#DEBUG#6828ea62-8e47-11f1-a22d-eeee0a847462.SmartProcureX-srv#flowable-async-job-executor-thread-2161#
[PollStartAppStatusExecution] d9622003-7570-45ea-b8be-97c6305e4251 [2026-08-02T07:52:04.935015] npm notice (STDOUT, STG)#
#2026 08 02 07:55:17.553#Z#DEBUG#6828ea62-8e47-11f1-a22d-eeee0a847462.SmartProcureX-srv#flowable-async-job-executor-thread-2161#
[PollStartAppStatusExecution] d9622003-7570-45ea-b8be-97c6305e4251 [2026-08-02T07:52:04.935033] npm notice New major version of npm available! 11.12.1 -> 12.0.2 (STDOUT, STG)#
#2026 08 02 07:55:17.553#Z#DEBUG#6828ea62-8e47-11f1-a22d-eeee0a847462.SmartProcureX-srv#flowable-async-job-executor-thread-2161#
[PollStartAppStatusExecution] d9622003-7570-45ea-b8be-97c6305e4251 [2026-08-02T07:52:04.935037] npm notice Changelog: https://github.com/npm/cli/releases/tag/v12.0.2 (STDOUT, STG)#
#2026 08 02 07:55:17.553#Z#DEBUG#6828ea62-8e47-11f1-a22d-eeee0a847462.SmartProcureX-srv#flowable-async-job-executor-thread-2161#
[PollStartAppStatusExecution] d9622003-7570-45ea-b8be-97c6305e4251 [2026-08-02T07:52:04.935042] npm notice To update run: npm install -g npm@12.0.2 (STDOUT, STG)#
#2026 08 02 07:55:17.553#Z#DEBUG#6828ea62-8e47-11f1-a22d-eeee0a847462.SmartProcureX-srv#flowable-async-job-executor-thread-2161#
[PollStartAppStatusExecution] d9622003-7570-45ea-b8be-97c6305e4251 [2026-08-02T07:52:04.935045] npm notice (STDOUT, STG)#
#2026 08 02 07:55:17.553#Z#DEBUG#6828ea62-8e47-11f1-a22d-eeee0a847462.SmartProcureX-srv#flowable-async-job-executor-thread-2161#
[PollStartAppStatusExecution] d9622003-7570-45ea-b8be-97c6305e4251 [2026-08-02T07:52:04.982955] Installing any new modules (package.json + package-lock.json) (STDOUT, STG)#
#2026 08 02 07:55:17.553#Z#DEBUG#6828ea62-8e47-11f1-a22d-eeee0a847462.SmartProcureX-srv#flowable-async-job-executor-thread-2161#
[PollStartAppStatusExecution] d9622003-7570-45ea-b8be-97c6305e4251 [2026-08-02T07:52:05.429297] up to date in 383ms (STDOUT, STG)#
#2026 08 02 07:55:17.553#Z#DEBUG#6828ea62-8e47-11f1-a22d-eeee0a847462.SmartProcureX-srv#flowable-async-job-executor-thread-2161#
[PollStartAppStatusExecution] d9622003-7570-45ea-b8be-97c6305e4251 [2026-08-02T07:52:05.429374] 29 packages are looking for funding (STDOUT, STG)#
#2026 08 02 07:55:17.553#Z#DEBUG#6828ea62-8e47-11f1-a22d-eeee0a847462.SmartProcureX-srv#flowable-async-job-executor-thread-2161#
[PollStartAppStatusExecution] d9622003-7570-45ea-b8be-97c6305e4251 [2026-08-02T07:52:05.429567] run `npm fund` for details (STDOUT, STG)#
#2026 08 02 07:55:17.553#Z#DEBUG#6828ea62-8e47-11f1-a22d-eeee0a847462.SmartProcureX-srv#flowable-async-job-executor-thread-2161#
[PollStartAppStatusExecution] d9622003-7570-45ea-b8be-97c6305e4251 [2026-08-02T07:52:05.896626] Contrast Security no credentials found. Will not write environment files. (STDOUT, STG)#
#2026 08 02 07:55:17.553#Z#DEBUG#6828ea62-8e47-11f1-a22d-eeee0a847462.SmartProcureX-srv#flowable-async-job-executor-thread-2161#
[PollStartAppStatusExecution] d9622003-7570-45ea-b8be-97c6305e4251 [2026-08-02T07:52:13.554817] Exit status 0 (STDOUT, STG)#
#2026 08 02 07:55:17.553#Z#DEBUG#6828ea62-8e47-11f1-a22d-eeee0a847462.SmartProcureX-srv#flowable-async-job-executor-thread-2161#
[PollStartAppStatusExecution] d9622003-7570-45ea-b8be-97c6305e4251 [2026-08-02T07:52:13.554851] Uploading droplet, build artifacts cache... (STDOUT, STG)#
#2026 08 02 07:55:17.553#Z#DEBUG#6828ea62-8e47-11f1-a22d-eeee0a847462.SmartProcureX-srv#flowable-async-job-executor-thread-2161#
[PollStartAppStatusExecution] d9622003-7570-45ea-b8be-97c6305e4251 [2026-08-02T07:52:13.554882] Uploading droplet... (STDOUT, STG)#
#2026 08 02 07:55:17.553#Z#DEBUG#6828ea62-8e47-11f1-a22d-eeee0a847462.SmartProcureX-srv#flowable-async-job-executor-thread-2161#
[PollStartAppStatusExecution] d9622003-7570-45ea-b8be-97c6305e4251 [2026-08-02T07:52:13.554956] Uploading build artifacts cache... (STDOUT, STG)#
#2026 08 02 07:55:17.553#Z#DEBUG#6828ea62-8e47-11f1-a22d-eeee0a847462.SmartProcureX-srv#flowable-async-job-executor-thread-2161#
[PollStartAppStatusExecution] d9622003-7570-45ea-b8be-97c6305e4251 [2026-08-02T07:52:13.571096] Uploaded build artifacts cache (224B) (STDOUT, STG)#
#2026 08 02 07:55:17.553#Z#DEBUG#6828ea62-8e47-11f1-a22d-eeee0a847462.SmartProcureX-srv#flowable-async-job-executor-thread-2161#
[PollStartAppStatusExecution] d9622003-7570-45ea-b8be-97c6305e4251 [2026-08-02T07:52:14.179627] Creating droplet for app with guid d9622003-7570-45ea-b8be-97c6305e4251 (STDOUT, API)#
#2026 08 02 07:55:17.553#Z#DEBUG#6828ea62-8e47-11f1-a22d-eeee0a847462.SmartProcureX-srv#flowable-async-job-executor-thread-2161#
[PollStartAppStatusExecution] d9622003-7570-45ea-b8be-97c6305e4251 [2026-08-02T07:52:18.248499] Uploaded droplet (59.4M) (STDOUT, STG)#
#2026 08 02 07:55:17.553#Z#DEBUG#6828ea62-8e47-11f1-a22d-eeee0a847462.SmartProcureX-srv#flowable-async-job-executor-thread-2161#
[PollStartAppStatusExecution] d9622003-7570-45ea-b8be-97c6305e4251 [2026-08-02T07:52:18.262745] Uploading complete (STDOUT, STG)#
#2026 08 02 07:55:17.553#Z#DEBUG#6828ea62-8e47-11f1-a22d-eeee0a847462.SmartProcureX-srv#flowable-async-job-executor-thread-2161#
[PollStartAppStatusExecution] d9622003-7570-45ea-b8be-97c6305e4251 [2026-08-02T07:52:18.536437] Cell da97415f-d45d-4f73-b6f3-2c853ecdb03d stopping instance 9fe4ebcc-3a72-4114-8031-91aa30ae92aa (STDOUT, STG)#
#2026 08 02 07:55:17.553#Z#DEBUG#6828ea62-8e47-11f1-a22d-eeee0a847462.SmartProcureX-srv#flowable-async-job-executor-thread-2161#
[PollStartAppStatusExecution] d9622003-7570-45ea-b8be-97c6305e4251 [2026-08-02T07:52:18.536487] Cell da97415f-d45d-4f73-b6f3-2c853ecdb03d destroying container for instance 9fe4ebcc-3a72-4114-8031-91aa30ae92aa (STDOUT, STG)#
#2026 08 02 07:55:17.553#Z#DEBUG#6828ea62-8e47-11f1-a22d-eeee0a847462.SmartProcureX-srv#flowable-async-job-executor-thread-2161#
[PollStartAppStatusExecution] d9622003-7570-45ea-b8be-97c6305e4251 [2026-08-02T07:52:18.585697] Staging complete for build 9fe4ebcc-3a72-4114-8031-91aa30ae92aa (STDOUT, API)#
#2026 08 02 07:55:17.553#Z#DEBUG#6828ea62-8e47-11f1-a22d-eeee0a847462.SmartProcureX-srv#flowable-async-job-executor-thread-2161#
[PollStartAppStatusExecution] d9622003-7570-45ea-b8be-97c6305e4251 [2026-08-02T07:52:19.916237] Cell da97415f-d45d-4f73-b6f3-2c853ecdb03d successfully destroyed container for instance 9fe4ebcc-3a72-4114-8031-91aa30ae92aa (STDOUT, STG)#
#2026 08 02 07:55:17.553#Z#DEBUG#6828ea62-8e47-11f1-a22d-eeee0a847462.SmartProcureX-srv#flowable-async-job-executor-thread-2161#
[PollStartAppStatusExecution] d9622003-7570-45ea-b8be-97c6305e4251 [2026-08-02T07:52:27.288397] Updated app with guid d9622003-7570-45ea-b8be-97c6305e4251 ({:droplet_guid=>"9e5dde77-a1ff-4666-817a-9ff719edcb83"}) (STDOUT, API)#
#2026 08 02 07:55:17.553#Z#DEBUG#6828ea62-8e47-11f1-a22d-eeee0a847462.SmartProcureX-srv#flowable-async-job-executor-thread-2161#
[PollStartAppStatusExecution] d9622003-7570-45ea-b8be-97c6305e4251 [2026-08-02T07:52:27.477541] Creating revision for app with guid d9622003-7570-45ea-b8be-97c6305e4251 (STDOUT, API)#
#2026 08 02 07:55:17.553#Z#DEBUG#6828ea62-8e47-11f1-a22d-eeee0a847462.SmartProcureX-srv#flowable-async-job-executor-thread-2161#
[PollStartAppStatusExecution] d9622003-7570-45ea-b8be-97c6305e4251 [2026-08-02T07:52:27.528930] Starting app with guid d9622003-7570-45ea-b8be-97c6305e4251 (STDOUT, API)#
#2026 08 02 07:55:17.553#Z#DEBUG#6828ea62-8e47-11f1-a22d-eeee0a847462.SmartProcureX-srv#flowable-async-job-executor-thread-2161#
[PollStartAppStatusExecution] d9622003-7570-45ea-b8be-97c6305e4251 [2026-08-02T07:52:27.689553] Cell 4761c3fb-8e91-4ced-804b-3db53058de34 creating container for instance f06acc7b-7535-4f02-6bcf-9242 (STDOUT, CELL)#
#2026 08 02 07:55:17.553#Z#DEBUG#6828ea62-8e47-11f1-a22d-eeee0a847462.SmartProcureX-srv#flowable-async-job-executor-thread-2161#
[PollStartAppStatusExecution] d9622003-7570-45ea-b8be-97c6305e4251 [2026-08-02T07:52:28.008330] Security group rules were updated (STDOUT, CELL)#
#2026 08 02 07:55:17.553#Z#DEBUG#6828ea62-8e47-11f1-a22d-eeee0a847462.SmartProcureX-srv#flowable-async-job-executor-thread-2161#
[PollStartAppStatusExecution] d9622003-7570-45ea-b8be-97c6305e4251 [2026-08-02T07:52:28.063174] Cell 4761c3fb-8e91-4ced-804b-3db53058de34 successfully created container for instance f06acc7b-7535-4f02-6bcf-9242 (STDOUT, CELL)#
#2026 08 02 07:55:17.553#Z#DEBUG#6828ea62-8e47-11f1-a22d-eeee0a847462.SmartProcureX-srv#flowable-async-job-executor-thread-2161#
[PollStartAppStatusExecution] d9622003-7570-45ea-b8be-97c6305e4251 [2026-08-02T07:52:29.406274] Downloading droplet... (STDOUT, CELL)#
#2026 08 02 07:55:17.553#Z#DEBUG#6828ea62-8e47-11f1-a22d-eeee0a847462.SmartProcureX-srv#flowable-async-job-executor-thread-2161#
[PollStartAppStatusExecution] d9622003-7570-45ea-b8be-97c6305e4251 [2026-08-02T07:52:32.505826] Downloaded droplet (59.4M) (STDOUT, CELL)#
#2026 08 02 07:55:17.553#Z#DEBUG#6828ea62-8e47-11f1-a22d-eeee0a847462.SmartProcureX-srv#flowable-async-job-executor-thread-2161#
[PollStartAppStatusExecution] d9622003-7570-45ea-b8be-97c6305e4251 [2026-08-02T07:52:32.506012] Starting health monitoring of container (STDOUT, CELL)#
#2026 08 02 07:55:17.553#Z#DEBUG#6828ea62-8e47-11f1-a22d-eeee0a847462.SmartProcureX-srv#flowable-async-job-executor-thread-2161#
[PollStartAppStatusExecution] d9622003-7570-45ea-b8be-97c6305e4251 [2026-08-02T07:52:32.558828] Invoking pre-start scripts. (STDOUT, APP/PROC/WEB)#
#2026 08 02 07:55:17.553#Z#DEBUG#6828ea62-8e47-11f1-a22d-eeee0a847462.SmartProcureX-srv#flowable-async-job-executor-thread-2161#
[PollStartAppStatusExecution] d9622003-7570-45ea-b8be-97c6305e4251 [2026-08-02T07:52:32.695817] Invoking start command. (STDOUT, APP/PROC/WEB)#
#2026 08 02 07:55:17.553#Z#DEBUG#6828ea62-8e47-11f1-a22d-eeee0a847462.SmartProcureX-srv#flowable-async-job-executor-thread-2161#
[PollStartAppStatusExecution] d9622003-7570-45ea-b8be-97c6305e4251 [2026-08-02T07:52:32.985191] > smart-procure-x@1.0.0 start (STDOUT, APP/PROC/WEB)#
#2026 08 02 07:55:17.553#Z#DEBUG#6828ea62-8e47-11f1-a22d-eeee0a847462.SmartProcureX-srv#flowable-async-job-executor-thread-2161#
[PollStartAppStatusExecution] d9622003-7570-45ea-b8be-97c6305e4251 [2026-08-02T07:52:32.985209] > cds-serve (STDOUT, APP/PROC/WEB)#
#2026 08 02 07:55:17.553#Z#DEBUG#6828ea62-8e47-11f1-a22d-eeee0a847462.SmartProcureX-srv#flowable-async-job-executor-thread-2161#
[PollStartAppStatusExecution] d9622003-7570-45ea-b8be-97c6305e4251 [2026-08-02T07:52:33.278181] {"level":"info","logger":"cds","timestamp":"2026-08-02T07:52:33.277Z","layer":"cds","component_type":"application","container_id":"10.37.130.5","component_id":"d9622003-7570-45ea-b8be-97c6305e4251","component_name":"SmartProcureX-srv","component_instance":0,"source_instance":0,"organization_name":"0d79b96ctrial","organization_id":"e8159873-0fc0-4477-a4f9-3c43fdb65fe4","space_name":"dev","space_id":"0628b1b5-c14d-4a0a-abf9-843360b5d7c0","msg":"loaded model from 1 file(s):\n ","type":"log"} (STDOUT, APP/PROC/WEB)#
#2026 08 02 07:55:17.553#Z#DEBUG#6828ea62-8e47-11f1-a22d-eeee0a847462.SmartProcureX-srv#flowable-async-job-executor-thread-2161#
[PollStartAppStatusExecution] d9622003-7570-45ea-b8be-97c6305e4251 [2026-08-02T07:52:33.278437] srv/csn.json (STDOUT, APP/PROC/WEB)#
#2026 08 02 07:55:17.553#Z#DEBUG#6828ea62-8e47-11f1-a22d-eeee0a847462.SmartProcureX-srv#flowable-async-job-executor-thread-2161#
[PollStartAppStatusExecution] d9622003-7570-45ea-b8be-97c6305e4251 [2026-08-02T07:52:33.492237] {"level":"info","logger":"cds","timestamp":"2026-08-02T07:52:33.491Z","layer":"cds","component_type":"application","container_id":"10.37.130.5","component_id":"d9622003-7570-45ea-b8be-97c6305e4251","component_name":"SmartProcureX-srv","component_instance":0,"source_instance":0,"organization_name":"0d79b96ctrial","organization_id":"e8159873-0fc0-4477-a4f9-3c43fdb65fe4","space_name":"dev","space_id":"0628b1b5-c14d-4a0a-abf9-843360b5d7c0","msg":"connect to db > hana {\n  database_id: 'ccb85f22-d9b4-4190-84d2-64f7029bd6f6',\n  host: 'ccb85f22-d9b4-4190-84d2-64f7029bd6f6.hna1.prod-us10.hanacloud.ondemand.com',\n  port: '443',\n  driver: 'com.sap.db.jdbc.Driver',\n  url: 'jdbc:sap://ccb85f22-d9b4-4190-84d2-64f7029bd6f6.hna1.prod-us10.hanacloud.ondemand.com:443?encrypt=true&validateCertificate=true&currentschema=B2E83F60A5C34A6E98091CC639322A6C',\n  schema: 'B2E83F60A5C34A6E98091CC639322A6C',\n  certificate: '...',\n  hdi_user: 'B2E83F60A5C34A6E98091CC639322A6C_F15SDO7AIVZ7IX7EZZDN0GDKE_DT',\n  hdi_password: '...',\n  user: 'B2E83F60A5C34A6E98091CC639322A6C_F15SDO7AIVZ7IX7EZZDN0GDKE_RT',\n  password: '...'\n}","type":"log"} (STDOUT, APP/PROC/WEB)#
#2026 08 02 07:55:17.553#Z#DEBUG#6828ea62-8e47-11f1-a22d-eeee0a847462.SmartProcureX-srv#flowable-async-job-executor-thread-2161#
[PollStartAppStatusExecution] d9622003-7570-45ea-b8be-97c6305e4251 [2026-08-02T07:52:33.546456] {"level":"info","logger":"cds","timestamp":"2026-08-02T07:52:33.546Z","layer":"cds","component_type":"application","container_id":"10.37.130.5","component_id":"d9622003-7570-45ea-b8be-97c6305e4251","component_name":"SmartProcureX-srv","component_instance":0,"source_instance":0,"organization_name":"0d79b96ctrial","organization_id":"e8159873-0fc0-4477-a4f9-3c43fdb65fe4","space_name":"dev","space_id":"0628b1b5-c14d-4a0a-abf9-843360b5d7c0","msg":"using auth strategy { kind: 'xsuaa' }","type":"log"} (STDOUT, APP/PROC/WEB)#
#2026 08 02 07:55:17.553#Z#DEBUG#6828ea62-8e47-11f1-a22d-eeee0a847462.SmartProcureX-srv#flowable-async-job-executor-thread-2161#
[PollStartAppStatusExecution] d9622003-7570-45ea-b8be-97c6305e4251 [2026-08-02T07:52:33.568166] {"level":"info","logger":"cds","timestamp":"2026-08-02T07:52:33.567Z","layer":"cds","component_type":"application","container_id":"10.37.130.5","component_id":"d9622003-7570-45ea-b8be-97c6305e4251","component_name":"SmartProcureX-srv","component_instance":0,"source_instance":0,"organization_name":"0d79b96ctrial","organization_id":"e8159873-0fc0-4477-a4f9-3c43fdb65fe4","space_name":"dev","space_id":"0628b1b5-c14d-4a0a-abf9-843360b5d7c0","msg":"serving AssetService {\n  at: [ '/odata/v4/asset' ],\n  decl: 'srv/csn.json:2988',\n  impl: 'srv/asset-service.js'\n}","type":"log"} (STDOUT, APP/PROC/WEB)#
#2026 08 02 07:55:17.553#Z#DEBUG#6828ea62-8e47-11f1-a22d-eeee0a847462.SmartProcureX-srv#flowable-async-job-executor-thread-2161#
[PollStartAppStatusExecution] d9622003-7570-45ea-b8be-97c6305e4251 [2026-08-02T07:52:33.568586] {"level":"info","logger":"cds","timestamp":"2026-08-02T07:52:33.568Z","layer":"cds","component_type":"application","container_id":"10.37.130.5","component_id":"d9622003-7570-45ea-b8be-97c6305e4251","component_name":"SmartProcureX-srv","component_instance":0,"source_instance":0,"organization_name":"0d79b96ctrial","organization_id":"e8159873-0fc0-4477-a4f9-3c43fdb65fe4","space_name":"dev","space_id":"0628b1b5-c14d-4a0a-abf9-843360b5d7c0","msg":"serving IdentityService {\n  at: [ '/odata/v4/identity' ],\n  decl: 'srv/csn.json:3561'\n}","type":"log"} (STDOUT, APP/PROC/WEB)#
#2026 08 02 07:55:17.553#Z#DEBUG#6828ea62-8e47-11f1-a22d-eeee0a847462.SmartProcureX-srv#flowable-async-job-executor-thread-2161#
[PollStartAppStatusExecution] d9622003-7570-45ea-b8be-97c6305e4251 [2026-08-02T07:52:33.568978] {"level":"info","logger":"cds","timestamp":"2026-08-02T07:52:33.568Z","layer":"cds","component_type":"application","container_id":"10.37.130.5","component_id":"d9622003-7570-45ea-b8be-97c6305e4251","component_name":"SmartProcureX-srv","component_instance":0,"source_instance":0,"organization_name":"0d79b96ctrial","organization_id":"e8159873-0fc0-4477-a4f9-3c43fdb65fe4","space_name":"dev","space_id":"0628b1b5-c14d-4a0a-abf9-843360b5d7c0","msg":"serving PlatformService {\n  at: [ '/odata/v4/platform' ],\n  decl: 'srv/csn.json:3928',\n  impl: 'srv/platform-service.js'\n}","type":"log"} (STDOUT, APP/PROC/WEB)#
#2026 08 02 07:55:17.553#Z#DEBUG#6828ea62-8e47-11f1-a22d-eeee0a847462.SmartProcureX-srv#flowable-async-job-executor-thread-2161#
[PollStartAppStatusExecution] d9622003-7570-45ea-b8be-97c6305e4251 [2026-08-02T07:52:33.569499] {"level":"info","logger":"cds","timestamp":"2026-08-02T07:52:33.569Z","layer":"cds","component_type":"application","container_id":"10.37.130.5","component_id":"d9622003-7570-45ea-b8be-97c6305e4251","component_name":"SmartProcureX-srv","component_instance":0,"source_instance":0,"organization_name":"0d79b96ctrial","organization_id":"e8159873-0fc0-4477-a4f9-3c43fdb65fe4","space_name":"dev","space_id":"0628b1b5-c14d-4a0a-abf9-843360b5d7c0","msg":"serving ProcurementService {\n  at: [ '/odata/v4/procurement' ],\n  decl: 'srv/csn.json:4501',\n  impl: 'srv/procurement-service.js'\n}","type":"log"} (STDOUT, APP/PROC/WEB)#
#2026 08 02 07:55:17.553#Z#DEBUG#6828ea62-8e47-11f1-a22d-eeee0a847462.SmartProcureX-srv#flowable-async-job-executor-thread-2161#
[PollStartAppStatusExecution] d9622003-7570-45ea-b8be-97c6305e4251 [2026-08-02T07:52:33.570008] {"level":"info","logger":"cds","timestamp":"2026-08-02T07:52:33.569Z","layer":"cds","component_type":"application","container_id":"10.37.130.5","component_id":"d9622003-7570-45ea-b8be-97c6305e4251","component_name":"SmartProcureX-srv","component_instance":0,"source_instance":0,"organization_name":"0d79b96ctrial","organization_id":"e8159873-0fc0-4477-a4f9-3c43fdb65fe4","space_name":"dev","space_id":"0628b1b5-c14d-4a0a-abf9-843360b5d7c0","msg":"serving ReportingService {\n  at: [ '/odata/v4/reporting' ],\n  decl: 'srv/csn.json:5501',\n  impl: 'srv/reporting-service.js'\n}","type":"log"} (STDOUT, APP/PROC/WEB)#
#2026 08 02 07:55:17.553#Z#DEBUG#6828ea62-8e47-11f1-a22d-eeee0a847462.SmartProcureX-srv#flowable-async-job-executor-thread-2161#
[PollStartAppStatusExecution] d9622003-7570-45ea-b8be-97c6305e4251 [2026-08-02T07:52:33.570353] {"level":"info","logger":"cds","timestamp":"2026-08-02T07:52:33.570Z","layer":"cds","component_type":"application","container_id":"10.37.130.5","component_id":"d9622003-7570-45ea-b8be-97c6305e4251","component_name":"SmartProcureX-srv","component_instance":0,"source_instance":0,"organization_name":"0d79b96ctrial","organization_id":"e8159873-0fc0-4477-a4f9-3c43fdb65fe4","space_name":"dev","space_id":"0628b1b5-c14d-4a0a-abf9-843360b5d7c0","msg":"serving SupplierService {\n  at: [ '/odata/v4/supplier' ],\n  decl: 'srv/csn.json:6037'\n}","type":"log"} (STDOUT, APP/PROC/WEB)#
#2026 08 02 07:55:17.553#Z#DEBUG#6828ea62-8e47-11f1-a22d-eeee0a847462.SmartProcureX-srv#flowable-async-job-executor-thread-2161#
[PollStartAppStatusExecution] d9622003-7570-45ea-b8be-97c6305e4251 [2026-08-02T07:52:33.570656] {"level":"info","logger":"cds","timestamp":"2026-08-02T07:52:33.570Z","layer":"cds","component_type":"application","container_id":"10.37.130.5","component_id":"d9622003-7570-45ea-b8be-97c6305e4251","component_name":"SmartProcureX-srv","component_instance":0,"source_instance":0,"organization_name":"0d79b96ctrial","organization_id":"e8159873-0fc0-4477-a4f9-3c43fdb65fe4","space_name":"dev","space_id":"0628b1b5-c14d-4a0a-abf9-843360b5d7c0","msg":"serving WarehouseService {\n  at: [ '/odata/v4/warehouse' ],\n  decl: 'srv/csn.json:6310',\n  impl: 'srv/warehouse-service.js'\n}","type":"log"} (STDOUT, APP/PROC/WEB)#
#2026 08 02 07:55:17.553#Z#DEBUG#6828ea62-8e47-11f1-a22d-eeee0a847462.SmartProcureX-srv#flowable-async-job-executor-thread-2161#
[PollStartAppStatusExecution] d9622003-7570-45ea-b8be-97c6305e4251 [2026-08-02T07:52:33.571098] {"level":"info","logger":"cds","timestamp":"2026-08-02T07:52:33.570Z","layer":"cds","component_type":"application","container_id":"10.37.130.5","component_id":"d9622003-7570-45ea-b8be-97c6305e4251","component_name":"SmartProcureX-srv","component_instance":0,"source_instance":0,"organization_name":"0d79b96ctrial","organization_id":"e8159873-0fc0-4477-a4f9-3c43fdb65fe4","space_name":"dev","space_id":"0628b1b5-c14d-4a0a-abf9-843360b5d7c0","msg":"serving WhoAmIService {\n  at: [ '/odata/v4/who-am-i' ],\n  decl: 'srv/csn.json:7245',\n  impl: 'srv/whoami-service.js'\n}","type":"log"} (STDOUT, APP/PROC/WEB)#
#2026 08 02 07:55:17.553#Z#DEBUG#6828ea62-8e47-11f1-a22d-eeee0a847462.SmartProcureX-srv#flowable-async-job-executor-thread-2161#
[PollStartAppStatusExecution] d9622003-7570-45ea-b8be-97c6305e4251 [2026-08-02T07:52:33.575028] {"level":"info","logger":"cds","timestamp":"2026-08-02T07:52:33.574Z","layer":"cds","component_type":"application","container_id":"10.37.130.5","component_id":"d9622003-7570-45ea-b8be-97c6305e4251","component_name":"SmartProcureX-srv","component_instance":0,"source_instance":0,"organization_name":"0d79b96ctrial","organization_id":"e8159873-0fc0-4477-a4f9-3c43fdb65fe4","space_name":"dev","space_id":"0628b1b5-c14d-4a0a-abf9-843360b5d7c0","msg":"server listening on { url: 'http://localhost:8080' }","type":"log"} (STDOUT, APP/PROC/WEB)#
#2026 08 02 07:55:17.553#Z#DEBUG#6828ea62-8e47-11f1-a22d-eeee0a847462.SmartProcureX-srv#flowable-async-job-executor-thread-2161#
[PollStartAppStatusExecution] d9622003-7570-45ea-b8be-97c6305e4251 [2026-08-02T07:52:33.575924] {"level":"info","logger":"cds","timestamp":"2026-08-02T07:52:33.575Z","layer":"cds","component_type":"application","container_id":"10.37.130.5","component_id":"d9622003-7570-45ea-b8be-97c6305e4251","component_name":"SmartProcureX-srv","component_instance":0,"source_instance":0,"organization_name":"0d79b96ctrial","organization_id":"e8159873-0fc0-4477-a4f9-3c43fdb65fe4","space_name":"dev","space_id":"0628b1b5-c14d-4a0a-abf9-843360b5d7c0","msg":"server v10.0.4 launched in 582 ms","type":"log"} (STDOUT, APP/PROC/WEB)#
#2026 08 02 07:55:17.553#Z#DEBUG#6828ea62-8e47-11f1-a22d-eeee0a847462.SmartProcureX-srv#flowable-async-job-executor-thread-2161#
[PollStartAppStatusExecution] d9622003-7570-45ea-b8be-97c6305e4251 [2026-08-02T07:52:34.580618] {"level":"warn","logger":"queue","correlation_id":"9de05602-5612-4c2d-9284-c33fe1f20fc8","timestamp":"2026-08-02T07:52:34.579Z","msg":"Failed to fetch targets for flush Pool resource could not be acquired within 1s","stacktrace":["Error: Pool resource could not be acquired within 1s","at /home/vcap/app/node_modules/@cap-js/db-service/lib/common/generic-pool.js:71:21","at new Promise (<anonymous>)","at new Request (/home/vcap/app/node_modules/@cap-js/db-service/lib/common/generic-pool.js:59:20)","at Pool.acquire (/home/vcap/app/node_modules/@cap-js/db-service/lib/common/generic-pool.js:141:21)","at HANAService.acquire (/home/vcap/app/node_modules/@cap-js/db-service/lib/common/DatabaseService.js:106:28)","at HANAService.begin (/home/vcap/app/node_modules/@cap-js/db-service/lib/common/DatabaseService.js:66:27)","at HANAService._begin [as dispatch] (/home/vcap/app/node_modules/@sap/cds/lib/srv/srv-tx.js:195:38)","at /home/vcap/app/node_modules/@sap/cds/lib/srv/srv-dispatch.js:20:50","at HANAService.run (/home/vcap/app/node_modules/@sap/cds/lib/srv/cds.Service.js:171:44)","at HANAService.run (/home/vcap/app/node_modules/@cap-js/db-service/lib/common/DatabaseService.js:158:18)"],"layer":"cds","component_type":"application","container_id":"10.37.130.5","component_id":"d9622003-7570-45ea-b8be-97c6305e4251","component_name":"SmartProcureX-srv","component_instance":0,"source_instance":0,"organization_name":"0d79b96ctrial","organization_id":"e8159873-0fc0-4477-a4f9-3c43fdb65fe4","space_name":"dev","space_id":"0628b1b5-c14d-4a0a-abf9-843360b5d7c0","type":"log"} (STDERR, APP/PROC/WEB)#
#2026 08 02 07:55:17.553#Z#DEBUG#6828ea62-8e47-11f1-a22d-eeee0a847462.SmartProcureX-srv#flowable-async-job-executor-thread-2161#
[PollStartAppStatusExecution] d9622003-7570-45ea-b8be-97c6305e4251 [2026-08-02T07:52:35.789709] Container became healthy (STDOUT, CELL)#
#2026 08 02 07:55:17.553#Z#DEBUG#6828ea62-8e47-11f1-a22d-eeee0a847462.SmartProcureX-srv#flowable-async-job-executor-thread-2161#
[PollStartAppStatusExecution] d9622003-7570-45ea-b8be-97c6305e4251 [2026-08-02T07:52:35.817088] Process became ready with guid d9622003-7570-45ea-b8be-97c6305e4251 payload: {"instance"=>"f06acc7b-7535-4f02-6bcf-9242", "index"=>0, "cell_id"=>"4761c3fb-8e91-4ced-804b-3db53058de34", "ready"=>true, "version"=>"818572c1-5d69-4b89-beea-3f0b90faa4ca"} (STDOUT, API)#
#2026 08 02 07:55:17.553#Z#DEBUG#6828ea62-8e47-11f1-a22d-eeee0a847462.SmartProcureX-srv#flowable-async-job-executor-thread-2161#
[PollStartAppStatusExecution] d9622003-7570-45ea-b8be-97c6305e4251 [2026-08-02T07:53:03.803065] Cell c029166f-5c99-471a-95ad-14514ab6ab95 destroying container for instance 9901b53b-a394-4a2d-4d11-7e49 (STDOUT, CELL)#
#2026 08 02 07:55:17.553#Z#DEBUG#6828ea62-8e47-11f1-a22d-eeee0a847462.SmartProcureX-srv#flowable-async-job-executor-thread-2161#
[PollStartAppStatusExecution] d9622003-7570-45ea-b8be-97c6305e4251 [2026-08-02T07:53:03.887285] Exit status 137 (STDOUT, PROXY)#
#2026 08 02 07:55:17.553#Z#DEBUG#6828ea62-8e47-11f1-a22d-eeee0a847462.SmartProcureX-srv#flowable-async-job-executor-thread-2161#
[PollStartAppStatusExecution] d9622003-7570-45ea-b8be-97c6305e4251 [2026-08-02T07:53:05.038160] Cell c029166f-5c99-471a-95ad-14514ab6ab95 successfully destroyed container for instance 9901b53b-a394-4a2d-4d11-7e49 (STDOUT, CELL)#
#2026 08 02 07:55:17.553#Z#DEBUG#6828ea62-8e47-11f1-a22d-eeee0a847462.SmartProcureX-srv#flowable-async-job-executor-thread-2161#
[PollStartAppStatusExecution] d9622003-7570-45ea-b8be-97c6305e4251 [2026-08-02T07:54:47.768707] Updated app with guid d9622003-7570-45ea-b8be-97c6305e4251 ({"lifecycle"=>{"data"=>{"buildpacks"=>["nodejs_buildpack"]}, "type"=>"buildpack"}}) (STDOUT, API)#
#2026 08 02 07:55:17.553#Z#DEBUG#6828ea62-8e47-11f1-a22d-eeee0a847462.SmartProcureX-srv#flowable-async-job-executor-thread-2161#
[PollStartAppStatusExecution] d9622003-7570-45ea-b8be-97c6305e4251 [2026-08-02T07:54:47.862944] Updating process: "web" (STDOUT, API)#
#2026 08 02 07:55:17.553#Z#DEBUG#6828ea62-8e47-11f1-a22d-eeee0a847462.SmartProcureX-srv#flowable-async-job-executor-thread-2161#
[PollStartAppStatusExecution] d9622003-7570-45ea-b8be-97c6305e4251 [2026-08-02T07:55:08.179549] Stopping app with guid d9622003-7570-45ea-b8be-97c6305e4251 (STDOUT, API)#
#2026 08 02 07:55:17.553#Z#DEBUG#6828ea62-8e47-11f1-a22d-eeee0a847462.SmartProcureX-srv#flowable-async-job-executor-thread-2161#
[PollStartAppStatusExecution] d9622003-7570-45ea-b8be-97c6305e4251 [2026-08-02T07:55:08.221880] Cell 4761c3fb-8e91-4ced-804b-3db53058de34 stopping instance f06acc7b-7535-4f02-6bcf-9242 (STDOUT, CELL)#
#2026 08 02 07:55:17.553#Z#DEBUG#6828ea62-8e47-11f1-a22d-eeee0a847462.SmartProcureX-srv#flowable-async-job-executor-thread-2161#
[PollStartAppStatusExecution] d9622003-7570-45ea-b8be-97c6305e4251 [2026-08-02T07:55:08.450911] Starting app with guid d9622003-7570-45ea-b8be-97c6305e4251 (STDOUT, API)#
#2026 08 02 07:55:17.553#Z#DEBUG#6828ea62-8e47-11f1-a22d-eeee0a847462.SmartProcureX-srv#flowable-async-job-executor-thread-2161#
[PollStartAppStatusExecution] d9622003-7570-45ea-b8be-97c6305e4251 [2026-08-02T07:55:08.579380] Cell da97415f-d45d-4f73-b6f3-2c853ecdb03d creating container for instance 53694511-ff07-4170-6580-46d8 (STDOUT, CELL)#
#2026 08 02 07:55:17.553#Z#DEBUG#6828ea62-8e47-11f1-a22d-eeee0a847462.SmartProcureX-srv#flowable-async-job-executor-thread-2161#
[PollStartAppStatusExecution] d9622003-7570-45ea-b8be-97c6305e4251 [2026-08-02T07:55:08.889635] Security group rules were updated (STDOUT, CELL)#
#2026 08 02 07:55:17.553#Z#DEBUG#6828ea62-8e47-11f1-a22d-eeee0a847462.SmartProcureX-srv#flowable-async-job-executor-thread-2161#
[PollStartAppStatusExecution] d9622003-7570-45ea-b8be-97c6305e4251 [2026-08-02T07:55:08.936033] Cell da97415f-d45d-4f73-b6f3-2c853ecdb03d successfully created container for instance 53694511-ff07-4170-6580-46d8 (STDOUT, CELL)#
#2026 08 02 07:55:17.553#Z#DEBUG#6828ea62-8e47-11f1-a22d-eeee0a847462.SmartProcureX-srv#flowable-async-job-executor-thread-2161#
[PollStartAppStatusExecution] d9622003-7570-45ea-b8be-97c6305e4251 [2026-08-02T07:55:09.354144] Downloading droplet... (STDOUT, CELL)#
#2026 08 02 07:55:17.553#Z#DEBUG#6828ea62-8e47-11f1-a22d-eeee0a847462.SmartProcureX-srv#flowable-async-job-executor-thread-2161#
[PollStartAppStatusExecution] d9622003-7570-45ea-b8be-97c6305e4251 [2026-08-02T07:55:12.760280] Downloaded droplet (59.4M) (STDOUT, CELL)#
#2026 08 02 07:55:17.553#Z#DEBUG#6828ea62-8e47-11f1-a22d-eeee0a847462.SmartProcureX-srv#flowable-async-job-executor-thread-2161#
[PollStartAppStatusExecution] d9622003-7570-45ea-b8be-97c6305e4251 [2026-08-02T07:55:12.760449] Starting health monitoring of container (STDOUT, CELL)#
#2026 08 02 07:55:17.553#Z#DEBUG#6828ea62-8e47-11f1-a22d-eeee0a847462.SmartProcureX-srv#flowable-async-job-executor-thread-2161#
[PollStartAppStatusExecution] d9622003-7570-45ea-b8be-97c6305e4251 [2026-08-02T07:55:12.811350] Invoking pre-start scripts. (STDOUT, APP/PROC/WEB)#
#2026 08 02 07:55:17.553#Z#DEBUG#6828ea62-8e47-11f1-a22d-eeee0a847462.SmartProcureX-srv#flowable-async-job-executor-thread-2161#
[PollStartAppStatusExecution] d9622003-7570-45ea-b8be-97c6305e4251 [2026-08-02T07:55:12.950811] Invoking start command. (STDOUT, APP/PROC/WEB)#
#2026 08 02 07:55:17.553#Z#DEBUG#6828ea62-8e47-11f1-a22d-eeee0a847462.SmartProcureX-srv#flowable-async-job-executor-thread-2161#
[PollStartAppStatusExecution] d9622003-7570-45ea-b8be-97c6305e4251 [2026-08-02T07:55:13.242376] > smart-procure-x@1.0.0 start (STDOUT, APP/PROC/WEB)#
#2026 08 02 07:55:17.553#Z#DEBUG#6828ea62-8e47-11f1-a22d-eeee0a847462.SmartProcureX-srv#flowable-async-job-executor-thread-2161#
[PollStartAppStatusExecution] d9622003-7570-45ea-b8be-97c6305e4251 [2026-08-02T07:55:13.242420] > cds-serve (STDOUT, APP/PROC/WEB)#
#2026 08 02 07:55:17.553#Z#DEBUG#6828ea62-8e47-11f1-a22d-eeee0a847462.SmartProcureX-srv#flowable-async-job-executor-thread-2161#
[PollStartAppStatusExecution] d9622003-7570-45ea-b8be-97c6305e4251 [2026-08-02T07:55:13.548958] {"level":"info","logger":"cds","timestamp":"2026-08-02T07:55:13.547Z","layer":"cds","component_type":"application","container_id":"10.37.192.5","component_id":"d9622003-7570-45ea-b8be-97c6305e4251","component_name":"SmartProcureX-srv","component_instance":0,"source_instance":0,"organization_name":"0d79b96ctrial","organization_id":"e8159873-0fc0-4477-a4f9-3c43fdb65fe4","space_name":"dev","space_id":"0628b1b5-c14d-4a0a-abf9-843360b5d7c0","msg":"loaded model from 1 file(s):\n ","type":"log"} (STDOUT, APP/PROC/WEB)#
#2026 08 02 07:55:17.553#Z#DEBUG#6828ea62-8e47-11f1-a22d-eeee0a847462.SmartProcureX-srv#flowable-async-job-executor-thread-2161#
[PollStartAppStatusExecution] d9622003-7570-45ea-b8be-97c6305e4251 [2026-08-02T07:55:13.549389] srv/csn.json (STDOUT, APP/PROC/WEB)#
#2026 08 02 07:55:17.553#Z#DEBUG#6828ea62-8e47-11f1-a22d-eeee0a847462.SmartProcureX-srv#flowable-async-job-executor-thread-2161#
[PollStartAppStatusExecution] d9622003-7570-45ea-b8be-97c6305e4251 [2026-08-02T07:55:13.766597] {"level":"info","logger":"cds","timestamp":"2026-08-02T07:55:13.766Z","layer":"cds","component_type":"application","container_id":"10.37.192.5","component_id":"d9622003-7570-45ea-b8be-97c6305e4251","component_name":"SmartProcureX-srv","component_instance":0,"source_instance":0,"organization_name":"0d79b96ctrial","organization_id":"e8159873-0fc0-4477-a4f9-3c43fdb65fe4","space_name":"dev","space_id":"0628b1b5-c14d-4a0a-abf9-843360b5d7c0","msg":"connect to db > hana {\n  database_id: 'ccb85f22-d9b4-4190-84d2-64f7029bd6f6',\n  host: 'ccb85f22-d9b4-4190-84d2-64f7029bd6f6.hna1.prod-us10.hanacloud.ondemand.com',\n  port: '443',\n  driver: 'com.sap.db.jdbc.Driver',\n  url: 'jdbc:sap://ccb85f22-d9b4-4190-84d2-64f7029bd6f6.hna1.prod-us10.hanacloud.ondemand.com:443?encrypt=true&validateCertificate=true&currentschema=B2E83F60A5C34A6E98091CC639322A6C',\n  schema: 'B2E83F60A5C34A6E98091CC639322A6C',\n  certificate: '...',\n  hdi_user: 'B2E83F60A5C34A6E98091CC639322A6C_F15SDO7AIVZ7IX7EZZDN0GDKE_DT',\n  hdi_password: '...',\n  user: 'B2E83F60A5C34A6E98091CC639322A6C_F15SDO7AIVZ7IX7EZZDN0GDKE_RT',\n  password: '...'\n}","type":"log"} (STDOUT, APP/PROC/WEB)#
#2026 08 02 07:55:17.553#Z#DEBUG#6828ea62-8e47-11f1-a22d-eeee0a847462.SmartProcureX-srv#flowable-async-job-executor-thread-2161#
[PollStartAppStatusExecution] d9622003-7570-45ea-b8be-97c6305e4251 [2026-08-02T07:55:13.822806] {"level":"info","logger":"cds","timestamp":"2026-08-02T07:55:13.822Z","layer":"cds","component_type":"application","container_id":"10.37.192.5","component_id":"d9622003-7570-45ea-b8be-97c6305e4251","component_name":"SmartProcureX-srv","component_instance":0,"source_instance":0,"organization_name":"0d79b96ctrial","organization_id":"e8159873-0fc0-4477-a4f9-3c43fdb65fe4","space_name":"dev","space_id":"0628b1b5-c14d-4a0a-abf9-843360b5d7c0","msg":"using auth strategy { kind: 'xsuaa' }","type":"log"} (STDOUT, APP/PROC/WEB)#
#2026 08 02 07:55:17.553#Z#DEBUG#6828ea62-8e47-11f1-a22d-eeee0a847462.SmartProcureX-srv#flowable-async-job-executor-thread-2161#
[PollStartAppStatusExecution] d9622003-7570-45ea-b8be-97c6305e4251 [2026-08-02T07:55:13.848053] {"level":"info","logger":"cds","timestamp":"2026-08-02T07:55:13.847Z","layer":"cds","component_type":"application","container_id":"10.37.192.5","component_id":"d9622003-7570-45ea-b8be-97c6305e4251","component_name":"SmartProcureX-srv","component_instance":0,"source_instance":0,"organization_name":"0d79b96ctrial","organization_id":"e8159873-0fc0-4477-a4f9-3c43fdb65fe4","space_name":"dev","space_id":"0628b1b5-c14d-4a0a-abf9-843360b5d7c0","msg":"serving AssetService {\n  at: [ '/odata/v4/asset' ],\n  decl: 'srv/csn.json:2988',\n  impl: 'srv/asset-service.js'\n}","type":"log"} (STDOUT, APP/PROC/WEB)#
#2026 08 02 07:55:17.553#Z#DEBUG#6828ea62-8e47-11f1-a22d-eeee0a847462.SmartProcureX-srv#flowable-async-job-executor-thread-2161#
[PollStartAppStatusExecution] d9622003-7570-45ea-b8be-97c6305e4251 [2026-08-02T07:55:13.848635] {"level":"info","logger":"cds","timestamp":"2026-08-02T07:55:13.848Z","layer":"cds","component_type":"application","container_id":"10.37.192.5","component_id":"d9622003-7570-45ea-b8be-97c6305e4251","component_name":"SmartProcureX-srv","component_instance":0,"source_instance":0,"organization_name":"0d79b96ctrial","organization_id":"e8159873-0fc0-4477-a4f9-3c43fdb65fe4","space_name":"dev","space_id":"0628b1b5-c14d-4a0a-abf9-843360b5d7c0","msg":"serving IdentityService {\n  at: [ '/odata/v4/identity' ],\n  decl: 'srv/csn.json:3561'\n}","type":"log"} (STDOUT, APP/PROC/WEB)#
#2026 08 02 07:55:17.553#Z#DEBUG#6828ea62-8e47-11f1-a22d-eeee0a847462.SmartProcureX-srv#flowable-async-job-executor-thread-2161#
[PollStartAppStatusExecution] d9622003-7570-45ea-b8be-97c6305e4251 [2026-08-02T07:55:13.849045] {"level":"info","logger":"cds","timestamp":"2026-08-02T07:55:13.848Z","layer":"cds","component_type":"application","container_id":"10.37.192.5","component_id":"d9622003-7570-45ea-b8be-97c6305e4251","component_name":"SmartProcureX-srv","component_instance":0,"source_instance":0,"organization_name":"0d79b96ctrial","organization_id":"e8159873-0fc0-4477-a4f9-3c43fdb65fe4","space_name":"dev","space_id":"0628b1b5-c14d-4a0a-abf9-843360b5d7c0","msg":"serving PlatformService {\n  at: [ '/odata/v4/platform' ],\n  decl: 'srv/csn.json:3928',\n  impl: 'srv/platform-service.js'\n}","type":"log"} (STDOUT, APP/PROC/WEB)#
#2026 08 02 07:55:17.553#Z#DEBUG#6828ea62-8e47-11f1-a22d-eeee0a847462.SmartProcureX-srv#flowable-async-job-executor-thread-2161#
[PollStartAppStatusExecution] d9622003-7570-45ea-b8be-97c6305e4251 [2026-08-02T07:55:13.849557] {"level":"info","logger":"cds","timestamp":"2026-08-02T07:55:13.849Z","layer":"cds","component_type":"application","container_id":"10.37.192.5","component_id":"d9622003-7570-45ea-b8be-97c6305e4251","component_name":"SmartProcureX-srv","component_instance":0,"source_instance":0,"organization_name":"0d79b96ctrial","organization_id":"e8159873-0fc0-4477-a4f9-3c43fdb65fe4","space_name":"dev","space_id":"0628b1b5-c14d-4a0a-abf9-843360b5d7c0","msg":"serving ProcurementService {\n  at: [ '/odata/v4/procurement' ],\n  decl: 'srv/csn.json:4501',\n  impl: 'srv/procurement-service.js'\n}","type":"log"} (STDOUT, APP/PROC/WEB)#
#2026 08 02 07:55:17.554#Z#DEBUG#6828ea62-8e47-11f1-a22d-eeee0a847462.SmartProcureX-srv#flowable-async-job-executor-thread-2161#
[PollStartAppStatusExecution] d9622003-7570-45ea-b8be-97c6305e4251 [2026-08-02T07:55:13.850156] {"level":"info","logger":"cds","timestamp":"2026-08-02T07:55:13.849Z","layer":"cds","component_type":"application","container_id":"10.37.192.5","component_id":"d9622003-7570-45ea-b8be-97c6305e4251","component_name":"SmartProcureX-srv","component_instance":0,"source_instance":0,"organization_name":"0d79b96ctrial","organization_id":"e8159873-0fc0-4477-a4f9-3c43fdb65fe4","space_name":"dev","space_id":"0628b1b5-c14d-4a0a-abf9-843360b5d7c0","msg":"serving ReportingService {\n  at: [ '/odata/v4/reporting' ],\n  decl: 'srv/csn.json:5501',\n  impl: 'srv/reporting-service.js'\n}","type":"log"} (STDOUT, APP/PROC/WEB)#
#2026 08 02 07:55:17.554#Z#DEBUG#6828ea62-8e47-11f1-a22d-eeee0a847462.SmartProcureX-srv#flowable-async-job-executor-thread-2161#
[PollStartAppStatusExecution] d9622003-7570-45ea-b8be-97c6305e4251 [2026-08-02T07:55:13.850499] {"level":"info","logger":"cds","timestamp":"2026-08-02T07:55:13.850Z","layer":"cds","component_type":"application","container_id":"10.37.192.5","component_id":"d9622003-7570-45ea-b8be-97c6305e4251","component_name":"SmartProcureX-srv","component_instance":0,"source_instance":0,"organization_name":"0d79b96ctrial","organization_id":"e8159873-0fc0-4477-a4f9-3c43fdb65fe4","space_name":"dev","space_id":"0628b1b5-c14d-4a0a-abf9-843360b5d7c0","msg":"serving SupplierService {\n  at: [ '/odata/v4/supplier' ],\n  decl: 'srv/csn.json:6037'\n}","type":"log"} (STDOUT, APP/PROC/WEB)#
#2026 08 02 07:55:17.554#Z#DEBUG#6828ea62-8e47-11f1-a22d-eeee0a847462.SmartProcureX-srv#flowable-async-job-executor-thread-2161#
[PollStartAppStatusExecution] d9622003-7570-45ea-b8be-97c6305e4251 [2026-08-02T07:55:13.850926] {"level":"info","logger":"cds","timestamp":"2026-08-02T07:55:13.850Z","layer":"cds","component_type":"application","container_id":"10.37.192.5","component_id":"d9622003-7570-45ea-b8be-97c6305e4251","component_name":"SmartProcureX-srv","component_instance":0,"source_instance":0,"organization_name":"0d79b96ctrial","organization_id":"e8159873-0fc0-4477-a4f9-3c43fdb65fe4","space_name":"dev","space_id":"0628b1b5-c14d-4a0a-abf9-843360b5d7c0","msg":"serving WarehouseService {\n  at: [ '/odata/v4/warehouse' ],\n  decl: 'srv/csn.json:6310',\n  impl: 'srv/warehouse-service.js'\n}","type":"log"} (STDOUT, APP/PROC/WEB)#
#2026 08 02 07:55:17.554#Z#DEBUG#6828ea62-8e47-11f1-a22d-eeee0a847462.SmartProcureX-srv#flowable-async-job-executor-thread-2161#
[PollStartAppStatusExecution] d9622003-7570-45ea-b8be-97c6305e4251 [2026-08-02T07:55:13.851366] {"level":"info","logger":"cds","timestamp":"2026-08-02T07:55:13.851Z","layer":"cds","component_type":"application","container_id":"10.37.192.5","component_id":"d9622003-7570-45ea-b8be-97c6305e4251","component_name":"SmartProcureX-srv","component_instance":0,"source_instance":0,"organization_name":"0d79b96ctrial","organization_id":"e8159873-0fc0-4477-a4f9-3c43fdb65fe4","space_name":"dev","space_id":"0628b1b5-c14d-4a0a-abf9-843360b5d7c0","msg":"serving WhoAmIService {\n  at: [ '/odata/v4/who-am-i' ],\n  decl: 'srv/csn.json:7245',\n  impl: 'srv/whoami-service.js'\n}","type":"log"} (STDOUT, APP/PROC/WEB)#
#2026 08 02 07:55:17.554#Z#DEBUG#6828ea62-8e47-11f1-a22d-eeee0a847462.SmartProcureX-srv#flowable-async-job-executor-thread-2161#
[PollStartAppStatusExecution] d9622003-7570-45ea-b8be-97c6305e4251 [2026-08-02T07:55:13.855492] {"level":"info","logger":"cds","timestamp":"2026-08-02T07:55:13.855Z","layer":"cds","component_type":"application","container_id":"10.37.192.5","component_id":"d9622003-7570-45ea-b8be-97c6305e4251","component_name":"SmartProcureX-srv","component_instance":0,"source_instance":0,"organization_name":"0d79b96ctrial","organization_id":"e8159873-0fc0-4477-a4f9-3c43fdb65fe4","space_name":"dev","space_id":"0628b1b5-c14d-4a0a-abf9-843360b5d7c0","msg":"server listening on { url: 'http://localhost:8080' }","type":"log"} (STDOUT, APP/PROC/WEB)#
#2026 08 02 07:55:17.554#Z#DEBUG#6828ea62-8e47-11f1-a22d-eeee0a847462.SmartProcureX-srv#flowable-async-job-executor-thread-2161#
[PollStartAppStatusExecution] d9622003-7570-45ea-b8be-97c6305e4251 [2026-08-02T07:55:13.856360] {"level":"info","logger":"cds","timestamp":"2026-08-02T07:55:13.856Z","layer":"cds","component_type":"application","container_id":"10.37.192.5","component_id":"d9622003-7570-45ea-b8be-97c6305e4251","component_name":"SmartProcureX-srv","component_instance":0,"source_instance":0,"organization_name":"0d79b96ctrial","organization_id":"e8159873-0fc0-4477-a4f9-3c43fdb65fe4","space_name":"dev","space_id":"0628b1b5-c14d-4a0a-abf9-843360b5d7c0","msg":"server v10.0.4 launched in 605 ms","type":"log"} (STDOUT, APP/PROC/WEB)#
#2026 08 02 07:55:17.554#Z#DEBUG#6828ea62-8e47-11f1-a22d-eeee0a847462.SmartProcureX-srv#flowable-async-job-executor-thread-2161#
[PollStartAppStatusExecution] d9622003-7570-45ea-b8be-97c6305e4251 [2026-08-02T07:55:14.860438] {"level":"warn","logger":"queue","correlation_id":"dd66eca1-3ed1-4331-a97d-ab3983018348","timestamp":"2026-08-02T07:55:14.859Z","msg":"Failed to fetch targets for flush Pool resource could not be acquired within 1s","stacktrace":["Error: Pool resource could not be acquired within 1s","at /home/vcap/app/node_modules/@cap-js/db-service/lib/common/generic-pool.js:71:21","at new Promise (<anonymous>)","at new Request (/home/vcap/app/node_modules/@cap-js/db-service/lib/common/generic-pool.js:59:20)","at Pool.acquire (/home/vcap/app/node_modules/@cap-js/db-service/lib/common/generic-pool.js:141:21)","at HANAService.acquire (/home/vcap/app/node_modules/@cap-js/db-service/lib/common/DatabaseService.js:106:28)","at HANAService.begin (/home/vcap/app/node_modules/@cap-js/db-service/lib/common/DatabaseService.js:66:27)","at HANAService._begin [as dispatch] (/home/vcap/app/node_modules/@sap/cds/lib/srv/srv-tx.js:195:38)","at /home/vcap/app/node_modules/@sap/cds/lib/srv/srv-dispatch.js:20:50","at HANAService.run (/home/vcap/app/node_modules/@sap/cds/lib/srv/cds.Service.js:171:44)","at HANAService.run (/home/vcap/app/node_modules/@cap-js/db-service/lib/common/DatabaseService.js:158:18)"],"layer":"cds","component_type":"application","container_id":"10.37.192.5","component_id":"d9622003-7570-45ea-b8be-97c6305e4251","component_name":"SmartProcureX-srv","component_instance":0,"source_instance":0,"organization_name":"0d79b96ctrial","organization_id":"e8159873-0fc0-4477-a4f9-3c43fdb65fe4","space_name":"dev","space_id":"0628b1b5-c14d-4a0a-abf9-843360b5d7c0","type":"log"} (STDERR, APP/PROC/WEB)#
#2026 08 02 07:55:17.554#Z#DEBUG#6828ea62-8e47-11f1-a22d-eeee0a847462.SmartProcureX-srv#flowable-async-job-executor-thread-2161#
[PollStartAppStatusExecution] d9622003-7570-45ea-b8be-97c6305e4251 [2026-08-02T07:55:16.034929] Container became healthy (STDOUT, CELL)#
#2026 08 02 07:55:17.554#Z#DEBUG#6828ea62-8e47-11f1-a22d-eeee0a847462.SmartProcureX-srv#flowable-async-job-executor-thread-2161#
[PollStartAppStatusExecution] d9622003-7570-45ea-b8be-97c6305e4251 [2026-08-02T07:55:16.059458] Process became ready with guid d9622003-7570-45ea-b8be-97c6305e4251 payload: {"instance"=>"53694511-ff07-4170-6580-46d8", "index"=>0, "cell_id"=>"da97415f-d45d-4f73-b6f3-2c853ecdb03d", "ready"=>true, "version"=>"ff88f3ff-1c0e-4dce-84a5-f073a48ae740"} (STDOUT, API)#
