#2026 08 02 07:54:57.348#Z#DEBUG#6828ea62-8e47-11f1-a22d-eeee0a847462.SmartProcureX-db-deployer#flowable-async-job-executor-thread-9997#
[PollExecuteTaskStatusExecution] 0811d82a-292b-418f-a9aa-32d7fd5c8825 [2026-08-02T04:27:06.618269] { (STDOUT, APP/TASK/deploy)#
#2026 08 02 07:54:57.348#Z#DEBUG#6828ea62-8e47-11f1-a22d-eeee0a847462.SmartProcureX-db-deployer#flowable-async-job-executor-thread-9997#
[PollExecuteTaskStatusExecution] 0811d82a-292b-418f-a9aa-32d7fd5c8825 [2026-08-02T04:27:06.618285] "hana": [ (STDOUT, APP/TASK/deploy)#
#2026 08 02 07:54:57.348#Z#DEBUG#6828ea62-8e47-11f1-a22d-eeee0a847462.SmartProcureX-db-deployer#flowable-async-job-executor-thread-9997#
[PollExecuteTaskStatusExecution] 0811d82a-292b-418f-a9aa-32d7fd5c8825 [2026-08-02T04:27:06.618288] { (STDOUT, APP/TASK/deploy)#
#2026 08 02 07:54:57.348#Z#DEBUG#6828ea62-8e47-11f1-a22d-eeee0a847462.SmartProcureX-db-deployer#flowable-async-job-executor-thread-9997#
[PollExecuteTaskStatusExecution] 0811d82a-292b-418f-a9aa-32d7fd5c8825 [2026-08-02T04:27:06.618292] "name": "SmartProcureX-db", (STDOUT, APP/TASK/deploy)#
#2026 08 02 07:54:57.348#Z#DEBUG#6828ea62-8e47-11f1-a22d-eeee0a847462.SmartProcureX-db-deployer#flowable-async-job-executor-thread-9997#
[PollExecuteTaskStatusExecution] 0811d82a-292b-418f-a9aa-32d7fd5c8825 [2026-08-02T04:27:06.618295] "label": "hana", (STDOUT, APP/TASK/deploy)#
#2026 08 02 07:54:57.348#Z#DEBUG#6828ea62-8e47-11f1-a22d-eeee0a847462.SmartProcureX-db-deployer#flowable-async-job-executor-thread-9997#
[PollExecuteTaskStatusExecution] 0811d82a-292b-418f-a9aa-32d7fd5c8825 [2026-08-02T04:27:06.618297] "plan": "hdi-shared", (STDOUT, APP/TASK/deploy)#
#2026 08 02 07:54:57.348#Z#DEBUG#6828ea62-8e47-11f1-a22d-eeee0a847462.SmartProcureX-db-deployer#flowable-async-job-executor-thread-9997#
[PollExecuteTaskStatusExecution] 0811d82a-292b-418f-a9aa-32d7fd5c8825 [2026-08-02T04:27:06.618302] "credentials": { (STDOUT, APP/TASK/deploy)#
#2026 08 02 07:54:57.348#Z#DEBUG#6828ea62-8e47-11f1-a22d-eeee0a847462.SmartProcureX-db-deployer#flowable-async-job-executor-thread-9997#
[PollExecuteTaskStatusExecution] 0811d82a-292b-418f-a9aa-32d7fd5c8825 [2026-08-02T04:27:06.618304] "schema": "B2E83F60A5C34A6E98091CC639322A6C", (STDOUT, APP/TASK/deploy)#
#2026 08 02 07:54:57.348#Z#DEBUG#6828ea62-8e47-11f1-a22d-eeee0a847462.SmartProcureX-db-deployer#flowable-async-job-executor-thread-9997#
[PollExecuteTaskStatusExecution] 0811d82a-292b-418f-a9aa-32d7fd5c8825 [2026-08-02T04:27:06.618306] "database_id": "ccb85f22-d9b4-4190-84d2-64f7029bd6f6", (STDOUT, APP/TASK/deploy)#
#2026 08 02 07:54:57.348#Z#DEBUG#6828ea62-8e47-11f1-a22d-eeee0a847462.SmartProcureX-db-deployer#flowable-async-job-executor-thread-9997#
[PollExecuteTaskStatusExecution] 0811d82a-292b-418f-a9aa-32d7fd5c8825 [2026-08-02T04:27:06.618310] "user": "B2E83F60A5C34A6E98091CC639322A6C_11HPH9KXTDTQSB7FMNXEVK1B1_RT", (STDOUT, APP/TASK/deploy)#
#2026 08 02 07:54:57.348#Z#DEBUG#6828ea62-8e47-11f1-a22d-eeee0a847462.SmartProcureX-db-deployer#flowable-async-job-executor-thread-9997#
[PollExecuteTaskStatusExecution] 0811d82a-292b-418f-a9aa-32d7fd5c8825 [2026-08-02T04:27:06.618314] "hdi_user": "B2E83F60A5C34A6E98091CC639322A6C_11HPH9KXTDTQSB7FMNXEVK1B1_DT" (STDOUT, APP/TASK/deploy)#
#2026 08 02 07:54:57.348#Z#DEBUG#6828ea62-8e47-11f1-a22d-eeee0a847462.SmartProcureX-db-deployer#flowable-async-job-executor-thread-9997#
[PollExecuteTaskStatusExecution] 0811d82a-292b-418f-a9aa-32d7fd5c8825 [2026-08-02T04:27:06.618316] }, (STDOUT, APP/TASK/deploy)#
#2026 08 02 07:54:57.348#Z#DEBUG#6828ea62-8e47-11f1-a22d-eeee0a847462.SmartProcureX-db-deployer#flowable-async-job-executor-thread-9997#
[PollExecuteTaskStatusExecution] 0811d82a-292b-418f-a9aa-32d7fd5c8825 [2026-08-02T04:27:06.618317] "tags": [ (STDOUT, APP/TASK/deploy)#
#2026 08 02 07:54:57.348#Z#DEBUG#6828ea62-8e47-11f1-a22d-eeee0a847462.SmartProcureX-db-deployer#flowable-async-job-executor-thread-9997#
[PollExecuteTaskStatusExecution] 0811d82a-292b-418f-a9aa-32d7fd5c8825 [2026-08-02T04:27:06.618320] "hana", (STDOUT, APP/TASK/deploy)#
#2026 08 02 07:54:57.348#Z#DEBUG#6828ea62-8e47-11f1-a22d-eeee0a847462.SmartProcureX-db-deployer#flowable-async-job-executor-thread-9997#
[PollExecuteTaskStatusExecution] 0811d82a-292b-418f-a9aa-32d7fd5c8825 [2026-08-02T04:27:06.618321] "database", (STDOUT, APP/TASK/deploy)#
#2026 08 02 07:54:57.348#Z#DEBUG#6828ea62-8e47-11f1-a22d-eeee0a847462.SmartProcureX-db-deployer#flowable-async-job-executor-thread-9997#
[PollExecuteTaskStatusExecution] 0811d82a-292b-418f-a9aa-32d7fd5c8825 [2026-08-02T04:27:06.618323] "relational" (STDOUT, APP/TASK/deploy)#
#2026 08 02 07:54:57.348#Z#DEBUG#6828ea62-8e47-11f1-a22d-eeee0a847462.SmartProcureX-db-deployer#flowable-async-job-executor-thread-9997#
[PollExecuteTaskStatusExecution] 0811d82a-292b-418f-a9aa-32d7fd5c8825 [2026-08-02T04:27:06.618325] ] (STDOUT, APP/TASK/deploy)#
#2026 08 02 07:54:57.348#Z#DEBUG#6828ea62-8e47-11f1-a22d-eeee0a847462.SmartProcureX-db-deployer#flowable-async-job-executor-thread-9997#
[PollExecuteTaskStatusExecution] 0811d82a-292b-418f-a9aa-32d7fd5c8825 [2026-08-02T04:27:06.618327] } (STDOUT, APP/TASK/deploy)#
#2026 08 02 07:54:57.348#Z#DEBUG#6828ea62-8e47-11f1-a22d-eeee0a847462.SmartProcureX-db-deployer#flowable-async-job-executor-thread-9997#
[PollExecuteTaskStatusExecution] 0811d82a-292b-418f-a9aa-32d7fd5c8825 [2026-08-02T04:27:06.618328] ] (STDOUT, APP/TASK/deploy)#
#2026 08 02 07:54:57.348#Z#DEBUG#6828ea62-8e47-11f1-a22d-eeee0a847462.SmartProcureX-db-deployer#flowable-async-job-executor-thread-9997#
[PollExecuteTaskStatusExecution] 0811d82a-292b-418f-a9aa-32d7fd5c8825 [2026-08-02T04:27:06.618330] } (STDOUT, APP/TASK/deploy)#
#2026 08 02 07:54:57.348#Z#DEBUG#6828ea62-8e47-11f1-a22d-eeee0a847462.SmartProcureX-db-deployer#flowable-async-job-executor-thread-9997#
[PollExecuteTaskStatusExecution] 0811d82a-292b-418f-a9aa-32d7fd5c8825 [2026-08-02T04:27:10.916228] @sap/hdi-deploy, version 5.7.0 (mode default), server version unknown (0.0.0.0), cloud version , node version 24.15.0, HDI version -1, container API version -1 (STDOUT, APP/TASK/deploy)#
#2026 08 02 07:54:57.348#Z#DEBUG#6828ea62-8e47-11f1-a22d-eeee0a847462.SmartProcureX-db-deployer#flowable-async-job-executor-thread-9997#
[PollExecuteTaskStatusExecution] 0811d82a-292b-418f-a9aa-32d7fd5c8825 [2026-08-02T04:27:10.916255] Deployment started at 2026-08-02 04:27:10 (STDOUT, APP/TASK/deploy)#
#2026 08 02 07:54:57.348#Z#DEBUG#6828ea62-8e47-11f1-a22d-eeee0a847462.SmartProcureX-db-deployer#flowable-async-job-executor-thread-9997#
[PollExecuteTaskStatusExecution] 0811d82a-292b-418f-a9aa-32d7fd5c8825 [2026-08-02T04:27:10.916392] Using hdb@2.29.5 for connection (STDOUT, APP/TASK/deploy)#
#2026 08 02 07:54:57.348#Z#DEBUG#6828ea62-8e47-11f1-a22d-eeee0a847462.SmartProcureX-db-deployer#flowable-async-job-executor-thread-9997#
[PollExecuteTaskStatusExecution] 0811d82a-292b-418f-a9aa-32d7fd5c8825 [2026-08-02T04:27:10.916414] Detection of server version failed; root cause: HANA Database instance is stopped (STDOUT, APP/TASK/deploy)#
#2026 08 02 07:54:57.348#Z#DEBUG#6828ea62-8e47-11f1-a22d-eeee0a847462.SmartProcureX-db-deployer#flowable-async-job-executor-thread-9997#
[PollExecuteTaskStatusExecution] 0811d82a-292b-418f-a9aa-32d7fd5c8825 [2026-08-02T04:27:10.916420] Detection of cloud version failed; root cause: HANA Database instance is stopped (STDOUT, APP/TASK/deploy)#
#2026 08 02 07:54:57.348#Z#DEBUG#6828ea62-8e47-11f1-a22d-eeee0a847462.SmartProcureX-db-deployer#flowable-async-job-executor-thread-9997#
[PollExecuteTaskStatusExecution] 0811d82a-292b-418f-a9aa-32d7fd5c8825 [2026-08-02T04:27:10.916446] Detection of container API version failed; root cause: HANA Database instance is stopped (STDOUT, APP/TASK/deploy)#
#2026 08 02 07:54:57.348#Z#DEBUG#6828ea62-8e47-11f1-a22d-eeee0a847462.SmartProcureX-db-deployer#flowable-async-job-executor-thread-9997#
[PollExecuteTaskStatusExecution] 0811d82a-292b-418f-a9aa-32d7fd5c8825 [2026-08-02T04:27:10.916450] Detection of HDI version failed; root cause: HANA Database instance is stopped (STDOUT, APP/TASK/deploy)#
#2026 08 02 07:54:57.348#Z#DEBUG#6828ea62-8e47-11f1-a22d-eeee0a847462.SmartProcureX-db-deployer#flowable-async-job-executor-thread-9997#
[PollExecuteTaskStatusExecution] 0811d82a-292b-418f-a9aa-32d7fd5c8825 [2026-08-02T04:27:10.916799] Deployment ended at 2026-08-02 04:27:10 (STDOUT, APP/TASK/deploy)#
#2026 08 02 07:54:57.348#Z#DEBUG#6828ea62-8e47-11f1-a22d-eeee0a847462.SmartProcureX-db-deployer#flowable-async-job-executor-thread-9997#
[PollExecuteTaskStatusExecution] 0811d82a-292b-418f-a9aa-32d7fd5c8825 [2026-08-02T04:27:10.916954] Error: Option parameter is not supported by the server; based on detected server version unknown (STDERR, APP/TASK/deploy)#
#2026 08 02 07:54:57.348#Z#DEBUG#6828ea62-8e47-11f1-a22d-eeee0a847462.SmartProcureX-db-deployer#flowable-async-job-executor-thread-9997#
[PollExecuteTaskStatusExecution] 0811d82a-292b-418f-a9aa-32d7fd5c8825 [2026-08-02T04:27:10.917084] (4s 374ms) (STDOUT, APP/TASK/deploy)#
#2026 08 02 07:54:57.348#Z#DEBUG#6828ea62-8e47-11f1-a22d-eeee0a847462.SmartProcureX-db-deployer#flowable-async-job-executor-thread-9997#
[PollExecuteTaskStatusExecution] 0811d82a-292b-418f-a9aa-32d7fd5c8825 [2026-08-02T04:27:10.926184] npm notice (STDERR, APP/TASK/deploy)#
#2026 08 02 07:54:57.348#Z#DEBUG#6828ea62-8e47-11f1-a22d-eeee0a847462.SmartProcureX-db-deployer#flowable-async-job-executor-thread-9997#
[PollExecuteTaskStatusExecution] 0811d82a-292b-418f-a9aa-32d7fd5c8825 [2026-08-02T04:27:10.926207] npm notice New major version of npm available! 11.12.1 -> 12.0.2 (STDERR, APP/TASK/deploy)#
#2026 08 02 07:54:57.348#Z#DEBUG#6828ea62-8e47-11f1-a22d-eeee0a847462.SmartProcureX-db-deployer#flowable-async-job-executor-thread-9997#
[PollExecuteTaskStatusExecution] 0811d82a-292b-418f-a9aa-32d7fd5c8825 [2026-08-02T04:27:10.926214] npm notice Changelog: https://github.com/npm/cli/releases/tag/v12.0.2 (STDERR, APP/TASK/deploy)#
#2026 08 02 07:54:57.348#Z#DEBUG#6828ea62-8e47-11f1-a22d-eeee0a847462.SmartProcureX-db-deployer#flowable-async-job-executor-thread-9997#
[PollExecuteTaskStatusExecution] 0811d82a-292b-418f-a9aa-32d7fd5c8825 [2026-08-02T04:27:10.926222] npm notice To update run: npm install -g npm@12.0.2 (STDERR, APP/TASK/deploy)#
#2026 08 02 07:54:57.348#Z#DEBUG#6828ea62-8e47-11f1-a22d-eeee0a847462.SmartProcureX-db-deployer#flowable-async-job-executor-thread-9997#
[PollExecuteTaskStatusExecution] 0811d82a-292b-418f-a9aa-32d7fd5c8825 [2026-08-02T04:27:10.926228] npm notice (STDERR, APP/TASK/deploy)#
#2026 08 02 07:54:57.348#Z#DEBUG#6828ea62-8e47-11f1-a22d-eeee0a847462.SmartProcureX-db-deployer#flowable-async-job-executor-thread-9997#
[PollExecuteTaskStatusExecution] 0811d82a-292b-418f-a9aa-32d7fd5c8825 [2026-08-02T04:27:10.975689] Exit status 1 (STDOUT, APP/TASK/deploy)#
#2026 08 02 07:54:57.348#Z#DEBUG#6828ea62-8e47-11f1-a22d-eeee0a847462.SmartProcureX-db-deployer#flowable-async-job-executor-thread-9997#
[PollExecuteTaskStatusExecution] 0811d82a-292b-418f-a9aa-32d7fd5c8825 [2026-08-02T04:27:11.415096] Cell c029166f-5c99-471a-95ad-14514ab6ab95 stopping instance 406bd42b-459e-445d-972c-f4a8715327a7 (STDOUT, CELL)#
#2026 08 02 07:54:57.348#Z#DEBUG#6828ea62-8e47-11f1-a22d-eeee0a847462.SmartProcureX-db-deployer#flowable-async-job-executor-thread-9997#
[PollExecuteTaskStatusExecution] 0811d82a-292b-418f-a9aa-32d7fd5c8825 [2026-08-02T04:27:11.415140] Cell c029166f-5c99-471a-95ad-14514ab6ab95 destroying container for instance 406bd42b-459e-445d-972c-f4a8715327a7 (STDOUT, CELL)#
#2026 08 02 07:54:57.348#Z#DEBUG#6828ea62-8e47-11f1-a22d-eeee0a847462.SmartProcureX-db-deployer#flowable-async-job-executor-thread-9997#
[PollExecuteTaskStatusExecution] 0811d82a-292b-418f-a9aa-32d7fd5c8825 [2026-08-02T04:27:13.635800] Cell c029166f-5c99-471a-95ad-14514ab6ab95 successfully destroyed container for instance 406bd42b-459e-445d-972c-f4a8715327a7 (STDOUT, CELL)#
#2026 08 02 07:54:57.348#Z#DEBUG#6828ea62-8e47-11f1-a22d-eeee0a847462.SmartProcureX-db-deployer#flowable-async-job-executor-thread-9997#
[PollExecuteTaskStatusExecution] 0811d82a-292b-418f-a9aa-32d7fd5c8825 [2026-08-02T04:27:20.408481] Cell c029166f-5c99-471a-95ad-14514ab6ab95 creating container for instance 33353651-157e-47e7-86b6-b3aa70abbbf9 (STDOUT, CELL)#
#2026 08 02 07:54:57.348#Z#DEBUG#6828ea62-8e47-11f1-a22d-eeee0a847462.SmartProcureX-db-deployer#flowable-async-job-executor-thread-9997#
[PollExecuteTaskStatusExecution] 0811d82a-292b-418f-a9aa-32d7fd5c8825 [2026-08-02T04:27:20.720030] Security group rules were updated (STDOUT, CELL)#
#2026 08 02 07:54:57.348#Z#DEBUG#6828ea62-8e47-11f1-a22d-eeee0a847462.SmartProcureX-db-deployer#flowable-async-job-executor-thread-9997#
[PollExecuteTaskStatusExecution] 0811d82a-292b-418f-a9aa-32d7fd5c8825 [2026-08-02T04:27:20.791934] Cell c029166f-5c99-471a-95ad-14514ab6ab95 successfully created container for instance 33353651-157e-47e7-86b6-b3aa70abbbf9 (STDOUT, CELL)#
#2026 08 02 07:54:57.348#Z#DEBUG#6828ea62-8e47-11f1-a22d-eeee0a847462.SmartProcureX-db-deployer#flowable-async-job-executor-thread-9997#
[PollExecuteTaskStatusExecution] 0811d82a-292b-418f-a9aa-32d7fd5c8825 [2026-08-02T04:27:23.620717] Invoking pre-start scripts. (STDOUT, APP/TASK/deploy)#
#2026 08 02 07:54:57.348#Z#DEBUG#6828ea62-8e47-11f1-a22d-eeee0a847462.SmartProcureX-db-deployer#flowable-async-job-executor-thread-9997#
[PollExecuteTaskStatusExecution] 0811d82a-292b-418f-a9aa-32d7fd5c8825 [2026-08-02T04:27:23.758979] Invoking start command. (STDOUT, APP/TASK/deploy)#
#2026 08 02 07:54:57.348#Z#DEBUG#6828ea62-8e47-11f1-a22d-eeee0a847462.SmartProcureX-db-deployer#flowable-async-job-executor-thread-9997#
[PollExecuteTaskStatusExecution] 0811d82a-292b-418f-a9aa-32d7fd5c8825 [2026-08-02T04:27:24.047912] > start (STDOUT, APP/TASK/deploy)#
#2026 08 02 07:54:57.348#Z#DEBUG#6828ea62-8e47-11f1-a22d-eeee0a847462.SmartProcureX-db-deployer#flowable-async-job-executor-thread-9997#
[PollExecuteTaskStatusExecution] 0811d82a-292b-418f-a9aa-32d7fd5c8825 [2026-08-02T04:27:24.047944] > node node_modules/@sap/hdi-deploy/deploy.js --use-hdb --parameter com.sap.hana.di.table/try_fast_table_migration=true (STDOUT, APP/TASK/deploy)#
#2026 08 02 07:54:57.348#Z#DEBUG#6828ea62-8e47-11f1-a22d-eeee0a847462.SmartProcureX-db-deployer#flowable-async-job-executor-thread-9997#
[PollExecuteTaskStatusExecution] 0811d82a-292b-418f-a9aa-32d7fd5c8825 [2026-08-02T04:27:24.144534] VCAP_SERVICES: (STDOUT, APP/TASK/deploy)#
#2026 08 02 07:54:57.348#Z#DEBUG#6828ea62-8e47-11f1-a22d-eeee0a847462.SmartProcureX-db-deployer#flowable-async-job-executor-thread-9997#
[PollExecuteTaskStatusExecution] 0811d82a-292b-418f-a9aa-32d7fd5c8825 [2026-08-02T04:27:24.144970] { (STDOUT, APP/TASK/deploy)#
#2026 08 02 07:54:57.348#Z#DEBUG#6828ea62-8e47-11f1-a22d-eeee0a847462.SmartProcureX-db-deployer#flowable-async-job-executor-thread-9997#
[PollExecuteTaskStatusExecution] 0811d82a-292b-418f-a9aa-32d7fd5c8825 [2026-08-02T04:27:24.144986] "hana": [ (STDOUT, APP/TASK/deploy)#
#2026 08 02 07:54:57.348#Z#DEBUG#6828ea62-8e47-11f1-a22d-eeee0a847462.SmartProcureX-db-deployer#flowable-async-job-executor-thread-9997#
[PollExecuteTaskStatusExecution] 0811d82a-292b-418f-a9aa-32d7fd5c8825 [2026-08-02T04:27:24.144989] { (STDOUT, APP/TASK/deploy)#
#2026 08 02 07:54:57.348#Z#DEBUG#6828ea62-8e47-11f1-a22d-eeee0a847462.SmartProcureX-db-deployer#flowable-async-job-executor-thread-9997#
[PollExecuteTaskStatusExecution] 0811d82a-292b-418f-a9aa-32d7fd5c8825 [2026-08-02T04:27:24.144993] "name": "SmartProcureX-db", (STDOUT, APP/TASK/deploy)#
#2026 08 02 07:54:57.348#Z#DEBUG#6828ea62-8e47-11f1-a22d-eeee0a847462.SmartProcureX-db-deployer#flowable-async-job-executor-thread-9997#
[PollExecuteTaskStatusExecution] 0811d82a-292b-418f-a9aa-32d7fd5c8825 [2026-08-02T04:27:24.144995] "label": "hana", (STDOUT, APP/TASK/deploy)#
#2026 08 02 07:54:57.348#Z#DEBUG#6828ea62-8e47-11f1-a22d-eeee0a847462.SmartProcureX-db-deployer#flowable-async-job-executor-thread-9997#
[PollExecuteTaskStatusExecution] 0811d82a-292b-418f-a9aa-32d7fd5c8825 [2026-08-02T04:27:24.144999] "plan": "hdi-shared", (STDOUT, APP/TASK/deploy)#
#2026 08 02 07:54:57.348#Z#DEBUG#6828ea62-8e47-11f1-a22d-eeee0a847462.SmartProcureX-db-deployer#flowable-async-job-executor-thread-9997#
[PollExecuteTaskStatusExecution] 0811d82a-292b-418f-a9aa-32d7fd5c8825 [2026-08-02T04:27:24.145004] "credentials": { (STDOUT, APP/TASK/deploy)#
#2026 08 02 07:54:57.348#Z#DEBUG#6828ea62-8e47-11f1-a22d-eeee0a847462.SmartProcureX-db-deployer#flowable-async-job-executor-thread-9997#
[PollExecuteTaskStatusExecution] 0811d82a-292b-418f-a9aa-32d7fd5c8825 [2026-08-02T04:27:24.145007] "schema": "B2E83F60A5C34A6E98091CC639322A6C", (STDOUT, APP/TASK/deploy)#
#2026 08 02 07:54:57.348#Z#DEBUG#6828ea62-8e47-11f1-a22d-eeee0a847462.SmartProcureX-db-deployer#flowable-async-job-executor-thread-9997#
[PollExecuteTaskStatusExecution] 0811d82a-292b-418f-a9aa-32d7fd5c8825 [2026-08-02T04:27:24.145010] "database_id": "ccb85f22-d9b4-4190-84d2-64f7029bd6f6", (STDOUT, APP/TASK/deploy)#
#2026 08 02 07:54:57.348#Z#DEBUG#6828ea62-8e47-11f1-a22d-eeee0a847462.SmartProcureX-db-deployer#flowable-async-job-executor-thread-9997#
[PollExecuteTaskStatusExecution] 0811d82a-292b-418f-a9aa-32d7fd5c8825 [2026-08-02T04:27:24.145012] "user": "B2E83F60A5C34A6E98091CC639322A6C_11HPH9KXTDTQSB7FMNXEVK1B1_RT", (STDOUT, APP/TASK/deploy)#
#2026 08 02 07:54:57.348#Z#DEBUG#6828ea62-8e47-11f1-a22d-eeee0a847462.SmartProcureX-db-deployer#flowable-async-job-executor-thread-9997#
[PollExecuteTaskStatusExecution] 0811d82a-292b-418f-a9aa-32d7fd5c8825 [2026-08-02T04:27:24.145016] "hdi_user": "B2E83F60A5C34A6E98091CC639322A6C_11HPH9KXTDTQSB7FMNXEVK1B1_DT" (STDOUT, APP/TASK/deploy)#
#2026 08 02 07:54:57.348#Z#DEBUG#6828ea62-8e47-11f1-a22d-eeee0a847462.SmartProcureX-db-deployer#flowable-async-job-executor-thread-9997#
[PollExecuteTaskStatusExecution] 0811d82a-292b-418f-a9aa-32d7fd5c8825 [2026-08-02T04:27:24.145019] }, (STDOUT, APP/TASK/deploy)#
#2026 08 02 07:54:57.348#Z#DEBUG#6828ea62-8e47-11f1-a22d-eeee0a847462.SmartProcureX-db-deployer#flowable-async-job-executor-thread-9997#
[PollExecuteTaskStatusExecution] 0811d82a-292b-418f-a9aa-32d7fd5c8825 [2026-08-02T04:27:24.145021] "tags": [ (STDOUT, APP/TASK/deploy)#
#2026 08 02 07:54:57.348#Z#DEBUG#6828ea62-8e47-11f1-a22d-eeee0a847462.SmartProcureX-db-deployer#flowable-async-job-executor-thread-9997#
[PollExecuteTaskStatusExecution] 0811d82a-292b-418f-a9aa-32d7fd5c8825 [2026-08-02T04:27:24.145023] "hana", (STDOUT, APP/TASK/deploy)#
#2026 08 02 07:54:57.348#Z#DEBUG#6828ea62-8e47-11f1-a22d-eeee0a847462.SmartProcureX-db-deployer#flowable-async-job-executor-thread-9997#
[PollExecuteTaskStatusExecution] 0811d82a-292b-418f-a9aa-32d7fd5c8825 [2026-08-02T04:27:24.145027] "database", (STDOUT, APP/TASK/deploy)#
#2026 08 02 07:54:57.348#Z#DEBUG#6828ea62-8e47-11f1-a22d-eeee0a847462.SmartProcureX-db-deployer#flowable-async-job-executor-thread-9997#
[PollExecuteTaskStatusExecution] 0811d82a-292b-418f-a9aa-32d7fd5c8825 [2026-08-02T04:27:24.145029] "relational" (STDOUT, APP/TASK/deploy)#
#2026 08 02 07:54:57.348#Z#DEBUG#6828ea62-8e47-11f1-a22d-eeee0a847462.SmartProcureX-db-deployer#flowable-async-job-executor-thread-9997#
[PollExecuteTaskStatusExecution] 0811d82a-292b-418f-a9aa-32d7fd5c8825 [2026-08-02T04:27:24.145031] ] (STDOUT, APP/TASK/deploy)#
#2026 08 02 07:54:57.348#Z#DEBUG#6828ea62-8e47-11f1-a22d-eeee0a847462.SmartProcureX-db-deployer#flowable-async-job-executor-thread-9997#
[PollExecuteTaskStatusExecution] 0811d82a-292b-418f-a9aa-32d7fd5c8825 [2026-08-02T04:27:24.145033] } (STDOUT, APP/TASK/deploy)#
#2026 08 02 07:54:57.348#Z#DEBUG#6828ea62-8e47-11f1-a22d-eeee0a847462.SmartProcureX-db-deployer#flowable-async-job-executor-thread-9997#
[PollExecuteTaskStatusExecution] 0811d82a-292b-418f-a9aa-32d7fd5c8825 [2026-08-02T04:27:24.145036] ] (STDOUT, APP/TASK/deploy)#
#2026 08 02 07:54:57.348#Z#DEBUG#6828ea62-8e47-11f1-a22d-eeee0a847462.SmartProcureX-db-deployer#flowable-async-job-executor-thread-9997#
[PollExecuteTaskStatusExecution] 0811d82a-292b-418f-a9aa-32d7fd5c8825 [2026-08-02T04:27:24.145040] } (STDOUT, APP/TASK/deploy)#
#2026 08 02 07:54:57.348#Z#DEBUG#6828ea62-8e47-11f1-a22d-eeee0a847462.SmartProcureX-db-deployer#flowable-async-job-executor-thread-9997#
[PollExecuteTaskStatusExecution] 0811d82a-292b-418f-a9aa-32d7fd5c8825 [2026-08-02T04:27:28.432775] @sap/hdi-deploy, version 5.7.0 (mode default), server version unknown (0.0.0.0), cloud version , node version 24.15.0, HDI version -1, container API version -1 (STDOUT, APP/TASK/deploy)#
#2026 08 02 07:54:57.348#Z#DEBUG#6828ea62-8e47-11f1-a22d-eeee0a847462.SmartProcureX-db-deployer#flowable-async-job-executor-thread-9997#
[PollExecuteTaskStatusExecution] 0811d82a-292b-418f-a9aa-32d7fd5c8825 [2026-08-02T04:27:28.432805] Deployment started at 2026-08-02 04:27:28 (STDOUT, APP/TASK/deploy)#
#2026 08 02 07:54:57.348#Z#DEBUG#6828ea62-8e47-11f1-a22d-eeee0a847462.SmartProcureX-db-deployer#flowable-async-job-executor-thread-9997#
[PollExecuteTaskStatusExecution] 0811d82a-292b-418f-a9aa-32d7fd5c8825 [2026-08-02T04:27:28.433108] Using hdb@2.29.5 for connection (STDOUT, APP/TASK/deploy)#
#2026 08 02 07:54:57.348#Z#DEBUG#6828ea62-8e47-11f1-a22d-eeee0a847462.SmartProcureX-db-deployer#flowable-async-job-executor-thread-9997#
[PollExecuteTaskStatusExecution] 0811d82a-292b-418f-a9aa-32d7fd5c8825 [2026-08-02T04:27:28.433138] Detection of server version failed; root cause: HANA Database instance is stopped (STDOUT, APP/TASK/deploy)#
#2026 08 02 07:54:57.348#Z#DEBUG#6828ea62-8e47-11f1-a22d-eeee0a847462.SmartProcureX-db-deployer#flowable-async-job-executor-thread-9997#
[PollExecuteTaskStatusExecution] 0811d82a-292b-418f-a9aa-32d7fd5c8825 [2026-08-02T04:27:28.433144] Detection of cloud version failed; root cause: HANA Database instance is stopped (STDOUT, APP/TASK/deploy)#
#2026 08 02 07:54:57.348#Z#DEBUG#6828ea62-8e47-11f1-a22d-eeee0a847462.SmartProcureX-db-deployer#flowable-async-job-executor-thread-9997#
[PollExecuteTaskStatusExecution] 0811d82a-292b-418f-a9aa-32d7fd5c8825 [2026-08-02T04:27:28.433148] Detection of container API version failed; root cause: HANA Database instance is stopped (STDOUT, APP/TASK/deploy)#
#2026 08 02 07:54:57.348#Z#DEBUG#6828ea62-8e47-11f1-a22d-eeee0a847462.SmartProcureX-db-deployer#flowable-async-job-executor-thread-9997#
[PollExecuteTaskStatusExecution] 0811d82a-292b-418f-a9aa-32d7fd5c8825 [2026-08-02T04:27:28.433155] Detection of HDI version failed; root cause: HANA Database instance is stopped (STDOUT, APP/TASK/deploy)#
#2026 08 02 07:54:57.348#Z#DEBUG#6828ea62-8e47-11f1-a22d-eeee0a847462.SmartProcureX-db-deployer#flowable-async-job-executor-thread-9997#
[PollExecuteTaskStatusExecution] 0811d82a-292b-418f-a9aa-32d7fd5c8825 [2026-08-02T04:27:28.433399] Deployment ended at 2026-08-02 04:27:28 (STDOUT, APP/TASK/deploy)#
#2026 08 02 07:54:57.348#Z#DEBUG#6828ea62-8e47-11f1-a22d-eeee0a847462.SmartProcureX-db-deployer#flowable-async-job-executor-thread-9997#
[PollExecuteTaskStatusExecution] 0811d82a-292b-418f-a9aa-32d7fd5c8825 [2026-08-02T04:27:28.433551] Error: Option parameter is not supported by the server; based on detected server version unknown (STDERR, APP/TASK/deploy)#
#2026 08 02 07:54:57.348#Z#DEBUG#6828ea62-8e47-11f1-a22d-eeee0a847462.SmartProcureX-db-deployer#flowable-async-job-executor-thread-9997#
[PollExecuteTaskStatusExecution] 0811d82a-292b-418f-a9aa-32d7fd5c8825 [2026-08-02T04:27:28.433668] (4s 355ms) (STDOUT, APP/TASK/deploy)#
#2026 08 02 07:54:57.348#Z#DEBUG#6828ea62-8e47-11f1-a22d-eeee0a847462.SmartProcureX-db-deployer#flowable-async-job-executor-thread-9997#
[PollExecuteTaskStatusExecution] 0811d82a-292b-418f-a9aa-32d7fd5c8825 [2026-08-02T04:27:28.442936] npm notice (STDERR, APP/TASK/deploy)#
#2026 08 02 07:54:57.348#Z#DEBUG#6828ea62-8e47-11f1-a22d-eeee0a847462.SmartProcureX-db-deployer#flowable-async-job-executor-thread-9997#
[PollExecuteTaskStatusExecution] 0811d82a-292b-418f-a9aa-32d7fd5c8825 [2026-08-02T04:27:28.442956] npm notice New major version of npm available! 11.12.1 -> 12.0.2 (STDERR, APP/TASK/deploy)#
#2026 08 02 07:54:57.348#Z#DEBUG#6828ea62-8e47-11f1-a22d-eeee0a847462.SmartProcureX-db-deployer#flowable-async-job-executor-thread-9997#
[PollExecuteTaskStatusExecution] 0811d82a-292b-418f-a9aa-32d7fd5c8825 [2026-08-02T04:27:28.442961] npm notice Changelog: https://github.com/npm/cli/releases/tag/v12.0.2 (STDERR, APP/TASK/deploy)#
#2026 08 02 07:54:57.348#Z#DEBUG#6828ea62-8e47-11f1-a22d-eeee0a847462.SmartProcureX-db-deployer#flowable-async-job-executor-thread-9997#
[PollExecuteTaskStatusExecution] 0811d82a-292b-418f-a9aa-32d7fd5c8825 [2026-08-02T04:27:28.442967] npm notice To update run: npm install -g npm@12.0.2 (STDERR, APP/TASK/deploy)#
#2026 08 02 07:54:57.348#Z#DEBUG#6828ea62-8e47-11f1-a22d-eeee0a847462.SmartProcureX-db-deployer#flowable-async-job-executor-thread-9997#
[PollExecuteTaskStatusExecution] 0811d82a-292b-418f-a9aa-32d7fd5c8825 [2026-08-02T04:27:28.442970] npm notice (STDERR, APP/TASK/deploy)#
#2026 08 02 07:54:57.348#Z#DEBUG#6828ea62-8e47-11f1-a22d-eeee0a847462.SmartProcureX-db-deployer#flowable-async-job-executor-thread-9997#
[PollExecuteTaskStatusExecution] 0811d82a-292b-418f-a9aa-32d7fd5c8825 [2026-08-02T04:27:28.492729] Exit status 1 (STDOUT, APP/TASK/deploy)#
#2026 08 02 07:54:57.348#Z#DEBUG#6828ea62-8e47-11f1-a22d-eeee0a847462.SmartProcureX-db-deployer#flowable-async-job-executor-thread-9997#
[PollExecuteTaskStatusExecution] 0811d82a-292b-418f-a9aa-32d7fd5c8825 [2026-08-02T04:27:28.639964] Cell c029166f-5c99-471a-95ad-14514ab6ab95 stopping instance 33353651-157e-47e7-86b6-b3aa70abbbf9 (STDOUT, CELL)#
#2026 08 02 07:54:57.348#Z#DEBUG#6828ea62-8e47-11f1-a22d-eeee0a847462.SmartProcureX-db-deployer#flowable-async-job-executor-thread-9997#
[PollExecuteTaskStatusExecution] 0811d82a-292b-418f-a9aa-32d7fd5c8825 [2026-08-02T04:27:28.639992] Cell c029166f-5c99-471a-95ad-14514ab6ab95 destroying container for instance 33353651-157e-47e7-86b6-b3aa70abbbf9 (STDOUT, CELL)#
#2026 08 02 07:54:57.348#Z#DEBUG#6828ea62-8e47-11f1-a22d-eeee0a847462.SmartProcureX-db-deployer#flowable-async-job-executor-thread-9997#
[PollExecuteTaskStatusExecution] 0811d82a-292b-418f-a9aa-32d7fd5c8825 [2026-08-02T04:27:30.797865] Cell c029166f-5c99-471a-95ad-14514ab6ab95 successfully destroyed container for instance 33353651-157e-47e7-86b6-b3aa70abbbf9 (STDOUT, CELL)#
#2026 08 02 07:54:57.348#Z#DEBUG#6828ea62-8e47-11f1-a22d-eeee0a847462.SmartProcureX-db-deployer#flowable-async-job-executor-thread-9997#
[PollExecuteTaskStatusExecution] 0811d82a-292b-418f-a9aa-32d7fd5c8825 [2026-08-02T04:34:59.278112] Updated app with guid 0811d82a-292b-418f-a9aa-32d7fd5c8825 ({"lifecycle"=>{"data"=>{"buildpacks"=>["nodejs_buildpack"]}, "type"=>"buildpack"}}) (STDOUT, API)#
#2026 08 02 07:54:57.348#Z#DEBUG#6828ea62-8e47-11f1-a22d-eeee0a847462.SmartProcureX-db-deployer#flowable-async-job-executor-thread-9997#
[PollExecuteTaskStatusExecution] 0811d82a-292b-418f-a9aa-32d7fd5c8825 [2026-08-02T04:34:59.383759] Updating process: "web" (STDOUT, API)#
#2026 08 02 07:54:57.348#Z#DEBUG#6828ea62-8e47-11f1-a22d-eeee0a847462.SmartProcureX-db-deployer#flowable-async-job-executor-thread-9997#
[PollExecuteTaskStatusExecution] 0811d82a-292b-418f-a9aa-32d7fd5c8825 [2026-08-02T04:35:08.803534] Uploading app package for app with guid 0811d82a-292b-418f-a9aa-32d7fd5c8825 (STDOUT, API)#
#2026 08 02 07:54:57.348#Z#DEBUG#6828ea62-8e47-11f1-a22d-eeee0a847462.SmartProcureX-db-deployer#flowable-async-job-executor-thread-9997#
[PollExecuteTaskStatusExecution] 0811d82a-292b-418f-a9aa-32d7fd5c8825 [2026-08-02T04:35:08.963013] Updated app with guid 0811d82a-292b-418f-a9aa-32d7fd5c8825 ({"environment_variables"=>"[PRIVATE DATA HIDDEN]"}) (STDOUT, API)#
#2026 08 02 07:54:57.348#Z#DEBUG#6828ea62-8e47-11f1-a22d-eeee0a847462.SmartProcureX-db-deployer#flowable-async-job-executor-thread-9997#
[PollExecuteTaskStatusExecution] 0811d82a-292b-418f-a9aa-32d7fd5c8825 [2026-08-02T04:35:18.898394] Creating build for app with guid 0811d82a-292b-418f-a9aa-32d7fd5c8825 (STDOUT, API)#
#2026 08 02 07:54:57.348#Z#DEBUG#6828ea62-8e47-11f1-a22d-eeee0a847462.SmartProcureX-db-deployer#flowable-async-job-executor-thread-9997#
[PollExecuteTaskStatusExecution] 0811d82a-292b-418f-a9aa-32d7fd5c8825 [2026-08-02T04:35:19.213798] Downloading nodejs_buildpack... (STDOUT, STG)#
#2026 08 02 07:54:57.348#Z#DEBUG#6828ea62-8e47-11f1-a22d-eeee0a847462.SmartProcureX-db-deployer#flowable-async-job-executor-thread-9997#
[PollExecuteTaskStatusExecution] 0811d82a-292b-418f-a9aa-32d7fd5c8825 [2026-08-02T04:35:19.254212] Downloaded nodejs_buildpack (STDOUT, STG)#
#2026 08 02 07:54:57.348#Z#DEBUG#6828ea62-8e47-11f1-a22d-eeee0a847462.SmartProcureX-db-deployer#flowable-async-job-executor-thread-9997#
[PollExecuteTaskStatusExecution] 0811d82a-292b-418f-a9aa-32d7fd5c8825 [2026-08-02T04:35:19.254271] Cell da97415f-d45d-4f73-b6f3-2c853ecdb03d creating container for instance f1209cd7-cbff-488b-98c8-dd3c58be20d2 (STDOUT, STG)#
#2026 08 02 07:54:57.348#Z#DEBUG#6828ea62-8e47-11f1-a22d-eeee0a847462.SmartProcureX-db-deployer#flowable-async-job-executor-thread-9997#
[PollExecuteTaskStatusExecution] 0811d82a-292b-418f-a9aa-32d7fd5c8825 [2026-08-02T04:35:19.593241] Security group rules were updated (STDOUT, STG)#
#2026 08 02 07:54:57.348#Z#DEBUG#6828ea62-8e47-11f1-a22d-eeee0a847462.SmartProcureX-db-deployer#flowable-async-job-executor-thread-9997#
[PollExecuteTaskStatusExecution] 0811d82a-292b-418f-a9aa-32d7fd5c8825 [2026-08-02T04:35:19.639721] Cell da97415f-d45d-4f73-b6f3-2c853ecdb03d successfully created container for instance f1209cd7-cbff-488b-98c8-dd3c58be20d2 (STDOUT, STG)#
#2026 08 02 07:54:57.348#Z#DEBUG#6828ea62-8e47-11f1-a22d-eeee0a847462.SmartProcureX-db-deployer#flowable-async-job-executor-thread-9997#
[PollExecuteTaskStatusExecution] 0811d82a-292b-418f-a9aa-32d7fd5c8825 [2026-08-02T04:35:20.500584] Downloading app package... (STDOUT, STG)#
#2026 08 02 07:54:57.348#Z#DEBUG#6828ea62-8e47-11f1-a22d-eeee0a847462.SmartProcureX-db-deployer#flowable-async-job-executor-thread-9997#
[PollExecuteTaskStatusExecution] 0811d82a-292b-418f-a9aa-32d7fd5c8825 [2026-08-02T04:35:20.500596] Downloading build artifacts cache... (STDOUT, STG)#
#2026 08 02 07:54:57.348#Z#DEBUG#6828ea62-8e47-11f1-a22d-eeee0a847462.SmartProcureX-db-deployer#flowable-async-job-executor-thread-9997#
[PollExecuteTaskStatusExecution] 0811d82a-292b-418f-a9aa-32d7fd5c8825 [2026-08-02T04:35:20.559691] Downloaded build artifacts cache (223B) (STDOUT, STG)#
#2026 08 02 07:54:57.348#Z#DEBUG#6828ea62-8e47-11f1-a22d-eeee0a847462.SmartProcureX-db-deployer#flowable-async-job-executor-thread-9997#
[PollExecuteTaskStatusExecution] 0811d82a-292b-418f-a9aa-32d7fd5c8825 [2026-08-02T04:35:20.708550] Downloaded app package (2.3M) (STDOUT, STG)#
#2026 08 02 07:54:57.348#Z#DEBUG#6828ea62-8e47-11f1-a22d-eeee0a847462.SmartProcureX-db-deployer#flowable-async-job-executor-thread-9997#
[PollExecuteTaskStatusExecution] 0811d82a-292b-418f-a9aa-32d7fd5c8825 [2026-08-02T04:35:20.760085] -----> Nodejs Buildpack version 1.9.2 (STDOUT, STG)#
#2026 08 02 07:54:57.348#Z#DEBUG#6828ea62-8e47-11f1-a22d-eeee0a847462.SmartProcureX-db-deployer#flowable-async-job-executor-thread-9997#
[PollExecuteTaskStatusExecution] 0811d82a-292b-418f-a9aa-32d7fd5c8825 [2026-08-02T04:35:20.848140] -----> Bootstrapping python (STDOUT, STG)#
#2026 08 02 07:54:57.348#Z#DEBUG#6828ea62-8e47-11f1-a22d-eeee0a847462.SmartProcureX-db-deployer#flowable-async-job-executor-thread-9997#
[PollExecuteTaskStatusExecution] 0811d82a-292b-418f-a9aa-32d7fd5c8825 [2026-08-02T04:35:20.848159] -----> Installing python 3.13.13 (STDOUT, STG)#
#2026 08 02 07:54:57.348#Z#DEBUG#6828ea62-8e47-11f1-a22d-eeee0a847462.SmartProcureX-db-deployer#flowable-async-job-executor-thread-9997#
[PollExecuteTaskStatusExecution] 0811d82a-292b-418f-a9aa-32d7fd5c8825 [2026-08-02T04:35:20.848169] Copy [/tmp/buildpacks/411ec6166282b4d1/dependencies/268a5e3743d51a14b86ea9da64439307/python_3.13.13_linux_x64_cflinuxfs4_8311abbf.tgz] (STDOUT, STG)#
#2026 08 02 07:54:57.348#Z#DEBUG#6828ea62-8e47-11f1-a22d-eeee0a847462.SmartProcureX-db-deployer#flowable-async-job-executor-thread-9997#
[PollExecuteTaskStatusExecution] 0811d82a-292b-418f-a9aa-32d7fd5c8825 [2026-08-02T04:35:23.776291] -----> Installing binaries (STDOUT, STG)#
#2026 08 02 07:54:57.348#Z#DEBUG#6828ea62-8e47-11f1-a22d-eeee0a847462.SmartProcureX-db-deployer#flowable-async-job-executor-thread-9997#
[PollExecuteTaskStatusExecution] 0811d82a-292b-418f-a9aa-32d7fd5c8825 [2026-08-02T04:35:23.776324] engines.node (package.json): ^24 (STDOUT, STG)#
#2026 08 02 07:54:57.348#Z#DEBUG#6828ea62-8e47-11f1-a22d-eeee0a847462.SmartProcureX-db-deployer#flowable-async-job-executor-thread-9997#
[PollExecuteTaskStatusExecution] 0811d82a-292b-418f-a9aa-32d7fd5c8825 [2026-08-02T04:35:23.776331] engines.npm (package.json): unspecified (use default) (STDOUT, STG)#
#2026 08 02 07:54:57.348#Z#DEBUG#6828ea62-8e47-11f1-a22d-eeee0a847462.SmartProcureX-db-deployer#flowable-async-job-executor-thread-9997#
[PollExecuteTaskStatusExecution] 0811d82a-292b-418f-a9aa-32d7fd5c8825 [2026-08-02T04:35:23.776351] -----> Installing node 24.15.0 (STDOUT, STG)#
#2026 08 02 07:54:57.348#Z#DEBUG#6828ea62-8e47-11f1-a22d-eeee0a847462.SmartProcureX-db-deployer#flowable-async-job-executor-thread-9997#
[PollExecuteTaskStatusExecution] 0811d82a-292b-418f-a9aa-32d7fd5c8825 [2026-08-02T04:35:23.776509] Copy [/tmp/buildpacks/411ec6166282b4d1/dependencies/6441e97e6386f47ec4c16cfdf8db0a17/node_24.15.0_linux_x64_cflinuxfs4_1a62d98b.tgz] (STDOUT, STG)#
#2026 08 02 07:54:57.348#Z#DEBUG#6828ea62-8e47-11f1-a22d-eeee0a847462.SmartProcureX-db-deployer#flowable-async-job-executor-thread-9997#
[PollExecuteTaskStatusExecution] 0811d82a-292b-418f-a9aa-32d7fd5c8825 [2026-08-02T04:35:25.506639] Using default npm version: 11.12.1 (STDOUT, STG)#
#2026 08 02 07:54:57.348#Z#DEBUG#6828ea62-8e47-11f1-a22d-eeee0a847462.SmartProcureX-db-deployer#flowable-async-job-executor-thread-9997#
[PollExecuteTaskStatusExecution] 0811d82a-292b-418f-a9aa-32d7fd5c8825 [2026-08-02T04:35:25.506671] -----> Installing yarn 1.22.22 (STDOUT, STG)#
#2026 08 02 07:54:57.348#Z#DEBUG#6828ea62-8e47-11f1-a22d-eeee0a847462.SmartProcureX-db-deployer#flowable-async-job-executor-thread-9997#
[PollExecuteTaskStatusExecution] 0811d82a-292b-418f-a9aa-32d7fd5c8825 [2026-08-02T04:35:25.506730] Copy [/tmp/buildpacks/411ec6166282b4d1/dependencies/e4fe26756e9984a665478d350474fa2e/yarn_1.22.22_linux_noarch_any-stack_b6132b86.tgz] (STDOUT, STG)#
#2026 08 02 07:54:57.348#Z#DEBUG#6828ea62-8e47-11f1-a22d-eeee0a847462.SmartProcureX-db-deployer#flowable-async-job-executor-thread-9997#
[PollExecuteTaskStatusExecution] 0811d82a-292b-418f-a9aa-32d7fd5c8825 [2026-08-02T04:35:25.760736] Installed yarn 1.22.22 (STDOUT, STG)#
#2026 08 02 07:54:57.348#Z#DEBUG#6828ea62-8e47-11f1-a22d-eeee0a847462.SmartProcureX-db-deployer#flowable-async-job-executor-thread-9997#
[PollExecuteTaskStatusExecution] 0811d82a-292b-418f-a9aa-32d7fd5c8825 [2026-08-02T04:35:25.760759] -----> Creating runtime environment (STDOUT, STG)#
#2026 08 02 07:54:57.348#Z#DEBUG#6828ea62-8e47-11f1-a22d-eeee0a847462.SmartProcureX-db-deployer#flowable-async-job-executor-thread-9997#
[PollExecuteTaskStatusExecution] 0811d82a-292b-418f-a9aa-32d7fd5c8825 [2026-08-02T04:35:25.762259] NODE_ENV=production (STDOUT, STG)#
#2026 08 02 07:54:57.348#Z#DEBUG#6828ea62-8e47-11f1-a22d-eeee0a847462.SmartProcureX-db-deployer#flowable-async-job-executor-thread-9997#
[PollExecuteTaskStatusExecution] 0811d82a-292b-418f-a9aa-32d7fd5c8825 [2026-08-02T04:35:25.762270] NODE_HOME=/tmp/contents3841969429/deps/0/node (STDOUT, STG)#
#2026 08 02 07:54:57.348#Z#DEBUG#6828ea62-8e47-11f1-a22d-eeee0a847462.SmartProcureX-db-deployer#flowable-async-job-executor-thread-9997#
[PollExecuteTaskStatusExecution] 0811d82a-292b-418f-a9aa-32d7fd5c8825 [2026-08-02T04:35:25.762273] NODE_MODULES_CACHE=true (STDOUT, STG)#
#2026 08 02 07:54:57.348#Z#DEBUG#6828ea62-8e47-11f1-a22d-eeee0a847462.SmartProcureX-db-deployer#flowable-async-job-executor-thread-9997#
[PollExecuteTaskStatusExecution] 0811d82a-292b-418f-a9aa-32d7fd5c8825 [2026-08-02T04:35:25.762275] NODE_VERBOSE=false (STDOUT, STG)#
#2026 08 02 07:54:57.348#Z#DEBUG#6828ea62-8e47-11f1-a22d-eeee0a847462.SmartProcureX-db-deployer#flowable-async-job-executor-thread-9997#
[PollExecuteTaskStatusExecution] 0811d82a-292b-418f-a9aa-32d7fd5c8825 [2026-08-02T04:35:25.762277] NPM_CONFIG_LOGLEVEL=error (STDOUT, STG)#
#2026 08 02 07:54:57.348#Z#DEBUG#6828ea62-8e47-11f1-a22d-eeee0a847462.SmartProcureX-db-deployer#flowable-async-job-executor-thread-9997#
[PollExecuteTaskStatusExecution] 0811d82a-292b-418f-a9aa-32d7fd5c8825 [2026-08-02T04:35:25.762279] NPM_CONFIG_PRODUCTION=true (STDOUT, STG)#
#2026 08 02 07:54:57.348#Z#DEBUG#6828ea62-8e47-11f1-a22d-eeee0a847462.SmartProcureX-db-deployer#flowable-async-job-executor-thread-9997#
[PollExecuteTaskStatusExecution] 0811d82a-292b-418f-a9aa-32d7fd5c8825 [2026-08-02T04:35:25.762293] -----> Building dependencies (STDOUT, STG)#
#2026 08 02 07:54:57.348#Z#DEBUG#6828ea62-8e47-11f1-a22d-eeee0a847462.SmartProcureX-db-deployer#flowable-async-job-executor-thread-9997#
[PollExecuteTaskStatusExecution] 0811d82a-292b-418f-a9aa-32d7fd5c8825 [2026-08-02T04:35:25.762296] Prebuild detected (node_modules already exists) (STDOUT, STG)#
#2026 08 02 07:54:57.348#Z#DEBUG#6828ea62-8e47-11f1-a22d-eeee0a847462.SmartProcureX-db-deployer#flowable-async-job-executor-thread-9997#
[PollExecuteTaskStatusExecution] 0811d82a-292b-418f-a9aa-32d7fd5c8825 [2026-08-02T04:35:25.762310] Rebuilding any native modules (STDOUT, STG)#
#2026 08 02 07:54:57.348#Z#DEBUG#6828ea62-8e47-11f1-a22d-eeee0a847462.SmartProcureX-db-deployer#flowable-async-job-executor-thread-9997#
[PollExecuteTaskStatusExecution] 0811d82a-292b-418f-a9aa-32d7fd5c8825 [2026-08-02T04:35:26.136814] rebuilt dependencies successfully (STDOUT, STG)#
#2026 08 02 07:54:57.348#Z#DEBUG#6828ea62-8e47-11f1-a22d-eeee0a847462.SmartProcureX-db-deployer#flowable-async-job-executor-thread-9997#
[PollExecuteTaskStatusExecution] 0811d82a-292b-418f-a9aa-32d7fd5c8825 [2026-08-02T04:35:26.183692] Installing any new modules (package.json + package-lock.json) (STDOUT, STG)#
#2026 08 02 07:54:57.348#Z#DEBUG#6828ea62-8e47-11f1-a22d-eeee0a847462.SmartProcureX-db-deployer#flowable-async-job-executor-thread-9997#
[PollExecuteTaskStatusExecution] 0811d82a-292b-418f-a9aa-32d7fd5c8825 [2026-08-02T04:35:26.503114] up to date in 263ms (STDOUT, STG)#
#2026 08 02 07:54:57.348#Z#DEBUG#6828ea62-8e47-11f1-a22d-eeee0a847462.SmartProcureX-db-deployer#flowable-async-job-executor-thread-9997#
[PollExecuteTaskStatusExecution] 0811d82a-292b-418f-a9aa-32d7fd5c8825 [2026-08-02T04:35:26.503376] 4 packages are looking for funding (STDOUT, STG)#
#2026 08 02 07:54:57.348#Z#DEBUG#6828ea62-8e47-11f1-a22d-eeee0a847462.SmartProcureX-db-deployer#flowable-async-job-executor-thread-9997#
[PollExecuteTaskStatusExecution] 0811d82a-292b-418f-a9aa-32d7fd5c8825 [2026-08-02T04:35:26.503462] run `npm fund` for details (STDOUT, STG)#
#2026 08 02 07:54:57.348#Z#DEBUG#6828ea62-8e47-11f1-a22d-eeee0a847462.SmartProcureX-db-deployer#flowable-async-job-executor-thread-9997#
[PollExecuteTaskStatusExecution] 0811d82a-292b-418f-a9aa-32d7fd5c8825 [2026-08-02T04:35:26.941601] Contrast Security no credentials found. Will not write environment files. (STDOUT, STG)#
#2026 08 02 07:54:57.348#Z#DEBUG#6828ea62-8e47-11f1-a22d-eeee0a847462.SmartProcureX-db-deployer#flowable-async-job-executor-thread-9997#
[PollExecuteTaskStatusExecution] 0811d82a-292b-418f-a9aa-32d7fd5c8825 [2026-08-02T04:35:34.314886] Exit status 0 (STDOUT, STG)#
#2026 08 02 07:54:57.348#Z#DEBUG#6828ea62-8e47-11f1-a22d-eeee0a847462.SmartProcureX-db-deployer#flowable-async-job-executor-thread-9997#
[PollExecuteTaskStatusExecution] 0811d82a-292b-418f-a9aa-32d7fd5c8825 [2026-08-02T04:35:34.314957] Uploading droplet, build artifacts cache... (STDOUT, STG)#
#2026 08 02 07:54:57.348#Z#DEBUG#6828ea62-8e47-11f1-a22d-eeee0a847462.SmartProcureX-db-deployer#flowable-async-job-executor-thread-9997#
[PollExecuteTaskStatusExecution] 0811d82a-292b-418f-a9aa-32d7fd5c8825 [2026-08-02T04:35:34.315037] Uploading droplet... (STDOUT, STG)#
#2026 08 02 07:54:57.348#Z#DEBUG#6828ea62-8e47-11f1-a22d-eeee0a847462.SmartProcureX-db-deployer#flowable-async-job-executor-thread-9997#
[PollExecuteTaskStatusExecution] 0811d82a-292b-418f-a9aa-32d7fd5c8825 [2026-08-02T04:35:34.315039] Uploading build artifacts cache... (STDOUT, STG)#
#2026 08 02 07:54:57.348#Z#DEBUG#6828ea62-8e47-11f1-a22d-eeee0a847462.SmartProcureX-db-deployer#flowable-async-job-executor-thread-9997#
[PollExecuteTaskStatusExecution] 0811d82a-292b-418f-a9aa-32d7fd5c8825 [2026-08-02T04:35:34.345097] Uploaded build artifacts cache (223B) (STDOUT, STG)#
#2026 08 02 07:54:57.348#Z#DEBUG#6828ea62-8e47-11f1-a22d-eeee0a847462.SmartProcureX-db-deployer#flowable-async-job-executor-thread-9997#
[PollExecuteTaskStatusExecution] 0811d82a-292b-418f-a9aa-32d7fd5c8825 [2026-08-02T04:35:34.998131] Creating droplet for app with guid 0811d82a-292b-418f-a9aa-32d7fd5c8825 (STDOUT, API)#
#2026 08 02 07:54:57.348#Z#DEBUG#6828ea62-8e47-11f1-a22d-eeee0a847462.SmartProcureX-db-deployer#flowable-async-job-executor-thread-9997#
[PollExecuteTaskStatusExecution] 0811d82a-292b-418f-a9aa-32d7fd5c8825 [2026-08-02T04:35:37.068488] Uploaded droplet (58.6M) (STDOUT, STG)#
#2026 08 02 07:54:57.348#Z#DEBUG#6828ea62-8e47-11f1-a22d-eeee0a847462.SmartProcureX-db-deployer#flowable-async-job-executor-thread-9997#
[PollExecuteTaskStatusExecution] 0811d82a-292b-418f-a9aa-32d7fd5c8825 [2026-08-02T04:35:37.082110] Uploading complete (STDOUT, STG)#
#2026 08 02 07:54:57.348#Z#DEBUG#6828ea62-8e47-11f1-a22d-eeee0a847462.SmartProcureX-db-deployer#flowable-async-job-executor-thread-9997#
[PollExecuteTaskStatusExecution] 0811d82a-292b-418f-a9aa-32d7fd5c8825 [2026-08-02T04:35:37.801598] Cell da97415f-d45d-4f73-b6f3-2c853ecdb03d stopping instance f1209cd7-cbff-488b-98c8-dd3c58be20d2 (STDOUT, STG)#
#2026 08 02 07:54:57.348#Z#DEBUG#6828ea62-8e47-11f1-a22d-eeee0a847462.SmartProcureX-db-deployer#flowable-async-job-executor-thread-9997#
[PollExecuteTaskStatusExecution] 0811d82a-292b-418f-a9aa-32d7fd5c8825 [2026-08-02T04:35:37.801650] Cell da97415f-d45d-4f73-b6f3-2c853ecdb03d destroying container for instance f1209cd7-cbff-488b-98c8-dd3c58be20d2 (STDOUT, STG)#
#2026 08 02 07:54:57.348#Z#DEBUG#6828ea62-8e47-11f1-a22d-eeee0a847462.SmartProcureX-db-deployer#flowable-async-job-executor-thread-9997#
[PollExecuteTaskStatusExecution] 0811d82a-292b-418f-a9aa-32d7fd5c8825 [2026-08-02T04:35:37.849614] Staging complete for build f1209cd7-cbff-488b-98c8-dd3c58be20d2 (STDOUT, API)#
#2026 08 02 07:54:57.348#Z#DEBUG#6828ea62-8e47-11f1-a22d-eeee0a847462.SmartProcureX-db-deployer#flowable-async-job-executor-thread-9997#
[PollExecuteTaskStatusExecution] 0811d82a-292b-418f-a9aa-32d7fd5c8825 [2026-08-02T04:35:38.807196] Updated app with guid 0811d82a-292b-418f-a9aa-32d7fd5c8825 ({:droplet_guid=>"701472c7-0dc9-41f5-9790-00cce3c344af"}) (STDOUT, API)#
#2026 08 02 07:54:57.348#Z#DEBUG#6828ea62-8e47-11f1-a22d-eeee0a847462.SmartProcureX-db-deployer#flowable-async-job-executor-thread-9997#
[PollExecuteTaskStatusExecution] 0811d82a-292b-418f-a9aa-32d7fd5c8825 [2026-08-02T04:35:39.209081] Cell da97415f-d45d-4f73-b6f3-2c853ecdb03d successfully destroyed container for instance f1209cd7-cbff-488b-98c8-dd3c58be20d2 (STDOUT, STG)#
#2026 08 02 07:54:57.348#Z#DEBUG#6828ea62-8e47-11f1-a22d-eeee0a847462.SmartProcureX-db-deployer#flowable-async-job-executor-thread-9997#
[PollExecuteTaskStatusExecution] 0811d82a-292b-418f-a9aa-32d7fd5c8825 [2026-08-02T04:35:39.233536] Cell 89b9d699-6741-4253-b74d-7b474c46b6cc creating container for instance 26b122de-789f-4a27-94b7-82fc5a4b49e5 (STDOUT, CELL)#
#2026 08 02 07:54:57.348#Z#DEBUG#6828ea62-8e47-11f1-a22d-eeee0a847462.SmartProcureX-db-deployer#flowable-async-job-executor-thread-9997#
[PollExecuteTaskStatusExecution] 0811d82a-292b-418f-a9aa-32d7fd5c8825 [2026-08-02T04:35:39.530363] Security group rules were updated (STDOUT, CELL)#
#2026 08 02 07:54:57.348#Z#DEBUG#6828ea62-8e47-11f1-a22d-eeee0a847462.SmartProcureX-db-deployer#flowable-async-job-executor-thread-9997#
[PollExecuteTaskStatusExecution] 0811d82a-292b-418f-a9aa-32d7fd5c8825 [2026-08-02T04:35:39.577669] Cell 89b9d699-6741-4253-b74d-7b474c46b6cc successfully created container for instance 26b122de-789f-4a27-94b7-82fc5a4b49e5 (STDOUT, CELL)#
#2026 08 02 07:54:57.348#Z#DEBUG#6828ea62-8e47-11f1-a22d-eeee0a847462.SmartProcureX-db-deployer#flowable-async-job-executor-thread-9997#
[PollExecuteTaskStatusExecution] 0811d82a-292b-418f-a9aa-32d7fd5c8825 [2026-08-02T04:35:42.866083] Invoking pre-start scripts. (STDOUT, APP/TASK/deploy)#
#2026 08 02 07:54:57.348#Z#DEBUG#6828ea62-8e47-11f1-a22d-eeee0a847462.SmartProcureX-db-deployer#flowable-async-job-executor-thread-9997#
[PollExecuteTaskStatusExecution] 0811d82a-292b-418f-a9aa-32d7fd5c8825 [2026-08-02T04:35:43.006442] Invoking start command. (STDOUT, APP/TASK/deploy)#
#2026 08 02 07:54:57.348#Z#DEBUG#6828ea62-8e47-11f1-a22d-eeee0a847462.SmartProcureX-db-deployer#flowable-async-job-executor-thread-9997#
[PollExecuteTaskStatusExecution] 0811d82a-292b-418f-a9aa-32d7fd5c8825 [2026-08-02T04:35:43.291168] > start (STDOUT, APP/TASK/deploy)#
#2026 08 02 07:54:57.348#Z#DEBUG#6828ea62-8e47-11f1-a22d-eeee0a847462.SmartProcureX-db-deployer#flowable-async-job-executor-thread-9997#
[PollExecuteTaskStatusExecution] 0811d82a-292b-418f-a9aa-32d7fd5c8825 [2026-08-02T04:35:43.291194] > node node_modules/@sap/hdi-deploy/deploy.js --use-hdb --parameter com.sap.hana.di.table/try_fast_table_migration=true (STDOUT, APP/TASK/deploy)#
#2026 08 02 07:54:57.348#Z#DEBUG#6828ea62-8e47-11f1-a22d-eeee0a847462.SmartProcureX-db-deployer#flowable-async-job-executor-thread-9997#
[PollExecuteTaskStatusExecution] 0811d82a-292b-418f-a9aa-32d7fd5c8825 [2026-08-02T04:35:43.387300] VCAP_SERVICES: (STDOUT, APP/TASK/deploy)#
#2026 08 02 07:54:57.348#Z#DEBUG#6828ea62-8e47-11f1-a22d-eeee0a847462.SmartProcureX-db-deployer#flowable-async-job-executor-thread-9997#
[PollExecuteTaskStatusExecution] 0811d82a-292b-418f-a9aa-32d7fd5c8825 [2026-08-02T04:35:43.387764] { (STDOUT, APP/TASK/deploy)#
#2026 08 02 07:54:57.348#Z#DEBUG#6828ea62-8e47-11f1-a22d-eeee0a847462.SmartProcureX-db-deployer#flowable-async-job-executor-thread-9997#
[PollExecuteTaskStatusExecution] 0811d82a-292b-418f-a9aa-32d7fd5c8825 [2026-08-02T04:35:43.387780] "hana": [ (STDOUT, APP/TASK/deploy)#
#2026 08 02 07:54:57.348#Z#DEBUG#6828ea62-8e47-11f1-a22d-eeee0a847462.SmartProcureX-db-deployer#flowable-async-job-executor-thread-9997#
[PollExecuteTaskStatusExecution] 0811d82a-292b-418f-a9aa-32d7fd5c8825 [2026-08-02T04:35:43.387785] { (STDOUT, APP/TASK/deploy)#
#2026 08 02 07:54:57.348#Z#DEBUG#6828ea62-8e47-11f1-a22d-eeee0a847462.SmartProcureX-db-deployer#flowable-async-job-executor-thread-9997#
[PollExecuteTaskStatusExecution] 0811d82a-292b-418f-a9aa-32d7fd5c8825 [2026-08-02T04:35:43.387791] "name": "SmartProcureX-db", (STDOUT, APP/TASK/deploy)#
#2026 08 02 07:54:57.348#Z#DEBUG#6828ea62-8e47-11f1-a22d-eeee0a847462.SmartProcureX-db-deployer#flowable-async-job-executor-thread-9997#
[PollExecuteTaskStatusExecution] 0811d82a-292b-418f-a9aa-32d7fd5c8825 [2026-08-02T04:35:43.387799] "label": "hana", (STDOUT, APP/TASK/deploy)#
#2026 08 02 07:54:57.348#Z#DEBUG#6828ea62-8e47-11f1-a22d-eeee0a847462.SmartProcureX-db-deployer#flowable-async-job-executor-thread-9997#
[PollExecuteTaskStatusExecution] 0811d82a-292b-418f-a9aa-32d7fd5c8825 [2026-08-02T04:35:43.387803] "plan": "hdi-shared", (STDOUT, APP/TASK/deploy)#
#2026 08 02 07:54:57.348#Z#DEBUG#6828ea62-8e47-11f1-a22d-eeee0a847462.SmartProcureX-db-deployer#flowable-async-job-executor-thread-9997#
[PollExecuteTaskStatusExecution] 0811d82a-292b-418f-a9aa-32d7fd5c8825 [2026-08-02T04:35:43.387807] "credentials": { (STDOUT, APP/TASK/deploy)#
#2026 08 02 07:54:57.348#Z#DEBUG#6828ea62-8e47-11f1-a22d-eeee0a847462.SmartProcureX-db-deployer#flowable-async-job-executor-thread-9997#
[PollExecuteTaskStatusExecution] 0811d82a-292b-418f-a9aa-32d7fd5c8825 [2026-08-02T04:35:43.387811] "schema": "B2E83F60A5C34A6E98091CC639322A6C", (STDOUT, APP/TASK/deploy)#
#2026 08 02 07:54:57.348#Z#DEBUG#6828ea62-8e47-11f1-a22d-eeee0a847462.SmartProcureX-db-deployer#flowable-async-job-executor-thread-9997#
[PollExecuteTaskStatusExecution] 0811d82a-292b-418f-a9aa-32d7fd5c8825 [2026-08-02T04:35:43.387818] "database_id": "ccb85f22-d9b4-4190-84d2-64f7029bd6f6", (STDOUT, APP/TASK/deploy)#
#2026 08 02 07:54:57.348#Z#DEBUG#6828ea62-8e47-11f1-a22d-eeee0a847462.SmartProcureX-db-deployer#flowable-async-job-executor-thread-9997#
[PollExecuteTaskStatusExecution] 0811d82a-292b-418f-a9aa-32d7fd5c8825 [2026-08-02T04:35:43.387823] "user": "B2E83F60A5C34A6E98091CC639322A6C_11HPH9KXTDTQSB7FMNXEVK1B1_RT", (STDOUT, APP/TASK/deploy)#
#2026 08 02 07:54:57.348#Z#DEBUG#6828ea62-8e47-11f1-a22d-eeee0a847462.SmartProcureX-db-deployer#flowable-async-job-executor-thread-9997#
[PollExecuteTaskStatusExecution] 0811d82a-292b-418f-a9aa-32d7fd5c8825 [2026-08-02T04:35:43.387827] "hdi_user": "B2E83F60A5C34A6E98091CC639322A6C_11HPH9KXTDTQSB7FMNXEVK1B1_DT" (STDOUT, APP/TASK/deploy)#
#2026 08 02 07:54:57.348#Z#DEBUG#6828ea62-8e47-11f1-a22d-eeee0a847462.SmartProcureX-db-deployer#flowable-async-job-executor-thread-9997#
[PollExecuteTaskStatusExecution] 0811d82a-292b-418f-a9aa-32d7fd5c8825 [2026-08-02T04:35:43.387830] }, (STDOUT, APP/TASK/deploy)#
#2026 08 02 07:54:57.348#Z#DEBUG#6828ea62-8e47-11f1-a22d-eeee0a847462.SmartProcureX-db-deployer#flowable-async-job-executor-thread-9997#
[PollExecuteTaskStatusExecution] 0811d82a-292b-418f-a9aa-32d7fd5c8825 [2026-08-02T04:35:43.387833] "tags": [ (STDOUT, APP/TASK/deploy)#
#2026 08 02 07:54:57.348#Z#DEBUG#6828ea62-8e47-11f1-a22d-eeee0a847462.SmartProcureX-db-deployer#flowable-async-job-executor-thread-9997#
[PollExecuteTaskStatusExecution] 0811d82a-292b-418f-a9aa-32d7fd5c8825 [2026-08-02T04:35:43.387836] "hana", (STDOUT, APP/TASK/deploy)#
#2026 08 02 07:54:57.348#Z#DEBUG#6828ea62-8e47-11f1-a22d-eeee0a847462.SmartProcureX-db-deployer#flowable-async-job-executor-thread-9997#
[PollExecuteTaskStatusExecution] 0811d82a-292b-418f-a9aa-32d7fd5c8825 [2026-08-02T04:35:43.387840] "database", (STDOUT, APP/TASK/deploy)#
#2026 08 02 07:54:57.348#Z#DEBUG#6828ea62-8e47-11f1-a22d-eeee0a847462.SmartProcureX-db-deployer#flowable-async-job-executor-thread-9997#
[PollExecuteTaskStatusExecution] 0811d82a-292b-418f-a9aa-32d7fd5c8825 [2026-08-02T04:35:43.387843] "relational" (STDOUT, APP/TASK/deploy)#
#2026 08 02 07:54:57.348#Z#DEBUG#6828ea62-8e47-11f1-a22d-eeee0a847462.SmartProcureX-db-deployer#flowable-async-job-executor-thread-9997#
[PollExecuteTaskStatusExecution] 0811d82a-292b-418f-a9aa-32d7fd5c8825 [2026-08-02T04:35:43.387847] ] (STDOUT, APP/TASK/deploy)#
#2026 08 02 07:54:57.348#Z#DEBUG#6828ea62-8e47-11f1-a22d-eeee0a847462.SmartProcureX-db-deployer#flowable-async-job-executor-thread-9997#
[PollExecuteTaskStatusExecution] 0811d82a-292b-418f-a9aa-32d7fd5c8825 [2026-08-02T04:35:43.387851] } (STDOUT, APP/TASK/deploy)#
#2026 08 02 07:54:57.348#Z#DEBUG#6828ea62-8e47-11f1-a22d-eeee0a847462.SmartProcureX-db-deployer#flowable-async-job-executor-thread-9997#
[PollExecuteTaskStatusExecution] 0811d82a-292b-418f-a9aa-32d7fd5c8825 [2026-08-02T04:35:43.387854] ] (STDOUT, APP/TASK/deploy)#
#2026 08 02 07:54:57.348#Z#DEBUG#6828ea62-8e47-11f1-a22d-eeee0a847462.SmartProcureX-db-deployer#flowable-async-job-executor-thread-9997#
[PollExecuteTaskStatusExecution] 0811d82a-292b-418f-a9aa-32d7fd5c8825 [2026-08-02T04:35:43.387857] } (STDOUT, APP/TASK/deploy)#
#2026 08 02 07:54:57.348#Z#DEBUG#6828ea62-8e47-11f1-a22d-eeee0a847462.SmartProcureX-db-deployer#flowable-async-job-executor-thread-9997#
[PollExecuteTaskStatusExecution] 0811d82a-292b-418f-a9aa-32d7fd5c8825 [2026-08-02T04:35:47.688232] @sap/hdi-deploy, version 5.7.0 (mode default), server version unknown (0.0.0.0), cloud version , node version 24.15.0, HDI version -1, container API version -1 (STDOUT, APP/TASK/deploy)#
#2026 08 02 07:54:57.348#Z#DEBUG#6828ea62-8e47-11f1-a22d-eeee0a847462.SmartProcureX-db-deployer#flowable-async-job-executor-thread-9997#
[PollExecuteTaskStatusExecution] 0811d82a-292b-418f-a9aa-32d7fd5c8825 [2026-08-02T04:35:47.688264] Deployment started at 2026-08-02 04:35:47 (STDOUT, APP/TASK/deploy)#
#2026 08 02 07:54:57.348#Z#DEBUG#6828ea62-8e47-11f1-a22d-eeee0a847462.SmartProcureX-db-deployer#flowable-async-job-executor-thread-9997#
[PollExecuteTaskStatusExecution] 0811d82a-292b-418f-a9aa-32d7fd5c8825 [2026-08-02T04:35:47.688340] Using hdb@2.29.5 for connection (STDOUT, APP/TASK/deploy)#
#2026 08 02 07:54:57.348#Z#DEBUG#6828ea62-8e47-11f1-a22d-eeee0a847462.SmartProcureX-db-deployer#flowable-async-job-executor-thread-9997#
[PollExecuteTaskStatusExecution] 0811d82a-292b-418f-a9aa-32d7fd5c8825 [2026-08-02T04:35:47.688362] Detection of server version failed; root cause: HANA Database instance is stopped (STDOUT, APP/TASK/deploy)#
#2026 08 02 07:54:57.348#Z#DEBUG#6828ea62-8e47-11f1-a22d-eeee0a847462.SmartProcureX-db-deployer#flowable-async-job-executor-thread-9997#
[PollExecuteTaskStatusExecution] 0811d82a-292b-418f-a9aa-32d7fd5c8825 [2026-08-02T04:35:47.688366] Detection of cloud version failed; root cause: HANA Database instance is stopped (STDOUT, APP/TASK/deploy)#
#2026 08 02 07:54:57.348#Z#DEBUG#6828ea62-8e47-11f1-a22d-eeee0a847462.SmartProcureX-db-deployer#flowable-async-job-executor-thread-9997#
[PollExecuteTaskStatusExecution] 0811d82a-292b-418f-a9aa-32d7fd5c8825 [2026-08-02T04:35:47.688371] Detection of container API version failed; root cause: HANA Database instance is stopped (STDOUT, APP/TASK/deploy)#
#2026 08 02 07:54:57.348#Z#DEBUG#6828ea62-8e47-11f1-a22d-eeee0a847462.SmartProcureX-db-deployer#flowable-async-job-executor-thread-9997#
[PollExecuteTaskStatusExecution] 0811d82a-292b-418f-a9aa-32d7fd5c8825 [2026-08-02T04:35:47.688392] Detection of HDI version failed; root cause: HANA Database instance is stopped (STDOUT, APP/TASK/deploy)#
#2026 08 02 07:54:57.348#Z#DEBUG#6828ea62-8e47-11f1-a22d-eeee0a847462.SmartProcureX-db-deployer#flowable-async-job-executor-thread-9997#
[PollExecuteTaskStatusExecution] 0811d82a-292b-418f-a9aa-32d7fd5c8825 [2026-08-02T04:35:47.688650] Deployment ended at 2026-08-02 04:35:47 (STDOUT, APP/TASK/deploy)#
#2026 08 02 07:54:57.348#Z#DEBUG#6828ea62-8e47-11f1-a22d-eeee0a847462.SmartProcureX-db-deployer#flowable-async-job-executor-thread-9997#
[PollExecuteTaskStatusExecution] 0811d82a-292b-418f-a9aa-32d7fd5c8825 [2026-08-02T04:35:47.688892] Error: Option parameter is not supported by the server; based on detected server version unknown (STDERR, APP/TASK/deploy)#
#2026 08 02 07:54:57.348#Z#DEBUG#6828ea62-8e47-11f1-a22d-eeee0a847462.SmartProcureX-db-deployer#flowable-async-job-executor-thread-9997#
[PollExecuteTaskStatusExecution] 0811d82a-292b-418f-a9aa-32d7fd5c8825 [2026-08-02T04:35:47.688962] (4s 367ms) (STDOUT, APP/TASK/deploy)#
#2026 08 02 07:54:57.348#Z#DEBUG#6828ea62-8e47-11f1-a22d-eeee0a847462.SmartProcureX-db-deployer#flowable-async-job-executor-thread-9997#
[PollExecuteTaskStatusExecution] 0811d82a-292b-418f-a9aa-32d7fd5c8825 [2026-08-02T04:35:47.698168] npm notice (STDERR, APP/TASK/deploy)#
#2026 08 02 07:54:57.348#Z#DEBUG#6828ea62-8e47-11f1-a22d-eeee0a847462.SmartProcureX-db-deployer#flowable-async-job-executor-thread-9997#
[PollExecuteTaskStatusExecution] 0811d82a-292b-418f-a9aa-32d7fd5c8825 [2026-08-02T04:35:47.698180] npm notice New major version of npm available! 11.12.1 -> 12.0.2 (STDERR, APP/TASK/deploy)#
#2026 08 02 07:54:57.348#Z#DEBUG#6828ea62-8e47-11f1-a22d-eeee0a847462.SmartProcureX-db-deployer#flowable-async-job-executor-thread-9997#
[PollExecuteTaskStatusExecution] 0811d82a-292b-418f-a9aa-32d7fd5c8825 [2026-08-02T04:35:47.698189] npm notice Changelog: https://github.com/npm/cli/releases/tag/v12.0.2 (STDERR, APP/TASK/deploy)#
#2026 08 02 07:54:57.348#Z#DEBUG#6828ea62-8e47-11f1-a22d-eeee0a847462.SmartProcureX-db-deployer#flowable-async-job-executor-thread-9997#
[PollExecuteTaskStatusExecution] 0811d82a-292b-418f-a9aa-32d7fd5c8825 [2026-08-02T04:35:47.698193] npm notice To update run: npm install -g npm@12.0.2 (STDERR, APP/TASK/deploy)#
#2026 08 02 07:54:57.348#Z#DEBUG#6828ea62-8e47-11f1-a22d-eeee0a847462.SmartProcureX-db-deployer#flowable-async-job-executor-thread-9997#
[PollExecuteTaskStatusExecution] 0811d82a-292b-418f-a9aa-32d7fd5c8825 [2026-08-02T04:35:47.698195] npm notice (STDERR, APP/TASK/deploy)#
#2026 08 02 07:54:57.348#Z#DEBUG#6828ea62-8e47-11f1-a22d-eeee0a847462.SmartProcureX-db-deployer#flowable-async-job-executor-thread-9997#
[PollExecuteTaskStatusExecution] 0811d82a-292b-418f-a9aa-32d7fd5c8825 [2026-08-02T04:35:47.749212] Exit status 1 (STDOUT, APP/TASK/deploy)#
#2026 08 02 07:54:57.348#Z#DEBUG#6828ea62-8e47-11f1-a22d-eeee0a847462.SmartProcureX-db-deployer#flowable-async-job-executor-thread-9997#
[PollExecuteTaskStatusExecution] 0811d82a-292b-418f-a9aa-32d7fd5c8825 [2026-08-02T04:35:48.307221] Cell 89b9d699-6741-4253-b74d-7b474c46b6cc stopping instance 26b122de-789f-4a27-94b7-82fc5a4b49e5 (STDOUT, CELL)#
#2026 08 02 07:54:57.348#Z#DEBUG#6828ea62-8e47-11f1-a22d-eeee0a847462.SmartProcureX-db-deployer#flowable-async-job-executor-thread-9997#
[PollExecuteTaskStatusExecution] 0811d82a-292b-418f-a9aa-32d7fd5c8825 [2026-08-02T04:35:48.307255] Cell 89b9d699-6741-4253-b74d-7b474c46b6cc destroying container for instance 26b122de-789f-4a27-94b7-82fc5a4b49e5 (STDOUT, CELL)#
#2026 08 02 07:54:57.348#Z#DEBUG#6828ea62-8e47-11f1-a22d-eeee0a847462.SmartProcureX-db-deployer#flowable-async-job-executor-thread-9997#
[PollExecuteTaskStatusExecution] 0811d82a-292b-418f-a9aa-32d7fd5c8825 [2026-08-02T04:35:50.377170] Cell 89b9d699-6741-4253-b74d-7b474c46b6cc successfully destroyed container for instance 26b122de-789f-4a27-94b7-82fc5a4b49e5 (STDOUT, CELL)#
#2026 08 02 07:54:57.348#Z#DEBUG#6828ea62-8e47-11f1-a22d-eeee0a847462.SmartProcureX-db-deployer#flowable-async-job-executor-thread-9997#
[PollExecuteTaskStatusExecution] 0811d82a-292b-418f-a9aa-32d7fd5c8825 [2026-08-02T04:35:52.824685] Cell cdd66a98-00c8-41cf-94b2-8f9408d19596 creating container for instance b1584212-ba25-4bce-bbf6-157914a627eb (STDOUT, CELL)#
#2026 08 02 07:54:57.348#Z#DEBUG#6828ea62-8e47-11f1-a22d-eeee0a847462.SmartProcureX-db-deployer#flowable-async-job-executor-thread-9997#
[PollExecuteTaskStatusExecution] 0811d82a-292b-418f-a9aa-32d7fd5c8825 [2026-08-02T04:35:53.138535] Security group rules were updated (STDOUT, CELL)#
#2026 08 02 07:54:57.348#Z#DEBUG#6828ea62-8e47-11f1-a22d-eeee0a847462.SmartProcureX-db-deployer#flowable-async-job-executor-thread-9997#
[PollExecuteTaskStatusExecution] 0811d82a-292b-418f-a9aa-32d7fd5c8825 [2026-08-02T04:35:53.197834] Cell cdd66a98-00c8-41cf-94b2-8f9408d19596 successfully created container for instance b1584212-ba25-4bce-bbf6-157914a627eb (STDOUT, CELL)#
#2026 08 02 07:54:57.348#Z#DEBUG#6828ea62-8e47-11f1-a22d-eeee0a847462.SmartProcureX-db-deployer#flowable-async-job-executor-thread-9997#
[PollExecuteTaskStatusExecution] 0811d82a-292b-418f-a9aa-32d7fd5c8825 [2026-08-02T04:35:56.379213] Invoking pre-start scripts. (STDOUT, APP/TASK/deploy)#
#2026 08 02 07:54:57.348#Z#DEBUG#6828ea62-8e47-11f1-a22d-eeee0a847462.SmartProcureX-db-deployer#flowable-async-job-executor-thread-9997#
[PollExecuteTaskStatusExecution] 0811d82a-292b-418f-a9aa-32d7fd5c8825 [2026-08-02T04:35:56.521143] Invoking start command. (STDOUT, APP/TASK/deploy)#
#2026 08 02 07:54:57.348#Z#DEBUG#6828ea62-8e47-11f1-a22d-eeee0a847462.SmartProcureX-db-deployer#flowable-async-job-executor-thread-9997#
[PollExecuteTaskStatusExecution] 0811d82a-292b-418f-a9aa-32d7fd5c8825 [2026-08-02T04:35:56.804142] > start (STDOUT, APP/TASK/deploy)#
#2026 08 02 07:54:57.348#Z#DEBUG#6828ea62-8e47-11f1-a22d-eeee0a847462.SmartProcureX-db-deployer#flowable-async-job-executor-thread-9997#
[PollExecuteTaskStatusExecution] 0811d82a-292b-418f-a9aa-32d7fd5c8825 [2026-08-02T04:35:56.804156] > node node_modules/@sap/hdi-deploy/deploy.js --use-hdb --parameter com.sap.hana.di.table/try_fast_table_migration=true (STDOUT, APP/TASK/deploy)#
#2026 08 02 07:54:57.348#Z#DEBUG#6828ea62-8e47-11f1-a22d-eeee0a847462.SmartProcureX-db-deployer#flowable-async-job-executor-thread-9997#
[PollExecuteTaskStatusExecution] 0811d82a-292b-418f-a9aa-32d7fd5c8825 [2026-08-02T04:35:56.907433] VCAP_SERVICES: (STDOUT, APP/TASK/deploy)#
#2026 08 02 07:54:57.348#Z#DEBUG#6828ea62-8e47-11f1-a22d-eeee0a847462.SmartProcureX-db-deployer#flowable-async-job-executor-thread-9997#
[PollExecuteTaskStatusExecution] 0811d82a-292b-418f-a9aa-32d7fd5c8825 [2026-08-02T04:35:56.907829] { (STDOUT, APP/TASK/deploy)#
#2026 08 02 07:54:57.348#Z#DEBUG#6828ea62-8e47-11f1-a22d-eeee0a847462.SmartProcureX-db-deployer#flowable-async-job-executor-thread-9997#
[PollExecuteTaskStatusExecution] 0811d82a-292b-418f-a9aa-32d7fd5c8825 [2026-08-02T04:35:56.907851] "hana": [ (STDOUT, APP/TASK/deploy)#
#2026 08 02 07:54:57.348#Z#DEBUG#6828ea62-8e47-11f1-a22d-eeee0a847462.SmartProcureX-db-deployer#flowable-async-job-executor-thread-9997#
[PollExecuteTaskStatusExecution] 0811d82a-292b-418f-a9aa-32d7fd5c8825 [2026-08-02T04:35:56.907858] { (STDOUT, APP/TASK/deploy)#
#2026 08 02 07:54:57.348#Z#DEBUG#6828ea62-8e47-11f1-a22d-eeee0a847462.SmartProcureX-db-deployer#flowable-async-job-executor-thread-9997#
[PollExecuteTaskStatusExecution] 0811d82a-292b-418f-a9aa-32d7fd5c8825 [2026-08-02T04:35:56.907863] "name": "SmartProcureX-db", (STDOUT, APP/TASK/deploy)#
#2026 08 02 07:54:57.348#Z#DEBUG#6828ea62-8e47-11f1-a22d-eeee0a847462.SmartProcureX-db-deployer#flowable-async-job-executor-thread-9997#
[PollExecuteTaskStatusExecution] 0811d82a-292b-418f-a9aa-32d7fd5c8825 [2026-08-02T04:35:56.907868] "label": "hana", (STDOUT, APP/TASK/deploy)#
#2026 08 02 07:54:57.348#Z#DEBUG#6828ea62-8e47-11f1-a22d-eeee0a847462.SmartProcureX-db-deployer#flowable-async-job-executor-thread-9997#
[PollExecuteTaskStatusExecution] 0811d82a-292b-418f-a9aa-32d7fd5c8825 [2026-08-02T04:35:56.907872] "plan": "hdi-shared", (STDOUT, APP/TASK/deploy)#
#2026 08 02 07:54:57.348#Z#DEBUG#6828ea62-8e47-11f1-a22d-eeee0a847462.SmartProcureX-db-deployer#flowable-async-job-executor-thread-9997#
[PollExecuteTaskStatusExecution] 0811d82a-292b-418f-a9aa-32d7fd5c8825 [2026-08-02T04:35:56.907879] "credentials": { (STDOUT, APP/TASK/deploy)#
#2026 08 02 07:54:57.348#Z#DEBUG#6828ea62-8e47-11f1-a22d-eeee0a847462.SmartProcureX-db-deployer#flowable-async-job-executor-thread-9997#
[PollExecuteTaskStatusExecution] 0811d82a-292b-418f-a9aa-32d7fd5c8825 [2026-08-02T04:35:56.907883] "schema": "B2E83F60A5C34A6E98091CC639322A6C", (STDOUT, APP/TASK/deploy)#
#2026 08 02 07:54:57.348#Z#DEBUG#6828ea62-8e47-11f1-a22d-eeee0a847462.SmartProcureX-db-deployer#flowable-async-job-executor-thread-9997#
[PollExecuteTaskStatusExecution] 0811d82a-292b-418f-a9aa-32d7fd5c8825 [2026-08-02T04:35:56.907903] "database_id": "ccb85f22-d9b4-4190-84d2-64f7029bd6f6", (STDOUT, APP/TASK/deploy)#
#2026 08 02 07:54:57.348#Z#DEBUG#6828ea62-8e47-11f1-a22d-eeee0a847462.SmartProcureX-db-deployer#flowable-async-job-executor-thread-9997#
[PollExecuteTaskStatusExecution] 0811d82a-292b-418f-a9aa-32d7fd5c8825 [2026-08-02T04:35:56.907908] "user": "B2E83F60A5C34A6E98091CC639322A6C_11HPH9KXTDTQSB7FMNXEVK1B1_RT", (STDOUT, APP/TASK/deploy)#
#2026 08 02 07:54:57.348#Z#DEBUG#6828ea62-8e47-11f1-a22d-eeee0a847462.SmartProcureX-db-deployer#flowable-async-job-executor-thread-9997#
[PollExecuteTaskStatusExecution] 0811d82a-292b-418f-a9aa-32d7fd5c8825 [2026-08-02T04:35:56.907915] "hdi_user": "B2E83F60A5C34A6E98091CC639322A6C_11HPH9KXTDTQSB7FMNXEVK1B1_DT" (STDOUT, APP/TASK/deploy)#
#2026 08 02 07:54:57.348#Z#DEBUG#6828ea62-8e47-11f1-a22d-eeee0a847462.SmartProcureX-db-deployer#flowable-async-job-executor-thread-9997#
[PollExecuteTaskStatusExecution] 0811d82a-292b-418f-a9aa-32d7fd5c8825 [2026-08-02T04:35:56.907919] }, (STDOUT, APP/TASK/deploy)#
#2026 08 02 07:54:57.348#Z#DEBUG#6828ea62-8e47-11f1-a22d-eeee0a847462.SmartProcureX-db-deployer#flowable-async-job-executor-thread-9997#
[PollExecuteTaskStatusExecution] 0811d82a-292b-418f-a9aa-32d7fd5c8825 [2026-08-02T04:35:56.907922] "tags": [ (STDOUT, APP/TASK/deploy)#
#2026 08 02 07:54:57.348#Z#DEBUG#6828ea62-8e47-11f1-a22d-eeee0a847462.SmartProcureX-db-deployer#flowable-async-job-executor-thread-9997#
[PollExecuteTaskStatusExecution] 0811d82a-292b-418f-a9aa-32d7fd5c8825 [2026-08-02T04:35:56.907925] "hana", (STDOUT, APP/TASK/deploy)#
#2026 08 02 07:54:57.348#Z#DEBUG#6828ea62-8e47-11f1-a22d-eeee0a847462.SmartProcureX-db-deployer#flowable-async-job-executor-thread-9997#
[PollExecuteTaskStatusExecution] 0811d82a-292b-418f-a9aa-32d7fd5c8825 [2026-08-02T04:35:56.907928] "database", (STDOUT, APP/TASK/deploy)#
#2026 08 02 07:54:57.348#Z#DEBUG#6828ea62-8e47-11f1-a22d-eeee0a847462.SmartProcureX-db-deployer#flowable-async-job-executor-thread-9997#
[PollExecuteTaskStatusExecution] 0811d82a-292b-418f-a9aa-32d7fd5c8825 [2026-08-02T04:35:56.907933] "relational" (STDOUT, APP/TASK/deploy)#
#2026 08 02 07:54:57.348#Z#DEBUG#6828ea62-8e47-11f1-a22d-eeee0a847462.SmartProcureX-db-deployer#flowable-async-job-executor-thread-9997#
[PollExecuteTaskStatusExecution] 0811d82a-292b-418f-a9aa-32d7fd5c8825 [2026-08-02T04:35:56.907936] ] (STDOUT, APP/TASK/deploy)#
#2026 08 02 07:54:57.348#Z#DEBUG#6828ea62-8e47-11f1-a22d-eeee0a847462.SmartProcureX-db-deployer#flowable-async-job-executor-thread-9997#
[PollExecuteTaskStatusExecution] 0811d82a-292b-418f-a9aa-32d7fd5c8825 [2026-08-02T04:35:56.907939] } (STDOUT, APP/TASK/deploy)#
#2026 08 02 07:54:57.348#Z#DEBUG#6828ea62-8e47-11f1-a22d-eeee0a847462.SmartProcureX-db-deployer#flowable-async-job-executor-thread-9997#
[PollExecuteTaskStatusExecution] 0811d82a-292b-418f-a9aa-32d7fd5c8825 [2026-08-02T04:35:56.907942] ] (STDOUT, APP/TASK/deploy)#
#2026 08 02 07:54:57.348#Z#DEBUG#6828ea62-8e47-11f1-a22d-eeee0a847462.SmartProcureX-db-deployer#flowable-async-job-executor-thread-9997#
[PollExecuteTaskStatusExecution] 0811d82a-292b-418f-a9aa-32d7fd5c8825 [2026-08-02T04:35:56.907948] } (STDOUT, APP/TASK/deploy)#
#2026 08 02 07:54:57.348#Z#DEBUG#6828ea62-8e47-11f1-a22d-eeee0a847462.SmartProcureX-db-deployer#flowable-async-job-executor-thread-9997#
[PollExecuteTaskStatusExecution] 0811d82a-292b-418f-a9aa-32d7fd5c8825 [2026-08-02T04:36:01.219200] @sap/hdi-deploy, version 5.7.0 (mode default), server version unknown (0.0.0.0), cloud version , node version 24.15.0, HDI version -1, container API version -1 (STDOUT, APP/TASK/deploy)#
#2026 08 02 07:54:57.348#Z#DEBUG#6828ea62-8e47-11f1-a22d-eeee0a847462.SmartProcureX-db-deployer#flowable-async-job-executor-thread-9997#
[PollExecuteTaskStatusExecution] 0811d82a-292b-418f-a9aa-32d7fd5c8825 [2026-08-02T04:36:01.219232] Deployment started at 2026-08-02 04:36:01 (STDOUT, APP/TASK/deploy)#
#2026 08 02 07:54:57.348#Z#DEBUG#6828ea62-8e47-11f1-a22d-eeee0a847462.SmartProcureX-db-deployer#flowable-async-job-executor-thread-9997#
[PollExecuteTaskStatusExecution] 0811d82a-292b-418f-a9aa-32d7fd5c8825 [2026-08-02T04:36:01.219344] Using hdb@2.29.5 for connection (STDOUT, APP/TASK/deploy)#
#2026 08 02 07:54:57.348#Z#DEBUG#6828ea62-8e47-11f1-a22d-eeee0a847462.SmartProcureX-db-deployer#flowable-async-job-executor-thread-9997#
[PollExecuteTaskStatusExecution] 0811d82a-292b-418f-a9aa-32d7fd5c8825 [2026-08-02T04:36:01.219364] Detection of server version failed; root cause: HANA Database instance is stopped (STDOUT, APP/TASK/deploy)#
#2026 08 02 07:54:57.348#Z#DEBUG#6828ea62-8e47-11f1-a22d-eeee0a847462.SmartProcureX-db-deployer#flowable-async-job-executor-thread-9997#
[PollExecuteTaskStatusExecution] 0811d82a-292b-418f-a9aa-32d7fd5c8825 [2026-08-02T04:36:01.219370] Detection of cloud version failed; root cause: HANA Database instance is stopped (STDOUT, APP/TASK/deploy)#
#2026 08 02 07:54:57.348#Z#DEBUG#6828ea62-8e47-11f1-a22d-eeee0a847462.SmartProcureX-db-deployer#flowable-async-job-executor-thread-9997#
[PollExecuteTaskStatusExecution] 0811d82a-292b-418f-a9aa-32d7fd5c8825 [2026-08-02T04:36:01.219375] Detection of container API version failed; root cause: HANA Database instance is stopped (STDOUT, APP/TASK/deploy)#
#2026 08 02 07:54:57.348#Z#DEBUG#6828ea62-8e47-11f1-a22d-eeee0a847462.SmartProcureX-db-deployer#flowable-async-job-executor-thread-9997#
[PollExecuteTaskStatusExecution] 0811d82a-292b-418f-a9aa-32d7fd5c8825 [2026-08-02T04:36:01.219379] Detection of HDI version failed; root cause: HANA Database instance is stopped (STDOUT, APP/TASK/deploy)#
#2026 08 02 07:54:57.348#Z#DEBUG#6828ea62-8e47-11f1-a22d-eeee0a847462.SmartProcureX-db-deployer#flowable-async-job-executor-thread-9997#
[PollExecuteTaskStatusExecution] 0811d82a-292b-418f-a9aa-32d7fd5c8825 [2026-08-02T04:36:01.219658] Deployment ended at 2026-08-02 04:36:01 (STDOUT, APP/TASK/deploy)#
#2026 08 02 07:54:57.348#Z#DEBUG#6828ea62-8e47-11f1-a22d-eeee0a847462.SmartProcureX-db-deployer#flowable-async-job-executor-thread-9997#
[PollExecuteTaskStatusExecution] 0811d82a-292b-418f-a9aa-32d7fd5c8825 [2026-08-02T04:36:01.219831] Error: Option parameter is not supported by the server; based on detected server version unknown (STDERR, APP/TASK/deploy)#
#2026 08 02 07:54:57.348#Z#DEBUG#6828ea62-8e47-11f1-a22d-eeee0a847462.SmartProcureX-db-deployer#flowable-async-job-executor-thread-9997#
[PollExecuteTaskStatusExecution] 0811d82a-292b-418f-a9aa-32d7fd5c8825 [2026-08-02T04:36:01.219895] (4s 385ms) (STDOUT, APP/TASK/deploy)#
#2026 08 02 07:54:57.348#Z#DEBUG#6828ea62-8e47-11f1-a22d-eeee0a847462.SmartProcureX-db-deployer#flowable-async-job-executor-thread-9997#
[PollExecuteTaskStatusExecution] 0811d82a-292b-418f-a9aa-32d7fd5c8825 [2026-08-02T04:36:01.229019] npm notice (STDERR, APP/TASK/deploy)#
#2026 08 02 07:54:57.348#Z#DEBUG#6828ea62-8e47-11f1-a22d-eeee0a847462.SmartProcureX-db-deployer#flowable-async-job-executor-thread-9997#
[PollExecuteTaskStatusExecution] 0811d82a-292b-418f-a9aa-32d7fd5c8825 [2026-08-02T04:36:01.229044] npm notice New major version of npm available! 11.12.1 -> 12.0.2 (STDERR, APP/TASK/deploy)#
#2026 08 02 07:54:57.348#Z#DEBUG#6828ea62-8e47-11f1-a22d-eeee0a847462.SmartProcureX-db-deployer#flowable-async-job-executor-thread-9997#
[PollExecuteTaskStatusExecution] 0811d82a-292b-418f-a9aa-32d7fd5c8825 [2026-08-02T04:36:01.229053] npm notice Changelog: https://github.com/npm/cli/releases/tag/v12.0.2 (STDERR, APP/TASK/deploy)#
#2026 08 02 07:54:57.348#Z#DEBUG#6828ea62-8e47-11f1-a22d-eeee0a847462.SmartProcureX-db-deployer#flowable-async-job-executor-thread-9997#
[PollExecuteTaskStatusExecution] 0811d82a-292b-418f-a9aa-32d7fd5c8825 [2026-08-02T04:36:01.229056] npm notice To update run: npm install -g npm@12.0.2 (STDERR, APP/TASK/deploy)#
#2026 08 02 07:54:57.348#Z#DEBUG#6828ea62-8e47-11f1-a22d-eeee0a847462.SmartProcureX-db-deployer#flowable-async-job-executor-thread-9997#
[PollExecuteTaskStatusExecution] 0811d82a-292b-418f-a9aa-32d7fd5c8825 [2026-08-02T04:36:01.229058] npm notice (STDERR, APP/TASK/deploy)#
#2026 08 02 07:54:57.348#Z#DEBUG#6828ea62-8e47-11f1-a22d-eeee0a847462.SmartProcureX-db-deployer#flowable-async-job-executor-thread-9997#
[PollExecuteTaskStatusExecution] 0811d82a-292b-418f-a9aa-32d7fd5c8825 [2026-08-02T04:36:01.279933] Exit status 1 (STDOUT, APP/TASK/deploy)#
#2026 08 02 07:54:57.348#Z#DEBUG#6828ea62-8e47-11f1-a22d-eeee0a847462.SmartProcureX-db-deployer#flowable-async-job-executor-thread-9997#
[PollExecuteTaskStatusExecution] 0811d82a-292b-418f-a9aa-32d7fd5c8825 [2026-08-02T04:36:01.527638] Cell cdd66a98-00c8-41cf-94b2-8f9408d19596 stopping instance b1584212-ba25-4bce-bbf6-157914a627eb (STDOUT, CELL)#
#2026 08 02 07:54:57.348#Z#DEBUG#6828ea62-8e47-11f1-a22d-eeee0a847462.SmartProcureX-db-deployer#flowable-async-job-executor-thread-9997#
[PollExecuteTaskStatusExecution] 0811d82a-292b-418f-a9aa-32d7fd5c8825 [2026-08-02T04:36:01.527698] Cell cdd66a98-00c8-41cf-94b2-8f9408d19596 destroying container for instance b1584212-ba25-4bce-bbf6-157914a627eb (STDOUT, CELL)#
#2026 08 02 07:54:57.348#Z#DEBUG#6828ea62-8e47-11f1-a22d-eeee0a847462.SmartProcureX-db-deployer#flowable-async-job-executor-thread-9997#
[PollExecuteTaskStatusExecution] 0811d82a-292b-418f-a9aa-32d7fd5c8825 [2026-08-02T04:36:03.355973] Cell cdd66a98-00c8-41cf-94b2-8f9408d19596 successfully destroyed container for instance b1584212-ba25-4bce-bbf6-157914a627eb (STDOUT, CELL)#
#2026 08 02 07:54:57.348#Z#DEBUG#6828ea62-8e47-11f1-a22d-eeee0a847462.SmartProcureX-db-deployer#flowable-async-job-executor-thread-9997#
[PollExecuteTaskStatusExecution] 0811d82a-292b-418f-a9aa-32d7fd5c8825 [2026-08-02T04:36:10.203204] Cell da97415f-d45d-4f73-b6f3-2c853ecdb03d creating container for instance 8897c451-8748-474f-82f5-b1bb7179f0ee (STDOUT, CELL)#
#2026 08 02 07:54:57.348#Z#DEBUG#6828ea62-8e47-11f1-a22d-eeee0a847462.SmartProcureX-db-deployer#flowable-async-job-executor-thread-9997#
[PollExecuteTaskStatusExecution] 0811d82a-292b-418f-a9aa-32d7fd5c8825 [2026-08-02T04:36:10.525589] Security group rules were updated (STDOUT, CELL)#
#2026 08 02 07:54:57.348#Z#DEBUG#6828ea62-8e47-11f1-a22d-eeee0a847462.SmartProcureX-db-deployer#flowable-async-job-executor-thread-9997#
[PollExecuteTaskStatusExecution] 0811d82a-292b-418f-a9aa-32d7fd5c8825 [2026-08-02T04:36:10.576191] Cell da97415f-d45d-4f73-b6f3-2c853ecdb03d successfully created container for instance 8897c451-8748-474f-82f5-b1bb7179f0ee (STDOUT, CELL)#
#2026 08 02 07:54:57.349#Z#DEBUG#6828ea62-8e47-11f1-a22d-eeee0a847462.SmartProcureX-db-deployer#flowable-async-job-executor-thread-9997#
[PollExecuteTaskStatusExecution] 0811d82a-292b-418f-a9aa-32d7fd5c8825 [2026-08-02T04:36:13.553515] Invoking pre-start scripts. (STDOUT, APP/TASK/deploy)#
#2026 08 02 07:54:57.349#Z#DEBUG#6828ea62-8e47-11f1-a22d-eeee0a847462.SmartProcureX-db-deployer#flowable-async-job-executor-thread-9997#
[PollExecuteTaskStatusExecution] 0811d82a-292b-418f-a9aa-32d7fd5c8825 [2026-08-02T04:36:13.693785] Invoking start command. (STDOUT, APP/TASK/deploy)#
#2026 08 02 07:54:57.349#Z#DEBUG#6828ea62-8e47-11f1-a22d-eeee0a847462.SmartProcureX-db-deployer#flowable-async-job-executor-thread-9997#
[PollExecuteTaskStatusExecution] 0811d82a-292b-418f-a9aa-32d7fd5c8825 [2026-08-02T04:36:13.977701] > start (STDOUT, APP/TASK/deploy)#
#2026 08 02 07:54:57.349#Z#DEBUG#6828ea62-8e47-11f1-a22d-eeee0a847462.SmartProcureX-db-deployer#flowable-async-job-executor-thread-9997#
[PollExecuteTaskStatusExecution] 0811d82a-292b-418f-a9aa-32d7fd5c8825 [2026-08-02T04:36:13.977734] > node node_modules/@sap/hdi-deploy/deploy.js --use-hdb --parameter com.sap.hana.di.table/try_fast_table_migration=true (STDOUT, APP/TASK/deploy)#
#2026 08 02 07:54:57.349#Z#DEBUG#6828ea62-8e47-11f1-a22d-eeee0a847462.SmartProcureX-db-deployer#flowable-async-job-executor-thread-9997#
[PollExecuteTaskStatusExecution] 0811d82a-292b-418f-a9aa-32d7fd5c8825 [2026-08-02T04:36:14.076556] VCAP_SERVICES: (STDOUT, APP/TASK/deploy)#
#2026 08 02 07:54:57.349#Z#DEBUG#6828ea62-8e47-11f1-a22d-eeee0a847462.SmartProcureX-db-deployer#flowable-async-job-executor-thread-9997#
[PollExecuteTaskStatusExecution] 0811d82a-292b-418f-a9aa-32d7fd5c8825 [2026-08-02T04:36:14.077001] { (STDOUT, APP/TASK/deploy)#
#2026 08 02 07:54:57.349#Z#DEBUG#6828ea62-8e47-11f1-a22d-eeee0a847462.SmartProcureX-db-deployer#flowable-async-job-executor-thread-9997#
[PollExecuteTaskStatusExecution] 0811d82a-292b-418f-a9aa-32d7fd5c8825 [2026-08-02T04:36:14.077015] "hana": [ (STDOUT, APP/TASK/deploy)#
#2026 08 02 07:54:57.349#Z#DEBUG#6828ea62-8e47-11f1-a22d-eeee0a847462.SmartProcureX-db-deployer#flowable-async-job-executor-thread-9997#
[PollExecuteTaskStatusExecution] 0811d82a-292b-418f-a9aa-32d7fd5c8825 [2026-08-02T04:36:14.077018] { (STDOUT, APP/TASK/deploy)#
#2026 08 02 07:54:57.349#Z#DEBUG#6828ea62-8e47-11f1-a22d-eeee0a847462.SmartProcureX-db-deployer#flowable-async-job-executor-thread-9997#
[PollExecuteTaskStatusExecution] 0811d82a-292b-418f-a9aa-32d7fd5c8825 [2026-08-02T04:36:14.077046] "name": "SmartProcureX-db", (STDOUT, APP/TASK/deploy)#
#2026 08 02 07:54:57.349#Z#DEBUG#6828ea62-8e47-11f1-a22d-eeee0a847462.SmartProcureX-db-deployer#flowable-async-job-executor-thread-9997#
[PollExecuteTaskStatusExecution] 0811d82a-292b-418f-a9aa-32d7fd5c8825 [2026-08-02T04:36:14.077051] "label": "hana", (STDOUT, APP/TASK/deploy)#
#2026 08 02 07:54:57.349#Z#DEBUG#6828ea62-8e47-11f1-a22d-eeee0a847462.SmartProcureX-db-deployer#flowable-async-job-executor-thread-9997#
[PollExecuteTaskStatusExecution] 0811d82a-292b-418f-a9aa-32d7fd5c8825 [2026-08-02T04:36:14.077055] "plan": "hdi-shared", (STDOUT, APP/TASK/deploy)#
#2026 08 02 07:54:57.349#Z#DEBUG#6828ea62-8e47-11f1-a22d-eeee0a847462.SmartProcureX-db-deployer#flowable-async-job-executor-thread-9997#
[PollExecuteTaskStatusExecution] 0811d82a-292b-418f-a9aa-32d7fd5c8825 [2026-08-02T04:36:14.077057] "credentials": { (STDOUT, APP/TASK/deploy)#
#2026 08 02 07:54:57.349#Z#DEBUG#6828ea62-8e47-11f1-a22d-eeee0a847462.SmartProcureX-db-deployer#flowable-async-job-executor-thread-9997#
[PollExecuteTaskStatusExecution] 0811d82a-292b-418f-a9aa-32d7fd5c8825 [2026-08-02T04:36:14.077060] "schema": "B2E83F60A5C34A6E98091CC639322A6C", (STDOUT, APP/TASK/deploy)#
#2026 08 02 07:54:57.349#Z#DEBUG#6828ea62-8e47-11f1-a22d-eeee0a847462.SmartProcureX-db-deployer#flowable-async-job-executor-thread-9997#
[PollExecuteTaskStatusExecution] 0811d82a-292b-418f-a9aa-32d7fd5c8825 [2026-08-02T04:36:14.077062] "database_id": "ccb85f22-d9b4-4190-84d2-64f7029bd6f6", (STDOUT, APP/TASK/deploy)#
#2026 08 02 07:54:57.349#Z#DEBUG#6828ea62-8e47-11f1-a22d-eeee0a847462.SmartProcureX-db-deployer#flowable-async-job-executor-thread-9997#
[PollExecuteTaskStatusExecution] 0811d82a-292b-418f-a9aa-32d7fd5c8825 [2026-08-02T04:36:14.077065] "user": "B2E83F60A5C34A6E98091CC639322A6C_11HPH9KXTDTQSB7FMNXEVK1B1_RT", (STDOUT, APP/TASK/deploy)#
#2026 08 02 07:54:57.349#Z#DEBUG#6828ea62-8e47-11f1-a22d-eeee0a847462.SmartProcureX-db-deployer#flowable-async-job-executor-thread-9997#
[PollExecuteTaskStatusExecution] 0811d82a-292b-418f-a9aa-32d7fd5c8825 [2026-08-02T04:36:14.077069] "hdi_user": "B2E83F60A5C34A6E98091CC639322A6C_11HPH9KXTDTQSB7FMNXEVK1B1_DT" (STDOUT, APP/TASK/deploy)#
#2026 08 02 07:54:57.349#Z#DEBUG#6828ea62-8e47-11f1-a22d-eeee0a847462.SmartProcureX-db-deployer#flowable-async-job-executor-thread-9997#
[PollExecuteTaskStatusExecution] 0811d82a-292b-418f-a9aa-32d7fd5c8825 [2026-08-02T04:36:14.077075] }, (STDOUT, APP/TASK/deploy)#
#2026 08 02 07:54:57.349#Z#DEBUG#6828ea62-8e47-11f1-a22d-eeee0a847462.SmartProcureX-db-deployer#flowable-async-job-executor-thread-9997#
[PollExecuteTaskStatusExecution] 0811d82a-292b-418f-a9aa-32d7fd5c8825 [2026-08-02T04:36:14.077077] "tags": [ (STDOUT, APP/TASK/deploy)#
#2026 08 02 07:54:57.349#Z#DEBUG#6828ea62-8e47-11f1-a22d-eeee0a847462.SmartProcureX-db-deployer#flowable-async-job-executor-thread-9997#
[PollExecuteTaskStatusExecution] 0811d82a-292b-418f-a9aa-32d7fd5c8825 [2026-08-02T04:36:14.077080] "hana", (STDOUT, APP/TASK/deploy)#
#2026 08 02 07:54:57.349#Z#DEBUG#6828ea62-8e47-11f1-a22d-eeee0a847462.SmartProcureX-db-deployer#flowable-async-job-executor-thread-9997#
[PollExecuteTaskStatusExecution] 0811d82a-292b-418f-a9aa-32d7fd5c8825 [2026-08-02T04:36:14.077082] "database", (STDOUT, APP/TASK/deploy)#
#2026 08 02 07:54:57.349#Z#DEBUG#6828ea62-8e47-11f1-a22d-eeee0a847462.SmartProcureX-db-deployer#flowable-async-job-executor-thread-9997#
[PollExecuteTaskStatusExecution] 0811d82a-292b-418f-a9aa-32d7fd5c8825 [2026-08-02T04:36:14.077084] "relational" (STDOUT, APP/TASK/deploy)#
#2026 08 02 07:54:57.349#Z#DEBUG#6828ea62-8e47-11f1-a22d-eeee0a847462.SmartProcureX-db-deployer#flowable-async-job-executor-thread-9997#
[PollExecuteTaskStatusExecution] 0811d82a-292b-418f-a9aa-32d7fd5c8825 [2026-08-02T04:36:14.077085] ] (STDOUT, APP/TASK/deploy)#
#2026 08 02 07:54:57.349#Z#DEBUG#6828ea62-8e47-11f1-a22d-eeee0a847462.SmartProcureX-db-deployer#flowable-async-job-executor-thread-9997#
[PollExecuteTaskStatusExecution] 0811d82a-292b-418f-a9aa-32d7fd5c8825 [2026-08-02T04:36:14.077087] } (STDOUT, APP/TASK/deploy)#
#2026 08 02 07:54:57.349#Z#DEBUG#6828ea62-8e47-11f1-a22d-eeee0a847462.SmartProcureX-db-deployer#flowable-async-job-executor-thread-9997#
[PollExecuteTaskStatusExecution] 0811d82a-292b-418f-a9aa-32d7fd5c8825 [2026-08-02T04:36:14.077089] ] (STDOUT, APP/TASK/deploy)#
#2026 08 02 07:54:57.349#Z#DEBUG#6828ea62-8e47-11f1-a22d-eeee0a847462.SmartProcureX-db-deployer#flowable-async-job-executor-thread-9997#
[PollExecuteTaskStatusExecution] 0811d82a-292b-418f-a9aa-32d7fd5c8825 [2026-08-02T04:36:14.077091] } (STDOUT, APP/TASK/deploy)#
#2026 08 02 07:54:57.349#Z#DEBUG#6828ea62-8e47-11f1-a22d-eeee0a847462.SmartProcureX-db-deployer#flowable-async-job-executor-thread-9997#
[PollExecuteTaskStatusExecution] 0811d82a-292b-418f-a9aa-32d7fd5c8825 [2026-08-02T04:36:18.442743] @sap/hdi-deploy, version 5.7.0 (mode default), server version unknown (0.0.0.0), cloud version , node version 24.15.0, HDI version -1, container API version -1 (STDOUT, APP/TASK/deploy)#
#2026 08 02 07:54:57.349#Z#DEBUG#6828ea62-8e47-11f1-a22d-eeee0a847462.SmartProcureX-db-deployer#flowable-async-job-executor-thread-9997#
[PollExecuteTaskStatusExecution] 0811d82a-292b-418f-a9aa-32d7fd5c8825 [2026-08-02T04:36:18.442767] Deployment started at 2026-08-02 04:36:18 (STDOUT, APP/TASK/deploy)#
#2026 08 02 07:54:57.349#Z#DEBUG#6828ea62-8e47-11f1-a22d-eeee0a847462.SmartProcureX-db-deployer#flowable-async-job-executor-thread-9997#
[PollExecuteTaskStatusExecution] 0811d82a-292b-418f-a9aa-32d7fd5c8825 [2026-08-02T04:36:18.442878] Using hdb@2.29.5 for connection (STDOUT, APP/TASK/deploy)#
#2026 08 02 07:54:57.349#Z#DEBUG#6828ea62-8e47-11f1-a22d-eeee0a847462.SmartProcureX-db-deployer#flowable-async-job-executor-thread-9997#
[PollExecuteTaskStatusExecution] 0811d82a-292b-418f-a9aa-32d7fd5c8825 [2026-08-02T04:36:18.442893] Detection of server version failed; root cause: HANA Database instance is stopped (STDOUT, APP/TASK/deploy)#
#2026 08 02 07:54:57.349#Z#DEBUG#6828ea62-8e47-11f1-a22d-eeee0a847462.SmartProcureX-db-deployer#flowable-async-job-executor-thread-9997#
[PollExecuteTaskStatusExecution] 0811d82a-292b-418f-a9aa-32d7fd5c8825 [2026-08-02T04:36:18.442905] Detection of cloud version failed; root cause: HANA Database instance is stopped (STDOUT, APP/TASK/deploy)#
#2026 08 02 07:54:57.349#Z#DEBUG#6828ea62-8e47-11f1-a22d-eeee0a847462.SmartProcureX-db-deployer#flowable-async-job-executor-thread-9997#
[PollExecuteTaskStatusExecution] 0811d82a-292b-418f-a9aa-32d7fd5c8825 [2026-08-02T04:36:18.442907] Detection of container API version failed; root cause: HANA Database instance is stopped (STDOUT, APP/TASK/deploy)#
#2026 08 02 07:54:57.349#Z#DEBUG#6828ea62-8e47-11f1-a22d-eeee0a847462.SmartProcureX-db-deployer#flowable-async-job-executor-thread-9997#
[PollExecuteTaskStatusExecution] 0811d82a-292b-418f-a9aa-32d7fd5c8825 [2026-08-02T04:36:18.442910] Detection of HDI version failed; root cause: HANA Database instance is stopped (STDOUT, APP/TASK/deploy)#
#2026 08 02 07:54:57.349#Z#DEBUG#6828ea62-8e47-11f1-a22d-eeee0a847462.SmartProcureX-db-deployer#flowable-async-job-executor-thread-9997#
[PollExecuteTaskStatusExecution] 0811d82a-292b-418f-a9aa-32d7fd5c8825 [2026-08-02T04:36:18.443207] Deployment ended at 2026-08-02 04:36:18 (STDOUT, APP/TASK/deploy)#
#2026 08 02 07:54:57.349#Z#DEBUG#6828ea62-8e47-11f1-a22d-eeee0a847462.SmartProcureX-db-deployer#flowable-async-job-executor-thread-9997#
[PollExecuteTaskStatusExecution] 0811d82a-292b-418f-a9aa-32d7fd5c8825 [2026-08-02T04:36:18.443326] Error: Option parameter is not supported by the server; based on detected server version unknown (STDERR, APP/TASK/deploy)#
#2026 08 02 07:54:57.349#Z#DEBUG#6828ea62-8e47-11f1-a22d-eeee0a847462.SmartProcureX-db-deployer#flowable-async-job-executor-thread-9997#
[PollExecuteTaskStatusExecution] 0811d82a-292b-418f-a9aa-32d7fd5c8825 [2026-08-02T04:36:18.443449] (4s 436ms) (STDOUT, APP/TASK/deploy)#
#2026 08 02 07:54:57.349#Z#DEBUG#6828ea62-8e47-11f1-a22d-eeee0a847462.SmartProcureX-db-deployer#flowable-async-job-executor-thread-9997#
[PollExecuteTaskStatusExecution] 0811d82a-292b-418f-a9aa-32d7fd5c8825 [2026-08-02T04:36:18.453220] npm notice (STDERR, APP/TASK/deploy)#
#2026 08 02 07:54:57.349#Z#DEBUG#6828ea62-8e47-11f1-a22d-eeee0a847462.SmartProcureX-db-deployer#flowable-async-job-executor-thread-9997#
[PollExecuteTaskStatusExecution] 0811d82a-292b-418f-a9aa-32d7fd5c8825 [2026-08-02T04:36:18.453241] npm notice New major version of npm available! 11.12.1 -> 12.0.2 (STDERR, APP/TASK/deploy)#
#2026 08 02 07:54:57.349#Z#DEBUG#6828ea62-8e47-11f1-a22d-eeee0a847462.SmartProcureX-db-deployer#flowable-async-job-executor-thread-9997#
[PollExecuteTaskStatusExecution] 0811d82a-292b-418f-a9aa-32d7fd5c8825 [2026-08-02T04:36:18.453246] npm notice Changelog: https://github.com/npm/cli/releases/tag/v12.0.2 (STDERR, APP/TASK/deploy)#
#2026 08 02 07:54:57.349#Z#DEBUG#6828ea62-8e47-11f1-a22d-eeee0a847462.SmartProcureX-db-deployer#flowable-async-job-executor-thread-9997#
[PollExecuteTaskStatusExecution] 0811d82a-292b-418f-a9aa-32d7fd5c8825 [2026-08-02T04:36:18.453250] npm notice To update run: npm install -g npm@12.0.2 (STDERR, APP/TASK/deploy)#
#2026 08 02 07:54:57.349#Z#DEBUG#6828ea62-8e47-11f1-a22d-eeee0a847462.SmartProcureX-db-deployer#flowable-async-job-executor-thread-9997#
[PollExecuteTaskStatusExecution] 0811d82a-292b-418f-a9aa-32d7fd5c8825 [2026-08-02T04:36:18.453253] npm notice (STDERR, APP/TASK/deploy)#
#2026 08 02 07:54:57.349#Z#DEBUG#6828ea62-8e47-11f1-a22d-eeee0a847462.SmartProcureX-db-deployer#flowable-async-job-executor-thread-9997#
[PollExecuteTaskStatusExecution] 0811d82a-292b-418f-a9aa-32d7fd5c8825 [2026-08-02T04:36:18.505496] Exit status 1 (STDOUT, APP/TASK/deploy)#
#2026 08 02 07:54:57.349#Z#DEBUG#6828ea62-8e47-11f1-a22d-eeee0a847462.SmartProcureX-db-deployer#flowable-async-job-executor-thread-9997#
[PollExecuteTaskStatusExecution] 0811d82a-292b-418f-a9aa-32d7fd5c8825 [2026-08-02T04:36:18.892688] Cell da97415f-d45d-4f73-b6f3-2c853ecdb03d stopping instance 8897c451-8748-474f-82f5-b1bb7179f0ee (STDOUT, CELL)#
#2026 08 02 07:54:57.349#Z#DEBUG#6828ea62-8e47-11f1-a22d-eeee0a847462.SmartProcureX-db-deployer#flowable-async-job-executor-thread-9997#
[PollExecuteTaskStatusExecution] 0811d82a-292b-418f-a9aa-32d7fd5c8825 [2026-08-02T04:36:18.892746] Cell da97415f-d45d-4f73-b6f3-2c853ecdb03d destroying container for instance 8897c451-8748-474f-82f5-b1bb7179f0ee (STDOUT, CELL)#
#2026 08 02 07:54:57.349#Z#DEBUG#6828ea62-8e47-11f1-a22d-eeee0a847462.SmartProcureX-db-deployer#flowable-async-job-executor-thread-9997#
[PollExecuteTaskStatusExecution] 0811d82a-292b-418f-a9aa-32d7fd5c8825 [2026-08-02T04:36:21.062093] Cell da97415f-d45d-4f73-b6f3-2c853ecdb03d successfully destroyed container for instance 8897c451-8748-474f-82f5-b1bb7179f0ee (STDOUT, CELL)#
#2026 08 02 07:54:57.349#Z#DEBUG#6828ea62-8e47-11f1-a22d-eeee0a847462.SmartProcureX-db-deployer#flowable-async-job-executor-thread-9997#
[PollExecuteTaskStatusExecution] 0811d82a-292b-418f-a9aa-32d7fd5c8825 [2026-08-02T04:36:30.693580] Cell da97415f-d45d-4f73-b6f3-2c853ecdb03d creating container for instance 43497cc1-c9e7-4ac2-a258-3893709d09c9 (STDOUT, CELL)#
#2026 08 02 07:54:57.349#Z#DEBUG#6828ea62-8e47-11f1-a22d-eeee0a847462.SmartProcureX-db-deployer#flowable-async-job-executor-thread-9997#
[PollExecuteTaskStatusExecution] 0811d82a-292b-418f-a9aa-32d7fd5c8825 [2026-08-02T04:36:30.977558] Security group rules were updated (STDOUT, CELL)#
#2026 08 02 07:54:57.349#Z#DEBUG#6828ea62-8e47-11f1-a22d-eeee0a847462.SmartProcureX-db-deployer#flowable-async-job-executor-thread-9997#
[PollExecuteTaskStatusExecution] 0811d82a-292b-418f-a9aa-32d7fd5c8825 [2026-08-02T04:36:31.036757] Cell da97415f-d45d-4f73-b6f3-2c853ecdb03d successfully created container for instance 43497cc1-c9e7-4ac2-a258-3893709d09c9 (STDOUT, CELL)#
#2026 08 02 07:54:57.349#Z#DEBUG#6828ea62-8e47-11f1-a22d-eeee0a847462.SmartProcureX-db-deployer#flowable-async-job-executor-thread-9997#
[PollExecuteTaskStatusExecution] 0811d82a-292b-418f-a9aa-32d7fd5c8825 [2026-08-02T04:36:34.398294] Invoking pre-start scripts. (STDOUT, APP/TASK/deploy)#
#2026 08 02 07:54:57.349#Z#DEBUG#6828ea62-8e47-11f1-a22d-eeee0a847462.SmartProcureX-db-deployer#flowable-async-job-executor-thread-9997#
[PollExecuteTaskStatusExecution] 0811d82a-292b-418f-a9aa-32d7fd5c8825 [2026-08-02T04:36:34.536836] Invoking start command. (STDOUT, APP/TASK/deploy)#
#2026 08 02 07:54:57.349#Z#DEBUG#6828ea62-8e47-11f1-a22d-eeee0a847462.SmartProcureX-db-deployer#flowable-async-job-executor-thread-9997#
[PollExecuteTaskStatusExecution] 0811d82a-292b-418f-a9aa-32d7fd5c8825 [2026-08-02T04:36:34.825137] > start (STDOUT, APP/TASK/deploy)#
#2026 08 02 07:54:57.349#Z#DEBUG#6828ea62-8e47-11f1-a22d-eeee0a847462.SmartProcureX-db-deployer#flowable-async-job-executor-thread-9997#
[PollExecuteTaskStatusExecution] 0811d82a-292b-418f-a9aa-32d7fd5c8825 [2026-08-02T04:36:34.825155] > node node_modules/@sap/hdi-deploy/deploy.js --use-hdb --parameter com.sap.hana.di.table/try_fast_table_migration=true (STDOUT, APP/TASK/deploy)#
#2026 08 02 07:54:57.349#Z#DEBUG#6828ea62-8e47-11f1-a22d-eeee0a847462.SmartProcureX-db-deployer#flowable-async-job-executor-thread-9997#
[PollExecuteTaskStatusExecution] 0811d82a-292b-418f-a9aa-32d7fd5c8825 [2026-08-02T04:36:34.922663] VCAP_SERVICES: (STDOUT, APP/TASK/deploy)#
#2026 08 02 07:54:57.349#Z#DEBUG#6828ea62-8e47-11f1-a22d-eeee0a847462.SmartProcureX-db-deployer#flowable-async-job-executor-thread-9997#
[PollExecuteTaskStatusExecution] 0811d82a-292b-418f-a9aa-32d7fd5c8825 [2026-08-02T04:36:34.923068] { (STDOUT, APP/TASK/deploy)#
#2026 08 02 07:54:57.349#Z#DEBUG#6828ea62-8e47-11f1-a22d-eeee0a847462.SmartProcureX-db-deployer#flowable-async-job-executor-thread-9997#
[PollExecuteTaskStatusExecution] 0811d82a-292b-418f-a9aa-32d7fd5c8825 [2026-08-02T04:36:34.923081] "hana": [ (STDOUT, APP/TASK/deploy)#
#2026 08 02 07:54:57.349#Z#DEBUG#6828ea62-8e47-11f1-a22d-eeee0a847462.SmartProcureX-db-deployer#flowable-async-job-executor-thread-9997#
[PollExecuteTaskStatusExecution] 0811d82a-292b-418f-a9aa-32d7fd5c8825 [2026-08-02T04:36:34.923086] { (STDOUT, APP/TASK/deploy)#
#2026 08 02 07:54:57.349#Z#DEBUG#6828ea62-8e47-11f1-a22d-eeee0a847462.SmartProcureX-db-deployer#flowable-async-job-executor-thread-9997#
[PollExecuteTaskStatusExecution] 0811d82a-292b-418f-a9aa-32d7fd5c8825 [2026-08-02T04:36:34.923089] "name": "SmartProcureX-db", (STDOUT, APP/TASK/deploy)#
#2026 08 02 07:54:57.349#Z#DEBUG#6828ea62-8e47-11f1-a22d-eeee0a847462.SmartProcureX-db-deployer#flowable-async-job-executor-thread-9997#
[PollExecuteTaskStatusExecution] 0811d82a-292b-418f-a9aa-32d7fd5c8825 [2026-08-02T04:36:34.923092] "label": "hana", (STDOUT, APP/TASK/deploy)#
#2026 08 02 07:54:57.349#Z#DEBUG#6828ea62-8e47-11f1-a22d-eeee0a847462.SmartProcureX-db-deployer#flowable-async-job-executor-thread-9997#
[PollExecuteTaskStatusExecution] 0811d82a-292b-418f-a9aa-32d7fd5c8825 [2026-08-02T04:36:34.923095] "plan": "hdi-shared", (STDOUT, APP/TASK/deploy)#
#2026 08 02 07:54:57.349#Z#DEBUG#6828ea62-8e47-11f1-a22d-eeee0a847462.SmartProcureX-db-deployer#flowable-async-job-executor-thread-9997#
[PollExecuteTaskStatusExecution] 0811d82a-292b-418f-a9aa-32d7fd5c8825 [2026-08-02T04:36:34.923097] "credentials": { (STDOUT, APP/TASK/deploy)#
#2026 08 02 07:54:57.349#Z#DEBUG#6828ea62-8e47-11f1-a22d-eeee0a847462.SmartProcureX-db-deployer#flowable-async-job-executor-thread-9997#
[PollExecuteTaskStatusExecution] 0811d82a-292b-418f-a9aa-32d7fd5c8825 [2026-08-02T04:36:34.923099] "schema": "B2E83F60A5C34A6E98091CC639322A6C", (STDOUT, APP/TASK/deploy)#
#2026 08 02 07:54:57.349#Z#DEBUG#6828ea62-8e47-11f1-a22d-eeee0a847462.SmartProcureX-db-deployer#flowable-async-job-executor-thread-9997#
[PollExecuteTaskStatusExecution] 0811d82a-292b-418f-a9aa-32d7fd5c8825 [2026-08-02T04:36:34.923101] "database_id": "ccb85f22-d9b4-4190-84d2-64f7029bd6f6", (STDOUT, APP/TASK/deploy)#
#2026 08 02 07:54:57.349#Z#DEBUG#6828ea62-8e47-11f1-a22d-eeee0a847462.SmartProcureX-db-deployer#flowable-async-job-executor-thread-9997#
[PollExecuteTaskStatusExecution] 0811d82a-292b-418f-a9aa-32d7fd5c8825 [2026-08-02T04:36:34.923104] "user": "B2E83F60A5C34A6E98091CC639322A6C_11HPH9KXTDTQSB7FMNXEVK1B1_RT", (STDOUT, APP/TASK/deploy)#
#2026 08 02 07:54:57.349#Z#DEBUG#6828ea62-8e47-11f1-a22d-eeee0a847462.SmartProcureX-db-deployer#flowable-async-job-executor-thread-9997#
[PollExecuteTaskStatusExecution] 0811d82a-292b-418f-a9aa-32d7fd5c8825 [2026-08-02T04:36:34.923106] "hdi_user": "B2E83F60A5C34A6E98091CC639322A6C_11HPH9KXTDTQSB7FMNXEVK1B1_DT" (STDOUT, APP/TASK/deploy)#
#2026 08 02 07:54:57.349#Z#DEBUG#6828ea62-8e47-11f1-a22d-eeee0a847462.SmartProcureX-db-deployer#flowable-async-job-executor-thread-9997#
[PollExecuteTaskStatusExecution] 0811d82a-292b-418f-a9aa-32d7fd5c8825 [2026-08-02T04:36:34.923108] }, (STDOUT, APP/TASK/deploy)#
#2026 08 02 07:54:57.349#Z#DEBUG#6828ea62-8e47-11f1-a22d-eeee0a847462.SmartProcureX-db-deployer#flowable-async-job-executor-thread-9997#
[PollExecuteTaskStatusExecution] 0811d82a-292b-418f-a9aa-32d7fd5c8825 [2026-08-02T04:36:34.923113] "tags": [ (STDOUT, APP/TASK/deploy)#
#2026 08 02 07:54:57.349#Z#DEBUG#6828ea62-8e47-11f1-a22d-eeee0a847462.SmartProcureX-db-deployer#flowable-async-job-executor-thread-9997#
[PollExecuteTaskStatusExecution] 0811d82a-292b-418f-a9aa-32d7fd5c8825 [2026-08-02T04:36:34.923115] "hana", (STDOUT, APP/TASK/deploy)#
#2026 08 02 07:54:57.349#Z#DEBUG#6828ea62-8e47-11f1-a22d-eeee0a847462.SmartProcureX-db-deployer#flowable-async-job-executor-thread-9997#
[PollExecuteTaskStatusExecution] 0811d82a-292b-418f-a9aa-32d7fd5c8825 [2026-08-02T04:36:34.923117] "database", (STDOUT, APP/TASK/deploy)#
#2026 08 02 07:54:57.349#Z#DEBUG#6828ea62-8e47-11f1-a22d-eeee0a847462.SmartProcureX-db-deployer#flowable-async-job-executor-thread-9997#
[PollExecuteTaskStatusExecution] 0811d82a-292b-418f-a9aa-32d7fd5c8825 [2026-08-02T04:36:34.923119] "relational" (STDOUT, APP/TASK/deploy)#
#2026 08 02 07:54:57.349#Z#DEBUG#6828ea62-8e47-11f1-a22d-eeee0a847462.SmartProcureX-db-deployer#flowable-async-job-executor-thread-9997#
[PollExecuteTaskStatusExecution] 0811d82a-292b-418f-a9aa-32d7fd5c8825 [2026-08-02T04:36:34.923126] ] (STDOUT, APP/TASK/deploy)#
#2026 08 02 07:54:57.349#Z#DEBUG#6828ea62-8e47-11f1-a22d-eeee0a847462.SmartProcureX-db-deployer#flowable-async-job-executor-thread-9997#
[PollExecuteTaskStatusExecution] 0811d82a-292b-418f-a9aa-32d7fd5c8825 [2026-08-02T04:36:34.923128] } (STDOUT, APP/TASK/deploy)#
#2026 08 02 07:54:57.349#Z#DEBUG#6828ea62-8e47-11f1-a22d-eeee0a847462.SmartProcureX-db-deployer#flowable-async-job-executor-thread-9997#
[PollExecuteTaskStatusExecution] 0811d82a-292b-418f-a9aa-32d7fd5c8825 [2026-08-02T04:36:34.923130] ] (STDOUT, APP/TASK/deploy)#
#2026 08 02 07:54:57.349#Z#DEBUG#6828ea62-8e47-11f1-a22d-eeee0a847462.SmartProcureX-db-deployer#flowable-async-job-executor-thread-9997#
[PollExecuteTaskStatusExecution] 0811d82a-292b-418f-a9aa-32d7fd5c8825 [2026-08-02T04:36:34.923131] } (STDOUT, APP/TASK/deploy)#
#2026 08 02 07:54:57.349#Z#DEBUG#6828ea62-8e47-11f1-a22d-eeee0a847462.SmartProcureX-db-deployer#flowable-async-job-executor-thread-9997#
[PollExecuteTaskStatusExecution] 0811d82a-292b-418f-a9aa-32d7fd5c8825 [2026-08-02T04:36:39.232052] @sap/hdi-deploy, version 5.7.0 (mode default), server version unknown (0.0.0.0), cloud version , node version 24.15.0, HDI version -1, container API version -1 (STDOUT, APP/TASK/deploy)#
#2026 08 02 07:54:57.349#Z#DEBUG#6828ea62-8e47-11f1-a22d-eeee0a847462.SmartProcureX-db-deployer#flowable-async-job-executor-thread-9997#
[PollExecuteTaskStatusExecution] 0811d82a-292b-418f-a9aa-32d7fd5c8825 [2026-08-02T04:36:39.232093] Deployment started at 2026-08-02 04:36:39 (STDOUT, APP/TASK/deploy)#
#2026 08 02 07:54:57.349#Z#DEBUG#6828ea62-8e47-11f1-a22d-eeee0a847462.SmartProcureX-db-deployer#flowable-async-job-executor-thread-9997#
[PollExecuteTaskStatusExecution] 0811d82a-292b-418f-a9aa-32d7fd5c8825 [2026-08-02T04:36:39.232326] Using hdb@2.29.5 for connection (STDOUT, APP/TASK/deploy)#
#2026 08 02 07:54:57.349#Z#DEBUG#6828ea62-8e47-11f1-a22d-eeee0a847462.SmartProcureX-db-deployer#flowable-async-job-executor-thread-9997#
[PollExecuteTaskStatusExecution] 0811d82a-292b-418f-a9aa-32d7fd5c8825 [2026-08-02T04:36:39.232351] Detection of server version failed; root cause: HANA Database instance is stopped (STDOUT, APP/TASK/deploy)#
#2026 08 02 07:54:57.349#Z#DEBUG#6828ea62-8e47-11f1-a22d-eeee0a847462.SmartProcureX-db-deployer#flowable-async-job-executor-thread-9997#
[PollExecuteTaskStatusExecution] 0811d82a-292b-418f-a9aa-32d7fd5c8825 [2026-08-02T04:36:39.232358] Detection of cloud version failed; root cause: HANA Database instance is stopped (STDOUT, APP/TASK/deploy)#
#2026 08 02 07:54:57.349#Z#DEBUG#6828ea62-8e47-11f1-a22d-eeee0a847462.SmartProcureX-db-deployer#flowable-async-job-executor-thread-9997#
[PollExecuteTaskStatusExecution] 0811d82a-292b-418f-a9aa-32d7fd5c8825 [2026-08-02T04:36:39.232363] Detection of container API version failed; root cause: HANA Database instance is stopped (STDOUT, APP/TASK/deploy)#
#2026 08 02 07:54:57.349#Z#DEBUG#6828ea62-8e47-11f1-a22d-eeee0a847462.SmartProcureX-db-deployer#flowable-async-job-executor-thread-9997#
[PollExecuteTaskStatusExecution] 0811d82a-292b-418f-a9aa-32d7fd5c8825 [2026-08-02T04:36:39.232366] Detection of HDI version failed; root cause: HANA Database instance is stopped (STDOUT, APP/TASK/deploy)#
#2026 08 02 07:54:57.349#Z#DEBUG#6828ea62-8e47-11f1-a22d-eeee0a847462.SmartProcureX-db-deployer#flowable-async-job-executor-thread-9997#
[PollExecuteTaskStatusExecution] 0811d82a-292b-418f-a9aa-32d7fd5c8825 [2026-08-02T04:36:39.232658] Deployment ended at 2026-08-02 04:36:39 (STDOUT, APP/TASK/deploy)#
#2026 08 02 07:54:57.349#Z#DEBUG#6828ea62-8e47-11f1-a22d-eeee0a847462.SmartProcureX-db-deployer#flowable-async-job-executor-thread-9997#
[PollExecuteTaskStatusExecution] 0811d82a-292b-418f-a9aa-32d7fd5c8825 [2026-08-02T04:36:39.232718] Error: Option parameter is not supported by the server; based on detected server version unknown (STDERR, APP/TASK/deploy)#
#2026 08 02 07:54:57.349#Z#DEBUG#6828ea62-8e47-11f1-a22d-eeee0a847462.SmartProcureX-db-deployer#flowable-async-job-executor-thread-9997#
[PollExecuteTaskStatusExecution] 0811d82a-292b-418f-a9aa-32d7fd5c8825 [2026-08-02T04:36:39.232892] (4s 377ms) (STDOUT, APP/TASK/deploy)#
#2026 08 02 07:54:57.349#Z#DEBUG#6828ea62-8e47-11f1-a22d-eeee0a847462.SmartProcureX-db-deployer#flowable-async-job-executor-thread-9997#
[PollExecuteTaskStatusExecution] 0811d82a-292b-418f-a9aa-32d7fd5c8825 [2026-08-02T04:36:39.242969] npm notice (STDERR, APP/TASK/deploy)#
#2026 08 02 07:54:57.349#Z#DEBUG#6828ea62-8e47-11f1-a22d-eeee0a847462.SmartProcureX-db-deployer#flowable-async-job-executor-thread-9997#
[PollExecuteTaskStatusExecution] 0811d82a-292b-418f-a9aa-32d7fd5c8825 [2026-08-02T04:36:39.242993] npm notice New major version of npm available! 11.12.1 -> 12.0.2 (STDERR, APP/TASK/deploy)#
#2026 08 02 07:54:57.349#Z#DEBUG#6828ea62-8e47-11f1-a22d-eeee0a847462.SmartProcureX-db-deployer#flowable-async-job-executor-thread-9997#
[PollExecuteTaskStatusExecution] 0811d82a-292b-418f-a9aa-32d7fd5c8825 [2026-08-02T04:36:39.242999] npm notice Changelog: https://github.com/npm/cli/releases/tag/v12.0.2 (STDERR, APP/TASK/deploy)#
#2026 08 02 07:54:57.349#Z#DEBUG#6828ea62-8e47-11f1-a22d-eeee0a847462.SmartProcureX-db-deployer#flowable-async-job-executor-thread-9997#
[PollExecuteTaskStatusExecution] 0811d82a-292b-418f-a9aa-32d7fd5c8825 [2026-08-02T04:36:39.243003] npm notice To update run: npm install -g npm@12.0.2 (STDERR, APP/TASK/deploy)#
#2026 08 02 07:54:57.349#Z#DEBUG#6828ea62-8e47-11f1-a22d-eeee0a847462.SmartProcureX-db-deployer#flowable-async-job-executor-thread-9997#
[PollExecuteTaskStatusExecution] 0811d82a-292b-418f-a9aa-32d7fd5c8825 [2026-08-02T04:36:39.243006] npm notice (STDERR, APP/TASK/deploy)#
#2026 08 02 07:54:57.349#Z#DEBUG#6828ea62-8e47-11f1-a22d-eeee0a847462.SmartProcureX-db-deployer#flowable-async-job-executor-thread-9997#
[PollExecuteTaskStatusExecution] 0811d82a-292b-418f-a9aa-32d7fd5c8825 [2026-08-02T04:36:39.294213] Exit status 1 (STDOUT, APP/TASK/deploy)#
#2026 08 02 07:54:57.349#Z#DEBUG#6828ea62-8e47-11f1-a22d-eeee0a847462.SmartProcureX-db-deployer#flowable-async-job-executor-thread-9997#
[PollExecuteTaskStatusExecution] 0811d82a-292b-418f-a9aa-32d7fd5c8825 [2026-08-02T04:36:39.488761] Cell da97415f-d45d-4f73-b6f3-2c853ecdb03d stopping instance 43497cc1-c9e7-4ac2-a258-3893709d09c9 (STDOUT, CELL)#
#2026 08 02 07:54:57.349#Z#DEBUG#6828ea62-8e47-11f1-a22d-eeee0a847462.SmartProcureX-db-deployer#flowable-async-job-executor-thread-9997#
[PollExecuteTaskStatusExecution] 0811d82a-292b-418f-a9aa-32d7fd5c8825 [2026-08-02T04:36:39.488799] Cell da97415f-d45d-4f73-b6f3-2c853ecdb03d destroying container for instance 43497cc1-c9e7-4ac2-a258-3893709d09c9 (STDOUT, CELL)#
#2026 08 02 07:54:57.349#Z#DEBUG#6828ea62-8e47-11f1-a22d-eeee0a847462.SmartProcureX-db-deployer#flowable-async-job-executor-thread-9997#
[PollExecuteTaskStatusExecution] 0811d82a-292b-418f-a9aa-32d7fd5c8825 [2026-08-02T04:36:41.728090] Cell da97415f-d45d-4f73-b6f3-2c853ecdb03d successfully destroyed container for instance 43497cc1-c9e7-4ac2-a258-3893709d09c9 (STDOUT, CELL)#
#2026 08 02 07:54:57.349#Z#DEBUG#6828ea62-8e47-11f1-a22d-eeee0a847462.SmartProcureX-db-deployer#flowable-async-job-executor-thread-9997#
[PollExecuteTaskStatusExecution] 0811d82a-292b-418f-a9aa-32d7fd5c8825 [2026-08-02T06:45:13.545411] Updated app with guid 0811d82a-292b-418f-a9aa-32d7fd5c8825 ({"lifecycle"=>{"data"=>{"buildpacks"=>["nodejs_buildpack"]}, "type"=>"buildpack"}}) (STDOUT, API)#
#2026 08 02 07:54:57.349#Z#DEBUG#6828ea62-8e47-11f1-a22d-eeee0a847462.SmartProcureX-db-deployer#flowable-async-job-executor-thread-9997#
[PollExecuteTaskStatusExecution] 0811d82a-292b-418f-a9aa-32d7fd5c8825 [2026-08-02T06:45:13.627506] Updating process: "web" (STDOUT, API)#
#2026 08 02 07:54:57.349#Z#DEBUG#6828ea62-8e47-11f1-a22d-eeee0a847462.SmartProcureX-db-deployer#flowable-async-job-executor-thread-9997#
[PollExecuteTaskStatusExecution] 0811d82a-292b-418f-a9aa-32d7fd5c8825 [2026-08-02T06:45:22.868779] Uploading app package for app with guid 0811d82a-292b-418f-a9aa-32d7fd5c8825 (STDOUT, API)#
#2026 08 02 07:54:57.349#Z#DEBUG#6828ea62-8e47-11f1-a22d-eeee0a847462.SmartProcureX-db-deployer#flowable-async-job-executor-thread-9997#
[PollExecuteTaskStatusExecution] 0811d82a-292b-418f-a9aa-32d7fd5c8825 [2026-08-02T06:45:23.046592] Updated app with guid 0811d82a-292b-418f-a9aa-32d7fd5c8825 ({"environment_variables"=>"[PRIVATE DATA HIDDEN]"}) (STDOUT, API)#
#2026 08 02 07:54:57.349#Z#DEBUG#6828ea62-8e47-11f1-a22d-eeee0a847462.SmartProcureX-db-deployer#flowable-async-job-executor-thread-9997#
[PollExecuteTaskStatusExecution] 0811d82a-292b-418f-a9aa-32d7fd5c8825 [2026-08-02T06:45:33.004834] Creating build for app with guid 0811d82a-292b-418f-a9aa-32d7fd5c8825 (STDOUT, API)#
#2026 08 02 07:54:57.349#Z#DEBUG#6828ea62-8e47-11f1-a22d-eeee0a847462.SmartProcureX-db-deployer#flowable-async-job-executor-thread-9997#
[PollExecuteTaskStatusExecution] 0811d82a-292b-418f-a9aa-32d7fd5c8825 [2026-08-02T06:45:33.328164] Downloading nodejs_buildpack... (STDOUT, STG)#
#2026 08 02 07:54:57.349#Z#DEBUG#6828ea62-8e47-11f1-a22d-eeee0a847462.SmartProcureX-db-deployer#flowable-async-job-executor-thread-9997#
[PollExecuteTaskStatusExecution] 0811d82a-292b-418f-a9aa-32d7fd5c8825 [2026-08-02T06:45:33.368059] Downloaded nodejs_buildpack (STDOUT, STG)#
#2026 08 02 07:54:57.349#Z#DEBUG#6828ea62-8e47-11f1-a22d-eeee0a847462.SmartProcureX-db-deployer#flowable-async-job-executor-thread-9997#
[PollExecuteTaskStatusExecution] 0811d82a-292b-418f-a9aa-32d7fd5c8825 [2026-08-02T06:45:33.368100] Cell 4761c3fb-8e91-4ced-804b-3db53058de34 creating container for instance d248ddf3-cba2-4c17-a76a-9250c855bc49 (STDOUT, STG)#
#2026 08 02 07:54:57.349#Z#DEBUG#6828ea62-8e47-11f1-a22d-eeee0a847462.SmartProcureX-db-deployer#flowable-async-job-executor-thread-9997#
[PollExecuteTaskStatusExecution] 0811d82a-292b-418f-a9aa-32d7fd5c8825 [2026-08-02T06:45:33.668072] Security group rules were updated (STDOUT, STG)#
#2026 08 02 07:54:57.349#Z#DEBUG#6828ea62-8e47-11f1-a22d-eeee0a847462.SmartProcureX-db-deployer#flowable-async-job-executor-thread-9997#
[PollExecuteTaskStatusExecution] 0811d82a-292b-418f-a9aa-32d7fd5c8825 [2026-08-02T06:45:33.718410] Cell 4761c3fb-8e91-4ced-804b-3db53058de34 successfully created container for instance d248ddf3-cba2-4c17-a76a-9250c855bc49 (STDOUT, STG)#
#2026 08 02 07:54:57.349#Z#DEBUG#6828ea62-8e47-11f1-a22d-eeee0a847462.SmartProcureX-db-deployer#flowable-async-job-executor-thread-9997#
[PollExecuteTaskStatusExecution] 0811d82a-292b-418f-a9aa-32d7fd5c8825 [2026-08-02T06:45:34.216245] Downloading app package... (STDOUT, STG)#
#2026 08 02 07:54:57.349#Z#DEBUG#6828ea62-8e47-11f1-a22d-eeee0a847462.SmartProcureX-db-deployer#flowable-async-job-executor-thread-9997#
[PollExecuteTaskStatusExecution] 0811d82a-292b-418f-a9aa-32d7fd5c8825 [2026-08-02T06:45:34.216309] Downloading build artifacts cache... (STDOUT, STG)#
#2026 08 02 07:54:57.349#Z#DEBUG#6828ea62-8e47-11f1-a22d-eeee0a847462.SmartProcureX-db-deployer#flowable-async-job-executor-thread-9997#
[PollExecuteTaskStatusExecution] 0811d82a-292b-418f-a9aa-32d7fd5c8825 [2026-08-02T06:45:34.280392] Downloaded build artifacts cache (223B) (STDOUT, STG)#
#2026 08 02 07:54:57.349#Z#DEBUG#6828ea62-8e47-11f1-a22d-eeee0a847462.SmartProcureX-db-deployer#flowable-async-job-executor-thread-9997#
[PollExecuteTaskStatusExecution] 0811d82a-292b-418f-a9aa-32d7fd5c8825 [2026-08-02T06:45:34.574683] Downloaded app package (2.3M) (STDOUT, STG)#
#2026 08 02 07:54:57.349#Z#DEBUG#6828ea62-8e47-11f1-a22d-eeee0a847462.SmartProcureX-db-deployer#flowable-async-job-executor-thread-9997#
[PollExecuteTaskStatusExecution] 0811d82a-292b-418f-a9aa-32d7fd5c8825 [2026-08-02T06:45:34.624938] -----> Nodejs Buildpack version 1.9.2 (STDOUT, STG)#
#2026 08 02 07:54:57.349#Z#DEBUG#6828ea62-8e47-11f1-a22d-eeee0a847462.SmartProcureX-db-deployer#flowable-async-job-executor-thread-9997#
[PollExecuteTaskStatusExecution] 0811d82a-292b-418f-a9aa-32d7fd5c8825 [2026-08-02T06:45:34.711126] -----> Bootstrapping python (STDOUT, STG)#
#2026 08 02 07:54:57.349#Z#DEBUG#6828ea62-8e47-11f1-a22d-eeee0a847462.SmartProcureX-db-deployer#flowable-async-job-executor-thread-9997#
[PollExecuteTaskStatusExecution] 0811d82a-292b-418f-a9aa-32d7fd5c8825 [2026-08-02T06:45:34.711140] -----> Installing python 3.13.13 (STDOUT, STG)#
#2026 08 02 07:54:57.349#Z#DEBUG#6828ea62-8e47-11f1-a22d-eeee0a847462.SmartProcureX-db-deployer#flowable-async-job-executor-thread-9997#
[PollExecuteTaskStatusExecution] 0811d82a-292b-418f-a9aa-32d7fd5c8825 [2026-08-02T06:45:34.711210] Copy [/tmp/buildpacks/411ec6166282b4d1/dependencies/268a5e3743d51a14b86ea9da64439307/python_3.13.13_linux_x64_cflinuxfs4_8311abbf.tgz] (STDOUT, STG)#
#2026 08 02 07:54:57.349#Z#DEBUG#6828ea62-8e47-11f1-a22d-eeee0a847462.SmartProcureX-db-deployer#flowable-async-job-executor-thread-9997#
[PollExecuteTaskStatusExecution] 0811d82a-292b-418f-a9aa-32d7fd5c8825 [2026-08-02T06:45:37.629388] -----> Installing binaries (STDOUT, STG)#
#2026 08 02 07:54:57.349#Z#DEBUG#6828ea62-8e47-11f1-a22d-eeee0a847462.SmartProcureX-db-deployer#flowable-async-job-executor-thread-9997#
[PollExecuteTaskStatusExecution] 0811d82a-292b-418f-a9aa-32d7fd5c8825 [2026-08-02T06:45:37.629426] engines.node (package.json): ^24 (STDOUT, STG)#
#2026 08 02 07:54:57.349#Z#DEBUG#6828ea62-8e47-11f1-a22d-eeee0a847462.SmartProcureX-db-deployer#flowable-async-job-executor-thread-9997#
[PollExecuteTaskStatusExecution] 0811d82a-292b-418f-a9aa-32d7fd5c8825 [2026-08-02T06:45:37.629431] engines.npm (package.json): unspecified (use default) (STDOUT, STG)#
#2026 08 02 07:54:57.349#Z#DEBUG#6828ea62-8e47-11f1-a22d-eeee0a847462.SmartProcureX-db-deployer#flowable-async-job-executor-thread-9997#
[PollExecuteTaskStatusExecution] 0811d82a-292b-418f-a9aa-32d7fd5c8825 [2026-08-02T06:45:37.629632] -----> Installing node 24.15.0 (STDOUT, STG)#
#2026 08 02 07:54:57.349#Z#DEBUG#6828ea62-8e47-11f1-a22d-eeee0a847462.SmartProcureX-db-deployer#flowable-async-job-executor-thread-9997#
[PollExecuteTaskStatusExecution] 0811d82a-292b-418f-a9aa-32d7fd5c8825 [2026-08-02T06:45:37.629727] Copy [/tmp/buildpacks/411ec6166282b4d1/dependencies/6441e97e6386f47ec4c16cfdf8db0a17/node_24.15.0_linux_x64_cflinuxfs4_1a62d98b.tgz] (STDOUT, STG)#
#2026 08 02 07:54:57.349#Z#DEBUG#6828ea62-8e47-11f1-a22d-eeee0a847462.SmartProcureX-db-deployer#flowable-async-job-executor-thread-9997#
[PollExecuteTaskStatusExecution] 0811d82a-292b-418f-a9aa-32d7fd5c8825 [2026-08-02T06:45:39.320440] Using default npm version: 11.12.1 (STDOUT, STG)#
#2026 08 02 07:54:57.349#Z#DEBUG#6828ea62-8e47-11f1-a22d-eeee0a847462.SmartProcureX-db-deployer#flowable-async-job-executor-thread-9997#
[PollExecuteTaskStatusExecution] 0811d82a-292b-418f-a9aa-32d7fd5c8825 [2026-08-02T06:45:39.320462] -----> Installing yarn 1.22.22 (STDOUT, STG)#
#2026 08 02 07:54:57.349#Z#DEBUG#6828ea62-8e47-11f1-a22d-eeee0a847462.SmartProcureX-db-deployer#flowable-async-job-executor-thread-9997#
[PollExecuteTaskStatusExecution] 0811d82a-292b-418f-a9aa-32d7fd5c8825 [2026-08-02T06:45:39.320516] Copy [/tmp/buildpacks/411ec6166282b4d1/dependencies/e4fe26756e9984a665478d350474fa2e/yarn_1.22.22_linux_noarch_any-stack_b6132b86.tgz] (STDOUT, STG)#
#2026 08 02 07:54:57.349#Z#DEBUG#6828ea62-8e47-11f1-a22d-eeee0a847462.SmartProcureX-db-deployer#flowable-async-job-executor-thread-9997#
[PollExecuteTaskStatusExecution] 0811d82a-292b-418f-a9aa-32d7fd5c8825 [2026-08-02T06:45:39.574972] Installed yarn 1.22.22 (STDOUT, STG)#
#2026 08 02 07:54:57.349#Z#DEBUG#6828ea62-8e47-11f1-a22d-eeee0a847462.SmartProcureX-db-deployer#flowable-async-job-executor-thread-9997#
[PollExecuteTaskStatusExecution] 0811d82a-292b-418f-a9aa-32d7fd5c8825 [2026-08-02T06:45:39.574999] -----> Creating runtime environment (STDOUT, STG)#
#2026 08 02 07:54:57.349#Z#DEBUG#6828ea62-8e47-11f1-a22d-eeee0a847462.SmartProcureX-db-deployer#flowable-async-job-executor-thread-9997#
[PollExecuteTaskStatusExecution] 0811d82a-292b-418f-a9aa-32d7fd5c8825 [2026-08-02T06:45:39.576589] NODE_ENV=production (STDOUT, STG)#
#2026 08 02 07:54:57.349#Z#DEBUG#6828ea62-8e47-11f1-a22d-eeee0a847462.SmartProcureX-db-deployer#flowable-async-job-executor-thread-9997#
[PollExecuteTaskStatusExecution] 0811d82a-292b-418f-a9aa-32d7fd5c8825 [2026-08-02T06:45:39.576606] NODE_HOME=/tmp/contents202540639/deps/0/node (STDOUT, STG)#
#2026 08 02 07:54:57.349#Z#DEBUG#6828ea62-8e47-11f1-a22d-eeee0a847462.SmartProcureX-db-deployer#flowable-async-job-executor-thread-9997#
[PollExecuteTaskStatusExecution] 0811d82a-292b-418f-a9aa-32d7fd5c8825 [2026-08-02T06:45:39.576608] NODE_MODULES_CACHE=true (STDOUT, STG)#
#2026 08 02 07:54:57.349#Z#DEBUG#6828ea62-8e47-11f1-a22d-eeee0a847462.SmartProcureX-db-deployer#flowable-async-job-executor-thread-9997#
[PollExecuteTaskStatusExecution] 0811d82a-292b-418f-a9aa-32d7fd5c8825 [2026-08-02T06:45:39.576610] NODE_VERBOSE=false (STDOUT, STG)#
#2026 08 02 07:54:57.349#Z#DEBUG#6828ea62-8e47-11f1-a22d-eeee0a847462.SmartProcureX-db-deployer#flowable-async-job-executor-thread-9997#
[PollExecuteTaskStatusExecution] 0811d82a-292b-418f-a9aa-32d7fd5c8825 [2026-08-02T06:45:39.576612] NPM_CONFIG_LOGLEVEL=error (STDOUT, STG)#
#2026 08 02 07:54:57.349#Z#DEBUG#6828ea62-8e47-11f1-a22d-eeee0a847462.SmartProcureX-db-deployer#flowable-async-job-executor-thread-9997#
[PollExecuteTaskStatusExecution] 0811d82a-292b-418f-a9aa-32d7fd5c8825 [2026-08-02T06:45:39.576614] NPM_CONFIG_PRODUCTION=true (STDOUT, STG)#
#2026 08 02 07:54:57.349#Z#DEBUG#6828ea62-8e47-11f1-a22d-eeee0a847462.SmartProcureX-db-deployer#flowable-async-job-executor-thread-9997#
[PollExecuteTaskStatusExecution] 0811d82a-292b-418f-a9aa-32d7fd5c8825 [2026-08-02T06:45:39.576670] -----> Building dependencies (STDOUT, STG)#
#2026 08 02 07:54:57.349#Z#DEBUG#6828ea62-8e47-11f1-a22d-eeee0a847462.SmartProcureX-db-deployer#flowable-async-job-executor-thread-9997#
[PollExecuteTaskStatusExecution] 0811d82a-292b-418f-a9aa-32d7fd5c8825 [2026-08-02T06:45:39.576684] Prebuild detected (node_modules already exists) (STDOUT, STG)#
#2026 08 02 07:54:57.349#Z#DEBUG#6828ea62-8e47-11f1-a22d-eeee0a847462.SmartProcureX-db-deployer#flowable-async-job-executor-thread-9997#
[PollExecuteTaskStatusExecution] 0811d82a-292b-418f-a9aa-32d7fd5c8825 [2026-08-02T06:45:39.576687] Rebuilding any native modules (STDOUT, STG)#
#2026 08 02 07:54:57.349#Z#DEBUG#6828ea62-8e47-11f1-a22d-eeee0a847462.SmartProcureX-db-deployer#flowable-async-job-executor-thread-9997#
[PollExecuteTaskStatusExecution] 0811d82a-292b-418f-a9aa-32d7fd5c8825 [2026-08-02T06:45:39.958317] rebuilt dependencies successfully (STDOUT, STG)#
#2026 08 02 07:54:57.349#Z#DEBUG#6828ea62-8e47-11f1-a22d-eeee0a847462.SmartProcureX-db-deployer#flowable-async-job-executor-thread-9997#
[PollExecuteTaskStatusExecution] 0811d82a-292b-418f-a9aa-32d7fd5c8825 [2026-08-02T06:45:40.004496] Installing any new modules (package.json + package-lock.json) (STDOUT, STG)#
#2026 08 02 07:54:57.349#Z#DEBUG#6828ea62-8e47-11f1-a22d-eeee0a847462.SmartProcureX-db-deployer#flowable-async-job-executor-thread-9997#
[PollExecuteTaskStatusExecution] 0811d82a-292b-418f-a9aa-32d7fd5c8825 [2026-08-02T06:45:40.320029] up to date in 260ms (STDOUT, STG)#
#2026 08 02 07:54:57.349#Z#DEBUG#6828ea62-8e47-11f1-a22d-eeee0a847462.SmartProcureX-db-deployer#flowable-async-job-executor-thread-9997#
[PollExecuteTaskStatusExecution] 0811d82a-292b-418f-a9aa-32d7fd5c8825 [2026-08-02T06:45:40.320199] 4 packages are looking for funding (STDOUT, STG)#
#2026 08 02 07:54:57.349#Z#DEBUG#6828ea62-8e47-11f1-a22d-eeee0a847462.SmartProcureX-db-deployer#flowable-async-job-executor-thread-9997#
[PollExecuteTaskStatusExecution] 0811d82a-292b-418f-a9aa-32d7fd5c8825 [2026-08-02T06:45:40.320292] run `npm fund` for details (STDOUT, STG)#
#2026 08 02 07:54:57.349#Z#DEBUG#6828ea62-8e47-11f1-a22d-eeee0a847462.SmartProcureX-db-deployer#flowable-async-job-executor-thread-9997#
[PollExecuteTaskStatusExecution] 0811d82a-292b-418f-a9aa-32d7fd5c8825 [2026-08-02T06:45:40.704874] Contrast Security no credentials found. Will not write environment files. (STDOUT, STG)#
#2026 08 02 07:54:57.349#Z#DEBUG#6828ea62-8e47-11f1-a22d-eeee0a847462.SmartProcureX-db-deployer#flowable-async-job-executor-thread-9997#
[PollExecuteTaskStatusExecution] 0811d82a-292b-418f-a9aa-32d7fd5c8825 [2026-08-02T06:45:48.079635] Exit status 0 (STDOUT, STG)#
#2026 08 02 07:54:57.349#Z#DEBUG#6828ea62-8e47-11f1-a22d-eeee0a847462.SmartProcureX-db-deployer#flowable-async-job-executor-thread-9997#
[PollExecuteTaskStatusExecution] 0811d82a-292b-418f-a9aa-32d7fd5c8825 [2026-08-02T06:45:48.079700] Uploading droplet, build artifacts cache... (STDOUT, STG)#
#2026 08 02 07:54:57.349#Z#DEBUG#6828ea62-8e47-11f1-a22d-eeee0a847462.SmartProcureX-db-deployer#flowable-async-job-executor-thread-9997#
[PollExecuteTaskStatusExecution] 0811d82a-292b-418f-a9aa-32d7fd5c8825 [2026-08-02T06:45:48.079759] Uploading droplet... (STDOUT, STG)#
#2026 08 02 07:54:57.349#Z#DEBUG#6828ea62-8e47-11f1-a22d-eeee0a847462.SmartProcureX-db-deployer#flowable-async-job-executor-thread-9997#
[PollExecuteTaskStatusExecution] 0811d82a-292b-418f-a9aa-32d7fd5c8825 [2026-08-02T06:45:48.079767] Uploading build artifacts cache... (STDOUT, STG)#
#2026 08 02 07:54:57.349#Z#DEBUG#6828ea62-8e47-11f1-a22d-eeee0a847462.SmartProcureX-db-deployer#flowable-async-job-executor-thread-9997#
[PollExecuteTaskStatusExecution] 0811d82a-292b-418f-a9aa-32d7fd5c8825 [2026-08-02T06:45:48.096262] Uploaded build artifacts cache (225B) (STDOUT, STG)#
#2026 08 02 07:54:57.349#Z#DEBUG#6828ea62-8e47-11f1-a22d-eeee0a847462.SmartProcureX-db-deployer#flowable-async-job-executor-thread-9997#
[PollExecuteTaskStatusExecution] 0811d82a-292b-418f-a9aa-32d7fd5c8825 [2026-08-02T06:45:48.699472] Creating droplet for app with guid 0811d82a-292b-418f-a9aa-32d7fd5c8825 (STDOUT, API)#
#2026 08 02 07:54:57.349#Z#DEBUG#6828ea62-8e47-11f1-a22d-eeee0a847462.SmartProcureX-db-deployer#flowable-async-job-executor-thread-9997#
[PollExecuteTaskStatusExecution] 0811d82a-292b-418f-a9aa-32d7fd5c8825 [2026-08-02T06:45:50.764855] Uploaded droplet (58.6M) (STDOUT, STG)#
#2026 08 02 07:54:57.349#Z#DEBUG#6828ea62-8e47-11f1-a22d-eeee0a847462.SmartProcureX-db-deployer#flowable-async-job-executor-thread-9997#
[PollExecuteTaskStatusExecution] 0811d82a-292b-418f-a9aa-32d7fd5c8825 [2026-08-02T06:45:50.779344] Uploading complete (STDOUT, STG)#
#2026 08 02 07:54:57.349#Z#DEBUG#6828ea62-8e47-11f1-a22d-eeee0a847462.SmartProcureX-db-deployer#flowable-async-job-executor-thread-9997#
[PollExecuteTaskStatusExecution] 0811d82a-292b-418f-a9aa-32d7fd5c8825 [2026-08-02T06:45:51.086966] Cell 4761c3fb-8e91-4ced-804b-3db53058de34 stopping instance d248ddf3-cba2-4c17-a76a-9250c855bc49 (STDOUT, STG)#
#2026 08 02 07:54:57.349#Z#DEBUG#6828ea62-8e47-11f1-a22d-eeee0a847462.SmartProcureX-db-deployer#flowable-async-job-executor-thread-9997#
[PollExecuteTaskStatusExecution] 0811d82a-292b-418f-a9aa-32d7fd5c8825 [2026-08-02T06:45:51.087022] Cell 4761c3fb-8e91-4ced-804b-3db53058de34 destroying container for instance d248ddf3-cba2-4c17-a76a-9250c855bc49 (STDOUT, STG)#
#2026 08 02 07:54:57.349#Z#DEBUG#6828ea62-8e47-11f1-a22d-eeee0a847462.SmartProcureX-db-deployer#flowable-async-job-executor-thread-9997#
[PollExecuteTaskStatusExecution] 0811d82a-292b-418f-a9aa-32d7fd5c8825 [2026-08-02T06:45:51.138215] Staging complete for build d248ddf3-cba2-4c17-a76a-9250c855bc49 (STDOUT, API)#
#2026 08 02 07:54:57.349#Z#DEBUG#6828ea62-8e47-11f1-a22d-eeee0a847462.SmartProcureX-db-deployer#flowable-async-job-executor-thread-9997#
[PollExecuteTaskStatusExecution] 0811d82a-292b-418f-a9aa-32d7fd5c8825 [2026-08-02T06:45:52.566653] Cell 4761c3fb-8e91-4ced-804b-3db53058de34 successfully destroyed container for instance d248ddf3-cba2-4c17-a76a-9250c855bc49 (STDOUT, STG)#
#2026 08 02 07:54:57.349#Z#DEBUG#6828ea62-8e47-11f1-a22d-eeee0a847462.SmartProcureX-db-deployer#flowable-async-job-executor-thread-9997#
[PollExecuteTaskStatusExecution] 0811d82a-292b-418f-a9aa-32d7fd5c8825 [2026-08-02T06:45:52.923891] Updated app with guid 0811d82a-292b-418f-a9aa-32d7fd5c8825 ({:droplet_guid=>"6c0a2276-585c-46ea-9568-1903c7653ceb"}) (STDOUT, API)#
#2026 08 02 07:54:57.349#Z#DEBUG#6828ea62-8e47-11f1-a22d-eeee0a847462.SmartProcureX-db-deployer#flowable-async-job-executor-thread-9997#
[PollExecuteTaskStatusExecution] 0811d82a-292b-418f-a9aa-32d7fd5c8825 [2026-08-02T06:45:53.247521] Cell 919653e1-7038-451d-ac9f-e4bd0de8dbda creating container for instance d42fd51f-7750-4ac0-989f-033c0ca5fd26 (STDOUT, CELL)#
#2026 08 02 07:54:57.349#Z#DEBUG#6828ea62-8e47-11f1-a22d-eeee0a847462.SmartProcureX-db-deployer#flowable-async-job-executor-thread-9997#
[PollExecuteTaskStatusExecution] 0811d82a-292b-418f-a9aa-32d7fd5c8825 [2026-08-02T06:45:53.568903] Security group rules were updated (STDOUT, CELL)#
#2026 08 02 07:54:57.349#Z#DEBUG#6828ea62-8e47-11f1-a22d-eeee0a847462.SmartProcureX-db-deployer#flowable-async-job-executor-thread-9997#
[PollExecuteTaskStatusExecution] 0811d82a-292b-418f-a9aa-32d7fd5c8825 [2026-08-02T06:45:53.631401] Cell 919653e1-7038-451d-ac9f-e4bd0de8dbda successfully created container for instance d42fd51f-7750-4ac0-989f-033c0ca5fd26 (STDOUT, CELL)#
#2026 08 02 07:54:57.349#Z#DEBUG#6828ea62-8e47-11f1-a22d-eeee0a847462.SmartProcureX-db-deployer#flowable-async-job-executor-thread-9997#
[PollExecuteTaskStatusExecution] 0811d82a-292b-418f-a9aa-32d7fd5c8825 [2026-08-02T06:45:57.026741] Invoking pre-start scripts. (STDOUT, APP/TASK/deploy)#
#2026 08 02 07:54:57.349#Z#DEBUG#6828ea62-8e47-11f1-a22d-eeee0a847462.SmartProcureX-db-deployer#flowable-async-job-executor-thread-9997#
[PollExecuteTaskStatusExecution] 0811d82a-292b-418f-a9aa-32d7fd5c8825 [2026-08-02T06:45:57.166236] Invoking start command. (STDOUT, APP/TASK/deploy)#
#2026 08 02 07:54:57.349#Z#DEBUG#6828ea62-8e47-11f1-a22d-eeee0a847462.SmartProcureX-db-deployer#flowable-async-job-executor-thread-9997#
[PollExecuteTaskStatusExecution] 0811d82a-292b-418f-a9aa-32d7fd5c8825 [2026-08-02T06:45:57.452353] > start (STDOUT, APP/TASK/deploy)#
#2026 08 02 07:54:57.349#Z#DEBUG#6828ea62-8e47-11f1-a22d-eeee0a847462.SmartProcureX-db-deployer#flowable-async-job-executor-thread-9997#
[PollExecuteTaskStatusExecution] 0811d82a-292b-418f-a9aa-32d7fd5c8825 [2026-08-02T06:45:57.452386] > node node_modules/@sap/hdi-deploy/deploy.js --use-hdb --parameter com.sap.hana.di.table/try_fast_table_migration=true (STDOUT, APP/TASK/deploy)#
#2026 08 02 07:54:57.349#Z#DEBUG#6828ea62-8e47-11f1-a22d-eeee0a847462.SmartProcureX-db-deployer#flowable-async-job-executor-thread-9997#
[PollExecuteTaskStatusExecution] 0811d82a-292b-418f-a9aa-32d7fd5c8825 [2026-08-02T06:45:57.552367] VCAP_SERVICES: (STDOUT, APP/TASK/deploy)#
#2026 08 02 07:54:57.349#Z#DEBUG#6828ea62-8e47-11f1-a22d-eeee0a847462.SmartProcureX-db-deployer#flowable-async-job-executor-thread-9997#
[PollExecuteTaskStatusExecution] 0811d82a-292b-418f-a9aa-32d7fd5c8825 [2026-08-02T06:45:57.552866] { (STDOUT, APP/TASK/deploy)#
#2026 08 02 07:54:57.349#Z#DEBUG#6828ea62-8e47-11f1-a22d-eeee0a847462.SmartProcureX-db-deployer#flowable-async-job-executor-thread-9997#
[PollExecuteTaskStatusExecution] 0811d82a-292b-418f-a9aa-32d7fd5c8825 [2026-08-02T06:45:57.552889] "hana": [ (STDOUT, APP/TASK/deploy)#
#2026 08 02 07:54:57.349#Z#DEBUG#6828ea62-8e47-11f1-a22d-eeee0a847462.SmartProcureX-db-deployer#flowable-async-job-executor-thread-9997#
[PollExecuteTaskStatusExecution] 0811d82a-292b-418f-a9aa-32d7fd5c8825 [2026-08-02T06:45:57.552892] { (STDOUT, APP/TASK/deploy)#
#2026 08 02 07:54:57.349#Z#DEBUG#6828ea62-8e47-11f1-a22d-eeee0a847462.SmartProcureX-db-deployer#flowable-async-job-executor-thread-9997#
[PollExecuteTaskStatusExecution] 0811d82a-292b-418f-a9aa-32d7fd5c8825 [2026-08-02T06:45:57.552896] "name": "SmartProcureX-db", (STDOUT, APP/TASK/deploy)#
#2026 08 02 07:54:57.349#Z#DEBUG#6828ea62-8e47-11f1-a22d-eeee0a847462.SmartProcureX-db-deployer#flowable-async-job-executor-thread-9997#
[PollExecuteTaskStatusExecution] 0811d82a-292b-418f-a9aa-32d7fd5c8825 [2026-08-02T06:45:57.552898] "label": "hana", (STDOUT, APP/TASK/deploy)#
#2026 08 02 07:54:57.349#Z#DEBUG#6828ea62-8e47-11f1-a22d-eeee0a847462.SmartProcureX-db-deployer#flowable-async-job-executor-thread-9997#
[PollExecuteTaskStatusExecution] 0811d82a-292b-418f-a9aa-32d7fd5c8825 [2026-08-02T06:45:57.552901] "plan": "hdi-shared", (STDOUT, APP/TASK/deploy)#
#2026 08 02 07:54:57.349#Z#DEBUG#6828ea62-8e47-11f1-a22d-eeee0a847462.SmartProcureX-db-deployer#flowable-async-job-executor-thread-9997#
[PollExecuteTaskStatusExecution] 0811d82a-292b-418f-a9aa-32d7fd5c8825 [2026-08-02T06:45:57.552903] "credentials": { (STDOUT, APP/TASK/deploy)#
#2026 08 02 07:54:57.349#Z#DEBUG#6828ea62-8e47-11f1-a22d-eeee0a847462.SmartProcureX-db-deployer#flowable-async-job-executor-thread-9997#
[PollExecuteTaskStatusExecution] 0811d82a-292b-418f-a9aa-32d7fd5c8825 [2026-08-02T06:45:57.552906] "schema": "B2E83F60A5C34A6E98091CC639322A6C", (STDOUT, APP/TASK/deploy)#
#2026 08 02 07:54:57.349#Z#DEBUG#6828ea62-8e47-11f1-a22d-eeee0a847462.SmartProcureX-db-deployer#flowable-async-job-executor-thread-9997#
[PollExecuteTaskStatusExecution] 0811d82a-292b-418f-a9aa-32d7fd5c8825 [2026-08-02T06:45:57.552908] "database_id": "ccb85f22-d9b4-4190-84d2-64f7029bd6f6", (STDOUT, APP/TASK/deploy)#
#2026 08 02 07:54:57.349#Z#DEBUG#6828ea62-8e47-11f1-a22d-eeee0a847462.SmartProcureX-db-deployer#flowable-async-job-executor-thread-9997#
[PollExecuteTaskStatusExecution] 0811d82a-292b-418f-a9aa-32d7fd5c8825 [2026-08-02T06:45:57.552911] "user": "B2E83F60A5C34A6E98091CC639322A6C_11HPH9KXTDTQSB7FMNXEVK1B1_RT", (STDOUT, APP/TASK/deploy)#
#2026 08 02 07:54:57.349#Z#DEBUG#6828ea62-8e47-11f1-a22d-eeee0a847462.SmartProcureX-db-deployer#flowable-async-job-executor-thread-9997#
[PollExecuteTaskStatusExecution] 0811d82a-292b-418f-a9aa-32d7fd5c8825 [2026-08-02T06:45:57.552917] "hdi_user": "B2E83F60A5C34A6E98091CC639322A6C_11HPH9KXTDTQSB7FMNXEVK1B1_DT" (STDOUT, APP/TASK/deploy)#
#2026 08 02 07:54:57.349#Z#DEBUG#6828ea62-8e47-11f1-a22d-eeee0a847462.SmartProcureX-db-deployer#flowable-async-job-executor-thread-9997#
[PollExecuteTaskStatusExecution] 0811d82a-292b-418f-a9aa-32d7fd5c8825 [2026-08-02T06:45:57.552919] }, (STDOUT, APP/TASK/deploy)#
#2026 08 02 07:54:57.349#Z#DEBUG#6828ea62-8e47-11f1-a22d-eeee0a847462.SmartProcureX-db-deployer#flowable-async-job-executor-thread-9997#
[PollExecuteTaskStatusExecution] 0811d82a-292b-418f-a9aa-32d7fd5c8825 [2026-08-02T06:45:57.552921] "tags": [ (STDOUT, APP/TASK/deploy)#
#2026 08 02 07:54:57.349#Z#DEBUG#6828ea62-8e47-11f1-a22d-eeee0a847462.SmartProcureX-db-deployer#flowable-async-job-executor-thread-9997#
[PollExecuteTaskStatusExecution] 0811d82a-292b-418f-a9aa-32d7fd5c8825 [2026-08-02T06:45:57.552927] "hana", (STDOUT, APP/TASK/deploy)#
#2026 08 02 07:54:57.349#Z#DEBUG#6828ea62-8e47-11f1-a22d-eeee0a847462.SmartProcureX-db-deployer#flowable-async-job-executor-thread-9997#
[PollExecuteTaskStatusExecution] 0811d82a-292b-418f-a9aa-32d7fd5c8825 [2026-08-02T06:45:57.552930] "database", (STDOUT, APP/TASK/deploy)#
#2026 08 02 07:54:57.349#Z#DEBUG#6828ea62-8e47-11f1-a22d-eeee0a847462.SmartProcureX-db-deployer#flowable-async-job-executor-thread-9997#
[PollExecuteTaskStatusExecution] 0811d82a-292b-418f-a9aa-32d7fd5c8825 [2026-08-02T06:45:57.552933] "relational" (STDOUT, APP/TASK/deploy)#
#2026 08 02 07:54:57.349#Z#DEBUG#6828ea62-8e47-11f1-a22d-eeee0a847462.SmartProcureX-db-deployer#flowable-async-job-executor-thread-9997#
[PollExecuteTaskStatusExecution] 0811d82a-292b-418f-a9aa-32d7fd5c8825 [2026-08-02T06:45:57.552940] ] (STDOUT, APP/TASK/deploy)#
#2026 08 02 07:54:57.349#Z#DEBUG#6828ea62-8e47-11f1-a22d-eeee0a847462.SmartProcureX-db-deployer#flowable-async-job-executor-thread-9997#
[PollExecuteTaskStatusExecution] 0811d82a-292b-418f-a9aa-32d7fd5c8825 [2026-08-02T06:45:57.552943] } (STDOUT, APP/TASK/deploy)#
#2026 08 02 07:54:57.349#Z#DEBUG#6828ea62-8e47-11f1-a22d-eeee0a847462.SmartProcureX-db-deployer#flowable-async-job-executor-thread-9997#
[PollExecuteTaskStatusExecution] 0811d82a-292b-418f-a9aa-32d7fd5c8825 [2026-08-02T06:45:57.552945] ] (STDOUT, APP/TASK/deploy)#
#2026 08 02 07:54:57.349#Z#DEBUG#6828ea62-8e47-11f1-a22d-eeee0a847462.SmartProcureX-db-deployer#flowable-async-job-executor-thread-9997#
[PollExecuteTaskStatusExecution] 0811d82a-292b-418f-a9aa-32d7fd5c8825 [2026-08-02T06:45:57.552948] } (STDOUT, APP/TASK/deploy)#
#2026 08 02 07:54:57.349#Z#DEBUG#6828ea62-8e47-11f1-a22d-eeee0a847462.SmartProcureX-db-deployer#flowable-async-job-executor-thread-9997#
[PollExecuteTaskStatusExecution] 0811d82a-292b-418f-a9aa-32d7fd5c8825 [2026-08-02T06:46:01.863686] @sap/hdi-deploy, version 5.7.0 (mode default), server version unknown (0.0.0.0), cloud version , node version 24.15.0, HDI version -1, container API version -1 (STDOUT, APP/TASK/deploy)#
#2026 08 02 07:54:57.349#Z#DEBUG#6828ea62-8e47-11f1-a22d-eeee0a847462.SmartProcureX-db-deployer#flowable-async-job-executor-thread-9997#
[PollExecuteTaskStatusExecution] 0811d82a-292b-418f-a9aa-32d7fd5c8825 [2026-08-02T06:46:01.863708] Deployment started at 2026-08-02 06:46:01 (STDOUT, APP/TASK/deploy)#
#2026 08 02 07:54:57.349#Z#DEBUG#6828ea62-8e47-11f1-a22d-eeee0a847462.SmartProcureX-db-deployer#flowable-async-job-executor-thread-9997#
[PollExecuteTaskStatusExecution] 0811d82a-292b-418f-a9aa-32d7fd5c8825 [2026-08-02T06:46:01.863943] Using hdb@2.29.5 for connection (STDOUT, APP/TASK/deploy)#
#2026 08 02 07:54:57.349#Z#DEBUG#6828ea62-8e47-11f1-a22d-eeee0a847462.SmartProcureX-db-deployer#flowable-async-job-executor-thread-9997#
[PollExecuteTaskStatusExecution] 0811d82a-292b-418f-a9aa-32d7fd5c8825 [2026-08-02T06:46:01.863961] Detection of server version failed; root cause: HANA Database instance is stopped (STDOUT, APP/TASK/deploy)#
#2026 08 02 07:54:57.349#Z#DEBUG#6828ea62-8e47-11f1-a22d-eeee0a847462.SmartProcureX-db-deployer#flowable-async-job-executor-thread-9997#
[PollExecuteTaskStatusExecution] 0811d82a-292b-418f-a9aa-32d7fd5c8825 [2026-08-02T06:46:01.863966] Detection of cloud version failed; root cause: HANA Database instance is stopped (STDOUT, APP/TASK/deploy)#
#2026 08 02 07:54:57.349#Z#DEBUG#6828ea62-8e47-11f1-a22d-eeee0a847462.SmartProcureX-db-deployer#flowable-async-job-executor-thread-9997#
[PollExecuteTaskStatusExecution] 0811d82a-292b-418f-a9aa-32d7fd5c8825 [2026-08-02T06:46:01.863970] Detection of container API version failed; root cause: HANA Database instance is stopped (STDOUT, APP/TASK/deploy)#
#2026 08 02 07:54:57.349#Z#DEBUG#6828ea62-8e47-11f1-a22d-eeee0a847462.SmartProcureX-db-deployer#flowable-async-job-executor-thread-9997#
[PollExecuteTaskStatusExecution] 0811d82a-292b-418f-a9aa-32d7fd5c8825 [2026-08-02T06:46:01.863974] Detection of HDI version failed; root cause: HANA Database instance is stopped (STDOUT, APP/TASK/deploy)#
#2026 08 02 07:54:57.349#Z#DEBUG#6828ea62-8e47-11f1-a22d-eeee0a847462.SmartProcureX-db-deployer#flowable-async-job-executor-thread-9997#
[PollExecuteTaskStatusExecution] 0811d82a-292b-418f-a9aa-32d7fd5c8825 [2026-08-02T06:46:01.864220] Deployment ended at 2026-08-02 06:46:01 (STDOUT, APP/TASK/deploy)#
#2026 08 02 07:54:57.349#Z#DEBUG#6828ea62-8e47-11f1-a22d-eeee0a847462.SmartProcureX-db-deployer#flowable-async-job-executor-thread-9997#
[PollExecuteTaskStatusExecution] 0811d82a-292b-418f-a9aa-32d7fd5c8825 [2026-08-02T06:46:01.864331] Error: Option parameter is not supported by the server; based on detected server version unknown (STDERR, APP/TASK/deploy)#
#2026 08 02 07:54:57.349#Z#DEBUG#6828ea62-8e47-11f1-a22d-eeee0a847462.SmartProcureX-db-deployer#flowable-async-job-executor-thread-9997#
[PollExecuteTaskStatusExecution] 0811d82a-292b-418f-a9aa-32d7fd5c8825 [2026-08-02T06:46:01.864487] (4s 381ms) (STDOUT, APP/TASK/deploy)#
#2026 08 02 07:54:57.349#Z#DEBUG#6828ea62-8e47-11f1-a22d-eeee0a847462.SmartProcureX-db-deployer#flowable-async-job-executor-thread-9997#
[PollExecuteTaskStatusExecution] 0811d82a-292b-418f-a9aa-32d7fd5c8825 [2026-08-02T06:46:01.873533] npm notice (STDERR, APP/TASK/deploy)#
#2026 08 02 07:54:57.349#Z#DEBUG#6828ea62-8e47-11f1-a22d-eeee0a847462.SmartProcureX-db-deployer#flowable-async-job-executor-thread-9997#
[PollExecuteTaskStatusExecution] 0811d82a-292b-418f-a9aa-32d7fd5c8825 [2026-08-02T06:46:01.873552] npm notice New major version of npm available! 11.12.1 -> 12.0.2 (STDERR, APP/TASK/deploy)#
#2026 08 02 07:54:57.349#Z#DEBUG#6828ea62-8e47-11f1-a22d-eeee0a847462.SmartProcureX-db-deployer#flowable-async-job-executor-thread-9997#
[PollExecuteTaskStatusExecution] 0811d82a-292b-418f-a9aa-32d7fd5c8825 [2026-08-02T06:46:01.873557] npm notice Changelog: https://github.com/npm/cli/releases/tag/v12.0.2 (STDERR, APP/TASK/deploy)#
#2026 08 02 07:54:57.349#Z#DEBUG#6828ea62-8e47-11f1-a22d-eeee0a847462.SmartProcureX-db-deployer#flowable-async-job-executor-thread-9997#
[PollExecuteTaskStatusExecution] 0811d82a-292b-418f-a9aa-32d7fd5c8825 [2026-08-02T06:46:01.873561] npm notice To update run: npm install -g npm@12.0.2 (STDERR, APP/TASK/deploy)#
#2026 08 02 07:54:57.349#Z#DEBUG#6828ea62-8e47-11f1-a22d-eeee0a847462.SmartProcureX-db-deployer#flowable-async-job-executor-thread-9997#
[PollExecuteTaskStatusExecution] 0811d82a-292b-418f-a9aa-32d7fd5c8825 [2026-08-02T06:46:01.873567] npm notice (STDERR, APP/TASK/deploy)#
#2026 08 02 07:54:57.349#Z#DEBUG#6828ea62-8e47-11f1-a22d-eeee0a847462.SmartProcureX-db-deployer#flowable-async-job-executor-thread-9997#
[PollExecuteTaskStatusExecution] 0811d82a-292b-418f-a9aa-32d7fd5c8825 [2026-08-02T06:46:01.923769] Exit status 1 (STDOUT, APP/TASK/deploy)#
#2026 08 02 07:54:57.349#Z#DEBUG#6828ea62-8e47-11f1-a22d-eeee0a847462.SmartProcureX-db-deployer#flowable-async-job-executor-thread-9997#
[PollExecuteTaskStatusExecution] 0811d82a-292b-418f-a9aa-32d7fd5c8825 [2026-08-02T06:46:03.297951] Cell 919653e1-7038-451d-ac9f-e4bd0de8dbda stopping instance d42fd51f-7750-4ac0-989f-033c0ca5fd26 (STDOUT, CELL)#
#2026 08 02 07:54:57.349#Z#DEBUG#6828ea62-8e47-11f1-a22d-eeee0a847462.SmartProcureX-db-deployer#flowable-async-job-executor-thread-9997#
[PollExecuteTaskStatusExecution] 0811d82a-292b-418f-a9aa-32d7fd5c8825 [2026-08-02T06:46:03.297998] Cell 919653e1-7038-451d-ac9f-e4bd0de8dbda destroying container for instance d42fd51f-7750-4ac0-989f-033c0ca5fd26 (STDOUT, CELL)#
#2026 08 02 07:54:57.349#Z#DEBUG#6828ea62-8e47-11f1-a22d-eeee0a847462.SmartProcureX-db-deployer#flowable-async-job-executor-thread-9997#
[PollExecuteTaskStatusExecution] 0811d82a-292b-418f-a9aa-32d7fd5c8825 [2026-08-02T06:46:05.992563] Cell 919653e1-7038-451d-ac9f-e4bd0de8dbda successfully destroyed container for instance d42fd51f-7750-4ac0-989f-033c0ca5fd26 (STDOUT, CELL)#
#2026 08 02 07:54:57.349#Z#DEBUG#6828ea62-8e47-11f1-a22d-eeee0a847462.SmartProcureX-db-deployer#flowable-async-job-executor-thread-9997#
[PollExecuteTaskStatusExecution] 0811d82a-292b-418f-a9aa-32d7fd5c8825 [2026-08-02T06:46:16.260352] Cell 2cba0a63-a06b-4c2d-9ff8-cb3bec259489 creating container for instance cc9e4bae-9b31-488a-825c-06161595b8b0 (STDOUT, CELL)#
#2026 08 02 07:54:57.349#Z#DEBUG#6828ea62-8e47-11f1-a22d-eeee0a847462.SmartProcureX-db-deployer#flowable-async-job-executor-thread-9997#
[PollExecuteTaskStatusExecution] 0811d82a-292b-418f-a9aa-32d7fd5c8825 [2026-08-02T06:46:16.562847] Security group rules were updated (STDOUT, CELL)#
#2026 08 02 07:54:57.349#Z#DEBUG#6828ea62-8e47-11f1-a22d-eeee0a847462.SmartProcureX-db-deployer#flowable-async-job-executor-thread-9997#
[PollExecuteTaskStatusExecution] 0811d82a-292b-418f-a9aa-32d7fd5c8825 [2026-08-02T06:46:16.618224] Cell 2cba0a63-a06b-4c2d-9ff8-cb3bec259489 successfully created container for instance cc9e4bae-9b31-488a-825c-06161595b8b0 (STDOUT, CELL)#
#2026 08 02 07:54:57.349#Z#DEBUG#6828ea62-8e47-11f1-a22d-eeee0a847462.SmartProcureX-db-deployer#flowable-async-job-executor-thread-9997#
[PollExecuteTaskStatusExecution] 0811d82a-292b-418f-a9aa-32d7fd5c8825 [2026-08-02T06:46:20.144735] Invoking pre-start scripts. (STDOUT, APP/TASK/deploy)#
#2026 08 02 07:54:57.349#Z#DEBUG#6828ea62-8e47-11f1-a22d-eeee0a847462.SmartProcureX-db-deployer#flowable-async-job-executor-thread-9997#
[PollExecuteTaskStatusExecution] 0811d82a-292b-418f-a9aa-32d7fd5c8825 [2026-08-02T06:46:20.288139] Invoking start command. (STDOUT, APP/TASK/deploy)#
#2026 08 02 07:54:57.349#Z#DEBUG#6828ea62-8e47-11f1-a22d-eeee0a847462.SmartProcureX-db-deployer#flowable-async-job-executor-thread-9997#
[PollExecuteTaskStatusExecution] 0811d82a-292b-418f-a9aa-32d7fd5c8825 [2026-08-02T06:46:20.572579] > start (STDOUT, APP/TASK/deploy)#
#2026 08 02 07:54:57.349#Z#DEBUG#6828ea62-8e47-11f1-a22d-eeee0a847462.SmartProcureX-db-deployer#flowable-async-job-executor-thread-9997#
[PollExecuteTaskStatusExecution] 0811d82a-292b-418f-a9aa-32d7fd5c8825 [2026-08-02T06:46:20.572600] > node node_modules/@sap/hdi-deploy/deploy.js --use-hdb --parameter com.sap.hana.di.table/try_fast_table_migration=true (STDOUT, APP/TASK/deploy)#
#2026 08 02 07:54:57.349#Z#DEBUG#6828ea62-8e47-11f1-a22d-eeee0a847462.SmartProcureX-db-deployer#flowable-async-job-executor-thread-9997#
[PollExecuteTaskStatusExecution] 0811d82a-292b-418f-a9aa-32d7fd5c8825 [2026-08-02T06:46:20.671855] VCAP_SERVICES: (STDOUT, APP/TASK/deploy)#
#2026 08 02 07:54:57.349#Z#DEBUG#6828ea62-8e47-11f1-a22d-eeee0a847462.SmartProcureX-db-deployer#flowable-async-job-executor-thread-9997#
[PollExecuteTaskStatusExecution] 0811d82a-292b-418f-a9aa-32d7fd5c8825 [2026-08-02T06:46:20.672298] { (STDOUT, APP/TASK/deploy)#
#2026 08 02 07:54:57.349#Z#DEBUG#6828ea62-8e47-11f1-a22d-eeee0a847462.SmartProcureX-db-deployer#flowable-async-job-executor-thread-9997#
[PollExecuteTaskStatusExecution] 0811d82a-292b-418f-a9aa-32d7fd5c8825 [2026-08-02T06:46:20.672326] "hana": [ (STDOUT, APP/TASK/deploy)#
#2026 08 02 07:54:57.349#Z#DEBUG#6828ea62-8e47-11f1-a22d-eeee0a847462.SmartProcureX-db-deployer#flowable-async-job-executor-thread-9997#
[PollExecuteTaskStatusExecution] 0811d82a-292b-418f-a9aa-32d7fd5c8825 [2026-08-02T06:46:20.672332] { (STDOUT, APP/TASK/deploy)#
#2026 08 02 07:54:57.349#Z#DEBUG#6828ea62-8e47-11f1-a22d-eeee0a847462.SmartProcureX-db-deployer#flowable-async-job-executor-thread-9997#
[PollExecuteTaskStatusExecution] 0811d82a-292b-418f-a9aa-32d7fd5c8825 [2026-08-02T06:46:20.672338] "name": "SmartProcureX-db", (STDOUT, APP/TASK/deploy)#
#2026 08 02 07:54:57.349#Z#DEBUG#6828ea62-8e47-11f1-a22d-eeee0a847462.SmartProcureX-db-deployer#flowable-async-job-executor-thread-9997#
[PollExecuteTaskStatusExecution] 0811d82a-292b-418f-a9aa-32d7fd5c8825 [2026-08-02T06:46:20.672342] "label": "hana", (STDOUT, APP/TASK/deploy)#
#2026 08 02 07:54:57.349#Z#DEBUG#6828ea62-8e47-11f1-a22d-eeee0a847462.SmartProcureX-db-deployer#flowable-async-job-executor-thread-9997#
[PollExecuteTaskStatusExecution] 0811d82a-292b-418f-a9aa-32d7fd5c8825 [2026-08-02T06:46:20.672369] "plan": "hdi-shared", (STDOUT, APP/TASK/deploy)#
#2026 08 02 07:54:57.349#Z#DEBUG#6828ea62-8e47-11f1-a22d-eeee0a847462.SmartProcureX-db-deployer#flowable-async-job-executor-thread-9997#
[PollExecuteTaskStatusExecution] 0811d82a-292b-418f-a9aa-32d7fd5c8825 [2026-08-02T06:46:20.672372] "credentials": { (STDOUT, APP/TASK/deploy)#
#2026 08 02 07:54:57.349#Z#DEBUG#6828ea62-8e47-11f1-a22d-eeee0a847462.SmartProcureX-db-deployer#flowable-async-job-executor-thread-9997#
[PollExecuteTaskStatusExecution] 0811d82a-292b-418f-a9aa-32d7fd5c8825 [2026-08-02T06:46:20.672377] "schema": "B2E83F60A5C34A6E98091CC639322A6C", (STDOUT, APP/TASK/deploy)#
#2026 08 02 07:54:57.349#Z#DEBUG#6828ea62-8e47-11f1-a22d-eeee0a847462.SmartProcureX-db-deployer#flowable-async-job-executor-thread-9997#
[PollExecuteTaskStatusExecution] 0811d82a-292b-418f-a9aa-32d7fd5c8825 [2026-08-02T06:46:20.672380] "database_id": "ccb85f22-d9b4-4190-84d2-64f7029bd6f6", (STDOUT, APP/TASK/deploy)#
#2026 08 02 07:54:57.349#Z#DEBUG#6828ea62-8e47-11f1-a22d-eeee0a847462.SmartProcureX-db-deployer#flowable-async-job-executor-thread-9997#
[PollExecuteTaskStatusExecution] 0811d82a-292b-418f-a9aa-32d7fd5c8825 [2026-08-02T06:46:20.672385] "user": "B2E83F60A5C34A6E98091CC639322A6C_11HPH9KXTDTQSB7FMNXEVK1B1_RT", (STDOUT, APP/TASK/deploy)#
#2026 08 02 07:54:57.349#Z#DEBUG#6828ea62-8e47-11f1-a22d-eeee0a847462.SmartProcureX-db-deployer#flowable-async-job-executor-thread-9997#
[PollExecuteTaskStatusExecution] 0811d82a-292b-418f-a9aa-32d7fd5c8825 [2026-08-02T06:46:20.672388] "hdi_user": "B2E83F60A5C34A6E98091CC639322A6C_11HPH9KXTDTQSB7FMNXEVK1B1_DT" (STDOUT, APP/TASK/deploy)#
#2026 08 02 07:54:57.349#Z#DEBUG#6828ea62-8e47-11f1-a22d-eeee0a847462.SmartProcureX-db-deployer#flowable-async-job-executor-thread-9997#
[PollExecuteTaskStatusExecution] 0811d82a-292b-418f-a9aa-32d7fd5c8825 [2026-08-02T06:46:20.672392] }, (STDOUT, APP/TASK/deploy)#
#2026 08 02 07:54:57.349#Z#DEBUG#6828ea62-8e47-11f1-a22d-eeee0a847462.SmartProcureX-db-deployer#flowable-async-job-executor-thread-9997#
[PollExecuteTaskStatusExecution] 0811d82a-292b-418f-a9aa-32d7fd5c8825 [2026-08-02T06:46:20.672400] "tags": [ (STDOUT, APP/TASK/deploy)#
#2026 08 02 07:54:57.349#Z#DEBUG#6828ea62-8e47-11f1-a22d-eeee0a847462.SmartProcureX-db-deployer#flowable-async-job-executor-thread-9997#
[PollExecuteTaskStatusExecution] 0811d82a-292b-418f-a9aa-32d7fd5c8825 [2026-08-02T06:46:20.672403] "hana", (STDOUT, APP/TASK/deploy)#
#2026 08 02 07:54:57.349#Z#DEBUG#6828ea62-8e47-11f1-a22d-eeee0a847462.SmartProcureX-db-deployer#flowable-async-job-executor-thread-9997#
[PollExecuteTaskStatusExecution] 0811d82a-292b-418f-a9aa-32d7fd5c8825 [2026-08-02T06:46:20.672407] "database", (STDOUT, APP/TASK/deploy)#
#2026 08 02 07:54:57.349#Z#DEBUG#6828ea62-8e47-11f1-a22d-eeee0a847462.SmartProcureX-db-deployer#flowable-async-job-executor-thread-9997#
[PollExecuteTaskStatusExecution] 0811d82a-292b-418f-a9aa-32d7fd5c8825 [2026-08-02T06:46:20.672410] "relational" (STDOUT, APP/TASK/deploy)#
#2026 08 02 07:54:57.349#Z#DEBUG#6828ea62-8e47-11f1-a22d-eeee0a847462.SmartProcureX-db-deployer#flowable-async-job-executor-thread-9997#
[PollExecuteTaskStatusExecution] 0811d82a-292b-418f-a9aa-32d7fd5c8825 [2026-08-02T06:46:20.672413] ] (STDOUT, APP/TASK/deploy)#
#2026 08 02 07:54:57.349#Z#DEBUG#6828ea62-8e47-11f1-a22d-eeee0a847462.SmartProcureX-db-deployer#flowable-async-job-executor-thread-9997#
[PollExecuteTaskStatusExecution] 0811d82a-292b-418f-a9aa-32d7fd5c8825 [2026-08-02T06:46:20.672417] } (STDOUT, APP/TASK/deploy)#
#2026 08 02 07:54:57.349#Z#DEBUG#6828ea62-8e47-11f1-a22d-eeee0a847462.SmartProcureX-db-deployer#flowable-async-job-executor-thread-9997#
[PollExecuteTaskStatusExecution] 0811d82a-292b-418f-a9aa-32d7fd5c8825 [2026-08-02T06:46:20.672420] ] (STDOUT, APP/TASK/deploy)#
#2026 08 02 07:54:57.349#Z#DEBUG#6828ea62-8e47-11f1-a22d-eeee0a847462.SmartProcureX-db-deployer#flowable-async-job-executor-thread-9997#
[PollExecuteTaskStatusExecution] 0811d82a-292b-418f-a9aa-32d7fd5c8825 [2026-08-02T06:46:20.672429] } (STDOUT, APP/TASK/deploy)#
#2026 08 02 07:54:57.349#Z#DEBUG#6828ea62-8e47-11f1-a22d-eeee0a847462.SmartProcureX-db-deployer#flowable-async-job-executor-thread-9997#
[PollExecuteTaskStatusExecution] 0811d82a-292b-418f-a9aa-32d7fd5c8825 [2026-08-02T06:46:24.968902] @sap/hdi-deploy, version 5.7.0 (mode default), server version unknown (0.0.0.0), cloud version , node version 24.15.0, HDI version -1, container API version -1 (STDOUT, APP/TASK/deploy)#
#2026 08 02 07:54:57.349#Z#DEBUG#6828ea62-8e47-11f1-a22d-eeee0a847462.SmartProcureX-db-deployer#flowable-async-job-executor-thread-9997#
[PollExecuteTaskStatusExecution] 0811d82a-292b-418f-a9aa-32d7fd5c8825 [2026-08-02T06:46:24.968919] Deployment started at 2026-08-02 06:46:24 (STDOUT, APP/TASK/deploy)#
#2026 08 02 07:54:57.349#Z#DEBUG#6828ea62-8e47-11f1-a22d-eeee0a847462.SmartProcureX-db-deployer#flowable-async-job-executor-thread-9997#
[PollExecuteTaskStatusExecution] 0811d82a-292b-418f-a9aa-32d7fd5c8825 [2026-08-02T06:46:24.969120] Using hdb@2.29.5 for connection (STDOUT, APP/TASK/deploy)#
#2026 08 02 07:54:57.349#Z#DEBUG#6828ea62-8e47-11f1-a22d-eeee0a847462.SmartProcureX-db-deployer#flowable-async-job-executor-thread-9997#
[PollExecuteTaskStatusExecution] 0811d82a-292b-418f-a9aa-32d7fd5c8825 [2026-08-02T06:46:24.969143] Detection of server version failed; root cause: HANA Database instance is stopped (STDOUT, APP/TASK/deploy)#
#2026 08 02 07:54:57.349#Z#DEBUG#6828ea62-8e47-11f1-a22d-eeee0a847462.SmartProcureX-db-deployer#flowable-async-job-executor-thread-9997#
[PollExecuteTaskStatusExecution] 0811d82a-292b-418f-a9aa-32d7fd5c8825 [2026-08-02T06:46:24.969147] Detection of cloud version failed; root cause: HANA Database instance is stopped (STDOUT, APP/TASK/deploy)#
#2026 08 02 07:54:57.349#Z#DEBUG#6828ea62-8e47-11f1-a22d-eeee0a847462.SmartProcureX-db-deployer#flowable-async-job-executor-thread-9997#
[PollExecuteTaskStatusExecution] 0811d82a-292b-418f-a9aa-32d7fd5c8825 [2026-08-02T06:46:24.969150] Detection of container API version failed; root cause: HANA Database instance is stopped (STDOUT, APP/TASK/deploy)#
#2026 08 02 07:54:57.349#Z#DEBUG#6828ea62-8e47-11f1-a22d-eeee0a847462.SmartProcureX-db-deployer#flowable-async-job-executor-thread-9997#
[PollExecuteTaskStatusExecution] 0811d82a-292b-418f-a9aa-32d7fd5c8825 [2026-08-02T06:46:24.969152] Detection of HDI version failed; root cause: HANA Database instance is stopped (STDOUT, APP/TASK/deploy)#
#2026 08 02 07:54:57.349#Z#DEBUG#6828ea62-8e47-11f1-a22d-eeee0a847462.SmartProcureX-db-deployer#flowable-async-job-executor-thread-9997#
[PollExecuteTaskStatusExecution] 0811d82a-292b-418f-a9aa-32d7fd5c8825 [2026-08-02T06:46:24.969441] Deployment ended at 2026-08-02 06:46:24 (STDOUT, APP/TASK/deploy)#
#2026 08 02 07:54:57.349#Z#DEBUG#6828ea62-8e47-11f1-a22d-eeee0a847462.SmartProcureX-db-deployer#flowable-async-job-executor-thread-9997#
[PollExecuteTaskStatusExecution] 0811d82a-292b-418f-a9aa-32d7fd5c8825 [2026-08-02T06:46:24.969544] Error: Option parameter is not supported by the server; based on detected server version unknown (STDERR, APP/TASK/deploy)#
#2026 08 02 07:54:57.349#Z#DEBUG#6828ea62-8e47-11f1-a22d-eeee0a847462.SmartProcureX-db-deployer#flowable-async-job-executor-thread-9997#
[PollExecuteTaskStatusExecution] 0811d82a-292b-418f-a9aa-32d7fd5c8825 [2026-08-02T06:46:24.969721] (4s 366ms) (STDOUT, APP/TASK/deploy)#
#2026 08 02 07:54:57.349#Z#DEBUG#6828ea62-8e47-11f1-a22d-eeee0a847462.SmartProcureX-db-deployer#flowable-async-job-executor-thread-9997#
[PollExecuteTaskStatusExecution] 0811d82a-292b-418f-a9aa-32d7fd5c8825 [2026-08-02T06:46:24.979499] npm notice (STDERR, APP/TASK/deploy)#
#2026 08 02 07:54:57.349#Z#DEBUG#6828ea62-8e47-11f1-a22d-eeee0a847462.SmartProcureX-db-deployer#flowable-async-job-executor-thread-9997#
[PollExecuteTaskStatusExecution] 0811d82a-292b-418f-a9aa-32d7fd5c8825 [2026-08-02T06:46:24.979540] npm notice New major version of npm available! 11.12.1 -> 12.0.2 (STDERR, APP/TASK/deploy)#
#2026 08 02 07:54:57.349#Z#DEBUG#6828ea62-8e47-11f1-a22d-eeee0a847462.SmartProcureX-db-deployer#flowable-async-job-executor-thread-9997#
[PollExecuteTaskStatusExecution] 0811d82a-292b-418f-a9aa-32d7fd5c8825 [2026-08-02T06:46:24.979550] npm notice Changelog: https://github.com/npm/cli/releases/tag/v12.0.2 (STDERR, APP/TASK/deploy)#
#2026 08 02 07:54:57.349#Z#DEBUG#6828ea62-8e47-11f1-a22d-eeee0a847462.SmartProcureX-db-deployer#flowable-async-job-executor-thread-9997#
[PollExecuteTaskStatusExecution] 0811d82a-292b-418f-a9aa-32d7fd5c8825 [2026-08-02T06:46:24.979554] npm notice To update run: npm install -g npm@12.0.2 (STDERR, APP/TASK/deploy)#
#2026 08 02 07:54:57.349#Z#DEBUG#6828ea62-8e47-11f1-a22d-eeee0a847462.SmartProcureX-db-deployer#flowable-async-job-executor-thread-9997#
[PollExecuteTaskStatusExecution] 0811d82a-292b-418f-a9aa-32d7fd5c8825 [2026-08-02T06:46:24.979561] npm notice (STDERR, APP/TASK/deploy)#
#2026 08 02 07:54:57.349#Z#DEBUG#6828ea62-8e47-11f1-a22d-eeee0a847462.SmartProcureX-db-deployer#flowable-async-job-executor-thread-9997#
[PollExecuteTaskStatusExecution] 0811d82a-292b-418f-a9aa-32d7fd5c8825 [2026-08-02T06:46:25.029385] Exit status 1 (STDOUT, APP/TASK/deploy)#
#2026 08 02 07:54:57.349#Z#DEBUG#6828ea62-8e47-11f1-a22d-eeee0a847462.SmartProcureX-db-deployer#flowable-async-job-executor-thread-9997#
[PollExecuteTaskStatusExecution] 0811d82a-292b-418f-a9aa-32d7fd5c8825 [2026-08-02T06:46:26.042064] Cell 2cba0a63-a06b-4c2d-9ff8-cb3bec259489 stopping instance cc9e4bae-9b31-488a-825c-06161595b8b0 (STDOUT, CELL)#
#2026 08 02 07:54:57.349#Z#DEBUG#6828ea62-8e47-11f1-a22d-eeee0a847462.SmartProcureX-db-deployer#flowable-async-job-executor-thread-9997#
[PollExecuteTaskStatusExecution] 0811d82a-292b-418f-a9aa-32d7fd5c8825 [2026-08-02T06:46:26.042094] Cell 2cba0a63-a06b-4c2d-9ff8-cb3bec259489 destroying container for instance cc9e4bae-9b31-488a-825c-06161595b8b0 (STDOUT, CELL)#
#2026 08 02 07:54:57.349#Z#DEBUG#6828ea62-8e47-11f1-a22d-eeee0a847462.SmartProcureX-db-deployer#flowable-async-job-executor-thread-9997#
[PollExecuteTaskStatusExecution] 0811d82a-292b-418f-a9aa-32d7fd5c8825 [2026-08-02T06:46:28.291005] Cell 2cba0a63-a06b-4c2d-9ff8-cb3bec259489 successfully destroyed container for instance cc9e4bae-9b31-488a-825c-06161595b8b0 (STDOUT, CELL)#
#2026 08 02 07:54:57.349#Z#DEBUG#6828ea62-8e47-11f1-a22d-eeee0a847462.SmartProcureX-db-deployer#flowable-async-job-executor-thread-9997#
[PollExecuteTaskStatusExecution] 0811d82a-292b-418f-a9aa-32d7fd5c8825 [2026-08-02T06:46:33.795284] Cell da97415f-d45d-4f73-b6f3-2c853ecdb03d creating container for instance a2e1e22a-d49e-4c35-8cca-3bcaf13a1592 (STDOUT, CELL)#
#2026 08 02 07:54:57.349#Z#DEBUG#6828ea62-8e47-11f1-a22d-eeee0a847462.SmartProcureX-db-deployer#flowable-async-job-executor-thread-9997#
[PollExecuteTaskStatusExecution] 0811d82a-292b-418f-a9aa-32d7fd5c8825 [2026-08-02T06:46:34.113121] Security group rules were updated (STDOUT, CELL)#
#2026 08 02 07:54:57.349#Z#DEBUG#6828ea62-8e47-11f1-a22d-eeee0a847462.SmartProcureX-db-deployer#flowable-async-job-executor-thread-9997#
[PollExecuteTaskStatusExecution] 0811d82a-292b-418f-a9aa-32d7fd5c8825 [2026-08-02T06:46:34.164569] Cell da97415f-d45d-4f73-b6f3-2c853ecdb03d successfully created container for instance a2e1e22a-d49e-4c35-8cca-3bcaf13a1592 (STDOUT, CELL)#
#2026 08 02 07:54:57.349#Z#DEBUG#6828ea62-8e47-11f1-a22d-eeee0a847462.SmartProcureX-db-deployer#flowable-async-job-executor-thread-9997#
[PollExecuteTaskStatusExecution] 0811d82a-292b-418f-a9aa-32d7fd5c8825 [2026-08-02T06:46:37.624916] Invoking pre-start scripts. (STDOUT, APP/TASK/deploy)#
#2026 08 02 07:54:57.349#Z#DEBUG#6828ea62-8e47-11f1-a22d-eeee0a847462.SmartProcureX-db-deployer#flowable-async-job-executor-thread-9997#
[PollExecuteTaskStatusExecution] 0811d82a-292b-418f-a9aa-32d7fd5c8825 [2026-08-02T06:46:37.762762] Invoking start command. (STDOUT, APP/TASK/deploy)#
#2026 08 02 07:54:57.349#Z#DEBUG#6828ea62-8e47-11f1-a22d-eeee0a847462.SmartProcureX-db-deployer#flowable-async-job-executor-thread-9997#
[PollExecuteTaskStatusExecution] 0811d82a-292b-418f-a9aa-32d7fd5c8825 [2026-08-02T06:46:38.055769] > start (STDOUT, APP/TASK/deploy)#
#2026 08 02 07:54:57.349#Z#DEBUG#6828ea62-8e47-11f1-a22d-eeee0a847462.SmartProcureX-db-deployer#flowable-async-job-executor-thread-9997#
[PollExecuteTaskStatusExecution] 0811d82a-292b-418f-a9aa-32d7fd5c8825 [2026-08-02T06:46:38.055785] > node node_modules/@sap/hdi-deploy/deploy.js --use-hdb --parameter com.sap.hana.di.table/try_fast_table_migration=true (STDOUT, APP/TASK/deploy)#
#2026 08 02 07:54:57.349#Z#DEBUG#6828ea62-8e47-11f1-a22d-eeee0a847462.SmartProcureX-db-deployer#flowable-async-job-executor-thread-9997#
[PollExecuteTaskStatusExecution] 0811d82a-292b-418f-a9aa-32d7fd5c8825 [2026-08-02T06:46:38.151693] VCAP_SERVICES: (STDOUT, APP/TASK/deploy)#
#2026 08 02 07:54:57.349#Z#DEBUG#6828ea62-8e47-11f1-a22d-eeee0a847462.SmartProcureX-db-deployer#flowable-async-job-executor-thread-9997#
[PollExecuteTaskStatusExecution] 0811d82a-292b-418f-a9aa-32d7fd5c8825 [2026-08-02T06:46:38.152256] { (STDOUT, APP/TASK/deploy)#
#2026 08 02 07:54:57.349#Z#DEBUG#6828ea62-8e47-11f1-a22d-eeee0a847462.SmartProcureX-db-deployer#flowable-async-job-executor-thread-9997#
[PollExecuteTaskStatusExecution] 0811d82a-292b-418f-a9aa-32d7fd5c8825 [2026-08-02T06:46:38.152292] "hana": [ (STDOUT, APP/TASK/deploy)#
#2026 08 02 07:54:57.349#Z#DEBUG#6828ea62-8e47-11f1-a22d-eeee0a847462.SmartProcureX-db-deployer#flowable-async-job-executor-thread-9997#
[PollExecuteTaskStatusExecution] 0811d82a-292b-418f-a9aa-32d7fd5c8825 [2026-08-02T06:46:38.152297] { (STDOUT, APP/TASK/deploy)#
#2026 08 02 07:54:57.349#Z#DEBUG#6828ea62-8e47-11f1-a22d-eeee0a847462.SmartProcureX-db-deployer#flowable-async-job-executor-thread-9997#
[PollExecuteTaskStatusExecution] 0811d82a-292b-418f-a9aa-32d7fd5c8825 [2026-08-02T06:46:38.152307] "name": "SmartProcureX-db", (STDOUT, APP/TASK/deploy)#
#2026 08 02 07:54:57.349#Z#DEBUG#6828ea62-8e47-11f1-a22d-eeee0a847462.SmartProcureX-db-deployer#flowable-async-job-executor-thread-9997#
[PollExecuteTaskStatusExecution] 0811d82a-292b-418f-a9aa-32d7fd5c8825 [2026-08-02T06:46:38.152313] "label": "hana", (STDOUT, APP/TASK/deploy)#
#2026 08 02 07:54:57.349#Z#DEBUG#6828ea62-8e47-11f1-a22d-eeee0a847462.SmartProcureX-db-deployer#flowable-async-job-executor-thread-9997#
[PollExecuteTaskStatusExecution] 0811d82a-292b-418f-a9aa-32d7fd5c8825 [2026-08-02T06:46:38.152321] "plan": "hdi-shared", (STDOUT, APP/TASK/deploy)#
#2026 08 02 07:54:57.349#Z#DEBUG#6828ea62-8e47-11f1-a22d-eeee0a847462.SmartProcureX-db-deployer#flowable-async-job-executor-thread-9997#
[PollExecuteTaskStatusExecution] 0811d82a-292b-418f-a9aa-32d7fd5c8825 [2026-08-02T06:46:38.152324] "credentials": { (STDOUT, APP/TASK/deploy)#
#2026 08 02 07:54:57.349#Z#DEBUG#6828ea62-8e47-11f1-a22d-eeee0a847462.SmartProcureX-db-deployer#flowable-async-job-executor-thread-9997#
[PollExecuteTaskStatusExecution] 0811d82a-292b-418f-a9aa-32d7fd5c8825 [2026-08-02T06:46:38.152329] "schema": "B2E83F60A5C34A6E98091CC639322A6C", (STDOUT, APP/TASK/deploy)#
#2026 08 02 07:54:57.349#Z#DEBUG#6828ea62-8e47-11f1-a22d-eeee0a847462.SmartProcureX-db-deployer#flowable-async-job-executor-thread-9997#
[PollExecuteTaskStatusExecution] 0811d82a-292b-418f-a9aa-32d7fd5c8825 [2026-08-02T06:46:38.152332] "database_id": "ccb85f22-d9b4-4190-84d2-64f7029bd6f6", (STDOUT, APP/TASK/deploy)#
#2026 08 02 07:54:57.349#Z#DEBUG#6828ea62-8e47-11f1-a22d-eeee0a847462.SmartProcureX-db-deployer#flowable-async-job-executor-thread-9997#
[PollExecuteTaskStatusExecution] 0811d82a-292b-418f-a9aa-32d7fd5c8825 [2026-08-02T06:46:38.152337] "user": "B2E83F60A5C34A6E98091CC639322A6C_11HPH9KXTDTQSB7FMNXEVK1B1_RT", (STDOUT, APP/TASK/deploy)#
#2026 08 02 07:54:57.349#Z#DEBUG#6828ea62-8e47-11f1-a22d-eeee0a847462.SmartProcureX-db-deployer#flowable-async-job-executor-thread-9997#
[PollExecuteTaskStatusExecution] 0811d82a-292b-418f-a9aa-32d7fd5c8825 [2026-08-02T06:46:38.152342] "hdi_user": "B2E83F60A5C34A6E98091CC639322A6C_11HPH9KXTDTQSB7FMNXEVK1B1_DT" (STDOUT, APP/TASK/deploy)#
#2026 08 02 07:54:57.349#Z#DEBUG#6828ea62-8e47-11f1-a22d-eeee0a847462.SmartProcureX-db-deployer#flowable-async-job-executor-thread-9997#
[PollExecuteTaskStatusExecution] 0811d82a-292b-418f-a9aa-32d7fd5c8825 [2026-08-02T06:46:38.152346] }, (STDOUT, APP/TASK/deploy)#
#2026 08 02 07:54:57.349#Z#DEBUG#6828ea62-8e47-11f1-a22d-eeee0a847462.SmartProcureX-db-deployer#flowable-async-job-executor-thread-9997#
[PollExecuteTaskStatusExecution] 0811d82a-292b-418f-a9aa-32d7fd5c8825 [2026-08-02T06:46:38.152350] "tags": [ (STDOUT, APP/TASK/deploy)#
#2026 08 02 07:54:57.349#Z#DEBUG#6828ea62-8e47-11f1-a22d-eeee0a847462.SmartProcureX-db-deployer#flowable-async-job-executor-thread-9997#
[PollExecuteTaskStatusExecution] 0811d82a-292b-418f-a9aa-32d7fd5c8825 [2026-08-02T06:46:38.152353] "hana", (STDOUT, APP/TASK/deploy)#
#2026 08 02 07:54:57.349#Z#DEBUG#6828ea62-8e47-11f1-a22d-eeee0a847462.SmartProcureX-db-deployer#flowable-async-job-executor-thread-9997#
[PollExecuteTaskStatusExecution] 0811d82a-292b-418f-a9aa-32d7fd5c8825 [2026-08-02T06:46:38.152356] "database", (STDOUT, APP/TASK/deploy)#
#2026 08 02 07:54:57.349#Z#DEBUG#6828ea62-8e47-11f1-a22d-eeee0a847462.SmartProcureX-db-deployer#flowable-async-job-executor-thread-9997#
[PollExecuteTaskStatusExecution] 0811d82a-292b-418f-a9aa-32d7fd5c8825 [2026-08-02T06:46:38.152360] "relational" (STDOUT, APP/TASK/deploy)#
#2026 08 02 07:54:57.349#Z#DEBUG#6828ea62-8e47-11f1-a22d-eeee0a847462.SmartProcureX-db-deployer#flowable-async-job-executor-thread-9997#
[PollExecuteTaskStatusExecution] 0811d82a-292b-418f-a9aa-32d7fd5c8825 [2026-08-02T06:46:38.152365] ] (STDOUT, APP/TASK/deploy)#
#2026 08 02 07:54:57.349#Z#DEBUG#6828ea62-8e47-11f1-a22d-eeee0a847462.SmartProcureX-db-deployer#flowable-async-job-executor-thread-9997#
[PollExecuteTaskStatusExecution] 0811d82a-292b-418f-a9aa-32d7fd5c8825 [2026-08-02T06:46:38.152368] } (STDOUT, APP/TASK/deploy)#
#2026 08 02 07:54:57.349#Z#DEBUG#6828ea62-8e47-11f1-a22d-eeee0a847462.SmartProcureX-db-deployer#flowable-async-job-executor-thread-9997#
[PollExecuteTaskStatusExecution] 0811d82a-292b-418f-a9aa-32d7fd5c8825 [2026-08-02T06:46:38.152371] ] (STDOUT, APP/TASK/deploy)#
#2026 08 02 07:54:57.349#Z#DEBUG#6828ea62-8e47-11f1-a22d-eeee0a847462.SmartProcureX-db-deployer#flowable-async-job-executor-thread-9997#
[PollExecuteTaskStatusExecution] 0811d82a-292b-418f-a9aa-32d7fd5c8825 [2026-08-02T06:46:38.152374] } (STDOUT, APP/TASK/deploy)#
#2026 08 02 07:54:57.349#Z#DEBUG#6828ea62-8e47-11f1-a22d-eeee0a847462.SmartProcureX-db-deployer#flowable-async-job-executor-thread-9997#
[PollExecuteTaskStatusExecution] 0811d82a-292b-418f-a9aa-32d7fd5c8825 [2026-08-02T06:46:42.485255] @sap/hdi-deploy, version 5.7.0 (mode default), server version unknown (0.0.0.0), cloud version , node version 24.15.0, HDI version -1, container API version -1 (STDOUT, APP/TASK/deploy)#
#2026 08 02 07:54:57.349#Z#DEBUG#6828ea62-8e47-11f1-a22d-eeee0a847462.SmartProcureX-db-deployer#flowable-async-job-executor-thread-9997#
[PollExecuteTaskStatusExecution] 0811d82a-292b-418f-a9aa-32d7fd5c8825 [2026-08-02T06:46:42.485275] Deployment started at 2026-08-02 06:46:42 (STDOUT, APP/TASK/deploy)#
#2026 08 02 07:54:57.349#Z#DEBUG#6828ea62-8e47-11f1-a22d-eeee0a847462.SmartProcureX-db-deployer#flowable-async-job-executor-thread-9997#
[PollExecuteTaskStatusExecution] 0811d82a-292b-418f-a9aa-32d7fd5c8825 [2026-08-02T06:46:42.485464] Using hdb@2.29.5 for connection (STDOUT, APP/TASK/deploy)#
#2026 08 02 07:54:57.349#Z#DEBUG#6828ea62-8e47-11f1-a22d-eeee0a847462.SmartProcureX-db-deployer#flowable-async-job-executor-thread-9997#
[PollExecuteTaskStatusExecution] 0811d82a-292b-418f-a9aa-32d7fd5c8825 [2026-08-02T06:46:42.485484] Detection of server version failed; root cause: HANA Database instance is stopped (STDOUT, APP/TASK/deploy)#
#2026 08 02 07:54:57.349#Z#DEBUG#6828ea62-8e47-11f1-a22d-eeee0a847462.SmartProcureX-db-deployer#flowable-async-job-executor-thread-9997#
[PollExecuteTaskStatusExecution] 0811d82a-292b-418f-a9aa-32d7fd5c8825 [2026-08-02T06:46:42.485708] Detection of cloud version failed; root cause: HANA Database instance is stopped (STDOUT, APP/TASK/deploy)#
#2026 08 02 07:54:57.349#Z#DEBUG#6828ea62-8e47-11f1-a22d-eeee0a847462.SmartProcureX-db-deployer#flowable-async-job-executor-thread-9997#
[PollExecuteTaskStatusExecution] 0811d82a-292b-418f-a9aa-32d7fd5c8825 [2026-08-02T06:46:42.485739] Detection of container API version failed; root cause: HANA Database instance is stopped (STDOUT, APP/TASK/deploy)#
#2026 08 02 07:54:57.349#Z#DEBUG#6828ea62-8e47-11f1-a22d-eeee0a847462.SmartProcureX-db-deployer#flowable-async-job-executor-thread-9997#
[PollExecuteTaskStatusExecution] 0811d82a-292b-418f-a9aa-32d7fd5c8825 [2026-08-02T06:46:42.485745] Detection of HDI version failed; root cause: HANA Database instance is stopped (STDOUT, APP/TASK/deploy)#
#2026 08 02 07:54:57.349#Z#DEBUG#6828ea62-8e47-11f1-a22d-eeee0a847462.SmartProcureX-db-deployer#flowable-async-job-executor-thread-9997#
[PollExecuteTaskStatusExecution] 0811d82a-292b-418f-a9aa-32d7fd5c8825 [2026-08-02T06:46:42.485769] Deployment ended at 2026-08-02 06:46:42 (STDOUT, APP/TASK/deploy)#
#2026 08 02 07:54:57.349#Z#DEBUG#6828ea62-8e47-11f1-a22d-eeee0a847462.SmartProcureX-db-deployer#flowable-async-job-executor-thread-9997#
[PollExecuteTaskStatusExecution] 0811d82a-292b-418f-a9aa-32d7fd5c8825 [2026-08-02T06:46:42.485992] Error: Option parameter is not supported by the server; based on detected server version unknown (STDERR, APP/TASK/deploy)#
#2026 08 02 07:54:57.349#Z#DEBUG#6828ea62-8e47-11f1-a22d-eeee0a847462.SmartProcureX-db-deployer#flowable-async-job-executor-thread-9997#
[PollExecuteTaskStatusExecution] 0811d82a-292b-418f-a9aa-32d7fd5c8825 [2026-08-02T06:46:42.486194] (4s 401ms) (STDOUT, APP/TASK/deploy)#
#2026 08 02 07:54:57.349#Z#DEBUG#6828ea62-8e47-11f1-a22d-eeee0a847462.SmartProcureX-db-deployer#flowable-async-job-executor-thread-9997#
[PollExecuteTaskStatusExecution] 0811d82a-292b-418f-a9aa-32d7fd5c8825 [2026-08-02T06:46:42.495311] npm notice (STDERR, APP/TASK/deploy)#
#2026 08 02 07:54:57.349#Z#DEBUG#6828ea62-8e47-11f1-a22d-eeee0a847462.SmartProcureX-db-deployer#flowable-async-job-executor-thread-9997#
[PollExecuteTaskStatusExecution] 0811d82a-292b-418f-a9aa-32d7fd5c8825 [2026-08-02T06:46:42.495336] npm notice New major version of npm available! 11.12.1 -> 12.0.2 (STDERR, APP/TASK/deploy)#
#2026 08 02 07:54:57.349#Z#DEBUG#6828ea62-8e47-11f1-a22d-eeee0a847462.SmartProcureX-db-deployer#flowable-async-job-executor-thread-9997#
[PollExecuteTaskStatusExecution] 0811d82a-292b-418f-a9aa-32d7fd5c8825 [2026-08-02T06:46:42.495343] npm notice Changelog: https://github.com/npm/cli/releases/tag/v12.0.2 (STDERR, APP/TASK/deploy)#
#2026 08 02 07:54:57.349#Z#DEBUG#6828ea62-8e47-11f1-a22d-eeee0a847462.SmartProcureX-db-deployer#flowable-async-job-executor-thread-9997#
[PollExecuteTaskStatusExecution] 0811d82a-292b-418f-a9aa-32d7fd5c8825 [2026-08-02T06:46:42.495347] npm notice To update run: npm install -g npm@12.0.2 (STDERR, APP/TASK/deploy)#
#2026 08 02 07:54:57.349#Z#DEBUG#6828ea62-8e47-11f1-a22d-eeee0a847462.SmartProcureX-db-deployer#flowable-async-job-executor-thread-9997#
[PollExecuteTaskStatusExecution] 0811d82a-292b-418f-a9aa-32d7fd5c8825 [2026-08-02T06:46:42.495353] npm notice (STDERR, APP/TASK/deploy)#
#2026 08 02 07:54:57.349#Z#DEBUG#6828ea62-8e47-11f1-a22d-eeee0a847462.SmartProcureX-db-deployer#flowable-async-job-executor-thread-9997#
[PollExecuteTaskStatusExecution] 0811d82a-292b-418f-a9aa-32d7fd5c8825 [2026-08-02T06:46:42.545944] Exit status 1 (STDOUT, APP/TASK/deploy)#
#2026 08 02 07:54:57.349#Z#DEBUG#6828ea62-8e47-11f1-a22d-eeee0a847462.SmartProcureX-db-deployer#flowable-async-job-executor-thread-9997#
[PollExecuteTaskStatusExecution] 0811d82a-292b-418f-a9aa-32d7fd5c8825 [2026-08-02T06:46:43.017513] Cell da97415f-d45d-4f73-b6f3-2c853ecdb03d stopping instance a2e1e22a-d49e-4c35-8cca-3bcaf13a1592 (STDOUT, CELL)#
#2026 08 02 07:54:57.349#Z#DEBUG#6828ea62-8e47-11f1-a22d-eeee0a847462.SmartProcureX-db-deployer#flowable-async-job-executor-thread-9997#
[PollExecuteTaskStatusExecution] 0811d82a-292b-418f-a9aa-32d7fd5c8825 [2026-08-02T06:46:43.017575] Cell da97415f-d45d-4f73-b6f3-2c853ecdb03d destroying container for instance a2e1e22a-d49e-4c35-8cca-3bcaf13a1592 (STDOUT, CELL)#
#2026 08 02 07:54:57.349#Z#DEBUG#6828ea62-8e47-11f1-a22d-eeee0a847462.SmartProcureX-db-deployer#flowable-async-job-executor-thread-9997#
[PollExecuteTaskStatusExecution] 0811d82a-292b-418f-a9aa-32d7fd5c8825 [2026-08-02T06:46:45.045719] Cell da97415f-d45d-4f73-b6f3-2c853ecdb03d successfully destroyed container for instance a2e1e22a-d49e-4c35-8cca-3bcaf13a1592 (STDOUT, CELL)#
#2026 08 02 07:54:57.349#Z#DEBUG#6828ea62-8e47-11f1-a22d-eeee0a847462.SmartProcureX-db-deployer#flowable-async-job-executor-thread-9997#
[PollExecuteTaskStatusExecution] 0811d82a-292b-418f-a9aa-32d7fd5c8825 [2026-08-02T06:46:54.888991] Cell da97415f-d45d-4f73-b6f3-2c853ecdb03d creating container for instance 04db2779-3e86-45df-a9eb-c76d88f58e08 (STDOUT, CELL)#
#2026 08 02 07:54:57.349#Z#DEBUG#6828ea62-8e47-11f1-a22d-eeee0a847462.SmartProcureX-db-deployer#flowable-async-job-executor-thread-9997#
[PollExecuteTaskStatusExecution] 0811d82a-292b-418f-a9aa-32d7fd5c8825 [2026-08-02T06:46:55.180543] Security group rules were updated (STDOUT, CELL)#
#2026 08 02 07:54:57.349#Z#DEBUG#6828ea62-8e47-11f1-a22d-eeee0a847462.SmartProcureX-db-deployer#flowable-async-job-executor-thread-9997#
[PollExecuteTaskStatusExecution] 0811d82a-292b-418f-a9aa-32d7fd5c8825 [2026-08-02T06:46:55.244839] Cell da97415f-d45d-4f73-b6f3-2c853ecdb03d successfully created container for instance 04db2779-3e86-45df-a9eb-c76d88f58e08 (STDOUT, CELL)#
#2026 08 02 07:54:57.349#Z#DEBUG#6828ea62-8e47-11f1-a22d-eeee0a847462.SmartProcureX-db-deployer#flowable-async-job-executor-thread-9997#
[PollExecuteTaskStatusExecution] 0811d82a-292b-418f-a9aa-32d7fd5c8825 [2026-08-02T06:46:58.789646] Invoking pre-start scripts. (STDOUT, APP/TASK/deploy)#
#2026 08 02 07:54:57.349#Z#DEBUG#6828ea62-8e47-11f1-a22d-eeee0a847462.SmartProcureX-db-deployer#flowable-async-job-executor-thread-9997#
[PollExecuteTaskStatusExecution] 0811d82a-292b-418f-a9aa-32d7fd5c8825 [2026-08-02T06:46:58.928005] Invoking start command. (STDOUT, APP/TASK/deploy)#
#2026 08 02 07:54:57.349#Z#DEBUG#6828ea62-8e47-11f1-a22d-eeee0a847462.SmartProcureX-db-deployer#flowable-async-job-executor-thread-9997#
[PollExecuteTaskStatusExecution] 0811d82a-292b-418f-a9aa-32d7fd5c8825 [2026-08-02T06:46:59.217461] > start (STDOUT, APP/TASK/deploy)#
#2026 08 02 07:54:57.349#Z#DEBUG#6828ea62-8e47-11f1-a22d-eeee0a847462.SmartProcureX-db-deployer#flowable-async-job-executor-thread-9997#
[PollExecuteTaskStatusExecution] 0811d82a-292b-418f-a9aa-32d7fd5c8825 [2026-08-02T06:46:59.217491] > node node_modules/@sap/hdi-deploy/deploy.js --use-hdb --parameter com.sap.hana.di.table/try_fast_table_migration=true (STDOUT, APP/TASK/deploy)#
#2026 08 02 07:54:57.349#Z#DEBUG#6828ea62-8e47-11f1-a22d-eeee0a847462.SmartProcureX-db-deployer#flowable-async-job-executor-thread-9997#
[PollExecuteTaskStatusExecution] 0811d82a-292b-418f-a9aa-32d7fd5c8825 [2026-08-02T06:46:59.315643] VCAP_SERVICES: (STDOUT, APP/TASK/deploy)#
#2026 08 02 07:54:57.349#Z#DEBUG#6828ea62-8e47-11f1-a22d-eeee0a847462.SmartProcureX-db-deployer#flowable-async-job-executor-thread-9997#
[PollExecuteTaskStatusExecution] 0811d82a-292b-418f-a9aa-32d7fd5c8825 [2026-08-02T06:46:59.316139] { (STDOUT, APP/TASK/deploy)#
#2026 08 02 07:54:57.349#Z#DEBUG#6828ea62-8e47-11f1-a22d-eeee0a847462.SmartProcureX-db-deployer#flowable-async-job-executor-thread-9997#
[PollExecuteTaskStatusExecution] 0811d82a-292b-418f-a9aa-32d7fd5c8825 [2026-08-02T06:46:59.316170] "hana": [ (STDOUT, APP/TASK/deploy)#
#2026 08 02 07:54:57.349#Z#DEBUG#6828ea62-8e47-11f1-a22d-eeee0a847462.SmartProcureX-db-deployer#flowable-async-job-executor-thread-9997#
[PollExecuteTaskStatusExecution] 0811d82a-292b-418f-a9aa-32d7fd5c8825 [2026-08-02T06:46:59.316181] { (STDOUT, APP/TASK/deploy)#
#2026 08 02 07:54:57.349#Z#DEBUG#6828ea62-8e47-11f1-a22d-eeee0a847462.SmartProcureX-db-deployer#flowable-async-job-executor-thread-9997#
[PollExecuteTaskStatusExecution] 0811d82a-292b-418f-a9aa-32d7fd5c8825 [2026-08-02T06:46:59.316188] "name": "SmartProcureX-db", (STDOUT, APP/TASK/deploy)#
#2026 08 02 07:54:57.349#Z#DEBUG#6828ea62-8e47-11f1-a22d-eeee0a847462.SmartProcureX-db-deployer#flowable-async-job-executor-thread-9997#
[PollExecuteTaskStatusExecution] 0811d82a-292b-418f-a9aa-32d7fd5c8825 [2026-08-02T06:46:59.316193] "label": "hana", (STDOUT, APP/TASK/deploy)#
#2026 08 02 07:54:57.349#Z#DEBUG#6828ea62-8e47-11f1-a22d-eeee0a847462.SmartProcureX-db-deployer#flowable-async-job-executor-thread-9997#
[PollExecuteTaskStatusExecution] 0811d82a-292b-418f-a9aa-32d7fd5c8825 [2026-08-02T06:46:59.316199] "plan": "hdi-shared", (STDOUT, APP/TASK/deploy)#
#2026 08 02 07:54:57.349#Z#DEBUG#6828ea62-8e47-11f1-a22d-eeee0a847462.SmartProcureX-db-deployer#flowable-async-job-executor-thread-9997#
[PollExecuteTaskStatusExecution] 0811d82a-292b-418f-a9aa-32d7fd5c8825 [2026-08-02T06:46:59.316206] "credentials": { (STDOUT, APP/TASK/deploy)#
#2026 08 02 07:54:57.349#Z#DEBUG#6828ea62-8e47-11f1-a22d-eeee0a847462.SmartProcureX-db-deployer#flowable-async-job-executor-thread-9997#
[PollExecuteTaskStatusExecution] 0811d82a-292b-418f-a9aa-32d7fd5c8825 [2026-08-02T06:46:59.316211] "schema": "B2E83F60A5C34A6E98091CC639322A6C", (STDOUT, APP/TASK/deploy)#
#2026 08 02 07:54:57.349#Z#DEBUG#6828ea62-8e47-11f1-a22d-eeee0a847462.SmartProcureX-db-deployer#flowable-async-job-executor-thread-9997#
[PollExecuteTaskStatusExecution] 0811d82a-292b-418f-a9aa-32d7fd5c8825 [2026-08-02T06:46:59.316214] "database_id": "ccb85f22-d9b4-4190-84d2-64f7029bd6f6", (STDOUT, APP/TASK/deploy)#
#2026 08 02 07:54:57.349#Z#DEBUG#6828ea62-8e47-11f1-a22d-eeee0a847462.SmartProcureX-db-deployer#flowable-async-job-executor-thread-9997#
[PollExecuteTaskStatusExecution] 0811d82a-292b-418f-a9aa-32d7fd5c8825 [2026-08-02T06:46:59.316219] "user": "B2E83F60A5C34A6E98091CC639322A6C_11HPH9KXTDTQSB7FMNXEVK1B1_RT", (STDOUT, APP/TASK/deploy)#
#2026 08 02 07:54:57.349#Z#DEBUG#6828ea62-8e47-11f1-a22d-eeee0a847462.SmartProcureX-db-deployer#flowable-async-job-executor-thread-9997#
[PollExecuteTaskStatusExecution] 0811d82a-292b-418f-a9aa-32d7fd5c8825 [2026-08-02T06:46:59.316225] "hdi_user": "B2E83F60A5C34A6E98091CC639322A6C_11HPH9KXTDTQSB7FMNXEVK1B1_DT" (STDOUT, APP/TASK/deploy)#
#2026 08 02 07:54:57.349#Z#DEBUG#6828ea62-8e47-11f1-a22d-eeee0a847462.SmartProcureX-db-deployer#flowable-async-job-executor-thread-9997#
[PollExecuteTaskStatusExecution] 0811d82a-292b-418f-a9aa-32d7fd5c8825 [2026-08-02T06:46:59.316228] }, (STDOUT, APP/TASK/deploy)#
#2026 08 02 07:54:57.349#Z#DEBUG#6828ea62-8e47-11f1-a22d-eeee0a847462.SmartProcureX-db-deployer#flowable-async-job-executor-thread-9997#
[PollExecuteTaskStatusExecution] 0811d82a-292b-418f-a9aa-32d7fd5c8825 [2026-08-02T06:46:59.316232] "tags": [ (STDOUT, APP/TASK/deploy)#
#2026 08 02 07:54:57.349#Z#DEBUG#6828ea62-8e47-11f1-a22d-eeee0a847462.SmartProcureX-db-deployer#flowable-async-job-executor-thread-9997#
[PollExecuteTaskStatusExecution] 0811d82a-292b-418f-a9aa-32d7fd5c8825 [2026-08-02T06:46:59.316235] "hana", (STDOUT, APP/TASK/deploy)#
#2026 08 02 07:54:57.349#Z#DEBUG#6828ea62-8e47-11f1-a22d-eeee0a847462.SmartProcureX-db-deployer#flowable-async-job-executor-thread-9997#
[PollExecuteTaskStatusExecution] 0811d82a-292b-418f-a9aa-32d7fd5c8825 [2026-08-02T06:46:59.316238] "database", (STDOUT, APP/TASK/deploy)#
#2026 08 02 07:54:57.349#Z#DEBUG#6828ea62-8e47-11f1-a22d-eeee0a847462.SmartProcureX-db-deployer#flowable-async-job-executor-thread-9997#
[PollExecuteTaskStatusExecution] 0811d82a-292b-418f-a9aa-32d7fd5c8825 [2026-08-02T06:46:59.316246] "relational" (STDOUT, APP/TASK/deploy)#
#2026 08 02 07:54:57.349#Z#DEBUG#6828ea62-8e47-11f1-a22d-eeee0a847462.SmartProcureX-db-deployer#flowable-async-job-executor-thread-9997#
[PollExecuteTaskStatusExecution] 0811d82a-292b-418f-a9aa-32d7fd5c8825 [2026-08-02T06:46:59.316250] ] (STDOUT, APP/TASK/deploy)#
#2026 08 02 07:54:57.349#Z#DEBUG#6828ea62-8e47-11f1-a22d-eeee0a847462.SmartProcureX-db-deployer#flowable-async-job-executor-thread-9997#
[PollExecuteTaskStatusExecution] 0811d82a-292b-418f-a9aa-32d7fd5c8825 [2026-08-02T06:46:59.316257] } (STDOUT, APP/TASK/deploy)#
#2026 08 02 07:54:57.349#Z#DEBUG#6828ea62-8e47-11f1-a22d-eeee0a847462.SmartProcureX-db-deployer#flowable-async-job-executor-thread-9997#
[PollExecuteTaskStatusExecution] 0811d82a-292b-418f-a9aa-32d7fd5c8825 [2026-08-02T06:46:59.316260] ] (STDOUT, APP/TASK/deploy)#
#2026 08 02 07:54:57.349#Z#DEBUG#6828ea62-8e47-11f1-a22d-eeee0a847462.SmartProcureX-db-deployer#flowable-async-job-executor-thread-9997#
[PollExecuteTaskStatusExecution] 0811d82a-292b-418f-a9aa-32d7fd5c8825 [2026-08-02T06:46:59.316263] } (STDOUT, APP/TASK/deploy)#
#2026 08 02 07:54:57.349#Z#DEBUG#6828ea62-8e47-11f1-a22d-eeee0a847462.SmartProcureX-db-deployer#flowable-async-job-executor-thread-9997#
[PollExecuteTaskStatusExecution] 0811d82a-292b-418f-a9aa-32d7fd5c8825 [2026-08-02T06:47:03.629856] @sap/hdi-deploy, version 5.7.0 (mode default), server version unknown (0.0.0.0), cloud version , node version 24.15.0, HDI version -1, container API version -1 (STDOUT, APP/TASK/deploy)#
#2026 08 02 07:54:57.349#Z#DEBUG#6828ea62-8e47-11f1-a22d-eeee0a847462.SmartProcureX-db-deployer#flowable-async-job-executor-thread-9997#
[PollExecuteTaskStatusExecution] 0811d82a-292b-418f-a9aa-32d7fd5c8825 [2026-08-02T06:47:03.629877] Deployment started at 2026-08-02 06:47:03 (STDOUT, APP/TASK/deploy)#
#2026 08 02 07:54:57.349#Z#DEBUG#6828ea62-8e47-11f1-a22d-eeee0a847462.SmartProcureX-db-deployer#flowable-async-job-executor-thread-9997#
[PollExecuteTaskStatusExecution] 0811d82a-292b-418f-a9aa-32d7fd5c8825 [2026-08-02T06:47:03.630025] Using hdb@2.29.5 for connection (STDOUT, APP/TASK/deploy)#
#2026 08 02 07:54:57.349#Z#DEBUG#6828ea62-8e47-11f1-a22d-eeee0a847462.SmartProcureX-db-deployer#flowable-async-job-executor-thread-9997#
[PollExecuteTaskStatusExecution] 0811d82a-292b-418f-a9aa-32d7fd5c8825 [2026-08-02T06:47:03.630038] Detection of server version failed; root cause: HANA Database instance is stopped (STDOUT, APP/TASK/deploy)#
#2026 08 02 07:54:57.349#Z#DEBUG#6828ea62-8e47-11f1-a22d-eeee0a847462.SmartProcureX-db-deployer#flowable-async-job-executor-thread-9997#
[PollExecuteTaskStatusExecution] 0811d82a-292b-418f-a9aa-32d7fd5c8825 [2026-08-02T06:47:03.630046] Detection of cloud version failed; root cause: HANA Database instance is stopped (STDOUT, APP/TASK/deploy)#
#2026 08 02 07:54:57.349#Z#DEBUG#6828ea62-8e47-11f1-a22d-eeee0a847462.SmartProcureX-db-deployer#flowable-async-job-executor-thread-9997#
[PollExecuteTaskStatusExecution] 0811d82a-292b-418f-a9aa-32d7fd5c8825 [2026-08-02T06:47:03.630054] Detection of container API version failed; root cause: HANA Database instance is stopped (STDOUT, APP/TASK/deploy)#
#2026 08 02 07:54:57.349#Z#DEBUG#6828ea62-8e47-11f1-a22d-eeee0a847462.SmartProcureX-db-deployer#flowable-async-job-executor-thread-9997#
[PollExecuteTaskStatusExecution] 0811d82a-292b-418f-a9aa-32d7fd5c8825 [2026-08-02T06:47:03.630057] Detection of HDI version failed; root cause: HANA Database instance is stopped (STDOUT, APP/TASK/deploy)#
#2026 08 02 07:54:57.349#Z#DEBUG#6828ea62-8e47-11f1-a22d-eeee0a847462.SmartProcureX-db-deployer#flowable-async-job-executor-thread-9997#
[PollExecuteTaskStatusExecution] 0811d82a-292b-418f-a9aa-32d7fd5c8825 [2026-08-02T06:47:03.630361] Deployment ended at 2026-08-02 06:47:03 (STDOUT, APP/TASK/deploy)#
#2026 08 02 07:54:57.349#Z#DEBUG#6828ea62-8e47-11f1-a22d-eeee0a847462.SmartProcureX-db-deployer#flowable-async-job-executor-thread-9997#
[PollExecuteTaskStatusExecution] 0811d82a-292b-418f-a9aa-32d7fd5c8825 [2026-08-02T06:47:03.630491] Error: Option parameter is not supported by the server; based on detected server version unknown (STDERR, APP/TASK/deploy)#
#2026 08 02 07:54:57.349#Z#DEBUG#6828ea62-8e47-11f1-a22d-eeee0a847462.SmartProcureX-db-deployer#flowable-async-job-executor-thread-9997#
[PollExecuteTaskStatusExecution] 0811d82a-292b-418f-a9aa-32d7fd5c8825 [2026-08-02T06:47:03.630651] (4s 383ms) (STDOUT, APP/TASK/deploy)#
#2026 08 02 07:54:57.349#Z#DEBUG#6828ea62-8e47-11f1-a22d-eeee0a847462.SmartProcureX-db-deployer#flowable-async-job-executor-thread-9997#
[PollExecuteTaskStatusExecution] 0811d82a-292b-418f-a9aa-32d7fd5c8825 [2026-08-02T06:47:03.639747] npm notice (STDERR, APP/TASK/deploy)#
#2026 08 02 07:54:57.349#Z#DEBUG#6828ea62-8e47-11f1-a22d-eeee0a847462.SmartProcureX-db-deployer#flowable-async-job-executor-thread-9997#
[PollExecuteTaskStatusExecution] 0811d82a-292b-418f-a9aa-32d7fd5c8825 [2026-08-02T06:47:03.639764] npm notice New major version of npm available! 11.12.1 -> 12.0.2 (STDERR, APP/TASK/deploy)#
#2026 08 02 07:54:57.349#Z#DEBUG#6828ea62-8e47-11f1-a22d-eeee0a847462.SmartProcureX-db-deployer#flowable-async-job-executor-thread-9997#
[PollExecuteTaskStatusExecution] 0811d82a-292b-418f-a9aa-32d7fd5c8825 [2026-08-02T06:47:03.639768] npm notice Changelog: https://github.com/npm/cli/releases/tag/v12.0.2 (STDERR, APP/TASK/deploy)#
#2026 08 02 07:54:57.349#Z#DEBUG#6828ea62-8e47-11f1-a22d-eeee0a847462.SmartProcureX-db-deployer#flowable-async-job-executor-thread-9997#
[PollExecuteTaskStatusExecution] 0811d82a-292b-418f-a9aa-32d7fd5c8825 [2026-08-02T06:47:03.639771] npm notice To update run: npm install -g npm@12.0.2 (STDERR, APP/TASK/deploy)#
#2026 08 02 07:54:57.349#Z#DEBUG#6828ea62-8e47-11f1-a22d-eeee0a847462.SmartProcureX-db-deployer#flowable-async-job-executor-thread-9997#
[PollExecuteTaskStatusExecution] 0811d82a-292b-418f-a9aa-32d7fd5c8825 [2026-08-02T06:47:03.639777] npm notice (STDERR, APP/TASK/deploy)#
#2026 08 02 07:54:57.349#Z#DEBUG#6828ea62-8e47-11f1-a22d-eeee0a847462.SmartProcureX-db-deployer#flowable-async-job-executor-thread-9997#
[PollExecuteTaskStatusExecution] 0811d82a-292b-418f-a9aa-32d7fd5c8825 [2026-08-02T06:47:03.689308] Exit status 1 (STDOUT, APP/TASK/deploy)#
#2026 08 02 07:54:57.349#Z#DEBUG#6828ea62-8e47-11f1-a22d-eeee0a847462.SmartProcureX-db-deployer#flowable-async-job-executor-thread-9997#
[PollExecuteTaskStatusExecution] 0811d82a-292b-418f-a9aa-32d7fd5c8825 [2026-08-02T06:47:04.330186] Cell da97415f-d45d-4f73-b6f3-2c853ecdb03d stopping instance 04db2779-3e86-45df-a9eb-c76d88f58e08 (STDOUT, CELL)#
#2026 08 02 07:54:57.349#Z#DEBUG#6828ea62-8e47-11f1-a22d-eeee0a847462.SmartProcureX-db-deployer#flowable-async-job-executor-thread-9997#
[PollExecuteTaskStatusExecution] 0811d82a-292b-418f-a9aa-32d7fd5c8825 [2026-08-02T06:47:04.330235] Cell da97415f-d45d-4f73-b6f3-2c853ecdb03d destroying container for instance 04db2779-3e86-45df-a9eb-c76d88f58e08 (STDOUT, CELL)#
#2026 08 02 07:54:57.349#Z#DEBUG#6828ea62-8e47-11f1-a22d-eeee0a847462.SmartProcureX-db-deployer#flowable-async-job-executor-thread-9997#
[PollExecuteTaskStatusExecution] 0811d82a-292b-418f-a9aa-32d7fd5c8825 [2026-08-02T06:47:06.559277] Cell da97415f-d45d-4f73-b6f3-2c853ecdb03d successfully destroyed container for instance 04db2779-3e86-45df-a9eb-c76d88f58e08 (STDOUT, CELL)#
#2026 08 02 07:54:57.349#Z#DEBUG#6828ea62-8e47-11f1-a22d-eeee0a847462.SmartProcureX-db-deployer#flowable-async-job-executor-thread-9997#
[PollExecuteTaskStatusExecution] 0811d82a-292b-418f-a9aa-32d7fd5c8825 [2026-08-02T07:02:25.457638] Updated app with guid 0811d82a-292b-418f-a9aa-32d7fd5c8825 ({"lifecycle"=>{"data"=>{"buildpacks"=>["nodejs_buildpack"]}, "type"=>"buildpack"}}) (STDOUT, API)#
#2026 08 02 07:54:57.349#Z#DEBUG#6828ea62-8e47-11f1-a22d-eeee0a847462.SmartProcureX-db-deployer#flowable-async-job-executor-thread-9997#
[PollExecuteTaskStatusExecution] 0811d82a-292b-418f-a9aa-32d7fd5c8825 [2026-08-02T07:02:25.555018] Updating process: "web" (STDOUT, API)#
#2026 08 02 07:54:57.349#Z#DEBUG#6828ea62-8e47-11f1-a22d-eeee0a847462.SmartProcureX-db-deployer#flowable-async-job-executor-thread-9997#
[PollExecuteTaskStatusExecution] 0811d82a-292b-418f-a9aa-32d7fd5c8825 [2026-08-02T07:02:33.888689] Uploading app package for app with guid 0811d82a-292b-418f-a9aa-32d7fd5c8825 (STDOUT, API)#
#2026 08 02 07:54:57.349#Z#DEBUG#6828ea62-8e47-11f1-a22d-eeee0a847462.SmartProcureX-db-deployer#flowable-async-job-executor-thread-9997#
[PollExecuteTaskStatusExecution] 0811d82a-292b-418f-a9aa-32d7fd5c8825 [2026-08-02T07:02:34.089340] Updated app with guid 0811d82a-292b-418f-a9aa-32d7fd5c8825 ({"environment_variables"=>"[PRIVATE DATA HIDDEN]"}) (STDOUT, API)#
#2026 08 02 07:54:57.349#Z#DEBUG#6828ea62-8e47-11f1-a22d-eeee0a847462.SmartProcureX-db-deployer#flowable-async-job-executor-thread-9997#
[PollExecuteTaskStatusExecution] 0811d82a-292b-418f-a9aa-32d7fd5c8825 [2026-08-02T07:02:43.990805] Creating build for app with guid 0811d82a-292b-418f-a9aa-32d7fd5c8825 (STDOUT, API)#
#2026 08 02 07:54:57.349#Z#DEBUG#6828ea62-8e47-11f1-a22d-eeee0a847462.SmartProcureX-db-deployer#flowable-async-job-executor-thread-9997#
[PollExecuteTaskStatusExecution] 0811d82a-292b-418f-a9aa-32d7fd5c8825 [2026-08-02T07:02:44.281190] Downloading nodejs_buildpack... (STDOUT, STG)#
#2026 08 02 07:54:57.349#Z#DEBUG#6828ea62-8e47-11f1-a22d-eeee0a847462.SmartProcureX-db-deployer#flowable-async-job-executor-thread-9997#
[PollExecuteTaskStatusExecution] 0811d82a-292b-418f-a9aa-32d7fd5c8825 [2026-08-02T07:02:44.324549] Downloaded nodejs_buildpack (STDOUT, STG)#
#2026 08 02 07:54:57.349#Z#DEBUG#6828ea62-8e47-11f1-a22d-eeee0a847462.SmartProcureX-db-deployer#flowable-async-job-executor-thread-9997#
[PollExecuteTaskStatusExecution] 0811d82a-292b-418f-a9aa-32d7fd5c8825 [2026-08-02T07:02:44.324631] Cell cdd66a98-00c8-41cf-94b2-8f9408d19596 creating container for instance b6a8f417-12f9-4edd-8d06-41acc47da1c4 (STDOUT, STG)#
#2026 08 02 07:54:57.349#Z#DEBUG#6828ea62-8e47-11f1-a22d-eeee0a847462.SmartProcureX-db-deployer#flowable-async-job-executor-thread-9997#
[PollExecuteTaskStatusExecution] 0811d82a-292b-418f-a9aa-32d7fd5c8825 [2026-08-02T07:02:44.643127] Security group rules were updated (STDOUT, STG)#
#2026 08 02 07:54:57.349#Z#DEBUG#6828ea62-8e47-11f1-a22d-eeee0a847462.SmartProcureX-db-deployer#flowable-async-job-executor-thread-9997#
[PollExecuteTaskStatusExecution] 0811d82a-292b-418f-a9aa-32d7fd5c8825 [2026-08-02T07:02:44.701769] Cell cdd66a98-00c8-41cf-94b2-8f9408d19596 successfully created container for instance b6a8f417-12f9-4edd-8d06-41acc47da1c4 (STDOUT, STG)#
#2026 08 02 07:54:57.349#Z#DEBUG#6828ea62-8e47-11f1-a22d-eeee0a847462.SmartProcureX-db-deployer#flowable-async-job-executor-thread-9997#
[PollExecuteTaskStatusExecution] 0811d82a-292b-418f-a9aa-32d7fd5c8825 [2026-08-02T07:02:45.132440] Downloading app package... (STDOUT, STG)#
#2026 08 02 07:54:57.349#Z#DEBUG#6828ea62-8e47-11f1-a22d-eeee0a847462.SmartProcureX-db-deployer#flowable-async-job-executor-thread-9997#
[PollExecuteTaskStatusExecution] 0811d82a-292b-418f-a9aa-32d7fd5c8825 [2026-08-02T07:02:45.132461] Downloading build artifacts cache... (STDOUT, STG)#
#2026 08 02 07:54:57.349#Z#DEBUG#6828ea62-8e47-11f1-a22d-eeee0a847462.SmartProcureX-db-deployer#flowable-async-job-executor-thread-9997#
[PollExecuteTaskStatusExecution] 0811d82a-292b-418f-a9aa-32d7fd5c8825 [2026-08-02T07:02:45.186876] Downloaded build artifacts cache (225B) (STDOUT, STG)#
#2026 08 02 07:54:57.349#Z#DEBUG#6828ea62-8e47-11f1-a22d-eeee0a847462.SmartProcureX-db-deployer#flowable-async-job-executor-thread-9997#
[PollExecuteTaskStatusExecution] 0811d82a-292b-418f-a9aa-32d7fd5c8825 [2026-08-02T07:02:45.348233] Downloaded app package (2.3M) (STDOUT, STG)#
#2026 08 02 07:54:57.349#Z#DEBUG#6828ea62-8e47-11f1-a22d-eeee0a847462.SmartProcureX-db-deployer#flowable-async-job-executor-thread-9997#
[PollExecuteTaskStatusExecution] 0811d82a-292b-418f-a9aa-32d7fd5c8825 [2026-08-02T07:02:45.398347] -----> Nodejs Buildpack version 1.9.2 (STDOUT, STG)#
#2026 08 02 07:54:57.349#Z#DEBUG#6828ea62-8e47-11f1-a22d-eeee0a847462.SmartProcureX-db-deployer#flowable-async-job-executor-thread-9997#
[PollExecuteTaskStatusExecution] 0811d82a-292b-418f-a9aa-32d7fd5c8825 [2026-08-02T07:02:45.486198] -----> Bootstrapping python (STDOUT, STG)#
#2026 08 02 07:54:57.349#Z#DEBUG#6828ea62-8e47-11f1-a22d-eeee0a847462.SmartProcureX-db-deployer#flowable-async-job-executor-thread-9997#
[PollExecuteTaskStatusExecution] 0811d82a-292b-418f-a9aa-32d7fd5c8825 [2026-08-02T07:02:45.486216] -----> Installing python 3.13.13 (STDOUT, STG)#
#2026 08 02 07:54:57.349#Z#DEBUG#6828ea62-8e47-11f1-a22d-eeee0a847462.SmartProcureX-db-deployer#flowable-async-job-executor-thread-9997#
[PollExecuteTaskStatusExecution] 0811d82a-292b-418f-a9aa-32d7fd5c8825 [2026-08-02T07:02:45.486231] Copy [/tmp/buildpacks/411ec6166282b4d1/dependencies/268a5e3743d51a14b86ea9da64439307/python_3.13.13_linux_x64_cflinuxfs4_8311abbf.tgz] (STDOUT, STG)#
#2026 08 02 07:54:57.349#Z#DEBUG#6828ea62-8e47-11f1-a22d-eeee0a847462.SmartProcureX-db-deployer#flowable-async-job-executor-thread-9997#
[PollExecuteTaskStatusExecution] 0811d82a-292b-418f-a9aa-32d7fd5c8825 [2026-08-02T07:02:48.403066] -----> Installing binaries (STDOUT, STG)#
#2026 08 02 07:54:57.349#Z#DEBUG#6828ea62-8e47-11f1-a22d-eeee0a847462.SmartProcureX-db-deployer#flowable-async-job-executor-thread-9997#
[PollExecuteTaskStatusExecution] 0811d82a-292b-418f-a9aa-32d7fd5c8825 [2026-08-02T07:02:48.403105] engines.node (package.json): ^24 (STDOUT, STG)#
#2026 08 02 07:54:57.349#Z#DEBUG#6828ea62-8e47-11f1-a22d-eeee0a847462.SmartProcureX-db-deployer#flowable-async-job-executor-thread-9997#
[PollExecuteTaskStatusExecution] 0811d82a-292b-418f-a9aa-32d7fd5c8825 [2026-08-02T07:02:48.403115] engines.npm (package.json): unspecified (use default) (STDOUT, STG)#
#2026 08 02 07:54:57.349#Z#DEBUG#6828ea62-8e47-11f1-a22d-eeee0a847462.SmartProcureX-db-deployer#flowable-async-job-executor-thread-9997#
[PollExecuteTaskStatusExecution] 0811d82a-292b-418f-a9aa-32d7fd5c8825 [2026-08-02T07:02:48.403246] -----> Installing node 24.15.0 (STDOUT, STG)#
#2026 08 02 07:54:57.349#Z#DEBUG#6828ea62-8e47-11f1-a22d-eeee0a847462.SmartProcureX-db-deployer#flowable-async-job-executor-thread-9997#
[PollExecuteTaskStatusExecution] 0811d82a-292b-418f-a9aa-32d7fd5c8825 [2026-08-02T07:02:48.403383] Copy [/tmp/buildpacks/411ec6166282b4d1/dependencies/6441e97e6386f47ec4c16cfdf8db0a17/node_24.15.0_linux_x64_cflinuxfs4_1a62d98b.tgz] (STDOUT, STG)#
#2026 08 02 07:54:57.349#Z#DEBUG#6828ea62-8e47-11f1-a22d-eeee0a847462.SmartProcureX-db-deployer#flowable-async-job-executor-thread-9997#
[PollExecuteTaskStatusExecution] 0811d82a-292b-418f-a9aa-32d7fd5c8825 [2026-08-02T07:02:50.105013] Using default npm version: 11.12.1 (STDOUT, STG)#
#2026 08 02 07:54:57.349#Z#DEBUG#6828ea62-8e47-11f1-a22d-eeee0a847462.SmartProcureX-db-deployer#flowable-async-job-executor-thread-9997#
[PollExecuteTaskStatusExecution] 0811d82a-292b-418f-a9aa-32d7fd5c8825 [2026-08-02T07:02:50.105035] -----> Installing yarn 1.22.22 (STDOUT, STG)#
#2026 08 02 07:54:57.349#Z#DEBUG#6828ea62-8e47-11f1-a22d-eeee0a847462.SmartProcureX-db-deployer#flowable-async-job-executor-thread-9997#
[PollExecuteTaskStatusExecution] 0811d82a-292b-418f-a9aa-32d7fd5c8825 [2026-08-02T07:02:50.105077] Copy [/tmp/buildpacks/411ec6166282b4d1/dependencies/e4fe26756e9984a665478d350474fa2e/yarn_1.22.22_linux_noarch_any-stack_b6132b86.tgz] (STDOUT, STG)#
#2026 08 02 07:54:57.349#Z#DEBUG#6828ea62-8e47-11f1-a22d-eeee0a847462.SmartProcureX-db-deployer#flowable-async-job-executor-thread-9997#
[PollExecuteTaskStatusExecution] 0811d82a-292b-418f-a9aa-32d7fd5c8825 [2026-08-02T07:02:50.357794] Installed yarn 1.22.22 (STDOUT, STG)#
#2026 08 02 07:54:57.349#Z#DEBUG#6828ea62-8e47-11f1-a22d-eeee0a847462.SmartProcureX-db-deployer#flowable-async-job-executor-thread-9997#
[PollExecuteTaskStatusExecution] 0811d82a-292b-418f-a9aa-32d7fd5c8825 [2026-08-02T07:02:50.357832] -----> Creating runtime environment (STDOUT, STG)#
#2026 08 02 07:54:57.349#Z#DEBUG#6828ea62-8e47-11f1-a22d-eeee0a847462.SmartProcureX-db-deployer#flowable-async-job-executor-thread-9997#
[PollExecuteTaskStatusExecution] 0811d82a-292b-418f-a9aa-32d7fd5c8825 [2026-08-02T07:02:50.359140] NODE_ENV=production (STDOUT, STG)#
#2026 08 02 07:54:57.349#Z#DEBUG#6828ea62-8e47-11f1-a22d-eeee0a847462.SmartProcureX-db-deployer#flowable-async-job-executor-thread-9997#
[PollExecuteTaskStatusExecution] 0811d82a-292b-418f-a9aa-32d7fd5c8825 [2026-08-02T07:02:50.359165] NODE_HOME=/tmp/contents3271615480/deps/0/node (STDOUT, STG)#
#2026 08 02 07:54:57.349#Z#DEBUG#6828ea62-8e47-11f1-a22d-eeee0a847462.SmartProcureX-db-deployer#flowable-async-job-executor-thread-9997#
[PollExecuteTaskStatusExecution] 0811d82a-292b-418f-a9aa-32d7fd5c8825 [2026-08-02T07:02:50.359171] NODE_MODULES_CACHE=true (STDOUT, STG)#
#2026 08 02 07:54:57.349#Z#DEBUG#6828ea62-8e47-11f1-a22d-eeee0a847462.SmartProcureX-db-deployer#flowable-async-job-executor-thread-9997#
[PollExecuteTaskStatusExecution] 0811d82a-292b-418f-a9aa-32d7fd5c8825 [2026-08-02T07:02:50.359174] NODE_VERBOSE=false (STDOUT, STG)#
#2026 08 02 07:54:57.349#Z#DEBUG#6828ea62-8e47-11f1-a22d-eeee0a847462.SmartProcureX-db-deployer#flowable-async-job-executor-thread-9997#
[PollExecuteTaskStatusExecution] 0811d82a-292b-418f-a9aa-32d7fd5c8825 [2026-08-02T07:02:50.359176] NPM_CONFIG_LOGLEVEL=error (STDOUT, STG)#
#2026 08 02 07:54:57.349#Z#DEBUG#6828ea62-8e47-11f1-a22d-eeee0a847462.SmartProcureX-db-deployer#flowable-async-job-executor-thread-9997#
[PollExecuteTaskStatusExecution] 0811d82a-292b-418f-a9aa-32d7fd5c8825 [2026-08-02T07:02:50.359183] NPM_CONFIG_PRODUCTION=true (STDOUT, STG)#
#2026 08 02 07:54:57.349#Z#DEBUG#6828ea62-8e47-11f1-a22d-eeee0a847462.SmartProcureX-db-deployer#flowable-async-job-executor-thread-9997#
[PollExecuteTaskStatusExecution] 0811d82a-292b-418f-a9aa-32d7fd5c8825 [2026-08-02T07:02:50.359197] -----> Building dependencies (STDOUT, STG)#
#2026 08 02 07:54:57.349#Z#DEBUG#6828ea62-8e47-11f1-a22d-eeee0a847462.SmartProcureX-db-deployer#flowable-async-job-executor-thread-9997#
[PollExecuteTaskStatusExecution] 0811d82a-292b-418f-a9aa-32d7fd5c8825 [2026-08-02T07:02:50.359200] Prebuild detected (node_modules already exists) (STDOUT, STG)#
#2026 08 02 07:54:57.349#Z#DEBUG#6828ea62-8e47-11f1-a22d-eeee0a847462.SmartProcureX-db-deployer#flowable-async-job-executor-thread-9997#
[PollExecuteTaskStatusExecution] 0811d82a-292b-418f-a9aa-32d7fd5c8825 [2026-08-02T07:02:50.359202] Rebuilding any native modules (STDOUT, STG)#
#2026 08 02 07:54:57.349#Z#DEBUG#6828ea62-8e47-11f1-a22d-eeee0a847462.SmartProcureX-db-deployer#flowable-async-job-executor-thread-9997#
[PollExecuteTaskStatusExecution] 0811d82a-292b-418f-a9aa-32d7fd5c8825 [2026-08-02T07:02:50.726407] rebuilt dependencies successfully (STDOUT, STG)#
#2026 08 02 07:54:57.349#Z#DEBUG#6828ea62-8e47-11f1-a22d-eeee0a847462.SmartProcureX-db-deployer#flowable-async-job-executor-thread-9997#
[PollExecuteTaskStatusExecution] 0811d82a-292b-418f-a9aa-32d7fd5c8825 [2026-08-02T07:02:50.772159] Installing any new modules (package.json + package-lock.json) (STDOUT, STG)#
#2026 08 02 07:54:57.349#Z#DEBUG#6828ea62-8e47-11f1-a22d-eeee0a847462.SmartProcureX-db-deployer#flowable-async-job-executor-thread-9997#
[PollExecuteTaskStatusExecution] 0811d82a-292b-418f-a9aa-32d7fd5c8825 [2026-08-02T07:02:51.075381] up to date in 245ms (STDOUT, STG)#
#2026 08 02 07:54:57.349#Z#DEBUG#6828ea62-8e47-11f1-a22d-eeee0a847462.SmartProcureX-db-deployer#flowable-async-job-executor-thread-9997#
[PollExecuteTaskStatusExecution] 0811d82a-292b-418f-a9aa-32d7fd5c8825 [2026-08-02T07:02:51.075568] 4 packages are looking for funding (STDOUT, STG)#
#2026 08 02 07:54:57.349#Z#DEBUG#6828ea62-8e47-11f1-a22d-eeee0a847462.SmartProcureX-db-deployer#flowable-async-job-executor-thread-9997#
[PollExecuteTaskStatusExecution] 0811d82a-292b-418f-a9aa-32d7fd5c8825 [2026-08-02T07:02:51.075668] run `npm fund` for details (STDOUT, STG)#
#2026 08 02 07:54:57.349#Z#DEBUG#6828ea62-8e47-11f1-a22d-eeee0a847462.SmartProcureX-db-deployer#flowable-async-job-executor-thread-9997#
[PollExecuteTaskStatusExecution] 0811d82a-292b-418f-a9aa-32d7fd5c8825 [2026-08-02T07:02:51.476530] Contrast Security no credentials found. Will not write environment files. (STDOUT, STG)#
#2026 08 02 07:54:57.349#Z#DEBUG#6828ea62-8e47-11f1-a22d-eeee0a847462.SmartProcureX-db-deployer#flowable-async-job-executor-thread-9997#
[PollExecuteTaskStatusExecution] 0811d82a-292b-418f-a9aa-32d7fd5c8825 [2026-08-02T07:02:58.845473] Exit status 0 (STDOUT, STG)#
#2026 08 02 07:54:57.349#Z#DEBUG#6828ea62-8e47-11f1-a22d-eeee0a847462.SmartProcureX-db-deployer#flowable-async-job-executor-thread-9997#
[PollExecuteTaskStatusExecution] 0811d82a-292b-418f-a9aa-32d7fd5c8825 [2026-08-02T07:02:58.845526] Uploading droplet, build artifacts cache... (STDOUT, STG)#
#2026 08 02 07:54:57.349#Z#DEBUG#6828ea62-8e47-11f1-a22d-eeee0a847462.SmartProcureX-db-deployer#flowable-async-job-executor-thread-9997#
[PollExecuteTaskStatusExecution] 0811d82a-292b-418f-a9aa-32d7fd5c8825 [2026-08-02T07:02:58.845662] Uploading droplet... (STDOUT, STG)#
#2026 08 02 07:54:57.349#Z#DEBUG#6828ea62-8e47-11f1-a22d-eeee0a847462.SmartProcureX-db-deployer#flowable-async-job-executor-thread-9997#
[PollExecuteTaskStatusExecution] 0811d82a-292b-418f-a9aa-32d7fd5c8825 [2026-08-02T07:02:58.845684] Uploading build artifacts cache... (STDOUT, STG)#
#2026 08 02 07:54:57.349#Z#DEBUG#6828ea62-8e47-11f1-a22d-eeee0a847462.SmartProcureX-db-deployer#flowable-async-job-executor-thread-9997#
[PollExecuteTaskStatusExecution] 0811d82a-292b-418f-a9aa-32d7fd5c8825 [2026-08-02T07:02:58.872] Uploaded build artifacts cache (224B) (STDOUT, STG)#
#2026 08 02 07:54:57.349#Z#DEBUG#6828ea62-8e47-11f1-a22d-eeee0a847462.SmartProcureX-db-deployer#flowable-async-job-executor-thread-9997#
[PollExecuteTaskStatusExecution] 0811d82a-292b-418f-a9aa-32d7fd5c8825 [2026-08-02T07:02:59.455127] Creating droplet for app with guid 0811d82a-292b-418f-a9aa-32d7fd5c8825 (STDOUT, API)#
#2026 08 02 07:54:57.349#Z#DEBUG#6828ea62-8e47-11f1-a22d-eeee0a847462.SmartProcureX-db-deployer#flowable-async-job-executor-thread-9997#
[PollExecuteTaskStatusExecution] 0811d82a-292b-418f-a9aa-32d7fd5c8825 [2026-08-02T07:03:02.521757] Uploaded droplet (58.6M) (STDOUT, STG)#
#2026 08 02 07:54:57.349#Z#DEBUG#6828ea62-8e47-11f1-a22d-eeee0a847462.SmartProcureX-db-deployer#flowable-async-job-executor-thread-9997#
[PollExecuteTaskStatusExecution] 0811d82a-292b-418f-a9aa-32d7fd5c8825 [2026-08-02T07:03:02.536783] Uploading complete (STDOUT, STG)#
#2026 08 02 07:54:57.349#Z#DEBUG#6828ea62-8e47-11f1-a22d-eeee0a847462.SmartProcureX-db-deployer#flowable-async-job-executor-thread-9997#
[PollExecuteTaskStatusExecution] 0811d82a-292b-418f-a9aa-32d7fd5c8825 [2026-08-02T07:03:02.796235] Cell cdd66a98-00c8-41cf-94b2-8f9408d19596 stopping instance b6a8f417-12f9-4edd-8d06-41acc47da1c4 (STDOUT, STG)#
#2026 08 02 07:54:57.349#Z#DEBUG#6828ea62-8e47-11f1-a22d-eeee0a847462.SmartProcureX-db-deployer#flowable-async-job-executor-thread-9997#
[PollExecuteTaskStatusExecution] 0811d82a-292b-418f-a9aa-32d7fd5c8825 [2026-08-02T07:03:02.796288] Cell cdd66a98-00c8-41cf-94b2-8f9408d19596 destroying container for instance b6a8f417-12f9-4edd-8d06-41acc47da1c4 (STDOUT, STG)#
#2026 08 02 07:54:57.349#Z#DEBUG#6828ea62-8e47-11f1-a22d-eeee0a847462.SmartProcureX-db-deployer#flowable-async-job-executor-thread-9997#
[PollExecuteTaskStatusExecution] 0811d82a-292b-418f-a9aa-32d7fd5c8825 [2026-08-02T07:03:02.842992] Staging complete for build b6a8f417-12f9-4edd-8d06-41acc47da1c4 (STDOUT, API)#
#2026 08 02 07:54:57.349#Z#DEBUG#6828ea62-8e47-11f1-a22d-eeee0a847462.SmartProcureX-db-deployer#flowable-async-job-executor-thread-9997#
[PollExecuteTaskStatusExecution] 0811d82a-292b-418f-a9aa-32d7fd5c8825 [2026-08-02T07:03:03.884815] Updated app with guid 0811d82a-292b-418f-a9aa-32d7fd5c8825 ({:droplet_guid=>"ccb4ceb7-e436-442d-8f3a-d23f8ee534c0"}) (STDOUT, API)#
#2026 08 02 07:54:57.349#Z#DEBUG#6828ea62-8e47-11f1-a22d-eeee0a847462.SmartProcureX-db-deployer#flowable-async-job-executor-thread-9997#
[PollExecuteTaskStatusExecution] 0811d82a-292b-418f-a9aa-32d7fd5c8825 [2026-08-02T07:03:04.212210] Cell 919653e1-7038-451d-ac9f-e4bd0de8dbda creating container for instance d3118606-0ad7-451f-9eae-5ec42ca6dc4c (STDOUT, CELL)#
#2026 08 02 07:54:57.349#Z#DEBUG#6828ea62-8e47-11f1-a22d-eeee0a847462.SmartProcureX-db-deployer#flowable-async-job-executor-thread-9997#
[PollExecuteTaskStatusExecution] 0811d82a-292b-418f-a9aa-32d7fd5c8825 [2026-08-02T07:03:04.537349] Security group rules were updated (STDOUT, CELL)#
#2026 08 02 07:54:57.349#Z#DEBUG#6828ea62-8e47-11f1-a22d-eeee0a847462.SmartProcureX-db-deployer#flowable-async-job-executor-thread-9997#
[PollExecuteTaskStatusExecution] 0811d82a-292b-418f-a9aa-32d7fd5c8825 [2026-08-02T07:03:04.582804] Cell 919653e1-7038-451d-ac9f-e4bd0de8dbda successfully created container for instance d3118606-0ad7-451f-9eae-5ec42ca6dc4c (STDOUT, CELL)#
#2026 08 02 07:54:57.349#Z#DEBUG#6828ea62-8e47-11f1-a22d-eeee0a847462.SmartProcureX-db-deployer#flowable-async-job-executor-thread-9997#
[PollExecuteTaskStatusExecution] 0811d82a-292b-418f-a9aa-32d7fd5c8825 [2026-08-02T07:03:06.900862] Cell cdd66a98-00c8-41cf-94b2-8f9408d19596 successfully destroyed container for instance b6a8f417-12f9-4edd-8d06-41acc47da1c4 (STDOUT, STG)#
#2026 08 02 07:54:57.349#Z#DEBUG#6828ea62-8e47-11f1-a22d-eeee0a847462.SmartProcureX-db-deployer#flowable-async-job-executor-thread-9997#
[PollExecuteTaskStatusExecution] 0811d82a-292b-418f-a9aa-32d7fd5c8825 [2026-08-02T07:03:07.823147] Invoking pre-start scripts. (STDOUT, APP/TASK/deploy)#
#2026 08 02 07:54:57.349#Z#DEBUG#6828ea62-8e47-11f1-a22d-eeee0a847462.SmartProcureX-db-deployer#flowable-async-job-executor-thread-9997#
[PollExecuteTaskStatusExecution] 0811d82a-292b-418f-a9aa-32d7fd5c8825 [2026-08-02T07:03:07.965262] Invoking start command. (STDOUT, APP/TASK/deploy)#
#2026 08 02 07:54:57.349#Z#DEBUG#6828ea62-8e47-11f1-a22d-eeee0a847462.SmartProcureX-db-deployer#flowable-async-job-executor-thread-9997#
[PollExecuteTaskStatusExecution] 0811d82a-292b-418f-a9aa-32d7fd5c8825 [2026-08-02T07:03:08.248155] > start (STDOUT, APP/TASK/deploy)#
#2026 08 02 07:54:57.349#Z#DEBUG#6828ea62-8e47-11f1-a22d-eeee0a847462.SmartProcureX-db-deployer#flowable-async-job-executor-thread-9997#
[PollExecuteTaskStatusExecution] 0811d82a-292b-418f-a9aa-32d7fd5c8825 [2026-08-02T07:03:08.248187] > node node_modules/@sap/hdi-deploy/deploy.js --use-hdb --parameter com.sap.hana.di.table/try_fast_table_migration=true (STDOUT, APP/TASK/deploy)#
#2026 08 02 07:54:57.349#Z#DEBUG#6828ea62-8e47-11f1-a22d-eeee0a847462.SmartProcureX-db-deployer#flowable-async-job-executor-thread-9997#
[PollExecuteTaskStatusExecution] 0811d82a-292b-418f-a9aa-32d7fd5c8825 [2026-08-02T07:03:08.348823] VCAP_SERVICES: (STDOUT, APP/TASK/deploy)#
#2026 08 02 07:54:57.349#Z#DEBUG#6828ea62-8e47-11f1-a22d-eeee0a847462.SmartProcureX-db-deployer#flowable-async-job-executor-thread-9997#
[PollExecuteTaskStatusExecution] 0811d82a-292b-418f-a9aa-32d7fd5c8825 [2026-08-02T07:03:08.349259] { (STDOUT, APP/TASK/deploy)#
#2026 08 02 07:54:57.349#Z#DEBUG#6828ea62-8e47-11f1-a22d-eeee0a847462.SmartProcureX-db-deployer#flowable-async-job-executor-thread-9997#
[PollExecuteTaskStatusExecution] 0811d82a-292b-418f-a9aa-32d7fd5c8825 [2026-08-02T07:03:08.349273] "hana": [ (STDOUT, APP/TASK/deploy)#
#2026 08 02 07:54:57.349#Z#DEBUG#6828ea62-8e47-11f1-a22d-eeee0a847462.SmartProcureX-db-deployer#flowable-async-job-executor-thread-9997#
[PollExecuteTaskStatusExecution] 0811d82a-292b-418f-a9aa-32d7fd5c8825 [2026-08-02T07:03:08.349275] { (STDOUT, APP/TASK/deploy)#
#2026 08 02 07:54:57.349#Z#DEBUG#6828ea62-8e47-11f1-a22d-eeee0a847462.SmartProcureX-db-deployer#flowable-async-job-executor-thread-9997#
[PollExecuteTaskStatusExecution] 0811d82a-292b-418f-a9aa-32d7fd5c8825 [2026-08-02T07:03:08.349279] "name": "SmartProcureX-db", (STDOUT, APP/TASK/deploy)#
#2026 08 02 07:54:57.349#Z#DEBUG#6828ea62-8e47-11f1-a22d-eeee0a847462.SmartProcureX-db-deployer#flowable-async-job-executor-thread-9997#
[PollExecuteTaskStatusExecution] 0811d82a-292b-418f-a9aa-32d7fd5c8825 [2026-08-02T07:03:08.349285] "label": "hana", (STDOUT, APP/TASK/deploy)#
#2026 08 02 07:54:57.349#Z#DEBUG#6828ea62-8e47-11f1-a22d-eeee0a847462.SmartProcureX-db-deployer#flowable-async-job-executor-thread-9997#
[PollExecuteTaskStatusExecution] 0811d82a-292b-418f-a9aa-32d7fd5c8825 [2026-08-02T07:03:08.349287] "plan": "hdi-shared", (STDOUT, APP/TASK/deploy)#
#2026 08 02 07:54:57.349#Z#DEBUG#6828ea62-8e47-11f1-a22d-eeee0a847462.SmartProcureX-db-deployer#flowable-async-job-executor-thread-9997#
[PollExecuteTaskStatusExecution] 0811d82a-292b-418f-a9aa-32d7fd5c8825 [2026-08-02T07:03:08.349290] "credentials": { (STDOUT, APP/TASK/deploy)#
#2026 08 02 07:54:57.349#Z#DEBUG#6828ea62-8e47-11f1-a22d-eeee0a847462.SmartProcureX-db-deployer#flowable-async-job-executor-thread-9997#
[PollExecuteTaskStatusExecution] 0811d82a-292b-418f-a9aa-32d7fd5c8825 [2026-08-02T07:03:08.349296] "schema": "B2E83F60A5C34A6E98091CC639322A6C", (STDOUT, APP/TASK/deploy)#
#2026 08 02 07:54:57.349#Z#DEBUG#6828ea62-8e47-11f1-a22d-eeee0a847462.SmartProcureX-db-deployer#flowable-async-job-executor-thread-9997#
[PollExecuteTaskStatusExecution] 0811d82a-292b-418f-a9aa-32d7fd5c8825 [2026-08-02T07:03:08.349300] "database_id": "ccb85f22-d9b4-4190-84d2-64f7029bd6f6", (STDOUT, APP/TASK/deploy)#
#2026 08 02 07:54:57.349#Z#DEBUG#6828ea62-8e47-11f1-a22d-eeee0a847462.SmartProcureX-db-deployer#flowable-async-job-executor-thread-9997#
[PollExecuteTaskStatusExecution] 0811d82a-292b-418f-a9aa-32d7fd5c8825 [2026-08-02T07:03:08.349305] "user": "B2E83F60A5C34A6E98091CC639322A6C_11HPH9KXTDTQSB7FMNXEVK1B1_RT", (STDOUT, APP/TASK/deploy)#
#2026 08 02 07:54:57.349#Z#DEBUG#6828ea62-8e47-11f1-a22d-eeee0a847462.SmartProcureX-db-deployer#flowable-async-job-executor-thread-9997#
[PollExecuteTaskStatusExecution] 0811d82a-292b-418f-a9aa-32d7fd5c8825 [2026-08-02T07:03:08.349308] "hdi_user": "B2E83F60A5C34A6E98091CC639322A6C_11HPH9KXTDTQSB7FMNXEVK1B1_DT" (STDOUT, APP/TASK/deploy)#
#2026 08 02 07:54:57.349#Z#DEBUG#6828ea62-8e47-11f1-a22d-eeee0a847462.SmartProcureX-db-deployer#flowable-async-job-executor-thread-9997#
[PollExecuteTaskStatusExecution] 0811d82a-292b-418f-a9aa-32d7fd5c8825 [2026-08-02T07:03:08.349310] }, (STDOUT, APP/TASK/deploy)#
#2026 08 02 07:54:57.349#Z#DEBUG#6828ea62-8e47-11f1-a22d-eeee0a847462.SmartProcureX-db-deployer#flowable-async-job-executor-thread-9997#
[PollExecuteTaskStatusExecution] 0811d82a-292b-418f-a9aa-32d7fd5c8825 [2026-08-02T07:03:08.349312] "tags": [ (STDOUT, APP/TASK/deploy)#
#2026 08 02 07:54:57.349#Z#DEBUG#6828ea62-8e47-11f1-a22d-eeee0a847462.SmartProcureX-db-deployer#flowable-async-job-executor-thread-9997#
[PollExecuteTaskStatusExecution] 0811d82a-292b-418f-a9aa-32d7fd5c8825 [2026-08-02T07:03:08.349313] "hana", (STDOUT, APP/TASK/deploy)#
#2026 08 02 07:54:57.349#Z#DEBUG#6828ea62-8e47-11f1-a22d-eeee0a847462.SmartProcureX-db-deployer#flowable-async-job-executor-thread-9997#
[PollExecuteTaskStatusExecution] 0811d82a-292b-418f-a9aa-32d7fd5c8825 [2026-08-02T07:03:08.349315] "database", (STDOUT, APP/TASK/deploy)#
#2026 08 02 07:54:57.349#Z#DEBUG#6828ea62-8e47-11f1-a22d-eeee0a847462.SmartProcureX-db-deployer#flowable-async-job-executor-thread-9997#
[PollExecuteTaskStatusExecution] 0811d82a-292b-418f-a9aa-32d7fd5c8825 [2026-08-02T07:03:08.349317] "relational" (STDOUT, APP/TASK/deploy)#
#2026 08 02 07:54:57.349#Z#DEBUG#6828ea62-8e47-11f1-a22d-eeee0a847462.SmartProcureX-db-deployer#flowable-async-job-executor-thread-9997#
[PollExecuteTaskStatusExecution] 0811d82a-292b-418f-a9aa-32d7fd5c8825 [2026-08-02T07:03:08.349319] ] (STDOUT, APP/TASK/deploy)#
#2026 08 02 07:54:57.349#Z#DEBUG#6828ea62-8e47-11f1-a22d-eeee0a847462.SmartProcureX-db-deployer#flowable-async-job-executor-thread-9997#
[PollExecuteTaskStatusExecution] 0811d82a-292b-418f-a9aa-32d7fd5c8825 [2026-08-02T07:03:08.349320] } (STDOUT, APP/TASK/deploy)#
#2026 08 02 07:54:57.349#Z#DEBUG#6828ea62-8e47-11f1-a22d-eeee0a847462.SmartProcureX-db-deployer#flowable-async-job-executor-thread-9997#
[PollExecuteTaskStatusExecution] 0811d82a-292b-418f-a9aa-32d7fd5c8825 [2026-08-02T07:03:08.349322] ] (STDOUT, APP/TASK/deploy)#
#2026 08 02 07:54:57.349#Z#DEBUG#6828ea62-8e47-11f1-a22d-eeee0a847462.SmartProcureX-db-deployer#flowable-async-job-executor-thread-9997#
[PollExecuteTaskStatusExecution] 0811d82a-292b-418f-a9aa-32d7fd5c8825 [2026-08-02T07:03:08.349323] } (STDOUT, APP/TASK/deploy)#
#2026 08 02 07:54:57.349#Z#DEBUG#6828ea62-8e47-11f1-a22d-eeee0a847462.SmartProcureX-db-deployer#flowable-async-job-executor-thread-9997#
[PollExecuteTaskStatusExecution] 0811d82a-292b-418f-a9aa-32d7fd5c8825 [2026-08-02T07:03:12.649997] @sap/hdi-deploy, version 5.7.0 (mode default), server version unknown (0.0.0.0), cloud version , node version 24.15.0, HDI version -1, container API version -1 (STDOUT, APP/TASK/deploy)#
#2026 08 02 07:54:57.349#Z#DEBUG#6828ea62-8e47-11f1-a22d-eeee0a847462.SmartProcureX-db-deployer#flowable-async-job-executor-thread-9997#
[PollExecuteTaskStatusExecution] 0811d82a-292b-418f-a9aa-32d7fd5c8825 [2026-08-02T07:03:12.650018] Deployment started at 2026-08-02 07:03:12 (STDOUT, APP/TASK/deploy)#
#2026 08 02 07:54:57.349#Z#DEBUG#6828ea62-8e47-11f1-a22d-eeee0a847462.SmartProcureX-db-deployer#flowable-async-job-executor-thread-9997#
[PollExecuteTaskStatusExecution] 0811d82a-292b-418f-a9aa-32d7fd5c8825 [2026-08-02T07:03:12.650266] Using hdb@2.29.5 for connection (STDOUT, APP/TASK/deploy)#
#2026 08 02 07:54:57.349#Z#DEBUG#6828ea62-8e47-11f1-a22d-eeee0a847462.SmartProcureX-db-deployer#flowable-async-job-executor-thread-9997#
[PollExecuteTaskStatusExecution] 0811d82a-292b-418f-a9aa-32d7fd5c8825 [2026-08-02T07:03:12.650283] Detection of server version failed; root cause: HANA Database instance is stopped (STDOUT, APP/TASK/deploy)#
#2026 08 02 07:54:57.349#Z#DEBUG#6828ea62-8e47-11f1-a22d-eeee0a847462.SmartProcureX-db-deployer#flowable-async-job-executor-thread-9997#
[PollExecuteTaskStatusExecution] 0811d82a-292b-418f-a9aa-32d7fd5c8825 [2026-08-02T07:03:12.650294] Detection of cloud version failed; root cause: HANA Database instance is stopped (STDOUT, APP/TASK/deploy)#
#2026 08 02 07:54:57.349#Z#DEBUG#6828ea62-8e47-11f1-a22d-eeee0a847462.SmartProcureX-db-deployer#flowable-async-job-executor-thread-9997#
[PollExecuteTaskStatusExecution] 0811d82a-292b-418f-a9aa-32d7fd5c8825 [2026-08-02T07:03:12.650296] Detection of container API version failed; root cause: HANA Database instance is stopped (STDOUT, APP/TASK/deploy)#
#2026 08 02 07:54:57.349#Z#DEBUG#6828ea62-8e47-11f1-a22d-eeee0a847462.SmartProcureX-db-deployer#flowable-async-job-executor-thread-9997#
[PollExecuteTaskStatusExecution] 0811d82a-292b-418f-a9aa-32d7fd5c8825 [2026-08-02T07:03:12.650298] Detection of HDI version failed; root cause: HANA Database instance is stopped (STDOUT, APP/TASK/deploy)#
#2026 08 02 07:54:57.349#Z#DEBUG#6828ea62-8e47-11f1-a22d-eeee0a847462.SmartProcureX-db-deployer#flowable-async-job-executor-thread-9997#
[PollExecuteTaskStatusExecution] 0811d82a-292b-418f-a9aa-32d7fd5c8825 [2026-08-02T07:03:12.650477] Deployment ended at 2026-08-02 07:03:12 (STDOUT, APP/TASK/deploy)#
#2026 08 02 07:54:57.349#Z#DEBUG#6828ea62-8e47-11f1-a22d-eeee0a847462.SmartProcureX-db-deployer#flowable-async-job-executor-thread-9997#
[PollExecuteTaskStatusExecution] 0811d82a-292b-418f-a9aa-32d7fd5c8825 [2026-08-02T07:03:12.650630] Error: Option parameter is not supported by the server; based on detected server version unknown (STDERR, APP/TASK/deploy)#
#2026 08 02 07:54:57.349#Z#DEBUG#6828ea62-8e47-11f1-a22d-eeee0a847462.SmartProcureX-db-deployer#flowable-async-job-executor-thread-9997#
[PollExecuteTaskStatusExecution] 0811d82a-292b-418f-a9aa-32d7fd5c8825 [2026-08-02T07:03:12.650740] (4s 372ms) (STDOUT, APP/TASK/deploy)#
#2026 08 02 07:54:57.349#Z#DEBUG#6828ea62-8e47-11f1-a22d-eeee0a847462.SmartProcureX-db-deployer#flowable-async-job-executor-thread-9997#
[PollExecuteTaskStatusExecution] 0811d82a-292b-418f-a9aa-32d7fd5c8825 [2026-08-02T07:03:12.659672] npm notice (STDERR, APP/TASK/deploy)#
#2026 08 02 07:54:57.349#Z#DEBUG#6828ea62-8e47-11f1-a22d-eeee0a847462.SmartProcureX-db-deployer#flowable-async-job-executor-thread-9997#
[PollExecuteTaskStatusExecution] 0811d82a-292b-418f-a9aa-32d7fd5c8825 [2026-08-02T07:03:12.659688] npm notice New major version of npm available! 11.12.1 -> 12.0.2 (STDERR, APP/TASK/deploy)#
#2026 08 02 07:54:57.349#Z#DEBUG#6828ea62-8e47-11f1-a22d-eeee0a847462.SmartProcureX-db-deployer#flowable-async-job-executor-thread-9997#
[PollExecuteTaskStatusExecution] 0811d82a-292b-418f-a9aa-32d7fd5c8825 [2026-08-02T07:03:12.659692] npm notice Changelog: https://github.com/npm/cli/releases/tag/v12.0.2 (STDERR, APP/TASK/deploy)#
#2026 08 02 07:54:57.349#Z#DEBUG#6828ea62-8e47-11f1-a22d-eeee0a847462.SmartProcureX-db-deployer#flowable-async-job-executor-thread-9997#
[PollExecuteTaskStatusExecution] 0811d82a-292b-418f-a9aa-32d7fd5c8825 [2026-08-02T07:03:12.659695] npm notice To update run: npm install -g npm@12.0.2 (STDERR, APP/TASK/deploy)#
#2026 08 02 07:54:57.349#Z#DEBUG#6828ea62-8e47-11f1-a22d-eeee0a847462.SmartProcureX-db-deployer#flowable-async-job-executor-thread-9997#
[PollExecuteTaskStatusExecution] 0811d82a-292b-418f-a9aa-32d7fd5c8825 [2026-08-02T07:03:12.659698] npm notice (STDERR, APP/TASK/deploy)#
#2026 08 02 07:54:57.349#Z#DEBUG#6828ea62-8e47-11f1-a22d-eeee0a847462.SmartProcureX-db-deployer#flowable-async-job-executor-thread-9997#
[PollExecuteTaskStatusExecution] 0811d82a-292b-418f-a9aa-32d7fd5c8825 [2026-08-02T07:03:12.709256] Exit status 1 (STDOUT, APP/TASK/deploy)#
#2026 08 02 07:54:57.349#Z#DEBUG#6828ea62-8e47-11f1-a22d-eeee0a847462.SmartProcureX-db-deployer#flowable-async-job-executor-thread-9997#
[PollExecuteTaskStatusExecution] 0811d82a-292b-418f-a9aa-32d7fd5c8825 [2026-08-02T07:03:13.347965] Cell 919653e1-7038-451d-ac9f-e4bd0de8dbda stopping instance d3118606-0ad7-451f-9eae-5ec42ca6dc4c (STDOUT, CELL)#
#2026 08 02 07:54:57.349#Z#DEBUG#6828ea62-8e47-11f1-a22d-eeee0a847462.SmartProcureX-db-deployer#flowable-async-job-executor-thread-9997#
[PollExecuteTaskStatusExecution] 0811d82a-292b-418f-a9aa-32d7fd5c8825 [2026-08-02T07:03:13.347987] Cell 919653e1-7038-451d-ac9f-e4bd0de8dbda destroying container for instance d3118606-0ad7-451f-9eae-5ec42ca6dc4c (STDOUT, CELL)#
#2026 08 02 07:54:57.349#Z#DEBUG#6828ea62-8e47-11f1-a22d-eeee0a847462.SmartProcureX-db-deployer#flowable-async-job-executor-thread-9997#
[PollExecuteTaskStatusExecution] 0811d82a-292b-418f-a9aa-32d7fd5c8825 [2026-08-02T07:03:15.316535] Cell 919653e1-7038-451d-ac9f-e4bd0de8dbda successfully destroyed container for instance d3118606-0ad7-451f-9eae-5ec42ca6dc4c (STDOUT, CELL)#
#2026 08 02 07:54:57.349#Z#DEBUG#6828ea62-8e47-11f1-a22d-eeee0a847462.SmartProcureX-db-deployer#flowable-async-job-executor-thread-9997#
[PollExecuteTaskStatusExecution] 0811d82a-292b-418f-a9aa-32d7fd5c8825 [2026-08-02T07:07:05.105245] Updated app with guid 0811d82a-292b-418f-a9aa-32d7fd5c8825 ({"lifecycle"=>{"data"=>{"buildpacks"=>["nodejs_buildpack"]}, "type"=>"buildpack"}}) (STDOUT, API)#
#2026 08 02 07:54:57.349#Z#DEBUG#6828ea62-8e47-11f1-a22d-eeee0a847462.SmartProcureX-db-deployer#flowable-async-job-executor-thread-9997#
[PollExecuteTaskStatusExecution] 0811d82a-292b-418f-a9aa-32d7fd5c8825 [2026-08-02T07:07:05.196533] Updating process: "web" (STDOUT, API)#
#2026 08 02 07:54:57.349#Z#DEBUG#6828ea62-8e47-11f1-a22d-eeee0a847462.SmartProcureX-db-deployer#flowable-async-job-executor-thread-9997#
[PollExecuteTaskStatusExecution] 0811d82a-292b-418f-a9aa-32d7fd5c8825 [2026-08-02T07:07:06.877291] Cell 89b9d699-6741-4253-b74d-7b474c46b6cc creating container for instance a8799b91-d9fd-4351-982d-ceb27b0307ef (STDOUT, CELL)#
#2026 08 02 07:54:57.349#Z#DEBUG#6828ea62-8e47-11f1-a22d-eeee0a847462.SmartProcureX-db-deployer#flowable-async-job-executor-thread-9997#
[PollExecuteTaskStatusExecution] 0811d82a-292b-418f-a9aa-32d7fd5c8825 [2026-08-02T07:07:07.186440] Security group rules were updated (STDOUT, CELL)#
#2026 08 02 07:54:57.349#Z#DEBUG#6828ea62-8e47-11f1-a22d-eeee0a847462.SmartProcureX-db-deployer#flowable-async-job-executor-thread-9997#
[PollExecuteTaskStatusExecution] 0811d82a-292b-418f-a9aa-32d7fd5c8825 [2026-08-02T07:07:07.237263] Cell 89b9d699-6741-4253-b74d-7b474c46b6cc successfully created container for instance a8799b91-d9fd-4351-982d-ceb27b0307ef (STDOUT, CELL)#
#2026 08 02 07:54:57.349#Z#DEBUG#6828ea62-8e47-11f1-a22d-eeee0a847462.SmartProcureX-db-deployer#flowable-async-job-executor-thread-9997#
[PollExecuteTaskStatusExecution] 0811d82a-292b-418f-a9aa-32d7fd5c8825 [2026-08-02T07:07:10.916981] Invoking pre-start scripts. (STDOUT, APP/TASK/deploy)#
#2026 08 02 07:54:57.349#Z#DEBUG#6828ea62-8e47-11f1-a22d-eeee0a847462.SmartProcureX-db-deployer#flowable-async-job-executor-thread-9997#
[PollExecuteTaskStatusExecution] 0811d82a-292b-418f-a9aa-32d7fd5c8825 [2026-08-02T07:07:11.058667] Invoking start command. (STDOUT, APP/TASK/deploy)#
#2026 08 02 07:54:57.349#Z#DEBUG#6828ea62-8e47-11f1-a22d-eeee0a847462.SmartProcureX-db-deployer#flowable-async-job-executor-thread-9997#
[PollExecuteTaskStatusExecution] 0811d82a-292b-418f-a9aa-32d7fd5c8825 [2026-08-02T07:07:11.344716] > start (STDOUT, APP/TASK/deploy)#
#2026 08 02 07:54:57.349#Z#DEBUG#6828ea62-8e47-11f1-a22d-eeee0a847462.SmartProcureX-db-deployer#flowable-async-job-executor-thread-9997#
[PollExecuteTaskStatusExecution] 0811d82a-292b-418f-a9aa-32d7fd5c8825 [2026-08-02T07:07:11.344746] > node node_modules/@sap/hdi-deploy/deploy.js --use-hdb --parameter com.sap.hana.di.table/try_fast_table_migration=true (STDOUT, APP/TASK/deploy)#
#2026 08 02 07:54:57.349#Z#DEBUG#6828ea62-8e47-11f1-a22d-eeee0a847462.SmartProcureX-db-deployer#flowable-async-job-executor-thread-9997#
[PollExecuteTaskStatusExecution] 0811d82a-292b-418f-a9aa-32d7fd5c8825 [2026-08-02T07:07:11.443708] VCAP_SERVICES: (STDOUT, APP/TASK/deploy)#
#2026 08 02 07:54:57.349#Z#DEBUG#6828ea62-8e47-11f1-a22d-eeee0a847462.SmartProcureX-db-deployer#flowable-async-job-executor-thread-9997#
[PollExecuteTaskStatusExecution] 0811d82a-292b-418f-a9aa-32d7fd5c8825 [2026-08-02T07:07:11.444257] { (STDOUT, APP/TASK/deploy)#
#2026 08 02 07:54:57.349#Z#DEBUG#6828ea62-8e47-11f1-a22d-eeee0a847462.SmartProcureX-db-deployer#flowable-async-job-executor-thread-9997#
[PollExecuteTaskStatusExecution] 0811d82a-292b-418f-a9aa-32d7fd5c8825 [2026-08-02T07:07:11.444286] "hana": [ (STDOUT, APP/TASK/deploy)#
#2026 08 02 07:54:57.349#Z#DEBUG#6828ea62-8e47-11f1-a22d-eeee0a847462.SmartProcureX-db-deployer#flowable-async-job-executor-thread-9997#
[PollExecuteTaskStatusExecution] 0811d82a-292b-418f-a9aa-32d7fd5c8825 [2026-08-02T07:07:11.444291] { (STDOUT, APP/TASK/deploy)#
#2026 08 02 07:54:57.349#Z#DEBUG#6828ea62-8e47-11f1-a22d-eeee0a847462.SmartProcureX-db-deployer#flowable-async-job-executor-thread-9997#
[PollExecuteTaskStatusExecution] 0811d82a-292b-418f-a9aa-32d7fd5c8825 [2026-08-02T07:07:11.444297] "name": "SmartProcureX-db", (STDOUT, APP/TASK/deploy)#
#2026 08 02 07:54:57.349#Z#DEBUG#6828ea62-8e47-11f1-a22d-eeee0a847462.SmartProcureX-db-deployer#flowable-async-job-executor-thread-9997#
[PollExecuteTaskStatusExecution] 0811d82a-292b-418f-a9aa-32d7fd5c8825 [2026-08-02T07:07:11.444302] "label": "hana", (STDOUT, APP/TASK/deploy)#
#2026 08 02 07:54:57.349#Z#DEBUG#6828ea62-8e47-11f1-a22d-eeee0a847462.SmartProcureX-db-deployer#flowable-async-job-executor-thread-9997#
[PollExecuteTaskStatusExecution] 0811d82a-292b-418f-a9aa-32d7fd5c8825 [2026-08-02T07:07:11.444311] "plan": "hdi-shared", (STDOUT, APP/TASK/deploy)#
#2026 08 02 07:54:57.349#Z#DEBUG#6828ea62-8e47-11f1-a22d-eeee0a847462.SmartProcureX-db-deployer#flowable-async-job-executor-thread-9997#
[PollExecuteTaskStatusExecution] 0811d82a-292b-418f-a9aa-32d7fd5c8825 [2026-08-02T07:07:11.444315] "credentials": { (STDOUT, APP/TASK/deploy)#
#2026 08 02 07:54:57.349#Z#DEBUG#6828ea62-8e47-11f1-a22d-eeee0a847462.SmartProcureX-db-deployer#flowable-async-job-executor-thread-9997#
[PollExecuteTaskStatusExecution] 0811d82a-292b-418f-a9aa-32d7fd5c8825 [2026-08-02T07:07:11.444320] "schema": "B2E83F60A5C34A6E98091CC639322A6C", (STDOUT, APP/TASK/deploy)#
#2026 08 02 07:54:57.349#Z#DEBUG#6828ea62-8e47-11f1-a22d-eeee0a847462.SmartProcureX-db-deployer#flowable-async-job-executor-thread-9997#
[PollExecuteTaskStatusExecution] 0811d82a-292b-418f-a9aa-32d7fd5c8825 [2026-08-02T07:07:11.444327] "database_id": "ccb85f22-d9b4-4190-84d2-64f7029bd6f6", (STDOUT, APP/TASK/deploy)#
#2026 08 02 07:54:57.349#Z#DEBUG#6828ea62-8e47-11f1-a22d-eeee0a847462.SmartProcureX-db-deployer#flowable-async-job-executor-thread-9997#
[PollExecuteTaskStatusExecution] 0811d82a-292b-418f-a9aa-32d7fd5c8825 [2026-08-02T07:07:11.444331] "user": "B2E83F60A5C34A6E98091CC639322A6C_11HPH9KXTDTQSB7FMNXEVK1B1_RT", (STDOUT, APP/TASK/deploy)#
#2026 08 02 07:54:57.349#Z#DEBUG#6828ea62-8e47-11f1-a22d-eeee0a847462.SmartProcureX-db-deployer#flowable-async-job-executor-thread-9997#
[PollExecuteTaskStatusExecution] 0811d82a-292b-418f-a9aa-32d7fd5c8825 [2026-08-02T07:07:11.444335] "hdi_user": "B2E83F60A5C34A6E98091CC639322A6C_11HPH9KXTDTQSB7FMNXEVK1B1_DT" (STDOUT, APP/TASK/deploy)#
#2026 08 02 07:54:57.349#Z#DEBUG#6828ea62-8e47-11f1-a22d-eeee0a847462.SmartProcureX-db-deployer#flowable-async-job-executor-thread-9997#
[PollExecuteTaskStatusExecution] 0811d82a-292b-418f-a9aa-32d7fd5c8825 [2026-08-02T07:07:11.444339] }, (STDOUT, APP/TASK/deploy)#
#2026 08 02 07:54:57.349#Z#DEBUG#6828ea62-8e47-11f1-a22d-eeee0a847462.SmartProcureX-db-deployer#flowable-async-job-executor-thread-9997#
[PollExecuteTaskStatusExecution] 0811d82a-292b-418f-a9aa-32d7fd5c8825 [2026-08-02T07:07:11.444342] "tags": [ (STDOUT, APP/TASK/deploy)#
#2026 08 02 07:54:57.349#Z#DEBUG#6828ea62-8e47-11f1-a22d-eeee0a847462.SmartProcureX-db-deployer#flowable-async-job-executor-thread-9997#
[PollExecuteTaskStatusExecution] 0811d82a-292b-418f-a9aa-32d7fd5c8825 [2026-08-02T07:07:11.444347] "hana", (STDOUT, APP/TASK/deploy)#
#2026 08 02 07:54:57.349#Z#DEBUG#6828ea62-8e47-11f1-a22d-eeee0a847462.SmartProcureX-db-deployer#flowable-async-job-executor-thread-9997#
[PollExecuteTaskStatusExecution] 0811d82a-292b-418f-a9aa-32d7fd5c8825 [2026-08-02T07:07:11.444351] "database", (STDOUT, APP/TASK/deploy)#
#2026 08 02 07:54:57.349#Z#DEBUG#6828ea62-8e47-11f1-a22d-eeee0a847462.SmartProcureX-db-deployer#flowable-async-job-executor-thread-9997#
[PollExecuteTaskStatusExecution] 0811d82a-292b-418f-a9aa-32d7fd5c8825 [2026-08-02T07:07:11.444354] "relational" (STDOUT, APP/TASK/deploy)#
#2026 08 02 07:54:57.349#Z#DEBUG#6828ea62-8e47-11f1-a22d-eeee0a847462.SmartProcureX-db-deployer#flowable-async-job-executor-thread-9997#
[PollExecuteTaskStatusExecution] 0811d82a-292b-418f-a9aa-32d7fd5c8825 [2026-08-02T07:07:11.444358] ] (STDOUT, APP/TASK/deploy)#
#2026 08 02 07:54:57.349#Z#DEBUG#6828ea62-8e47-11f1-a22d-eeee0a847462.SmartProcureX-db-deployer#flowable-async-job-executor-thread-9997#
[PollExecuteTaskStatusExecution] 0811d82a-292b-418f-a9aa-32d7fd5c8825 [2026-08-02T07:07:11.444361] } (STDOUT, APP/TASK/deploy)#
#2026 08 02 07:54:57.349#Z#DEBUG#6828ea62-8e47-11f1-a22d-eeee0a847462.SmartProcureX-db-deployer#flowable-async-job-executor-thread-9997#
[PollExecuteTaskStatusExecution] 0811d82a-292b-418f-a9aa-32d7fd5c8825 [2026-08-02T07:07:11.444365] ] (STDOUT, APP/TASK/deploy)#
#2026 08 02 07:54:57.349#Z#DEBUG#6828ea62-8e47-11f1-a22d-eeee0a847462.SmartProcureX-db-deployer#flowable-async-job-executor-thread-9997#
[PollExecuteTaskStatusExecution] 0811d82a-292b-418f-a9aa-32d7fd5c8825 [2026-08-02T07:07:11.444369] } (STDOUT, APP/TASK/deploy)#
#2026 08 02 07:54:57.349#Z#DEBUG#6828ea62-8e47-11f1-a22d-eeee0a847462.SmartProcureX-db-deployer#flowable-async-job-executor-thread-9997#
[PollExecuteTaskStatusExecution] 0811d82a-292b-418f-a9aa-32d7fd5c8825 [2026-08-02T07:07:15.767625] @sap/hdi-deploy, version 5.7.0 (mode default), server version unknown (0.0.0.0), cloud version , node version 24.15.0, HDI version -1, container API version -1 (STDOUT, APP/TASK/deploy)#
#2026 08 02 07:54:57.349#Z#DEBUG#6828ea62-8e47-11f1-a22d-eeee0a847462.SmartProcureX-db-deployer#flowable-async-job-executor-thread-9997#
[PollExecuteTaskStatusExecution] 0811d82a-292b-418f-a9aa-32d7fd5c8825 [2026-08-02T07:07:15.767652] Deployment started at 2026-08-02 07:07:15 (STDOUT, APP/TASK/deploy)#
#2026 08 02 07:54:57.349#Z#DEBUG#6828ea62-8e47-11f1-a22d-eeee0a847462.SmartProcureX-db-deployer#flowable-async-job-executor-thread-9997#
[PollExecuteTaskStatusExecution] 0811d82a-292b-418f-a9aa-32d7fd5c8825 [2026-08-02T07:07:15.767865] Using hdb@2.29.5 for connection (STDOUT, APP/TASK/deploy)#
#2026 08 02 07:54:57.349#Z#DEBUG#6828ea62-8e47-11f1-a22d-eeee0a847462.SmartProcureX-db-deployer#flowable-async-job-executor-thread-9997#
[PollExecuteTaskStatusExecution] 0811d82a-292b-418f-a9aa-32d7fd5c8825 [2026-08-02T07:07:15.767880] Detection of server version failed; root cause: HANA Database instance is stopped (STDOUT, APP/TASK/deploy)#
#2026 08 02 07:54:57.349#Z#DEBUG#6828ea62-8e47-11f1-a22d-eeee0a847462.SmartProcureX-db-deployer#flowable-async-job-executor-thread-9997#
[PollExecuteTaskStatusExecution] 0811d82a-292b-418f-a9aa-32d7fd5c8825 [2026-08-02T07:07:15.767884] Detection of cloud version failed; root cause: HANA Database instance is stopped (STDOUT, APP/TASK/deploy)#
#2026 08 02 07:54:57.349#Z#DEBUG#6828ea62-8e47-11f1-a22d-eeee0a847462.SmartProcureX-db-deployer#flowable-async-job-executor-thread-9997#
[PollExecuteTaskStatusExecution] 0811d82a-292b-418f-a9aa-32d7fd5c8825 [2026-08-02T07:07:15.767886] Detection of container API version failed; root cause: HANA Database instance is stopped (STDOUT, APP/TASK/deploy)#
#2026 08 02 07:54:57.349#Z#DEBUG#6828ea62-8e47-11f1-a22d-eeee0a847462.SmartProcureX-db-deployer#flowable-async-job-executor-thread-9997#
[PollExecuteTaskStatusExecution] 0811d82a-292b-418f-a9aa-32d7fd5c8825 [2026-08-02T07:07:15.767895] Detection of HDI version failed; root cause: HANA Database instance is stopped (STDOUT, APP/TASK/deploy)#
#2026 08 02 07:54:57.349#Z#DEBUG#6828ea62-8e47-11f1-a22d-eeee0a847462.SmartProcureX-db-deployer#flowable-async-job-executor-thread-9997#
[PollExecuteTaskStatusExecution] 0811d82a-292b-418f-a9aa-32d7fd5c8825 [2026-08-02T07:07:15.768228] Deployment ended at 2026-08-02 07:07:15 (STDOUT, APP/TASK/deploy)#
#2026 08 02 07:54:57.349#Z#DEBUG#6828ea62-8e47-11f1-a22d-eeee0a847462.SmartProcureX-db-deployer#flowable-async-job-executor-thread-9997#
[PollExecuteTaskStatusExecution] 0811d82a-292b-418f-a9aa-32d7fd5c8825 [2026-08-02T07:07:15.768344] Error: Option parameter is not supported by the server; based on detected server version unknown (STDERR, APP/TASK/deploy)#
#2026 08 02 07:54:57.349#Z#DEBUG#6828ea62-8e47-11f1-a22d-eeee0a847462.SmartProcureX-db-deployer#flowable-async-job-executor-thread-9997#
[PollExecuteTaskStatusExecution] 0811d82a-292b-418f-a9aa-32d7fd5c8825 [2026-08-02T07:07:15.768503] (4s 394ms) (STDOUT, APP/TASK/deploy)#
#2026 08 02 07:54:57.349#Z#DEBUG#6828ea62-8e47-11f1-a22d-eeee0a847462.SmartProcureX-db-deployer#flowable-async-job-executor-thread-9997#
[PollExecuteTaskStatusExecution] 0811d82a-292b-418f-a9aa-32d7fd5c8825 [2026-08-02T07:07:15.777172] npm notice (STDERR, APP/TASK/deploy)#
#2026 08 02 07:54:57.349#Z#DEBUG#6828ea62-8e47-11f1-a22d-eeee0a847462.SmartProcureX-db-deployer#flowable-async-job-executor-thread-9997#
[PollExecuteTaskStatusExecution] 0811d82a-292b-418f-a9aa-32d7fd5c8825 [2026-08-02T07:07:15.777199] npm notice New major version of npm available! 11.12.1 -> 12.0.2 (STDERR, APP/TASK/deploy)#
#2026 08 02 07:54:57.349#Z#DEBUG#6828ea62-8e47-11f1-a22d-eeee0a847462.SmartProcureX-db-deployer#flowable-async-job-executor-thread-9997#
[PollExecuteTaskStatusExecution] 0811d82a-292b-418f-a9aa-32d7fd5c8825 [2026-08-02T07:07:15.777205] npm notice Changelog: https://github.com/npm/cli/releases/tag/v12.0.2 (STDERR, APP/TASK/deploy)#
#2026 08 02 07:54:57.349#Z#DEBUG#6828ea62-8e47-11f1-a22d-eeee0a847462.SmartProcureX-db-deployer#flowable-async-job-executor-thread-9997#
[PollExecuteTaskStatusExecution] 0811d82a-292b-418f-a9aa-32d7fd5c8825 [2026-08-02T07:07:15.777209] npm notice To update run: npm install -g npm@12.0.2 (STDERR, APP/TASK/deploy)#
#2026 08 02 07:54:57.349#Z#DEBUG#6828ea62-8e47-11f1-a22d-eeee0a847462.SmartProcureX-db-deployer#flowable-async-job-executor-thread-9997#
[PollExecuteTaskStatusExecution] 0811d82a-292b-418f-a9aa-32d7fd5c8825 [2026-08-02T07:07:15.777213] npm notice (STDERR, APP/TASK/deploy)#
#2026 08 02 07:54:57.349#Z#DEBUG#6828ea62-8e47-11f1-a22d-eeee0a847462.SmartProcureX-db-deployer#flowable-async-job-executor-thread-9997#
[PollExecuteTaskStatusExecution] 0811d82a-292b-418f-a9aa-32d7fd5c8825 [2026-08-02T07:07:15.827144] Exit status 1 (STDOUT, APP/TASK/deploy)#
#2026 08 02 07:54:57.349#Z#DEBUG#6828ea62-8e47-11f1-a22d-eeee0a847462.SmartProcureX-db-deployer#flowable-async-job-executor-thread-9997#
[PollExecuteTaskStatusExecution] 0811d82a-292b-418f-a9aa-32d7fd5c8825 [2026-08-02T07:07:16.257346] Cell 89b9d699-6741-4253-b74d-7b474c46b6cc stopping instance a8799b91-d9fd-4351-982d-ceb27b0307ef (STDOUT, CELL)#
#2026 08 02 07:54:57.349#Z#DEBUG#6828ea62-8e47-11f1-a22d-eeee0a847462.SmartProcureX-db-deployer#flowable-async-job-executor-thread-9997#
[PollExecuteTaskStatusExecution] 0811d82a-292b-418f-a9aa-32d7fd5c8825 [2026-08-02T07:07:16.257436] Cell 89b9d699-6741-4253-b74d-7b474c46b6cc destroying container for instance a8799b91-d9fd-4351-982d-ceb27b0307ef (STDOUT, CELL)#
#2026 08 02 07:54:57.349#Z#DEBUG#6828ea62-8e47-11f1-a22d-eeee0a847462.SmartProcureX-db-deployer#flowable-async-job-executor-thread-9997#
[PollExecuteTaskStatusExecution] 0811d82a-292b-418f-a9aa-32d7fd5c8825 [2026-08-02T07:07:18.676475] Cell 89b9d699-6741-4253-b74d-7b474c46b6cc successfully destroyed container for instance a8799b91-d9fd-4351-982d-ceb27b0307ef (STDOUT, CELL)#
#2026 08 02 07:54:57.349#Z#DEBUG#6828ea62-8e47-11f1-a22d-eeee0a847462.SmartProcureX-db-deployer#flowable-async-job-executor-thread-9997#
[PollExecuteTaskStatusExecution] 0811d82a-292b-418f-a9aa-32d7fd5c8825 [2026-08-02T07:07:25.653910] Cell f95ef7fb-a2f2-480d-af80-cd44d0d9846b creating container for instance 64769081-b02c-40ee-8ab9-dda1cae1bd25 (STDOUT, CELL)#
#2026 08 02 07:54:57.349#Z#DEBUG#6828ea62-8e47-11f1-a22d-eeee0a847462.SmartProcureX-db-deployer#flowable-async-job-executor-thread-9997#
[PollExecuteTaskStatusExecution] 0811d82a-292b-418f-a9aa-32d7fd5c8825 [2026-08-02T07:07:25.966230] Security group rules were updated (STDOUT, CELL)#
#2026 08 02 07:54:57.349#Z#DEBUG#6828ea62-8e47-11f1-a22d-eeee0a847462.SmartProcureX-db-deployer#flowable-async-job-executor-thread-9997#
[PollExecuteTaskStatusExecution] 0811d82a-292b-418f-a9aa-32d7fd5c8825 [2026-08-02T07:07:26.019218] Cell f95ef7fb-a2f2-480d-af80-cd44d0d9846b successfully created container for instance 64769081-b02c-40ee-8ab9-dda1cae1bd25 (STDOUT, CELL)#
#2026 08 02 07:54:57.349#Z#DEBUG#6828ea62-8e47-11f1-a22d-eeee0a847462.SmartProcureX-db-deployer#flowable-async-job-executor-thread-9997#
[PollExecuteTaskStatusExecution] 0811d82a-292b-418f-a9aa-32d7fd5c8825 [2026-08-02T07:07:29.868789] Invoking pre-start scripts. (STDOUT, APP/TASK/deploy)#
#2026 08 02 07:54:57.349#Z#DEBUG#6828ea62-8e47-11f1-a22d-eeee0a847462.SmartProcureX-db-deployer#flowable-async-job-executor-thread-9997#
[PollExecuteTaskStatusExecution] 0811d82a-292b-418f-a9aa-32d7fd5c8825 [2026-08-02T07:07:30.008267] Invoking start command. (STDOUT, APP/TASK/deploy)#
#2026 08 02 07:54:57.349#Z#DEBUG#6828ea62-8e47-11f1-a22d-eeee0a847462.SmartProcureX-db-deployer#flowable-async-job-executor-thread-9997#
[PollExecuteTaskStatusExecution] 0811d82a-292b-418f-a9aa-32d7fd5c8825 [2026-08-02T07:07:30.289139] > start (STDOUT, APP/TASK/deploy)#
#2026 08 02 07:54:57.349#Z#DEBUG#6828ea62-8e47-11f1-a22d-eeee0a847462.SmartProcureX-db-deployer#flowable-async-job-executor-thread-9997#
[PollExecuteTaskStatusExecution] 0811d82a-292b-418f-a9aa-32d7fd5c8825 [2026-08-02T07:07:30.289165] > node node_modules/@sap/hdi-deploy/deploy.js --use-hdb --parameter com.sap.hana.di.table/try_fast_table_migration=true (STDOUT, APP/TASK/deploy)#
#2026 08 02 07:54:57.349#Z#DEBUG#6828ea62-8e47-11f1-a22d-eeee0a847462.SmartProcureX-db-deployer#flowable-async-job-executor-thread-9997#
[PollExecuteTaskStatusExecution] 0811d82a-292b-418f-a9aa-32d7fd5c8825 [2026-08-02T07:07:30.391205] VCAP_SERVICES: (STDOUT, APP/TASK/deploy)#
#2026 08 02 07:54:57.349#Z#DEBUG#6828ea62-8e47-11f1-a22d-eeee0a847462.SmartProcureX-db-deployer#flowable-async-job-executor-thread-9997#
[PollExecuteTaskStatusExecution] 0811d82a-292b-418f-a9aa-32d7fd5c8825 [2026-08-02T07:07:30.391750] { (STDOUT, APP/TASK/deploy)#
#2026 08 02 07:54:57.349#Z#DEBUG#6828ea62-8e47-11f1-a22d-eeee0a847462.SmartProcureX-db-deployer#flowable-async-job-executor-thread-9997#
[PollExecuteTaskStatusExecution] 0811d82a-292b-418f-a9aa-32d7fd5c8825 [2026-08-02T07:07:30.391779] "hana": [ (STDOUT, APP/TASK/deploy)#
#2026 08 02 07:54:57.349#Z#DEBUG#6828ea62-8e47-11f1-a22d-eeee0a847462.SmartProcureX-db-deployer#flowable-async-job-executor-thread-9997#
[PollExecuteTaskStatusExecution] 0811d82a-292b-418f-a9aa-32d7fd5c8825 [2026-08-02T07:07:30.391784] { (STDOUT, APP/TASK/deploy)#
#2026 08 02 07:54:57.349#Z#DEBUG#6828ea62-8e47-11f1-a22d-eeee0a847462.SmartProcureX-db-deployer#flowable-async-job-executor-thread-9997#
[PollExecuteTaskStatusExecution] 0811d82a-292b-418f-a9aa-32d7fd5c8825 [2026-08-02T07:07:30.391789] "name": "SmartProcureX-db", (STDOUT, APP/TASK/deploy)#
#2026 08 02 07:54:57.349#Z#DEBUG#6828ea62-8e47-11f1-a22d-eeee0a847462.SmartProcureX-db-deployer#flowable-async-job-executor-thread-9997#
[PollExecuteTaskStatusExecution] 0811d82a-292b-418f-a9aa-32d7fd5c8825 [2026-08-02T07:07:30.391794] "label": "hana", (STDOUT, APP/TASK/deploy)#
#2026 08 02 07:54:57.349#Z#DEBUG#6828ea62-8e47-11f1-a22d-eeee0a847462.SmartProcureX-db-deployer#flowable-async-job-executor-thread-9997#
[PollExecuteTaskStatusExecution] 0811d82a-292b-418f-a9aa-32d7fd5c8825 [2026-08-02T07:07:30.391799] "plan": "hdi-shared", (STDOUT, APP/TASK/deploy)#
#2026 08 02 07:54:57.349#Z#DEBUG#6828ea62-8e47-11f1-a22d-eeee0a847462.SmartProcureX-db-deployer#flowable-async-job-executor-thread-9997#
[PollExecuteTaskStatusExecution] 0811d82a-292b-418f-a9aa-32d7fd5c8825 [2026-08-02T07:07:30.391802] "credentials": { (STDOUT, APP/TASK/deploy)#
#2026 08 02 07:54:57.349#Z#DEBUG#6828ea62-8e47-11f1-a22d-eeee0a847462.SmartProcureX-db-deployer#flowable-async-job-executor-thread-9997#
[PollExecuteTaskStatusExecution] 0811d82a-292b-418f-a9aa-32d7fd5c8825 [2026-08-02T07:07:30.391815] "schema": "B2E83F60A5C34A6E98091CC639322A6C", (STDOUT, APP/TASK/deploy)#
#2026 08 02 07:54:57.349#Z#DEBUG#6828ea62-8e47-11f1-a22d-eeee0a847462.SmartProcureX-db-deployer#flowable-async-job-executor-thread-9997#
[PollExecuteTaskStatusExecution] 0811d82a-292b-418f-a9aa-32d7fd5c8825 [2026-08-02T07:07:30.391818] "database_id": "ccb85f22-d9b4-4190-84d2-64f7029bd6f6", (STDOUT, APP/TASK/deploy)#
#2026 08 02 07:54:57.349#Z#DEBUG#6828ea62-8e47-11f1-a22d-eeee0a847462.SmartProcureX-db-deployer#flowable-async-job-executor-thread-9997#
[PollExecuteTaskStatusExecution] 0811d82a-292b-418f-a9aa-32d7fd5c8825 [2026-08-02T07:07:30.391824] "user": "B2E83F60A5C34A6E98091CC639322A6C_11HPH9KXTDTQSB7FMNXEVK1B1_RT", (STDOUT, APP/TASK/deploy)#
#2026 08 02 07:54:57.349#Z#DEBUG#6828ea62-8e47-11f1-a22d-eeee0a847462.SmartProcureX-db-deployer#flowable-async-job-executor-thread-9997#
[PollExecuteTaskStatusExecution] 0811d82a-292b-418f-a9aa-32d7fd5c8825 [2026-08-02T07:07:30.391830] "hdi_user": "B2E83F60A5C34A6E98091CC639322A6C_11HPH9KXTDTQSB7FMNXEVK1B1_DT" (STDOUT, APP/TASK/deploy)#
#2026 08 02 07:54:57.349#Z#DEBUG#6828ea62-8e47-11f1-a22d-eeee0a847462.SmartProcureX-db-deployer#flowable-async-job-executor-thread-9997#
[PollExecuteTaskStatusExecution] 0811d82a-292b-418f-a9aa-32d7fd5c8825 [2026-08-02T07:07:30.391833] }, (STDOUT, APP/TASK/deploy)#
#2026 08 02 07:54:57.349#Z#DEBUG#6828ea62-8e47-11f1-a22d-eeee0a847462.SmartProcureX-db-deployer#flowable-async-job-executor-thread-9997#
[PollExecuteTaskStatusExecution] 0811d82a-292b-418f-a9aa-32d7fd5c8825 [2026-08-02T07:07:30.391837] "tags": [ (STDOUT, APP/TASK/deploy)#
#2026 08 02 07:54:57.349#Z#DEBUG#6828ea62-8e47-11f1-a22d-eeee0a847462.SmartProcureX-db-deployer#flowable-async-job-executor-thread-9997#
[PollExecuteTaskStatusExecution] 0811d82a-292b-418f-a9aa-32d7fd5c8825 [2026-08-02T07:07:30.391840] "hana", (STDOUT, APP/TASK/deploy)#
#2026 08 02 07:54:57.349#Z#DEBUG#6828ea62-8e47-11f1-a22d-eeee0a847462.SmartProcureX-db-deployer#flowable-async-job-executor-thread-9997#
[PollExecuteTaskStatusExecution] 0811d82a-292b-418f-a9aa-32d7fd5c8825 [2026-08-02T07:07:30.391843] "database", (STDOUT, APP/TASK/deploy)#
#2026 08 02 07:54:57.349#Z#DEBUG#6828ea62-8e47-11f1-a22d-eeee0a847462.SmartProcureX-db-deployer#flowable-async-job-executor-thread-9997#
[PollExecuteTaskStatusExecution] 0811d82a-292b-418f-a9aa-32d7fd5c8825 [2026-08-02T07:07:30.391846] "relational" (STDOUT, APP/TASK/deploy)#
#2026 08 02 07:54:57.349#Z#DEBUG#6828ea62-8e47-11f1-a22d-eeee0a847462.SmartProcureX-db-deployer#flowable-async-job-executor-thread-9997#
[PollExecuteTaskStatusExecution] 0811d82a-292b-418f-a9aa-32d7fd5c8825 [2026-08-02T07:07:30.391849] ] (STDOUT, APP/TASK/deploy)#
#2026 08 02 07:54:57.349#Z#DEBUG#6828ea62-8e47-11f1-a22d-eeee0a847462.SmartProcureX-db-deployer#flowable-async-job-executor-thread-9997#
[PollExecuteTaskStatusExecution] 0811d82a-292b-418f-a9aa-32d7fd5c8825 [2026-08-02T07:07:30.391852] } (STDOUT, APP/TASK/deploy)#
#2026 08 02 07:54:57.349#Z#DEBUG#6828ea62-8e47-11f1-a22d-eeee0a847462.SmartProcureX-db-deployer#flowable-async-job-executor-thread-9997#
[PollExecuteTaskStatusExecution] 0811d82a-292b-418f-a9aa-32d7fd5c8825 [2026-08-02T07:07:30.391857] ] (STDOUT, APP/TASK/deploy)#
#2026 08 02 07:54:57.349#Z#DEBUG#6828ea62-8e47-11f1-a22d-eeee0a847462.SmartProcureX-db-deployer#flowable-async-job-executor-thread-9997#
[PollExecuteTaskStatusExecution] 0811d82a-292b-418f-a9aa-32d7fd5c8825 [2026-08-02T07:07:30.391860] } (STDOUT, APP/TASK/deploy)#
#2026 08 02 07:54:57.349#Z#DEBUG#6828ea62-8e47-11f1-a22d-eeee0a847462.SmartProcureX-db-deployer#flowable-async-job-executor-thread-9997#
[PollExecuteTaskStatusExecution] 0811d82a-292b-418f-a9aa-32d7fd5c8825 [2026-08-02T07:07:34.687443] @sap/hdi-deploy, version 5.7.0 (mode default), server version unknown (0.0.0.0), cloud version , node version 24.15.0, HDI version -1, container API version -1 (STDOUT, APP/TASK/deploy)#
#2026 08 02 07:54:57.349#Z#DEBUG#6828ea62-8e47-11f1-a22d-eeee0a847462.SmartProcureX-db-deployer#flowable-async-job-executor-thread-9997#
[PollExecuteTaskStatusExecution] 0811d82a-292b-418f-a9aa-32d7fd5c8825 [2026-08-02T07:07:34.687475] Deployment started at 2026-08-02 07:07:34 (STDOUT, APP/TASK/deploy)#
#2026 08 02 07:54:57.349#Z#DEBUG#6828ea62-8e47-11f1-a22d-eeee0a847462.SmartProcureX-db-deployer#flowable-async-job-executor-thread-9997#
[PollExecuteTaskStatusExecution] 0811d82a-292b-418f-a9aa-32d7fd5c8825 [2026-08-02T07:07:34.687622] Using hdb@2.29.5 for connection (STDOUT, APP/TASK/deploy)#
#2026 08 02 07:54:57.349#Z#DEBUG#6828ea62-8e47-11f1-a22d-eeee0a847462.SmartProcureX-db-deployer#flowable-async-job-executor-thread-9997#
[PollExecuteTaskStatusExecution] 0811d82a-292b-418f-a9aa-32d7fd5c8825 [2026-08-02T07:07:34.687646] Detection of server version failed; root cause: HANA Database instance is stopped (STDOUT, APP/TASK/deploy)#
#2026 08 02 07:54:57.349#Z#DEBUG#6828ea62-8e47-11f1-a22d-eeee0a847462.SmartProcureX-db-deployer#flowable-async-job-executor-thread-9997#
[PollExecuteTaskStatusExecution] 0811d82a-292b-418f-a9aa-32d7fd5c8825 [2026-08-02T07:07:34.687653] Detection of cloud version failed; root cause: HANA Database instance is stopped (STDOUT, APP/TASK/deploy)#
#2026 08 02 07:54:57.349#Z#DEBUG#6828ea62-8e47-11f1-a22d-eeee0a847462.SmartProcureX-db-deployer#flowable-async-job-executor-thread-9997#
[PollExecuteTaskStatusExecution] 0811d82a-292b-418f-a9aa-32d7fd5c8825 [2026-08-02T07:07:34.687660] Detection of container API version failed; root cause: HANA Database instance is stopped (STDOUT, APP/TASK/deploy)#
#2026 08 02 07:54:57.349#Z#DEBUG#6828ea62-8e47-11f1-a22d-eeee0a847462.SmartProcureX-db-deployer#flowable-async-job-executor-thread-9997#
[PollExecuteTaskStatusExecution] 0811d82a-292b-418f-a9aa-32d7fd5c8825 [2026-08-02T07:07:34.687666] Detection of HDI version failed; root cause: HANA Database instance is stopped (STDOUT, APP/TASK/deploy)#
#2026 08 02 07:54:57.349#Z#DEBUG#6828ea62-8e47-11f1-a22d-eeee0a847462.SmartProcureX-db-deployer#flowable-async-job-executor-thread-9997#
[PollExecuteTaskStatusExecution] 0811d82a-292b-418f-a9aa-32d7fd5c8825 [2026-08-02T07:07:34.687923] Deployment ended at 2026-08-02 07:07:34 (STDOUT, APP/TASK/deploy)#
#2026 08 02 07:54:57.349#Z#DEBUG#6828ea62-8e47-11f1-a22d-eeee0a847462.SmartProcureX-db-deployer#flowable-async-job-executor-thread-9997#
[PollExecuteTaskStatusExecution] 0811d82a-292b-418f-a9aa-32d7fd5c8825 [2026-08-02T07:07:34.688035] Error: Option parameter is not supported by the server; based on detected server version unknown (STDERR, APP/TASK/deploy)#
#2026 08 02 07:54:57.349#Z#DEBUG#6828ea62-8e47-11f1-a22d-eeee0a847462.SmartProcureX-db-deployer#flowable-async-job-executor-thread-9997#
[PollExecuteTaskStatusExecution] 0811d82a-292b-418f-a9aa-32d7fd5c8825 [2026-08-02T07:07:34.688163] (4s 367ms) (STDOUT, APP/TASK/deploy)#
#2026 08 02 07:54:57.349#Z#DEBUG#6828ea62-8e47-11f1-a22d-eeee0a847462.SmartProcureX-db-deployer#flowable-async-job-executor-thread-9997#
[PollExecuteTaskStatusExecution] 0811d82a-292b-418f-a9aa-32d7fd5c8825 [2026-08-02T07:07:34.696965] npm notice (STDERR, APP/TASK/deploy)#
#2026 08 02 07:54:57.349#Z#DEBUG#6828ea62-8e47-11f1-a22d-eeee0a847462.SmartProcureX-db-deployer#flowable-async-job-executor-thread-9997#
[PollExecuteTaskStatusExecution] 0811d82a-292b-418f-a9aa-32d7fd5c8825 [2026-08-02T07:07:34.696988] npm notice New major version of npm available! 11.12.1 -> 12.0.2 (STDERR, APP/TASK/deploy)#
#2026 08 02 07:54:57.349#Z#DEBUG#6828ea62-8e47-11f1-a22d-eeee0a847462.SmartProcureX-db-deployer#flowable-async-job-executor-thread-9997#
[PollExecuteTaskStatusExecution] 0811d82a-292b-418f-a9aa-32d7fd5c8825 [2026-08-02T07:07:34.696991] npm notice Changelog: https://github.com/npm/cli/releases/tag/v12.0.2 (STDERR, APP/TASK/deploy)#
#2026 08 02 07:54:57.349#Z#DEBUG#6828ea62-8e47-11f1-a22d-eeee0a847462.SmartProcureX-db-deployer#flowable-async-job-executor-thread-9997#
[PollExecuteTaskStatusExecution] 0811d82a-292b-418f-a9aa-32d7fd5c8825 [2026-08-02T07:07:34.696996] npm notice To update run: npm install -g npm@12.0.2 (STDERR, APP/TASK/deploy)#
#2026 08 02 07:54:57.349#Z#DEBUG#6828ea62-8e47-11f1-a22d-eeee0a847462.SmartProcureX-db-deployer#flowable-async-job-executor-thread-9997#
[PollExecuteTaskStatusExecution] 0811d82a-292b-418f-a9aa-32d7fd5c8825 [2026-08-02T07:07:34.697005] npm notice (STDERR, APP/TASK/deploy)#
#2026 08 02 07:54:57.349#Z#DEBUG#6828ea62-8e47-11f1-a22d-eeee0a847462.SmartProcureX-db-deployer#flowable-async-job-executor-thread-9997#
[PollExecuteTaskStatusExecution] 0811d82a-292b-418f-a9aa-32d7fd5c8825 [2026-08-02T07:07:34.745161] Exit status 1 (STDOUT, APP/TASK/deploy)#
#2026 08 02 07:54:57.349#Z#DEBUG#6828ea62-8e47-11f1-a22d-eeee0a847462.SmartProcureX-db-deployer#flowable-async-job-executor-thread-9997#
[PollExecuteTaskStatusExecution] 0811d82a-292b-418f-a9aa-32d7fd5c8825 [2026-08-02T07:07:35.489216] Cell f95ef7fb-a2f2-480d-af80-cd44d0d9846b stopping instance 64769081-b02c-40ee-8ab9-dda1cae1bd25 (STDOUT, CELL)#
#2026 08 02 07:54:57.349#Z#DEBUG#6828ea62-8e47-11f1-a22d-eeee0a847462.SmartProcureX-db-deployer#flowable-async-job-executor-thread-9997#
[PollExecuteTaskStatusExecution] 0811d82a-292b-418f-a9aa-32d7fd5c8825 [2026-08-02T07:07:35.489271] Cell f95ef7fb-a2f2-480d-af80-cd44d0d9846b destroying container for instance 64769081-b02c-40ee-8ab9-dda1cae1bd25 (STDOUT, CELL)#
#2026 08 02 07:54:57.349#Z#DEBUG#6828ea62-8e47-11f1-a22d-eeee0a847462.SmartProcureX-db-deployer#flowable-async-job-executor-thread-9997#
[PollExecuteTaskStatusExecution] 0811d82a-292b-418f-a9aa-32d7fd5c8825 [2026-08-02T07:07:37.276839] Cell f95ef7fb-a2f2-480d-af80-cd44d0d9846b successfully destroyed container for instance 64769081-b02c-40ee-8ab9-dda1cae1bd25 (STDOUT, CELL)#
#2026 08 02 07:54:57.349#Z#DEBUG#6828ea62-8e47-11f1-a22d-eeee0a847462.SmartProcureX-db-deployer#flowable-async-job-executor-thread-9997#
[PollExecuteTaskStatusExecution] 0811d82a-292b-418f-a9aa-32d7fd5c8825 [2026-08-02T07:07:45.942153] Cell f95ef7fb-a2f2-480d-af80-cd44d0d9846b creating container for instance fb966944-2bfe-42dc-8f2c-5778ed7661ab (STDOUT, CELL)#
#2026 08 02 07:54:57.349#Z#DEBUG#6828ea62-8e47-11f1-a22d-eeee0a847462.SmartProcureX-db-deployer#flowable-async-job-executor-thread-9997#
[PollExecuteTaskStatusExecution] 0811d82a-292b-418f-a9aa-32d7fd5c8825 [2026-08-02T07:07:46.255060] Security group rules were updated (STDOUT, CELL)#
#2026 08 02 07:54:57.349#Z#DEBUG#6828ea62-8e47-11f1-a22d-eeee0a847462.SmartProcureX-db-deployer#flowable-async-job-executor-thread-9997#
[PollExecuteTaskStatusExecution] 0811d82a-292b-418f-a9aa-32d7fd5c8825 [2026-08-02T07:07:46.319444] Cell f95ef7fb-a2f2-480d-af80-cd44d0d9846b successfully created container for instance fb966944-2bfe-42dc-8f2c-5778ed7661ab (STDOUT, CELL)#
#2026 08 02 07:54:57.349#Z#DEBUG#6828ea62-8e47-11f1-a22d-eeee0a847462.SmartProcureX-db-deployer#flowable-async-job-executor-thread-9997#
[PollExecuteTaskStatusExecution] 0811d82a-292b-418f-a9aa-32d7fd5c8825 [2026-08-02T07:07:49.901323] Invoking pre-start scripts. (STDOUT, APP/TASK/deploy)#
#2026 08 02 07:54:57.349#Z#DEBUG#6828ea62-8e47-11f1-a22d-eeee0a847462.SmartProcureX-db-deployer#flowable-async-job-executor-thread-9997#
[PollExecuteTaskStatusExecution] 0811d82a-292b-418f-a9aa-32d7fd5c8825 [2026-08-02T07:07:50.041097] Invoking start command. (STDOUT, APP/TASK/deploy)#
#2026 08 02 07:54:57.349#Z#DEBUG#6828ea62-8e47-11f1-a22d-eeee0a847462.SmartProcureX-db-deployer#flowable-async-job-executor-thread-9997#
[PollExecuteTaskStatusExecution] 0811d82a-292b-418f-a9aa-32d7fd5c8825 [2026-08-02T07:07:50.325190] > start (STDOUT, APP/TASK/deploy)#
#2026 08 02 07:54:57.349#Z#DEBUG#6828ea62-8e47-11f1-a22d-eeee0a847462.SmartProcureX-db-deployer#flowable-async-job-executor-thread-9997#
[PollExecuteTaskStatusExecution] 0811d82a-292b-418f-a9aa-32d7fd5c8825 [2026-08-02T07:07:50.325230] > node node_modules/@sap/hdi-deploy/deploy.js --use-hdb --parameter com.sap.hana.di.table/try_fast_table_migration=true (STDOUT, APP/TASK/deploy)#
#2026 08 02 07:54:57.349#Z#DEBUG#6828ea62-8e47-11f1-a22d-eeee0a847462.SmartProcureX-db-deployer#flowable-async-job-executor-thread-9997#
[PollExecuteTaskStatusExecution] 0811d82a-292b-418f-a9aa-32d7fd5c8825 [2026-08-02T07:07:50.424975] VCAP_SERVICES: (STDOUT, APP/TASK/deploy)#
#2026 08 02 07:54:57.349#Z#DEBUG#6828ea62-8e47-11f1-a22d-eeee0a847462.SmartProcureX-db-deployer#flowable-async-job-executor-thread-9997#
[PollExecuteTaskStatusExecution] 0811d82a-292b-418f-a9aa-32d7fd5c8825 [2026-08-02T07:07:50.425378] { (STDOUT, APP/TASK/deploy)#
#2026 08 02 07:54:57.349#Z#DEBUG#6828ea62-8e47-11f1-a22d-eeee0a847462.SmartProcureX-db-deployer#flowable-async-job-executor-thread-9997#
[PollExecuteTaskStatusExecution] 0811d82a-292b-418f-a9aa-32d7fd5c8825 [2026-08-02T07:07:50.425400] "hana": [ (STDOUT, APP/TASK/deploy)#
#2026 08 02 07:54:57.349#Z#DEBUG#6828ea62-8e47-11f1-a22d-eeee0a847462.SmartProcureX-db-deployer#flowable-async-job-executor-thread-9997#
[PollExecuteTaskStatusExecution] 0811d82a-292b-418f-a9aa-32d7fd5c8825 [2026-08-02T07:07:50.425409] { (STDOUT, APP/TASK/deploy)#
#2026 08 02 07:54:57.349#Z#DEBUG#6828ea62-8e47-11f1-a22d-eeee0a847462.SmartProcureX-db-deployer#flowable-async-job-executor-thread-9997#
[PollExecuteTaskStatusExecution] 0811d82a-292b-418f-a9aa-32d7fd5c8825 [2026-08-02T07:07:50.425414] "name": "SmartProcureX-db", (STDOUT, APP/TASK/deploy)#
#2026 08 02 07:54:57.349#Z#DEBUG#6828ea62-8e47-11f1-a22d-eeee0a847462.SmartProcureX-db-deployer#flowable-async-job-executor-thread-9997#
[PollExecuteTaskStatusExecution] 0811d82a-292b-418f-a9aa-32d7fd5c8825 [2026-08-02T07:07:50.425419] "label": "hana", (STDOUT, APP/TASK/deploy)#
#2026 08 02 07:54:57.349#Z#DEBUG#6828ea62-8e47-11f1-a22d-eeee0a847462.SmartProcureX-db-deployer#flowable-async-job-executor-thread-9997#
[PollExecuteTaskStatusExecution] 0811d82a-292b-418f-a9aa-32d7fd5c8825 [2026-08-02T07:07:50.425425] "plan": "hdi-shared", (STDOUT, APP/TASK/deploy)#
#2026 08 02 07:54:57.349#Z#DEBUG#6828ea62-8e47-11f1-a22d-eeee0a847462.SmartProcureX-db-deployer#flowable-async-job-executor-thread-9997#
[PollExecuteTaskStatusExecution] 0811d82a-292b-418f-a9aa-32d7fd5c8825 [2026-08-02T07:07:50.425429] "credentials": { (STDOUT, APP/TASK/deploy)#
#2026 08 02 07:54:57.349#Z#DEBUG#6828ea62-8e47-11f1-a22d-eeee0a847462.SmartProcureX-db-deployer#flowable-async-job-executor-thread-9997#
[PollExecuteTaskStatusExecution] 0811d82a-292b-418f-a9aa-32d7fd5c8825 [2026-08-02T07:07:50.425434] "schema": "B2E83F60A5C34A6E98091CC639322A6C", (STDOUT, APP/TASK/deploy)#
#2026 08 02 07:54:57.349#Z#DEBUG#6828ea62-8e47-11f1-a22d-eeee0a847462.SmartProcureX-db-deployer#flowable-async-job-executor-thread-9997#
[PollExecuteTaskStatusExecution] 0811d82a-292b-418f-a9aa-32d7fd5c8825 [2026-08-02T07:07:50.425437] "database_id": "ccb85f22-d9b4-4190-84d2-64f7029bd6f6", (STDOUT, APP/TASK/deploy)#
#2026 08 02 07:54:57.349#Z#DEBUG#6828ea62-8e47-11f1-a22d-eeee0a847462.SmartProcureX-db-deployer#flowable-async-job-executor-thread-9997#
[PollExecuteTaskStatusExecution] 0811d82a-292b-418f-a9aa-32d7fd5c8825 [2026-08-02T07:07:50.425444] "user": "B2E83F60A5C34A6E98091CC639322A6C_11HPH9KXTDTQSB7FMNXEVK1B1_RT", (STDOUT, APP/TASK/deploy)#
#2026 08 02 07:54:57.349#Z#DEBUG#6828ea62-8e47-11f1-a22d-eeee0a847462.SmartProcureX-db-deployer#flowable-async-job-executor-thread-9997#
[PollExecuteTaskStatusExecution] 0811d82a-292b-418f-a9aa-32d7fd5c8825 [2026-08-02T07:07:50.425449] "hdi_user": "B2E83F60A5C34A6E98091CC639322A6C_11HPH9KXTDTQSB7FMNXEVK1B1_DT" (STDOUT, APP/TASK/deploy)#
#2026 08 02 07:54:57.349#Z#DEBUG#6828ea62-8e47-11f1-a22d-eeee0a847462.SmartProcureX-db-deployer#flowable-async-job-executor-thread-9997#
[PollExecuteTaskStatusExecution] 0811d82a-292b-418f-a9aa-32d7fd5c8825 [2026-08-02T07:07:50.425453] }, (STDOUT, APP/TASK/deploy)#
#2026 08 02 07:54:57.349#Z#DEBUG#6828ea62-8e47-11f1-a22d-eeee0a847462.SmartProcureX-db-deployer#flowable-async-job-executor-thread-9997#
[PollExecuteTaskStatusExecution] 0811d82a-292b-418f-a9aa-32d7fd5c8825 [2026-08-02T07:07:50.425456] "tags": [ (STDOUT, APP/TASK/deploy)#
#2026 08 02 07:54:57.349#Z#DEBUG#6828ea62-8e47-11f1-a22d-eeee0a847462.SmartProcureX-db-deployer#flowable-async-job-executor-thread-9997#
[PollExecuteTaskStatusExecution] 0811d82a-292b-418f-a9aa-32d7fd5c8825 [2026-08-02T07:07:50.425463] "hana", (STDOUT, APP/TASK/deploy)#
#2026 08 02 07:54:57.349#Z#DEBUG#6828ea62-8e47-11f1-a22d-eeee0a847462.SmartProcureX-db-deployer#flowable-async-job-executor-thread-9997#
[PollExecuteTaskStatusExecution] 0811d82a-292b-418f-a9aa-32d7fd5c8825 [2026-08-02T07:07:50.425469] "database", (STDOUT, APP/TASK/deploy)#
#2026 08 02 07:54:57.349#Z#DEBUG#6828ea62-8e47-11f1-a22d-eeee0a847462.SmartProcureX-db-deployer#flowable-async-job-executor-thread-9997#
[PollExecuteTaskStatusExecution] 0811d82a-292b-418f-a9aa-32d7fd5c8825 [2026-08-02T07:07:50.425473] "relational" (STDOUT, APP/TASK/deploy)#
#2026 08 02 07:54:57.349#Z#DEBUG#6828ea62-8e47-11f1-a22d-eeee0a847462.SmartProcureX-db-deployer#flowable-async-job-executor-thread-9997#
[PollExecuteTaskStatusExecution] 0811d82a-292b-418f-a9aa-32d7fd5c8825 [2026-08-02T07:07:50.425481] ] (STDOUT, APP/TASK/deploy)#
#2026 08 02 07:54:57.350#Z#DEBUG#6828ea62-8e47-11f1-a22d-eeee0a847462.SmartProcureX-db-deployer#flowable-async-job-executor-thread-9997#
[PollExecuteTaskStatusExecution] 0811d82a-292b-418f-a9aa-32d7fd5c8825 [2026-08-02T07:07:50.425484] } (STDOUT, APP/TASK/deploy)#
#2026 08 02 07:54:57.350#Z#DEBUG#6828ea62-8e47-11f1-a22d-eeee0a847462.SmartProcureX-db-deployer#flowable-async-job-executor-thread-9997#
[PollExecuteTaskStatusExecution] 0811d82a-292b-418f-a9aa-32d7fd5c8825 [2026-08-02T07:07:50.425488] ] (STDOUT, APP/TASK/deploy)#
#2026 08 02 07:54:57.350#Z#DEBUG#6828ea62-8e47-11f1-a22d-eeee0a847462.SmartProcureX-db-deployer#flowable-async-job-executor-thread-9997#
[PollExecuteTaskStatusExecution] 0811d82a-292b-418f-a9aa-32d7fd5c8825 [2026-08-02T07:07:50.425491] } (STDOUT, APP/TASK/deploy)#
#2026 08 02 07:54:57.350#Z#DEBUG#6828ea62-8e47-11f1-a22d-eeee0a847462.SmartProcureX-db-deployer#flowable-async-job-executor-thread-9997#
[PollExecuteTaskStatusExecution] 0811d82a-292b-418f-a9aa-32d7fd5c8825 [2026-08-02T07:07:54.719887] @sap/hdi-deploy, version 5.7.0 (mode default), server version unknown (0.0.0.0), cloud version , node version 24.15.0, HDI version -1, container API version -1 (STDOUT, APP/TASK/deploy)#
#2026 08 02 07:54:57.350#Z#DEBUG#6828ea62-8e47-11f1-a22d-eeee0a847462.SmartProcureX-db-deployer#flowable-async-job-executor-thread-9997#
[PollExecuteTaskStatusExecution] 0811d82a-292b-418f-a9aa-32d7fd5c8825 [2026-08-02T07:07:54.719929] Deployment started at 2026-08-02 07:07:54 (STDOUT, APP/TASK/deploy)#
#2026 08 02 07:54:57.350#Z#DEBUG#6828ea62-8e47-11f1-a22d-eeee0a847462.SmartProcureX-db-deployer#flowable-async-job-executor-thread-9997#
[PollExecuteTaskStatusExecution] 0811d82a-292b-418f-a9aa-32d7fd5c8825 [2026-08-02T07:07:54.720220] Using hdb@2.29.5 for connection (STDOUT, APP/TASK/deploy)#
#2026 08 02 07:54:57.350#Z#DEBUG#6828ea62-8e47-11f1-a22d-eeee0a847462.SmartProcureX-db-deployer#flowable-async-job-executor-thread-9997#
[PollExecuteTaskStatusExecution] 0811d82a-292b-418f-a9aa-32d7fd5c8825 [2026-08-02T07:07:54.720253] Detection of server version failed; root cause: HANA Database instance is stopped (STDOUT, APP/TASK/deploy)#
#2026 08 02 07:54:57.350#Z#DEBUG#6828ea62-8e47-11f1-a22d-eeee0a847462.SmartProcureX-db-deployer#flowable-async-job-executor-thread-9997#
[PollExecuteTaskStatusExecution] 0811d82a-292b-418f-a9aa-32d7fd5c8825 [2026-08-02T07:07:54.720259] Detection of cloud version failed; root cause: HANA Database instance is stopped (STDOUT, APP/TASK/deploy)#
#2026 08 02 07:54:57.350#Z#DEBUG#6828ea62-8e47-11f1-a22d-eeee0a847462.SmartProcureX-db-deployer#flowable-async-job-executor-thread-9997#
[PollExecuteTaskStatusExecution] 0811d82a-292b-418f-a9aa-32d7fd5c8825 [2026-08-02T07:07:54.720267] Detection of container API version failed; root cause: HANA Database instance is stopped (STDOUT, APP/TASK/deploy)#
#2026 08 02 07:54:57.350#Z#DEBUG#6828ea62-8e47-11f1-a22d-eeee0a847462.SmartProcureX-db-deployer#flowable-async-job-executor-thread-9997#
[PollExecuteTaskStatusExecution] 0811d82a-292b-418f-a9aa-32d7fd5c8825 [2026-08-02T07:07:54.720270] Detection of HDI version failed; root cause: HANA Database instance is stopped (STDOUT, APP/TASK/deploy)#
#2026 08 02 07:54:57.350#Z#DEBUG#6828ea62-8e47-11f1-a22d-eeee0a847462.SmartProcureX-db-deployer#flowable-async-job-executor-thread-9997#
[PollExecuteTaskStatusExecution] 0811d82a-292b-418f-a9aa-32d7fd5c8825 [2026-08-02T07:07:54.720399] Deployment ended at 2026-08-02 07:07:54 (STDOUT, APP/TASK/deploy)#
#2026 08 02 07:54:57.350#Z#DEBUG#6828ea62-8e47-11f1-a22d-eeee0a847462.SmartProcureX-db-deployer#flowable-async-job-executor-thread-9997#
[PollExecuteTaskStatusExecution] 0811d82a-292b-418f-a9aa-32d7fd5c8825 [2026-08-02T07:07:54.720588] Error: Option parameter is not supported by the server; based on detected server version unknown (STDERR, APP/TASK/deploy)#
#2026 08 02 07:54:57.350#Z#DEBUG#6828ea62-8e47-11f1-a22d-eeee0a847462.SmartProcureX-db-deployer#flowable-async-job-executor-thread-9997#
[PollExecuteTaskStatusExecution] 0811d82a-292b-418f-a9aa-32d7fd5c8825 [2026-08-02T07:07:54.720689] (4s 365ms) (STDOUT, APP/TASK/deploy)#
#2026 08 02 07:54:57.350#Z#DEBUG#6828ea62-8e47-11f1-a22d-eeee0a847462.SmartProcureX-db-deployer#flowable-async-job-executor-thread-9997#
[PollExecuteTaskStatusExecution] 0811d82a-292b-418f-a9aa-32d7fd5c8825 [2026-08-02T07:07:54.728964] npm notice (STDERR, APP/TASK/deploy)#
#2026 08 02 07:54:57.350#Z#DEBUG#6828ea62-8e47-11f1-a22d-eeee0a847462.SmartProcureX-db-deployer#flowable-async-job-executor-thread-9997#
[PollExecuteTaskStatusExecution] 0811d82a-292b-418f-a9aa-32d7fd5c8825 [2026-08-02T07:07:54.728985] npm notice New major version of npm available! 11.12.1 -> 12.0.2 (STDERR, APP/TASK/deploy)#
#2026 08 02 07:54:57.350#Z#DEBUG#6828ea62-8e47-11f1-a22d-eeee0a847462.SmartProcureX-db-deployer#flowable-async-job-executor-thread-9997#
[PollExecuteTaskStatusExecution] 0811d82a-292b-418f-a9aa-32d7fd5c8825 [2026-08-02T07:07:54.728988] npm notice Changelog: https://github.com/npm/cli/releases/tag/v12.0.2 (STDERR, APP/TASK/deploy)#
#2026 08 02 07:54:57.350#Z#DEBUG#6828ea62-8e47-11f1-a22d-eeee0a847462.SmartProcureX-db-deployer#flowable-async-job-executor-thread-9997#
[PollExecuteTaskStatusExecution] 0811d82a-292b-418f-a9aa-32d7fd5c8825 [2026-08-02T07:07:54.728990] npm notice To update run: npm install -g npm@12.0.2 (STDERR, APP/TASK/deploy)#
#2026 08 02 07:54:57.350#Z#DEBUG#6828ea62-8e47-11f1-a22d-eeee0a847462.SmartProcureX-db-deployer#flowable-async-job-executor-thread-9997#
[PollExecuteTaskStatusExecution] 0811d82a-292b-418f-a9aa-32d7fd5c8825 [2026-08-02T07:07:54.728993] npm notice (STDERR, APP/TASK/deploy)#
#2026 08 02 07:54:57.350#Z#DEBUG#6828ea62-8e47-11f1-a22d-eeee0a847462.SmartProcureX-db-deployer#flowable-async-job-executor-thread-9997#
[PollExecuteTaskStatusExecution] 0811d82a-292b-418f-a9aa-32d7fd5c8825 [2026-08-02T07:07:54.777820] Exit status 1 (STDOUT, APP/TASK/deploy)#
#2026 08 02 07:54:57.350#Z#DEBUG#6828ea62-8e47-11f1-a22d-eeee0a847462.SmartProcureX-db-deployer#flowable-async-job-executor-thread-9997#
[PollExecuteTaskStatusExecution] 0811d82a-292b-418f-a9aa-32d7fd5c8825 [2026-08-02T07:07:55.661230] Cell f95ef7fb-a2f2-480d-af80-cd44d0d9846b stopping instance fb966944-2bfe-42dc-8f2c-5778ed7661ab (STDOUT, CELL)#
#2026 08 02 07:54:57.350#Z#DEBUG#6828ea62-8e47-11f1-a22d-eeee0a847462.SmartProcureX-db-deployer#flowable-async-job-executor-thread-9997#
[PollExecuteTaskStatusExecution] 0811d82a-292b-418f-a9aa-32d7fd5c8825 [2026-08-02T07:07:55.661280] Cell f95ef7fb-a2f2-480d-af80-cd44d0d9846b destroying container for instance fb966944-2bfe-42dc-8f2c-5778ed7661ab (STDOUT, CELL)#
#2026 08 02 07:54:57.350#Z#DEBUG#6828ea62-8e47-11f1-a22d-eeee0a847462.SmartProcureX-db-deployer#flowable-async-job-executor-thread-9997#
[PollExecuteTaskStatusExecution] 0811d82a-292b-418f-a9aa-32d7fd5c8825 [2026-08-02T07:07:57.763146] Cell f95ef7fb-a2f2-480d-af80-cd44d0d9846b successfully destroyed container for instance fb966944-2bfe-42dc-8f2c-5778ed7661ab (STDOUT, CELL)#
#2026 08 02 07:54:57.350#Z#DEBUG#6828ea62-8e47-11f1-a22d-eeee0a847462.SmartProcureX-db-deployer#flowable-async-job-executor-thread-9997#
[PollExecuteTaskStatusExecution] 0811d82a-292b-418f-a9aa-32d7fd5c8825 [2026-08-02T07:08:06.190677] Cell 89b9d699-6741-4253-b74d-7b474c46b6cc creating container for instance 5754d868-df64-448f-95a8-4362ed3ed2e3 (STDOUT, CELL)#
#2026 08 02 07:54:57.350#Z#DEBUG#6828ea62-8e47-11f1-a22d-eeee0a847462.SmartProcureX-db-deployer#flowable-async-job-executor-thread-9997#
[PollExecuteTaskStatusExecution] 0811d82a-292b-418f-a9aa-32d7fd5c8825 [2026-08-02T07:08:06.502052] Security group rules were updated (STDOUT, CELL)#
#2026 08 02 07:54:57.350#Z#DEBUG#6828ea62-8e47-11f1-a22d-eeee0a847462.SmartProcureX-db-deployer#flowable-async-job-executor-thread-9997#
[PollExecuteTaskStatusExecution] 0811d82a-292b-418f-a9aa-32d7fd5c8825 [2026-08-02T07:08:06.561013] Cell 89b9d699-6741-4253-b74d-7b474c46b6cc successfully created container for instance 5754d868-df64-448f-95a8-4362ed3ed2e3 (STDOUT, CELL)#
#2026 08 02 07:54:57.350#Z#DEBUG#6828ea62-8e47-11f1-a22d-eeee0a847462.SmartProcureX-db-deployer#flowable-async-job-executor-thread-9997#
[PollExecuteTaskStatusExecution] 0811d82a-292b-418f-a9aa-32d7fd5c8825 [2026-08-02T07:08:10.144110] Invoking pre-start scripts. (STDOUT, APP/TASK/deploy)#
#2026 08 02 07:54:57.350#Z#DEBUG#6828ea62-8e47-11f1-a22d-eeee0a847462.SmartProcureX-db-deployer#flowable-async-job-executor-thread-9997#
[PollExecuteTaskStatusExecution] 0811d82a-292b-418f-a9aa-32d7fd5c8825 [2026-08-02T07:08:10.284464] Invoking start command. (STDOUT, APP/TASK/deploy)#
#2026 08 02 07:54:57.350#Z#DEBUG#6828ea62-8e47-11f1-a22d-eeee0a847462.SmartProcureX-db-deployer#flowable-async-job-executor-thread-9997#
[PollExecuteTaskStatusExecution] 0811d82a-292b-418f-a9aa-32d7fd5c8825 [2026-08-02T07:08:10.563890] > start (STDOUT, APP/TASK/deploy)#
#2026 08 02 07:54:57.350#Z#DEBUG#6828ea62-8e47-11f1-a22d-eeee0a847462.SmartProcureX-db-deployer#flowable-async-job-executor-thread-9997#
[PollExecuteTaskStatusExecution] 0811d82a-292b-418f-a9aa-32d7fd5c8825 [2026-08-02T07:08:10.563923] > node node_modules/@sap/hdi-deploy/deploy.js --use-hdb --parameter com.sap.hana.di.table/try_fast_table_migration=true (STDOUT, APP/TASK/deploy)#
#2026 08 02 07:54:57.350#Z#DEBUG#6828ea62-8e47-11f1-a22d-eeee0a847462.SmartProcureX-db-deployer#flowable-async-job-executor-thread-9997#
[PollExecuteTaskStatusExecution] 0811d82a-292b-418f-a9aa-32d7fd5c8825 [2026-08-02T07:08:10.663732] VCAP_SERVICES: (STDOUT, APP/TASK/deploy)#
#2026 08 02 07:54:57.350#Z#DEBUG#6828ea62-8e47-11f1-a22d-eeee0a847462.SmartProcureX-db-deployer#flowable-async-job-executor-thread-9997#
[PollExecuteTaskStatusExecution] 0811d82a-292b-418f-a9aa-32d7fd5c8825 [2026-08-02T07:08:10.664280] { (STDOUT, APP/TASK/deploy)#
#2026 08 02 07:54:57.350#Z#DEBUG#6828ea62-8e47-11f1-a22d-eeee0a847462.SmartProcureX-db-deployer#flowable-async-job-executor-thread-9997#
[PollExecuteTaskStatusExecution] 0811d82a-292b-418f-a9aa-32d7fd5c8825 [2026-08-02T07:08:10.664289] "hana": [ (STDOUT, APP/TASK/deploy)#
#2026 08 02 07:54:57.350#Z#DEBUG#6828ea62-8e47-11f1-a22d-eeee0a847462.SmartProcureX-db-deployer#flowable-async-job-executor-thread-9997#
[PollExecuteTaskStatusExecution] 0811d82a-292b-418f-a9aa-32d7fd5c8825 [2026-08-02T07:08:10.664292] { (STDOUT, APP/TASK/deploy)#
#2026 08 02 07:54:57.350#Z#DEBUG#6828ea62-8e47-11f1-a22d-eeee0a847462.SmartProcureX-db-deployer#flowable-async-job-executor-thread-9997#
[PollExecuteTaskStatusExecution] 0811d82a-292b-418f-a9aa-32d7fd5c8825 [2026-08-02T07:08:10.664295] "name": "SmartProcureX-db", (STDOUT, APP/TASK/deploy)#
#2026 08 02 07:54:57.350#Z#DEBUG#6828ea62-8e47-11f1-a22d-eeee0a847462.SmartProcureX-db-deployer#flowable-async-job-executor-thread-9997#
[PollExecuteTaskStatusExecution] 0811d82a-292b-418f-a9aa-32d7fd5c8825 [2026-08-02T07:08:10.664298] "label": "hana", (STDOUT, APP/TASK/deploy)#
#2026 08 02 07:54:57.350#Z#DEBUG#6828ea62-8e47-11f1-a22d-eeee0a847462.SmartProcureX-db-deployer#flowable-async-job-executor-thread-9997#
[PollExecuteTaskStatusExecution] 0811d82a-292b-418f-a9aa-32d7fd5c8825 [2026-08-02T07:08:10.664301] "plan": "hdi-shared", (STDOUT, APP/TASK/deploy)#
#2026 08 02 07:54:57.350#Z#DEBUG#6828ea62-8e47-11f1-a22d-eeee0a847462.SmartProcureX-db-deployer#flowable-async-job-executor-thread-9997#
[PollExecuteTaskStatusExecution] 0811d82a-292b-418f-a9aa-32d7fd5c8825 [2026-08-02T07:08:10.664307] "credentials": { (STDOUT, APP/TASK/deploy)#
#2026 08 02 07:54:57.350#Z#DEBUG#6828ea62-8e47-11f1-a22d-eeee0a847462.SmartProcureX-db-deployer#flowable-async-job-executor-thread-9997#
[PollExecuteTaskStatusExecution] 0811d82a-292b-418f-a9aa-32d7fd5c8825 [2026-08-02T07:08:10.664312] "schema": "B2E83F60A5C34A6E98091CC639322A6C", (STDOUT, APP/TASK/deploy)#
#2026 08 02 07:54:57.350#Z#DEBUG#6828ea62-8e47-11f1-a22d-eeee0a847462.SmartProcureX-db-deployer#flowable-async-job-executor-thread-9997#
[PollExecuteTaskStatusExecution] 0811d82a-292b-418f-a9aa-32d7fd5c8825 [2026-08-02T07:08:10.664314] "database_id": "ccb85f22-d9b4-4190-84d2-64f7029bd6f6", (STDOUT, APP/TASK/deploy)#
#2026 08 02 07:54:57.350#Z#DEBUG#6828ea62-8e47-11f1-a22d-eeee0a847462.SmartProcureX-db-deployer#flowable-async-job-executor-thread-9997#
[PollExecuteTaskStatusExecution] 0811d82a-292b-418f-a9aa-32d7fd5c8825 [2026-08-02T07:08:10.664316] "user": "B2E83F60A5C34A6E98091CC639322A6C_11HPH9KXTDTQSB7FMNXEVK1B1_RT", (STDOUT, APP/TASK/deploy)#
#2026 08 02 07:54:57.350#Z#DEBUG#6828ea62-8e47-11f1-a22d-eeee0a847462.SmartProcureX-db-deployer#flowable-async-job-executor-thread-9997#
[PollExecuteTaskStatusExecution] 0811d82a-292b-418f-a9aa-32d7fd5c8825 [2026-08-02T07:08:10.664321] "hdi_user": "B2E83F60A5C34A6E98091CC639322A6C_11HPH9KXTDTQSB7FMNXEVK1B1_DT" (STDOUT, APP/TASK/deploy)#
#2026 08 02 07:54:57.350#Z#DEBUG#6828ea62-8e47-11f1-a22d-eeee0a847462.SmartProcureX-db-deployer#flowable-async-job-executor-thread-9997#
[PollExecuteTaskStatusExecution] 0811d82a-292b-418f-a9aa-32d7fd5c8825 [2026-08-02T07:08:10.664323] }, (STDOUT, APP/TASK/deploy)#
#2026 08 02 07:54:57.350#Z#DEBUG#6828ea62-8e47-11f1-a22d-eeee0a847462.SmartProcureX-db-deployer#flowable-async-job-executor-thread-9997#
[PollExecuteTaskStatusExecution] 0811d82a-292b-418f-a9aa-32d7fd5c8825 [2026-08-02T07:08:10.664325] "tags": [ (STDOUT, APP/TASK/deploy)#
#2026 08 02 07:54:57.350#Z#DEBUG#6828ea62-8e47-11f1-a22d-eeee0a847462.SmartProcureX-db-deployer#flowable-async-job-executor-thread-9997#
[PollExecuteTaskStatusExecution] 0811d82a-292b-418f-a9aa-32d7fd5c8825 [2026-08-02T07:08:10.664327] "hana", (STDOUT, APP/TASK/deploy)#
#2026 08 02 07:54:57.350#Z#DEBUG#6828ea62-8e47-11f1-a22d-eeee0a847462.SmartProcureX-db-deployer#flowable-async-job-executor-thread-9997#
[PollExecuteTaskStatusExecution] 0811d82a-292b-418f-a9aa-32d7fd5c8825 [2026-08-02T07:08:10.664329] "database", (STDOUT, APP/TASK/deploy)#
#2026 08 02 07:54:57.350#Z#DEBUG#6828ea62-8e47-11f1-a22d-eeee0a847462.SmartProcureX-db-deployer#flowable-async-job-executor-thread-9997#
[PollExecuteTaskStatusExecution] 0811d82a-292b-418f-a9aa-32d7fd5c8825 [2026-08-02T07:08:10.664331] "relational" (STDOUT, APP/TASK/deploy)#
#2026 08 02 07:54:57.350#Z#DEBUG#6828ea62-8e47-11f1-a22d-eeee0a847462.SmartProcureX-db-deployer#flowable-async-job-executor-thread-9997#
[PollExecuteTaskStatusExecution] 0811d82a-292b-418f-a9aa-32d7fd5c8825 [2026-08-02T07:08:10.664333] ] (STDOUT, APP/TASK/deploy)#
#2026 08 02 07:54:57.350#Z#DEBUG#6828ea62-8e47-11f1-a22d-eeee0a847462.SmartProcureX-db-deployer#flowable-async-job-executor-thread-9997#
[PollExecuteTaskStatusExecution] 0811d82a-292b-418f-a9aa-32d7fd5c8825 [2026-08-02T07:08:10.664337] } (STDOUT, APP/TASK/deploy)#
#2026 08 02 07:54:57.350#Z#DEBUG#6828ea62-8e47-11f1-a22d-eeee0a847462.SmartProcureX-db-deployer#flowable-async-job-executor-thread-9997#
[PollExecuteTaskStatusExecution] 0811d82a-292b-418f-a9aa-32d7fd5c8825 [2026-08-02T07:08:10.664339] ] (STDOUT, APP/TASK/deploy)#
#2026 08 02 07:54:57.350#Z#DEBUG#6828ea62-8e47-11f1-a22d-eeee0a847462.SmartProcureX-db-deployer#flowable-async-job-executor-thread-9997#
[PollExecuteTaskStatusExecution] 0811d82a-292b-418f-a9aa-32d7fd5c8825 [2026-08-02T07:08:10.664341] } (STDOUT, APP/TASK/deploy)#
#2026 08 02 07:54:57.350#Z#DEBUG#6828ea62-8e47-11f1-a22d-eeee0a847462.SmartProcureX-db-deployer#flowable-async-job-executor-thread-9997#
[PollExecuteTaskStatusExecution] 0811d82a-292b-418f-a9aa-32d7fd5c8825 [2026-08-02T07:08:14.995634] @sap/hdi-deploy, version 5.7.0 (mode default), server version unknown (0.0.0.0), cloud version , node version 24.15.0, HDI version -1, container API version -1 (STDOUT, APP/TASK/deploy)#
#2026 08 02 07:54:57.350#Z#DEBUG#6828ea62-8e47-11f1-a22d-eeee0a847462.SmartProcureX-db-deployer#flowable-async-job-executor-thread-9997#
[PollExecuteTaskStatusExecution] 0811d82a-292b-418f-a9aa-32d7fd5c8825 [2026-08-02T07:08:14.995668] Deployment started at 2026-08-02 07:08:14 (STDOUT, APP/TASK/deploy)#
#2026 08 02 07:54:57.350#Z#DEBUG#6828ea62-8e47-11f1-a22d-eeee0a847462.SmartProcureX-db-deployer#flowable-async-job-executor-thread-9997#
[PollExecuteTaskStatusExecution] 0811d82a-292b-418f-a9aa-32d7fd5c8825 [2026-08-02T07:08:14.996012] Using hdb@2.29.5 for connection (STDOUT, APP/TASK/deploy)#
#2026 08 02 07:54:57.350#Z#DEBUG#6828ea62-8e47-11f1-a22d-eeee0a847462.SmartProcureX-db-deployer#flowable-async-job-executor-thread-9997#
[PollExecuteTaskStatusExecution] 0811d82a-292b-418f-a9aa-32d7fd5c8825 [2026-08-02T07:08:14.996039] Detection of server version failed; root cause: HANA Database instance is stopped (STDOUT, APP/TASK/deploy)#
#2026 08 02 07:54:57.350#Z#DEBUG#6828ea62-8e47-11f1-a22d-eeee0a847462.SmartProcureX-db-deployer#flowable-async-job-executor-thread-9997#
[PollExecuteTaskStatusExecution] 0811d82a-292b-418f-a9aa-32d7fd5c8825 [2026-08-02T07:08:14.996045] Detection of cloud version failed; root cause: HANA Database instance is stopped (STDOUT, APP/TASK/deploy)#
#2026 08 02 07:54:57.350#Z#DEBUG#6828ea62-8e47-11f1-a22d-eeee0a847462.SmartProcureX-db-deployer#flowable-async-job-executor-thread-9997#
[PollExecuteTaskStatusExecution] 0811d82a-292b-418f-a9aa-32d7fd5c8825 [2026-08-02T07:08:14.996069] Detection of container API version failed; root cause: HANA Database instance is stopped (STDOUT, APP/TASK/deploy)#
#2026 08 02 07:54:57.350#Z#DEBUG#6828ea62-8e47-11f1-a22d-eeee0a847462.SmartProcureX-db-deployer#flowable-async-job-executor-thread-9997#
[PollExecuteTaskStatusExecution] 0811d82a-292b-418f-a9aa-32d7fd5c8825 [2026-08-02T07:08:14.996073] Detection of HDI version failed; root cause: HANA Database instance is stopped (STDOUT, APP/TASK/deploy)#
#2026 08 02 07:54:57.350#Z#DEBUG#6828ea62-8e47-11f1-a22d-eeee0a847462.SmartProcureX-db-deployer#flowable-async-job-executor-thread-9997#
[PollExecuteTaskStatusExecution] 0811d82a-292b-418f-a9aa-32d7fd5c8825 [2026-08-02T07:08:14.996303] Deployment ended at 2026-08-02 07:08:14 (STDOUT, APP/TASK/deploy)#
#2026 08 02 07:54:57.350#Z#DEBUG#6828ea62-8e47-11f1-a22d-eeee0a847462.SmartProcureX-db-deployer#flowable-async-job-executor-thread-9997#
[PollExecuteTaskStatusExecution] 0811d82a-292b-418f-a9aa-32d7fd5c8825 [2026-08-02T07:08:14.996434] Error: Option parameter is not supported by the server; based on detected server version unknown (STDERR, APP/TASK/deploy)#
#2026 08 02 07:54:57.350#Z#DEBUG#6828ea62-8e47-11f1-a22d-eeee0a847462.SmartProcureX-db-deployer#flowable-async-job-executor-thread-9997#
[PollExecuteTaskStatusExecution] 0811d82a-292b-418f-a9aa-32d7fd5c8825 [2026-08-02T07:08:14.996620] (4s 404ms) (STDOUT, APP/TASK/deploy)#
#2026 08 02 07:54:57.350#Z#DEBUG#6828ea62-8e47-11f1-a22d-eeee0a847462.SmartProcureX-db-deployer#flowable-async-job-executor-thread-9997#
[PollExecuteTaskStatusExecution] 0811d82a-292b-418f-a9aa-32d7fd5c8825 [2026-08-02T07:08:15.005749] npm notice (STDERR, APP/TASK/deploy)#
#2026 08 02 07:54:57.350#Z#DEBUG#6828ea62-8e47-11f1-a22d-eeee0a847462.SmartProcureX-db-deployer#flowable-async-job-executor-thread-9997#
[PollExecuteTaskStatusExecution] 0811d82a-292b-418f-a9aa-32d7fd5c8825 [2026-08-02T07:08:15.005762] npm notice New major version of npm available! 11.12.1 -> 12.0.2 (STDERR, APP/TASK/deploy)#
#2026 08 02 07:54:57.350#Z#DEBUG#6828ea62-8e47-11f1-a22d-eeee0a847462.SmartProcureX-db-deployer#flowable-async-job-executor-thread-9997#
[PollExecuteTaskStatusExecution] 0811d82a-292b-418f-a9aa-32d7fd5c8825 [2026-08-02T07:08:15.005766] npm notice Changelog: https://github.com/npm/cli/releases/tag/v12.0.2 (STDERR, APP/TASK/deploy)#
#2026 08 02 07:54:57.350#Z#DEBUG#6828ea62-8e47-11f1-a22d-eeee0a847462.SmartProcureX-db-deployer#flowable-async-job-executor-thread-9997#
[PollExecuteTaskStatusExecution] 0811d82a-292b-418f-a9aa-32d7fd5c8825 [2026-08-02T07:08:15.005768] npm notice To update run: npm install -g npm@12.0.2 (STDERR, APP/TASK/deploy)#
#2026 08 02 07:54:57.350#Z#DEBUG#6828ea62-8e47-11f1-a22d-eeee0a847462.SmartProcureX-db-deployer#flowable-async-job-executor-thread-9997#
[PollExecuteTaskStatusExecution] 0811d82a-292b-418f-a9aa-32d7fd5c8825 [2026-08-02T07:08:15.005779] npm notice (STDERR, APP/TASK/deploy)#
#2026 08 02 07:54:57.350#Z#DEBUG#6828ea62-8e47-11f1-a22d-eeee0a847462.SmartProcureX-db-deployer#flowable-async-job-executor-thread-9997#
[PollExecuteTaskStatusExecution] 0811d82a-292b-418f-a9aa-32d7fd5c8825 [2026-08-02T07:08:15.055333] Exit status 1 (STDOUT, APP/TASK/deploy)#
#2026 08 02 07:54:57.350#Z#DEBUG#6828ea62-8e47-11f1-a22d-eeee0a847462.SmartProcureX-db-deployer#flowable-async-job-executor-thread-9997#
[PollExecuteTaskStatusExecution] 0811d82a-292b-418f-a9aa-32d7fd5c8825 [2026-08-02T07:08:15.629256] Cell 89b9d699-6741-4253-b74d-7b474c46b6cc stopping instance 5754d868-df64-448f-95a8-4362ed3ed2e3 (STDOUT, CELL)#
#2026 08 02 07:54:57.350#Z#DEBUG#6828ea62-8e47-11f1-a22d-eeee0a847462.SmartProcureX-db-deployer#flowable-async-job-executor-thread-9997#
[PollExecuteTaskStatusExecution] 0811d82a-292b-418f-a9aa-32d7fd5c8825 [2026-08-02T07:08:15.629292] Cell 89b9d699-6741-4253-b74d-7b474c46b6cc destroying container for instance 5754d868-df64-448f-95a8-4362ed3ed2e3 (STDOUT, CELL)#
#2026 08 02 07:54:57.350#Z#DEBUG#6828ea62-8e47-11f1-a22d-eeee0a847462.SmartProcureX-db-deployer#flowable-async-job-executor-thread-9997#
[PollExecuteTaskStatusExecution] 0811d82a-292b-418f-a9aa-32d7fd5c8825 [2026-08-02T07:08:17.753843] Cell 89b9d699-6741-4253-b74d-7b474c46b6cc successfully destroyed container for instance 5754d868-df64-448f-95a8-4362ed3ed2e3 (STDOUT, CELL)#
#2026 08 02 07:54:57.350#Z#DEBUG#6828ea62-8e47-11f1-a22d-eeee0a847462.SmartProcureX-db-deployer#flowable-async-job-executor-thread-9997#
[PollExecuteTaskStatusExecution] 0811d82a-292b-418f-a9aa-32d7fd5c8825 [2026-08-02T07:51:17.684603] Updated app with guid 0811d82a-292b-418f-a9aa-32d7fd5c8825 ({"lifecycle"=>{"data"=>{"buildpacks"=>["nodejs_buildpack"]}, "type"=>"buildpack"}}) (STDOUT, API)#
#2026 08 02 07:54:57.350#Z#DEBUG#6828ea62-8e47-11f1-a22d-eeee0a847462.SmartProcureX-db-deployer#flowable-async-job-executor-thread-9997#
[PollExecuteTaskStatusExecution] 0811d82a-292b-418f-a9aa-32d7fd5c8825 [2026-08-02T07:51:17.781423] Updating process: "web" (STDOUT, API)#
#2026 08 02 07:54:57.350#Z#DEBUG#6828ea62-8e47-11f1-a22d-eeee0a847462.SmartProcureX-db-deployer#flowable-async-job-executor-thread-9997#
[PollExecuteTaskStatusExecution] 0811d82a-292b-418f-a9aa-32d7fd5c8825 [2026-08-02T07:51:27.241198] Uploading app package for app with guid 0811d82a-292b-418f-a9aa-32d7fd5c8825 (STDOUT, API)#
#2026 08 02 07:54:57.350#Z#DEBUG#6828ea62-8e47-11f1-a22d-eeee0a847462.SmartProcureX-db-deployer#flowable-async-job-executor-thread-9997#
[PollExecuteTaskStatusExecution] 0811d82a-292b-418f-a9aa-32d7fd5c8825 [2026-08-02T07:51:27.408853] Updated app with guid 0811d82a-292b-418f-a9aa-32d7fd5c8825 ({"environment_variables"=>"[PRIVATE DATA HIDDEN]"}) (STDOUT, API)#
#2026 08 02 07:54:57.350#Z#DEBUG#6828ea62-8e47-11f1-a22d-eeee0a847462.SmartProcureX-db-deployer#flowable-async-job-executor-thread-9997#
[PollExecuteTaskStatusExecution] 0811d82a-292b-418f-a9aa-32d7fd5c8825 [2026-08-02T07:51:37.329746] Creating build for app with guid 0811d82a-292b-418f-a9aa-32d7fd5c8825 (STDOUT, API)#
#2026 08 02 07:54:57.350#Z#DEBUG#6828ea62-8e47-11f1-a22d-eeee0a847462.SmartProcureX-db-deployer#flowable-async-job-executor-thread-9997#
[PollExecuteTaskStatusExecution] 0811d82a-292b-418f-a9aa-32d7fd5c8825 [2026-08-02T07:51:37.624871] Downloading nodejs_buildpack... (STDOUT, STG)#
#2026 08 02 07:54:57.350#Z#DEBUG#6828ea62-8e47-11f1-a22d-eeee0a847462.SmartProcureX-db-deployer#flowable-async-job-executor-thread-9997#
[PollExecuteTaskStatusExecution] 0811d82a-292b-418f-a9aa-32d7fd5c8825 [2026-08-02T07:51:37.663314] Downloaded nodejs_buildpack (STDOUT, STG)#
#2026 08 02 07:54:57.350#Z#DEBUG#6828ea62-8e47-11f1-a22d-eeee0a847462.SmartProcureX-db-deployer#flowable-async-job-executor-thread-9997#
[PollExecuteTaskStatusExecution] 0811d82a-292b-418f-a9aa-32d7fd5c8825 [2026-08-02T07:51:37.663359] Cell 919653e1-7038-451d-ac9f-e4bd0de8dbda creating container for instance 078ef4bd-fa22-4588-b96a-65d045a25d88 (STDOUT, STG)#
#2026 08 02 07:54:57.350#Z#DEBUG#6828ea62-8e47-11f1-a22d-eeee0a847462.SmartProcureX-db-deployer#flowable-async-job-executor-thread-9997#
[PollExecuteTaskStatusExecution] 0811d82a-292b-418f-a9aa-32d7fd5c8825 [2026-08-02T07:51:37.964744] Security group rules were updated (STDOUT, STG)#
#2026 08 02 07:54:57.350#Z#DEBUG#6828ea62-8e47-11f1-a22d-eeee0a847462.SmartProcureX-db-deployer#flowable-async-job-executor-thread-9997#
[PollExecuteTaskStatusExecution] 0811d82a-292b-418f-a9aa-32d7fd5c8825 [2026-08-02T07:51:38.027327] Cell 919653e1-7038-451d-ac9f-e4bd0de8dbda successfully created container for instance 078ef4bd-fa22-4588-b96a-65d045a25d88 (STDOUT, STG)#
#2026 08 02 07:54:57.350#Z#DEBUG#6828ea62-8e47-11f1-a22d-eeee0a847462.SmartProcureX-db-deployer#flowable-async-job-executor-thread-9997#
[PollExecuteTaskStatusExecution] 0811d82a-292b-418f-a9aa-32d7fd5c8825 [2026-08-02T07:51:38.307885] Downloading app package... (STDOUT, STG)#
#2026 08 02 07:54:57.350#Z#DEBUG#6828ea62-8e47-11f1-a22d-eeee0a847462.SmartProcureX-db-deployer#flowable-async-job-executor-thread-9997#
[PollExecuteTaskStatusExecution] 0811d82a-292b-418f-a9aa-32d7fd5c8825 [2026-08-02T07:51:38.308018] Downloading build artifacts cache... (STDOUT, STG)#
#2026 08 02 07:54:57.350#Z#DEBUG#6828ea62-8e47-11f1-a22d-eeee0a847462.SmartProcureX-db-deployer#flowable-async-job-executor-thread-9997#
[PollExecuteTaskStatusExecution] 0811d82a-292b-418f-a9aa-32d7fd5c8825 [2026-08-02T07:51:38.376880] Downloaded build artifacts cache (224B) (STDOUT, STG)#
#2026 08 02 07:54:57.350#Z#DEBUG#6828ea62-8e47-11f1-a22d-eeee0a847462.SmartProcureX-db-deployer#flowable-async-job-executor-thread-9997#
[PollExecuteTaskStatusExecution] 0811d82a-292b-418f-a9aa-32d7fd5c8825 [2026-08-02T07:51:38.514998] Downloaded app package (2.3M) (STDOUT, STG)#
#2026 08 02 07:54:57.350#Z#DEBUG#6828ea62-8e47-11f1-a22d-eeee0a847462.SmartProcureX-db-deployer#flowable-async-job-executor-thread-9997#
[PollExecuteTaskStatusExecution] 0811d82a-292b-418f-a9aa-32d7fd5c8825 [2026-08-02T07:51:38.565475] -----> Nodejs Buildpack version 1.9.2 (STDOUT, STG)#
#2026 08 02 07:54:57.350#Z#DEBUG#6828ea62-8e47-11f1-a22d-eeee0a847462.SmartProcureX-db-deployer#flowable-async-job-executor-thread-9997#
[PollExecuteTaskStatusExecution] 0811d82a-292b-418f-a9aa-32d7fd5c8825 [2026-08-02T07:51:38.642251] -----> Bootstrapping python (STDOUT, STG)#
#2026 08 02 07:54:57.350#Z#DEBUG#6828ea62-8e47-11f1-a22d-eeee0a847462.SmartProcureX-db-deployer#flowable-async-job-executor-thread-9997#
[PollExecuteTaskStatusExecution] 0811d82a-292b-418f-a9aa-32d7fd5c8825 [2026-08-02T07:51:38.642273] -----> Installing python 3.13.13 (STDOUT, STG)#
#2026 08 02 07:54:57.350#Z#DEBUG#6828ea62-8e47-11f1-a22d-eeee0a847462.SmartProcureX-db-deployer#flowable-async-job-executor-thread-9997#
[PollExecuteTaskStatusExecution] 0811d82a-292b-418f-a9aa-32d7fd5c8825 [2026-08-02T07:51:38.642280] Copy [/tmp/buildpacks/411ec6166282b4d1/dependencies/268a5e3743d51a14b86ea9da64439307/python_3.13.13_linux_x64_cflinuxfs4_8311abbf.tgz] (STDOUT, STG)#
#2026 08 02 07:54:57.350#Z#DEBUG#6828ea62-8e47-11f1-a22d-eeee0a847462.SmartProcureX-db-deployer#flowable-async-job-executor-thread-9997#
[PollExecuteTaskStatusExecution] 0811d82a-292b-418f-a9aa-32d7fd5c8825 [2026-08-02T07:51:41.542662] -----> Installing binaries (STDOUT, STG)#
#2026 08 02 07:54:57.350#Z#DEBUG#6828ea62-8e47-11f1-a22d-eeee0a847462.SmartProcureX-db-deployer#flowable-async-job-executor-thread-9997#
[PollExecuteTaskStatusExecution] 0811d82a-292b-418f-a9aa-32d7fd5c8825 [2026-08-02T07:51:41.542695] engines.node (package.json): ^24 (STDOUT, STG)#
#2026 08 02 07:54:57.350#Z#DEBUG#6828ea62-8e47-11f1-a22d-eeee0a847462.SmartProcureX-db-deployer#flowable-async-job-executor-thread-9997#
[PollExecuteTaskStatusExecution] 0811d82a-292b-418f-a9aa-32d7fd5c8825 [2026-08-02T07:51:41.542702] engines.npm (package.json): unspecified (use default) (STDOUT, STG)#
#2026 08 02 07:54:57.350#Z#DEBUG#6828ea62-8e47-11f1-a22d-eeee0a847462.SmartProcureX-db-deployer#flowable-async-job-executor-thread-9997#
[PollExecuteTaskStatusExecution] 0811d82a-292b-418f-a9aa-32d7fd5c8825 [2026-08-02T07:51:41.542771] -----> Installing node 24.15.0 (STDOUT, STG)#
#2026 08 02 07:54:57.350#Z#DEBUG#6828ea62-8e47-11f1-a22d-eeee0a847462.SmartProcureX-db-deployer#flowable-async-job-executor-thread-9997#
[PollExecuteTaskStatusExecution] 0811d82a-292b-418f-a9aa-32d7fd5c8825 [2026-08-02T07:51:41.542927] Copy [/tmp/buildpacks/411ec6166282b4d1/dependencies/6441e97e6386f47ec4c16cfdf8db0a17/node_24.15.0_linux_x64_cflinuxfs4_1a62d98b.tgz] (STDOUT, STG)#
#2026 08 02 07:54:57.350#Z#DEBUG#6828ea62-8e47-11f1-a22d-eeee0a847462.SmartProcureX-db-deployer#flowable-async-job-executor-thread-9997#
[PollExecuteTaskStatusExecution] 0811d82a-292b-418f-a9aa-32d7fd5c8825 [2026-08-02T07:51:43.259045] Using default npm version: 11.12.1 (STDOUT, STG)#
#2026 08 02 07:54:57.350#Z#DEBUG#6828ea62-8e47-11f1-a22d-eeee0a847462.SmartProcureX-db-deployer#flowable-async-job-executor-thread-9997#
[PollExecuteTaskStatusExecution] 0811d82a-292b-418f-a9aa-32d7fd5c8825 [2026-08-02T07:51:43.259070] -----> Installing yarn 1.22.22 (STDOUT, STG)#
#2026 08 02 07:54:57.350#Z#DEBUG#6828ea62-8e47-11f1-a22d-eeee0a847462.SmartProcureX-db-deployer#flowable-async-job-executor-thread-9997#
[PollExecuteTaskStatusExecution] 0811d82a-292b-418f-a9aa-32d7fd5c8825 [2026-08-02T07:51:43.259103] Copy [/tmp/buildpacks/411ec6166282b4d1/dependencies/e4fe26756e9984a665478d350474fa2e/yarn_1.22.22_linux_noarch_any-stack_b6132b86.tgz] (STDOUT, STG)#
#2026 08 02 07:54:57.350#Z#DEBUG#6828ea62-8e47-11f1-a22d-eeee0a847462.SmartProcureX-db-deployer#flowable-async-job-executor-thread-9997#
[PollExecuteTaskStatusExecution] 0811d82a-292b-418f-a9aa-32d7fd5c8825 [2026-08-02T07:51:43.504800] Installed yarn 1.22.22 (STDOUT, STG)#
#2026 08 02 07:54:57.350#Z#DEBUG#6828ea62-8e47-11f1-a22d-eeee0a847462.SmartProcureX-db-deployer#flowable-async-job-executor-thread-9997#
[PollExecuteTaskStatusExecution] 0811d82a-292b-418f-a9aa-32d7fd5c8825 [2026-08-02T07:51:43.504831] -----> Creating runtime environment (STDOUT, STG)#
#2026 08 02 07:54:57.350#Z#DEBUG#6828ea62-8e47-11f1-a22d-eeee0a847462.SmartProcureX-db-deployer#flowable-async-job-executor-thread-9997#
[PollExecuteTaskStatusExecution] 0811d82a-292b-418f-a9aa-32d7fd5c8825 [2026-08-02T07:51:43.506623] NODE_ENV=production (STDOUT, STG)#
#2026 08 02 07:54:57.350#Z#DEBUG#6828ea62-8e47-11f1-a22d-eeee0a847462.SmartProcureX-db-deployer#flowable-async-job-executor-thread-9997#
[PollExecuteTaskStatusExecution] 0811d82a-292b-418f-a9aa-32d7fd5c8825 [2026-08-02T07:51:43.506642] NODE_HOME=/tmp/contents2344352682/deps/0/node (STDOUT, STG)#
#2026 08 02 07:54:57.350#Z#DEBUG#6828ea62-8e47-11f1-a22d-eeee0a847462.SmartProcureX-db-deployer#flowable-async-job-executor-thread-9997#
[PollExecuteTaskStatusExecution] 0811d82a-292b-418f-a9aa-32d7fd5c8825 [2026-08-02T07:51:43.506647] NODE_MODULES_CACHE=true (STDOUT, STG)#
#2026 08 02 07:54:57.350#Z#DEBUG#6828ea62-8e47-11f1-a22d-eeee0a847462.SmartProcureX-db-deployer#flowable-async-job-executor-thread-9997#
[PollExecuteTaskStatusExecution] 0811d82a-292b-418f-a9aa-32d7fd5c8825 [2026-08-02T07:51:43.506650] NODE_VERBOSE=false (STDOUT, STG)#
#2026 08 02 07:54:57.350#Z#DEBUG#6828ea62-8e47-11f1-a22d-eeee0a847462.SmartProcureX-db-deployer#flowable-async-job-executor-thread-9997#
[PollExecuteTaskStatusExecution] 0811d82a-292b-418f-a9aa-32d7fd5c8825 [2026-08-02T07:51:43.506652] NPM_CONFIG_LOGLEVEL=error (STDOUT, STG)#
#2026 08 02 07:54:57.350#Z#DEBUG#6828ea62-8e47-11f1-a22d-eeee0a847462.SmartProcureX-db-deployer#flowable-async-job-executor-thread-9997#
[PollExecuteTaskStatusExecution] 0811d82a-292b-418f-a9aa-32d7fd5c8825 [2026-08-02T07:51:43.506655] NPM_CONFIG_PRODUCTION=true (STDOUT, STG)#
#2026 08 02 07:54:57.350#Z#DEBUG#6828ea62-8e47-11f1-a22d-eeee0a847462.SmartProcureX-db-deployer#flowable-async-job-executor-thread-9997#
[PollExecuteTaskStatusExecution] 0811d82a-292b-418f-a9aa-32d7fd5c8825 [2026-08-02T07:51:43.506657] -----> Building dependencies (STDOUT, STG)#
#2026 08 02 07:54:57.350#Z#DEBUG#6828ea62-8e47-11f1-a22d-eeee0a847462.SmartProcureX-db-deployer#flowable-async-job-executor-thread-9997#
[PollExecuteTaskStatusExecution] 0811d82a-292b-418f-a9aa-32d7fd5c8825 [2026-08-02T07:51:43.506658] Prebuild detected (node_modules already exists) (STDOUT, STG)#
#2026 08 02 07:54:57.350#Z#DEBUG#6828ea62-8e47-11f1-a22d-eeee0a847462.SmartProcureX-db-deployer#flowable-async-job-executor-thread-9997#
[PollExecuteTaskStatusExecution] 0811d82a-292b-418f-a9aa-32d7fd5c8825 [2026-08-02T07:51:43.506719] Rebuilding any native modules (STDOUT, STG)#
#2026 08 02 07:54:57.350#Z#DEBUG#6828ea62-8e47-11f1-a22d-eeee0a847462.SmartProcureX-db-deployer#flowable-async-job-executor-thread-9997#
[PollExecuteTaskStatusExecution] 0811d82a-292b-418f-a9aa-32d7fd5c8825 [2026-08-02T07:51:43.883258] rebuilt dependencies successfully (STDOUT, STG)#
#2026 08 02 07:54:57.350#Z#DEBUG#6828ea62-8e47-11f1-a22d-eeee0a847462.SmartProcureX-db-deployer#flowable-async-job-executor-thread-9997#
[PollExecuteTaskStatusExecution] 0811d82a-292b-418f-a9aa-32d7fd5c8825 [2026-08-02T07:51:43.930363] Installing any new modules (package.json + package-lock.json) (STDOUT, STG)#
#2026 08 02 07:54:57.350#Z#DEBUG#6828ea62-8e47-11f1-a22d-eeee0a847462.SmartProcureX-db-deployer#flowable-async-job-executor-thread-9997#
[PollExecuteTaskStatusExecution] 0811d82a-292b-418f-a9aa-32d7fd5c8825 [2026-08-02T07:51:44.254407] up to date in 264ms (STDOUT, STG)#
#2026 08 02 07:54:57.350#Z#DEBUG#6828ea62-8e47-11f1-a22d-eeee0a847462.SmartProcureX-db-deployer#flowable-async-job-executor-thread-9997#
[PollExecuteTaskStatusExecution] 0811d82a-292b-418f-a9aa-32d7fd5c8825 [2026-08-02T07:51:44.254549] 4 packages are looking for funding (STDOUT, STG)#
#2026 08 02 07:54:57.350#Z#DEBUG#6828ea62-8e47-11f1-a22d-eeee0a847462.SmartProcureX-db-deployer#flowable-async-job-executor-thread-9997#
[PollExecuteTaskStatusExecution] 0811d82a-292b-418f-a9aa-32d7fd5c8825 [2026-08-02T07:51:44.254582] run `npm fund` for details (STDOUT, STG)#
#2026 08 02 07:54:57.350#Z#DEBUG#6828ea62-8e47-11f1-a22d-eeee0a847462.SmartProcureX-db-deployer#flowable-async-job-executor-thread-9997#
[PollExecuteTaskStatusExecution] 0811d82a-292b-418f-a9aa-32d7fd5c8825 [2026-08-02T07:51:45.113463] Contrast Security no credentials found. Will not write environment files. (STDOUT, STG)#
#2026 08 02 07:54:57.350#Z#DEBUG#6828ea62-8e47-11f1-a22d-eeee0a847462.SmartProcureX-db-deployer#flowable-async-job-executor-thread-9997#
[PollExecuteTaskStatusExecution] 0811d82a-292b-418f-a9aa-32d7fd5c8825 [2026-08-02T07:51:52.510742] Exit status 0 (STDOUT, STG)#
#2026 08 02 07:54:57.350#Z#DEBUG#6828ea62-8e47-11f1-a22d-eeee0a847462.SmartProcureX-db-deployer#flowable-async-job-executor-thread-9997#
[PollExecuteTaskStatusExecution] 0811d82a-292b-418f-a9aa-32d7fd5c8825 [2026-08-02T07:51:52.510787] Uploading droplet, build artifacts cache... (STDOUT, STG)#
#2026 08 02 07:54:57.350#Z#DEBUG#6828ea62-8e47-11f1-a22d-eeee0a847462.SmartProcureX-db-deployer#flowable-async-job-executor-thread-9997#
[PollExecuteTaskStatusExecution] 0811d82a-292b-418f-a9aa-32d7fd5c8825 [2026-08-02T07:51:52.510817] Uploading droplet... (STDOUT, STG)#
#2026 08 02 07:54:57.350#Z#DEBUG#6828ea62-8e47-11f1-a22d-eeee0a847462.SmartProcureX-db-deployer#flowable-async-job-executor-thread-9997#
[PollExecuteTaskStatusExecution] 0811d82a-292b-418f-a9aa-32d7fd5c8825 [2026-08-02T07:51:52.510945] Uploading build artifacts cache... (STDOUT, STG)#
#2026 08 02 07:54:57.350#Z#DEBUG#6828ea62-8e47-11f1-a22d-eeee0a847462.SmartProcureX-db-deployer#flowable-async-job-executor-thread-9997#
[PollExecuteTaskStatusExecution] 0811d82a-292b-418f-a9aa-32d7fd5c8825 [2026-08-02T07:51:52.530179] Uploaded build artifacts cache (222B) (STDOUT, STG)#
#2026 08 02 07:54:57.350#Z#DEBUG#6828ea62-8e47-11f1-a22d-eeee0a847462.SmartProcureX-db-deployer#flowable-async-job-executor-thread-9997#
[PollExecuteTaskStatusExecution] 0811d82a-292b-418f-a9aa-32d7fd5c8825 [2026-08-02T07:51:53.108936] Creating droplet for app with guid 0811d82a-292b-418f-a9aa-32d7fd5c8825 (STDOUT, API)#
#2026 08 02 07:54:57.350#Z#DEBUG#6828ea62-8e47-11f1-a22d-eeee0a847462.SmartProcureX-db-deployer#flowable-async-job-executor-thread-9997#
[PollExecuteTaskStatusExecution] 0811d82a-292b-418f-a9aa-32d7fd5c8825 [2026-08-02T07:51:56.177091] Uploaded droplet (58.6M) (STDOUT, STG)#
#2026 08 02 07:54:57.350#Z#DEBUG#6828ea62-8e47-11f1-a22d-eeee0a847462.SmartProcureX-db-deployer#flowable-async-job-executor-thread-9997#
[PollExecuteTaskStatusExecution] 0811d82a-292b-418f-a9aa-32d7fd5c8825 [2026-08-02T07:51:56.192074] Uploading complete (STDOUT, STG)#
#2026 08 02 07:54:57.350#Z#DEBUG#6828ea62-8e47-11f1-a22d-eeee0a847462.SmartProcureX-db-deployer#flowable-async-job-executor-thread-9997#
[PollExecuteTaskStatusExecution] 0811d82a-292b-418f-a9aa-32d7fd5c8825 [2026-08-02T07:51:56.690255] Cell 919653e1-7038-451d-ac9f-e4bd0de8dbda stopping instance 078ef4bd-fa22-4588-b96a-65d045a25d88 (STDOUT, STG)#
#2026 08 02 07:54:57.350#Z#DEBUG#6828ea62-8e47-11f1-a22d-eeee0a847462.SmartProcureX-db-deployer#flowable-async-job-executor-thread-9997#
[PollExecuteTaskStatusExecution] 0811d82a-292b-418f-a9aa-32d7fd5c8825 [2026-08-02T07:51:56.690320] Cell 919653e1-7038-451d-ac9f-e4bd0de8dbda destroying container for instance 078ef4bd-fa22-4588-b96a-65d045a25d88 (STDOUT, STG)#
#2026 08 02 07:54:57.350#Z#DEBUG#6828ea62-8e47-11f1-a22d-eeee0a847462.SmartProcureX-db-deployer#flowable-async-job-executor-thread-9997#
[PollExecuteTaskStatusExecution] 0811d82a-292b-418f-a9aa-32d7fd5c8825 [2026-08-02T07:51:56.735494] Staging complete for build 078ef4bd-fa22-4588-b96a-65d045a25d88 (STDOUT, API)#
#2026 08 02 07:54:57.350#Z#DEBUG#6828ea62-8e47-11f1-a22d-eeee0a847462.SmartProcureX-db-deployer#flowable-async-job-executor-thread-9997#
[PollExecuteTaskStatusExecution] 0811d82a-292b-418f-a9aa-32d7fd5c8825 [2026-08-02T07:51:57.221696] Updated app with guid 0811d82a-292b-418f-a9aa-32d7fd5c8825 ({:droplet_guid=>"60ddc530-4329-4ea9-8da4-92a71b1ce748"}) (STDOUT, API)#
#2026 08 02 07:54:57.350#Z#DEBUG#6828ea62-8e47-11f1-a22d-eeee0a847462.SmartProcureX-db-deployer#flowable-async-job-executor-thread-9997#
[PollExecuteTaskStatusExecution] 0811d82a-292b-418f-a9aa-32d7fd5c8825 [2026-08-02T07:51:57.543017] Cell 2cba0a63-a06b-4c2d-9ff8-cb3bec259489 creating container for instance 0d49fc07-ac24-4ceb-8c56-d63d68774884 (STDOUT, CELL)#
#2026 08 02 07:54:57.350#Z#DEBUG#6828ea62-8e47-11f1-a22d-eeee0a847462.SmartProcureX-db-deployer#flowable-async-job-executor-thread-9997#
[PollExecuteTaskStatusExecution] 0811d82a-292b-418f-a9aa-32d7fd5c8825 [2026-08-02T07:51:57.850946] Security group rules were updated (STDOUT, CELL)#
#2026 08 02 07:54:57.350#Z#DEBUG#6828ea62-8e47-11f1-a22d-eeee0a847462.SmartProcureX-db-deployer#flowable-async-job-executor-thread-9997#
[PollExecuteTaskStatusExecution] 0811d82a-292b-418f-a9aa-32d7fd5c8825 [2026-08-02T07:51:57.914828] Cell 2cba0a63-a06b-4c2d-9ff8-cb3bec259489 successfully created container for instance 0d49fc07-ac24-4ceb-8c56-d63d68774884 (STDOUT, CELL)#
#2026 08 02 07:54:57.350#Z#DEBUG#6828ea62-8e47-11f1-a22d-eeee0a847462.SmartProcureX-db-deployer#flowable-async-job-executor-thread-9997#
[PollExecuteTaskStatusExecution] 0811d82a-292b-418f-a9aa-32d7fd5c8825 [2026-08-02T07:51:59.024377] Cell 919653e1-7038-451d-ac9f-e4bd0de8dbda successfully destroyed container for instance 078ef4bd-fa22-4588-b96a-65d045a25d88 (STDOUT, STG)#
#2026 08 02 07:54:57.350#Z#DEBUG#6828ea62-8e47-11f1-a22d-eeee0a847462.SmartProcureX-db-deployer#flowable-async-job-executor-thread-9997#
[PollExecuteTaskStatusExecution] 0811d82a-292b-418f-a9aa-32d7fd5c8825 [2026-08-02T07:52:00.745419] Invoking pre-start scripts. (STDOUT, APP/TASK/deploy)#
#2026 08 02 07:54:57.350#Z#DEBUG#6828ea62-8e47-11f1-a22d-eeee0a847462.SmartProcureX-db-deployer#flowable-async-job-executor-thread-9997#
[PollExecuteTaskStatusExecution] 0811d82a-292b-418f-a9aa-32d7fd5c8825 [2026-08-02T07:52:00.885274] Invoking start command. (STDOUT, APP/TASK/deploy)#
#2026 08 02 07:54:57.350#Z#DEBUG#6828ea62-8e47-11f1-a22d-eeee0a847462.SmartProcureX-db-deployer#flowable-async-job-executor-thread-9997#
[PollExecuteTaskStatusExecution] 0811d82a-292b-418f-a9aa-32d7fd5c8825 [2026-08-02T07:52:01.166276] > start (STDOUT, APP/TASK/deploy)#
#2026 08 02 07:54:57.350#Z#DEBUG#6828ea62-8e47-11f1-a22d-eeee0a847462.SmartProcureX-db-deployer#flowable-async-job-executor-thread-9997#
[PollExecuteTaskStatusExecution] 0811d82a-292b-418f-a9aa-32d7fd5c8825 [2026-08-02T07:52:01.166286] > node node_modules/@sap/hdi-deploy/deploy.js --use-hdb --parameter com.sap.hana.di.table/try_fast_table_migration=true (STDOUT, APP/TASK/deploy)#
#2026 08 02 07:54:57.350#Z#DEBUG#6828ea62-8e47-11f1-a22d-eeee0a847462.SmartProcureX-db-deployer#flowable-async-job-executor-thread-9997#
[PollExecuteTaskStatusExecution] 0811d82a-292b-418f-a9aa-32d7fd5c8825 [2026-08-02T07:52:01.269002] VCAP_SERVICES: (STDOUT, APP/TASK/deploy)#
#2026 08 02 07:54:57.350#Z#DEBUG#6828ea62-8e47-11f1-a22d-eeee0a847462.SmartProcureX-db-deployer#flowable-async-job-executor-thread-9997#
[PollExecuteTaskStatusExecution] 0811d82a-292b-418f-a9aa-32d7fd5c8825 [2026-08-02T07:52:01.269499] { (STDOUT, APP/TASK/deploy)#
#2026 08 02 07:54:57.350#Z#DEBUG#6828ea62-8e47-11f1-a22d-eeee0a847462.SmartProcureX-db-deployer#flowable-async-job-executor-thread-9997#
[PollExecuteTaskStatusExecution] 0811d82a-292b-418f-a9aa-32d7fd5c8825 [2026-08-02T07:52:01.269523] "hana": [ (STDOUT, APP/TASK/deploy)#
#2026 08 02 07:54:57.350#Z#DEBUG#6828ea62-8e47-11f1-a22d-eeee0a847462.SmartProcureX-db-deployer#flowable-async-job-executor-thread-9997#
[PollExecuteTaskStatusExecution] 0811d82a-292b-418f-a9aa-32d7fd5c8825 [2026-08-02T07:52:01.269526] { (STDOUT, APP/TASK/deploy)#
#2026 08 02 07:54:57.350#Z#DEBUG#6828ea62-8e47-11f1-a22d-eeee0a847462.SmartProcureX-db-deployer#flowable-async-job-executor-thread-9997#
[PollExecuteTaskStatusExecution] 0811d82a-292b-418f-a9aa-32d7fd5c8825 [2026-08-02T07:52:01.269530] "name": "SmartProcureX-db", (STDOUT, APP/TASK/deploy)#
#2026 08 02 07:54:57.350#Z#DEBUG#6828ea62-8e47-11f1-a22d-eeee0a847462.SmartProcureX-db-deployer#flowable-async-job-executor-thread-9997#
[PollExecuteTaskStatusExecution] 0811d82a-292b-418f-a9aa-32d7fd5c8825 [2026-08-02T07:52:01.269536] "label": "hana", (STDOUT, APP/TASK/deploy)#
#2026 08 02 07:54:57.350#Z#DEBUG#6828ea62-8e47-11f1-a22d-eeee0a847462.SmartProcureX-db-deployer#flowable-async-job-executor-thread-9997#
[PollExecuteTaskStatusExecution] 0811d82a-292b-418f-a9aa-32d7fd5c8825 [2026-08-02T07:52:01.269541] "plan": "hdi-shared", (STDOUT, APP/TASK/deploy)#
#2026 08 02 07:54:57.350#Z#DEBUG#6828ea62-8e47-11f1-a22d-eeee0a847462.SmartProcureX-db-deployer#flowable-async-job-executor-thread-9997#
[PollExecuteTaskStatusExecution] 0811d82a-292b-418f-a9aa-32d7fd5c8825 [2026-08-02T07:52:01.269545] "credentials": { (STDOUT, APP/TASK/deploy)#
#2026 08 02 07:54:57.350#Z#DEBUG#6828ea62-8e47-11f1-a22d-eeee0a847462.SmartProcureX-db-deployer#flowable-async-job-executor-thread-9997#
[PollExecuteTaskStatusExecution] 0811d82a-292b-418f-a9aa-32d7fd5c8825 [2026-08-02T07:52:01.269548] "schema": "B2E83F60A5C34A6E98091CC639322A6C", (STDOUT, APP/TASK/deploy)#
#2026 08 02 07:54:57.350#Z#DEBUG#6828ea62-8e47-11f1-a22d-eeee0a847462.SmartProcureX-db-deployer#flowable-async-job-executor-thread-9997#
[PollExecuteTaskStatusExecution] 0811d82a-292b-418f-a9aa-32d7fd5c8825 [2026-08-02T07:52:01.269551] "database_id": "ccb85f22-d9b4-4190-84d2-64f7029bd6f6", (STDOUT, APP/TASK/deploy)#
#2026 08 02 07:54:57.350#Z#DEBUG#6828ea62-8e47-11f1-a22d-eeee0a847462.SmartProcureX-db-deployer#flowable-async-job-executor-thread-9997#
[PollExecuteTaskStatusExecution] 0811d82a-292b-418f-a9aa-32d7fd5c8825 [2026-08-02T07:52:01.269554] "user": "B2E83F60A5C34A6E98091CC639322A6C_11HPH9KXTDTQSB7FMNXEVK1B1_RT", (STDOUT, APP/TASK/deploy)#
#2026 08 02 07:54:57.350#Z#DEBUG#6828ea62-8e47-11f1-a22d-eeee0a847462.SmartProcureX-db-deployer#flowable-async-job-executor-thread-9997#
[PollExecuteTaskStatusExecution] 0811d82a-292b-418f-a9aa-32d7fd5c8825 [2026-08-02T07:52:01.269558] "hdi_user": "B2E83F60A5C34A6E98091CC639322A6C_11HPH9KXTDTQSB7FMNXEVK1B1_DT" (STDOUT, APP/TASK/deploy)#
#2026 08 02 07:54:57.350#Z#DEBUG#6828ea62-8e47-11f1-a22d-eeee0a847462.SmartProcureX-db-deployer#flowable-async-job-executor-thread-9997#
[PollExecuteTaskStatusExecution] 0811d82a-292b-418f-a9aa-32d7fd5c8825 [2026-08-02T07:52:01.269561] }, (STDOUT, APP/TASK/deploy)#
#2026 08 02 07:54:57.350#Z#DEBUG#6828ea62-8e47-11f1-a22d-eeee0a847462.SmartProcureX-db-deployer#flowable-async-job-executor-thread-9997#
[PollExecuteTaskStatusExecution] 0811d82a-292b-418f-a9aa-32d7fd5c8825 [2026-08-02T07:52:01.269565] "tags": [ (STDOUT, APP/TASK/deploy)#
#2026 08 02 07:54:57.350#Z#DEBUG#6828ea62-8e47-11f1-a22d-eeee0a847462.SmartProcureX-db-deployer#flowable-async-job-executor-thread-9997#
[PollExecuteTaskStatusExecution] 0811d82a-292b-418f-a9aa-32d7fd5c8825 [2026-08-02T07:52:01.269571] "hana", (STDOUT, APP/TASK/deploy)#
#2026 08 02 07:54:57.350#Z#DEBUG#6828ea62-8e47-11f1-a22d-eeee0a847462.SmartProcureX-db-deployer#flowable-async-job-executor-thread-9997#
[PollExecuteTaskStatusExecution] 0811d82a-292b-418f-a9aa-32d7fd5c8825 [2026-08-02T07:52:01.269576] "database", (STDOUT, APP/TASK/deploy)#
#2026 08 02 07:54:57.350#Z#DEBUG#6828ea62-8e47-11f1-a22d-eeee0a847462.SmartProcureX-db-deployer#flowable-async-job-executor-thread-9997#
[PollExecuteTaskStatusExecution] 0811d82a-292b-418f-a9aa-32d7fd5c8825 [2026-08-02T07:52:01.269581] "relational" (STDOUT, APP/TASK/deploy)#
#2026 08 02 07:54:57.350#Z#DEBUG#6828ea62-8e47-11f1-a22d-eeee0a847462.SmartProcureX-db-deployer#flowable-async-job-executor-thread-9997#
[PollExecuteTaskStatusExecution] 0811d82a-292b-418f-a9aa-32d7fd5c8825 [2026-08-02T07:52:01.269586] ] (STDOUT, APP/TASK/deploy)#
#2026 08 02 07:54:57.350#Z#DEBUG#6828ea62-8e47-11f1-a22d-eeee0a847462.SmartProcureX-db-deployer#flowable-async-job-executor-thread-9997#
[PollExecuteTaskStatusExecution] 0811d82a-292b-418f-a9aa-32d7fd5c8825 [2026-08-02T07:52:01.269590] } (STDOUT, APP/TASK/deploy)#
#2026 08 02 07:54:57.350#Z#DEBUG#6828ea62-8e47-11f1-a22d-eeee0a847462.SmartProcureX-db-deployer#flowable-async-job-executor-thread-9997#
[PollExecuteTaskStatusExecution] 0811d82a-292b-418f-a9aa-32d7fd5c8825 [2026-08-02T07:52:01.269595] ] (STDOUT, APP/TASK/deploy)#
#2026 08 02 07:54:57.350#Z#DEBUG#6828ea62-8e47-11f1-a22d-eeee0a847462.SmartProcureX-db-deployer#flowable-async-job-executor-thread-9997#
[PollExecuteTaskStatusExecution] 0811d82a-292b-418f-a9aa-32d7fd5c8825 [2026-08-02T07:52:01.269601] } (STDOUT, APP/TASK/deploy)#
#2026 08 02 07:54:57.350#Z#DEBUG#6828ea62-8e47-11f1-a22d-eeee0a847462.SmartProcureX-db-deployer#flowable-async-job-executor-thread-9997#
[PollExecuteTaskStatusExecution] 0811d82a-292b-418f-a9aa-32d7fd5c8825 [2026-08-02T07:52:05.579497] @sap/hdi-deploy, version 5.7.0 (mode default), server version unknown (0.0.0.0), cloud version , node version 24.15.0, HDI version -1, container API version -1 (STDOUT, APP/TASK/deploy)#
#2026 08 02 07:54:57.350#Z#DEBUG#6828ea62-8e47-11f1-a22d-eeee0a847462.SmartProcureX-db-deployer#flowable-async-job-executor-thread-9997#
[PollExecuteTaskStatusExecution] 0811d82a-292b-418f-a9aa-32d7fd5c8825 [2026-08-02T07:52:05.579526] Deployment started at 2026-08-02 07:52:05 (STDOUT, APP/TASK/deploy)#
#2026 08 02 07:54:57.350#Z#DEBUG#6828ea62-8e47-11f1-a22d-eeee0a847462.SmartProcureX-db-deployer#flowable-async-job-executor-thread-9997#
[PollExecuteTaskStatusExecution] 0811d82a-292b-418f-a9aa-32d7fd5c8825 [2026-08-02T07:52:05.579672] Using hdb@2.29.5 for connection (STDOUT, APP/TASK/deploy)#
#2026 08 02 07:54:57.350#Z#DEBUG#6828ea62-8e47-11f1-a22d-eeee0a847462.SmartProcureX-db-deployer#flowable-async-job-executor-thread-9997#
[PollExecuteTaskStatusExecution] 0811d82a-292b-418f-a9aa-32d7fd5c8825 [2026-08-02T07:52:05.579691] Detection of server version failed; root cause: HANA Database instance is stopped (STDOUT, APP/TASK/deploy)#
#2026 08 02 07:54:57.350#Z#DEBUG#6828ea62-8e47-11f1-a22d-eeee0a847462.SmartProcureX-db-deployer#flowable-async-job-executor-thread-9997#
[PollExecuteTaskStatusExecution] 0811d82a-292b-418f-a9aa-32d7fd5c8825 [2026-08-02T07:52:05.579816] Detection of cloud version failed; root cause: HANA Database instance is stopped (STDOUT, APP/TASK/deploy)#
#2026 08 02 07:54:57.350#Z#DEBUG#6828ea62-8e47-11f1-a22d-eeee0a847462.SmartProcureX-db-deployer#flowable-async-job-executor-thread-9997#
[PollExecuteTaskStatusExecution] 0811d82a-292b-418f-a9aa-32d7fd5c8825 [2026-08-02T07:52:05.579840] Detection of container API version failed; root cause: HANA Database instance is stopped (STDOUT, APP/TASK/deploy)#
#2026 08 02 07:54:57.350#Z#DEBUG#6828ea62-8e47-11f1-a22d-eeee0a847462.SmartProcureX-db-deployer#flowable-async-job-executor-thread-9997#
[PollExecuteTaskStatusExecution] 0811d82a-292b-418f-a9aa-32d7fd5c8825 [2026-08-02T07:52:05.579845] Detection of HDI version failed; root cause: HANA Database instance is stopped (STDOUT, APP/TASK/deploy)#
#2026 08 02 07:54:57.350#Z#DEBUG#6828ea62-8e47-11f1-a22d-eeee0a847462.SmartProcureX-db-deployer#flowable-async-job-executor-thread-9997#
[PollExecuteTaskStatusExecution] 0811d82a-292b-418f-a9aa-32d7fd5c8825 [2026-08-02T07:52:05.580061] Deployment ended at 2026-08-02 07:52:05 (STDOUT, APP/TASK/deploy)#
#2026 08 02 07:54:57.350#Z#DEBUG#6828ea62-8e47-11f1-a22d-eeee0a847462.SmartProcureX-db-deployer#flowable-async-job-executor-thread-9997#
[PollExecuteTaskStatusExecution] 0811d82a-292b-418f-a9aa-32d7fd5c8825 [2026-08-02T07:52:05.580188] Error: Option parameter is not supported by the server; based on detected server version unknown (STDERR, APP/TASK/deploy)#
#2026 08 02 07:54:57.350#Z#DEBUG#6828ea62-8e47-11f1-a22d-eeee0a847462.SmartProcureX-db-deployer#flowable-async-job-executor-thread-9997#
[PollExecuteTaskStatusExecution] 0811d82a-292b-418f-a9aa-32d7fd5c8825 [2026-08-02T07:52:05.580330] (4s 383ms) (STDOUT, APP/TASK/deploy)#
#2026 08 02 07:54:57.350#Z#DEBUG#6828ea62-8e47-11f1-a22d-eeee0a847462.SmartProcureX-db-deployer#flowable-async-job-executor-thread-9997#
[PollExecuteTaskStatusExecution] 0811d82a-292b-418f-a9aa-32d7fd5c8825 [2026-08-02T07:52:05.593037] npm notice (STDERR, APP/TASK/deploy)#
#2026 08 02 07:54:57.350#Z#DEBUG#6828ea62-8e47-11f1-a22d-eeee0a847462.SmartProcureX-db-deployer#flowable-async-job-executor-thread-9997#
[PollExecuteTaskStatusExecution] 0811d82a-292b-418f-a9aa-32d7fd5c8825 [2026-08-02T07:52:05.593058] npm notice New major version of npm available! 11.12.1 -> 12.0.2 (STDERR, APP/TASK/deploy)#
#2026 08 02 07:54:57.350#Z#DEBUG#6828ea62-8e47-11f1-a22d-eeee0a847462.SmartProcureX-db-deployer#flowable-async-job-executor-thread-9997#
[PollExecuteTaskStatusExecution] 0811d82a-292b-418f-a9aa-32d7fd5c8825 [2026-08-02T07:52:05.593063] npm notice Changelog: https://github.com/npm/cli/releases/tag/v12.0.2 (STDERR, APP/TASK/deploy)#
#2026 08 02 07:54:57.350#Z#DEBUG#6828ea62-8e47-11f1-a22d-eeee0a847462.SmartProcureX-db-deployer#flowable-async-job-executor-thread-9997#
[PollExecuteTaskStatusExecution] 0811d82a-292b-418f-a9aa-32d7fd5c8825 [2026-08-02T07:52:05.593065] npm notice To update run: npm install -g npm@12.0.2 (STDERR, APP/TASK/deploy)#
#2026 08 02 07:54:57.350#Z#DEBUG#6828ea62-8e47-11f1-a22d-eeee0a847462.SmartProcureX-db-deployer#flowable-async-job-executor-thread-9997#
[PollExecuteTaskStatusExecution] 0811d82a-292b-418f-a9aa-32d7fd5c8825 [2026-08-02T07:52:05.593068] npm notice (STDERR, APP/TASK/deploy)#
#2026 08 02 07:54:57.350#Z#DEBUG#6828ea62-8e47-11f1-a22d-eeee0a847462.SmartProcureX-db-deployer#flowable-async-job-executor-thread-9997#
[PollExecuteTaskStatusExecution] 0811d82a-292b-418f-a9aa-32d7fd5c8825 [2026-08-02T07:52:05.642767] Exit status 1 (STDOUT, APP/TASK/deploy)#
#2026 08 02 07:54:57.350#Z#DEBUG#6828ea62-8e47-11f1-a22d-eeee0a847462.SmartProcureX-db-deployer#flowable-async-job-executor-thread-9997#
[PollExecuteTaskStatusExecution] 0811d82a-292b-418f-a9aa-32d7fd5c8825 [2026-08-02T07:52:06.420396] Cell 2cba0a63-a06b-4c2d-9ff8-cb3bec259489 stopping instance 0d49fc07-ac24-4ceb-8c56-d63d68774884 (STDOUT, CELL)#
#2026 08 02 07:54:57.350#Z#DEBUG#6828ea62-8e47-11f1-a22d-eeee0a847462.SmartProcureX-db-deployer#flowable-async-job-executor-thread-9997#
[PollExecuteTaskStatusExecution] 0811d82a-292b-418f-a9aa-32d7fd5c8825 [2026-08-02T07:52:06.420496] Cell 2cba0a63-a06b-4c2d-9ff8-cb3bec259489 destroying container for instance 0d49fc07-ac24-4ceb-8c56-d63d68774884 (STDOUT, CELL)#
#2026 08 02 07:54:57.350#Z#DEBUG#6828ea62-8e47-11f1-a22d-eeee0a847462.SmartProcureX-db-deployer#flowable-async-job-executor-thread-9997#
[PollExecuteTaskStatusExecution] 0811d82a-292b-418f-a9aa-32d7fd5c8825 [2026-08-02T07:52:08.391825] Cell 2cba0a63-a06b-4c2d-9ff8-cb3bec259489 successfully destroyed container for instance 0d49fc07-ac24-4ceb-8c56-d63d68774884 (STDOUT, CELL)#
#2026 08 02 07:54:57.350#Z#DEBUG#6828ea62-8e47-11f1-a22d-eeee0a847462.SmartProcureX-db-deployer#flowable-async-job-executor-thread-9997#
[PollExecuteTaskStatusExecution] 0811d82a-292b-418f-a9aa-32d7fd5c8825 [2026-08-02T07:54:48.272526] Updated app with guid 0811d82a-292b-418f-a9aa-32d7fd5c8825 ({"lifecycle"=>{"data"=>{"buildpacks"=>["nodejs_buildpack"]}, "type"=>"buildpack"}}) (STDOUT, API)#
#2026 08 02 07:54:57.350#Z#DEBUG#6828ea62-8e47-11f1-a22d-eeee0a847462.SmartProcureX-db-deployer#flowable-async-job-executor-thread-9997#
[PollExecuteTaskStatusExecution] 0811d82a-292b-418f-a9aa-32d7fd5c8825 [2026-08-02T07:54:48.368240] Updating process: "web" (STDOUT, API)#
#2026 08 02 07:54:57.350#Z#DEBUG#6828ea62-8e47-11f1-a22d-eeee0a847462.SmartProcureX-db-deployer#flowable-async-job-executor-thread-9997#
[PollExecuteTaskStatusExecution] 0811d82a-292b-418f-a9aa-32d7fd5c8825 [2026-08-02T07:54:49.891787] Cell 919653e1-7038-451d-ac9f-e4bd0de8dbda creating container for instance 003526b0-1cd7-4129-bb79-39e9a1881645 (STDOUT, CELL)#
#2026 08 02 07:54:57.350#Z#DEBUG#6828ea62-8e47-11f1-a22d-eeee0a847462.SmartProcureX-db-deployer#flowable-async-job-executor-thread-9997#
[PollExecuteTaskStatusExecution] 0811d82a-292b-418f-a9aa-32d7fd5c8825 [2026-08-02T07:54:50.208673] Security group rules were updated (STDOUT, CELL)#
#2026 08 02 07:54:57.350#Z#DEBUG#6828ea62-8e47-11f1-a22d-eeee0a847462.SmartProcureX-db-deployer#flowable-async-job-executor-thread-9997#
[PollExecuteTaskStatusExecution] 0811d82a-292b-418f-a9aa-32d7fd5c8825 [2026-08-02T07:54:50.268043] Cell 919653e1-7038-451d-ac9f-e4bd0de8dbda successfully created container for instance 003526b0-1cd7-4129-bb79-39e9a1881645 (STDOUT, CELL)#
#2026 08 02 07:54:57.350#Z#DEBUG#6828ea62-8e47-11f1-a22d-eeee0a847462.SmartProcureX-db-deployer#flowable-async-job-executor-thread-9997#
[PollExecuteTaskStatusExecution] 0811d82a-292b-418f-a9aa-32d7fd5c8825 [2026-08-02T07:54:53.845468] Invoking pre-start scripts. (STDOUT, APP/TASK/deploy)#
#2026 08 02 07:54:57.350#Z#DEBUG#6828ea62-8e47-11f1-a22d-eeee0a847462.SmartProcureX-db-deployer#flowable-async-job-executor-thread-9997#
[PollExecuteTaskStatusExecution] 0811d82a-292b-418f-a9aa-32d7fd5c8825 [2026-08-02T07:54:53.985060] Invoking start command. (STDOUT, APP/TASK/deploy)#
#2026 08 02 07:54:57.350#Z#DEBUG#6828ea62-8e47-11f1-a22d-eeee0a847462.SmartProcureX-db-deployer#flowable-async-job-executor-thread-9997#
[PollExecuteTaskStatusExecution] 0811d82a-292b-418f-a9aa-32d7fd5c8825 [2026-08-02T07:54:54.272339] > start (STDOUT, APP/TASK/deploy)#
#2026 08 02 07:54:57.350#Z#DEBUG#6828ea62-8e47-11f1-a22d-eeee0a847462.SmartProcureX-db-deployer#flowable-async-job-executor-thread-9997#
[PollExecuteTaskStatusExecution] 0811d82a-292b-418f-a9aa-32d7fd5c8825 [2026-08-02T07:54:54.272363] > node node_modules/@sap/hdi-deploy/deploy.js --use-hdb --parameter com.sap.hana.di.table/try_fast_table_migration=true (STDOUT, APP/TASK/deploy)#
#2026 08 02 07:54:57.350#Z#DEBUG#6828ea62-8e47-11f1-a22d-eeee0a847462.SmartProcureX-db-deployer#flowable-async-job-executor-thread-9997#
[PollExecuteTaskStatusExecution] 0811d82a-292b-418f-a9aa-32d7fd5c8825 [2026-08-02T07:54:54.375684] VCAP_SERVICES: (STDOUT, APP/TASK/deploy)#
#2026 08 02 07:54:57.350#Z#DEBUG#6828ea62-8e47-11f1-a22d-eeee0a847462.SmartProcureX-db-deployer#flowable-async-job-executor-thread-9997#
[PollExecuteTaskStatusExecution] 0811d82a-292b-418f-a9aa-32d7fd5c8825 [2026-08-02T07:54:54.376105] { (STDOUT, APP/TASK/deploy)#
#2026 08 02 07:54:57.350#Z#DEBUG#6828ea62-8e47-11f1-a22d-eeee0a847462.SmartProcureX-db-deployer#flowable-async-job-executor-thread-9997#
[PollExecuteTaskStatusExecution] 0811d82a-292b-418f-a9aa-32d7fd5c8825 [2026-08-02T07:54:54.376119] "hana": [ (STDOUT, APP/TASK/deploy)#
#2026 08 02 07:54:57.350#Z#DEBUG#6828ea62-8e47-11f1-a22d-eeee0a847462.SmartProcureX-db-deployer#flowable-async-job-executor-thread-9997#
[PollExecuteTaskStatusExecution] 0811d82a-292b-418f-a9aa-32d7fd5c8825 [2026-08-02T07:54:54.376122] { (STDOUT, APP/TASK/deploy)#
#2026 08 02 07:54:57.350#Z#DEBUG#6828ea62-8e47-11f1-a22d-eeee0a847462.SmartProcureX-db-deployer#flowable-async-job-executor-thread-9997#
[PollExecuteTaskStatusExecution] 0811d82a-292b-418f-a9aa-32d7fd5c8825 [2026-08-02T07:54:54.376125] "name": "SmartProcureX-db", (STDOUT, APP/TASK/deploy)#
#2026 08 02 07:54:57.350#Z#DEBUG#6828ea62-8e47-11f1-a22d-eeee0a847462.SmartProcureX-db-deployer#flowable-async-job-executor-thread-9997#
[PollExecuteTaskStatusExecution] 0811d82a-292b-418f-a9aa-32d7fd5c8825 [2026-08-02T07:54:54.376128] "label": "hana", (STDOUT, APP/TASK/deploy)#
#2026 08 02 07:54:57.350#Z#DEBUG#6828ea62-8e47-11f1-a22d-eeee0a847462.SmartProcureX-db-deployer#flowable-async-job-executor-thread-9997#
[PollExecuteTaskStatusExecution] 0811d82a-292b-418f-a9aa-32d7fd5c8825 [2026-08-02T07:54:54.376130] "plan": "hdi-shared", (STDOUT, APP/TASK/deploy)#
#2026 08 02 07:54:57.350#Z#DEBUG#6828ea62-8e47-11f1-a22d-eeee0a847462.SmartProcureX-db-deployer#flowable-async-job-executor-thread-9997#
[PollExecuteTaskStatusExecution] 0811d82a-292b-418f-a9aa-32d7fd5c8825 [2026-08-02T07:54:54.376137] "credentials": { (STDOUT, APP/TASK/deploy)#
#2026 08 02 07:54:57.350#Z#DEBUG#6828ea62-8e47-11f1-a22d-eeee0a847462.SmartProcureX-db-deployer#flowable-async-job-executor-thread-9997#
[PollExecuteTaskStatusExecution] 0811d82a-292b-418f-a9aa-32d7fd5c8825 [2026-08-02T07:54:54.376140] "schema": "B2E83F60A5C34A6E98091CC639322A6C", (STDOUT, APP/TASK/deploy)#
#2026 08 02 07:54:57.350#Z#DEBUG#6828ea62-8e47-11f1-a22d-eeee0a847462.SmartProcureX-db-deployer#flowable-async-job-executor-thread-9997#
[PollExecuteTaskStatusExecution] 0811d82a-292b-418f-a9aa-32d7fd5c8825 [2026-08-02T07:54:54.376142] "database_id": "ccb85f22-d9b4-4190-84d2-64f7029bd6f6", (STDOUT, APP/TASK/deploy)#
#2026 08 02 07:54:57.350#Z#DEBUG#6828ea62-8e47-11f1-a22d-eeee0a847462.SmartProcureX-db-deployer#flowable-async-job-executor-thread-9997#
[PollExecuteTaskStatusExecution] 0811d82a-292b-418f-a9aa-32d7fd5c8825 [2026-08-02T07:54:54.376145] "user": "B2E83F60A5C34A6E98091CC639322A6C_11HPH9KXTDTQSB7FMNXEVK1B1_RT", (STDOUT, APP/TASK/deploy)#
#2026 08 02 07:54:57.350#Z#DEBUG#6828ea62-8e47-11f1-a22d-eeee0a847462.SmartProcureX-db-deployer#flowable-async-job-executor-thread-9997#
[PollExecuteTaskStatusExecution] 0811d82a-292b-418f-a9aa-32d7fd5c8825 [2026-08-02T07:54:54.376149] "hdi_user": "B2E83F60A5C34A6E98091CC639322A6C_11HPH9KXTDTQSB7FMNXEVK1B1_DT" (STDOUT, APP/TASK/deploy)#
#2026 08 02 07:54:57.350#Z#DEBUG#6828ea62-8e47-11f1-a22d-eeee0a847462.SmartProcureX-db-deployer#flowable-async-job-executor-thread-9997#
[PollExecuteTaskStatusExecution] 0811d82a-292b-418f-a9aa-32d7fd5c8825 [2026-08-02T07:54:54.376150] }, (STDOUT, APP/TASK/deploy)#
#2026 08 02 07:54:57.350#Z#DEBUG#6828ea62-8e47-11f1-a22d-eeee0a847462.SmartProcureX-db-deployer#flowable-async-job-executor-thread-9997#
[PollExecuteTaskStatusExecution] 0811d82a-292b-418f-a9aa-32d7fd5c8825 [2026-08-02T07:54:54.376152] "tags": [ (STDOUT, APP/TASK/deploy)#
#2026 08 02 07:54:57.350#Z#DEBUG#6828ea62-8e47-11f1-a22d-eeee0a847462.SmartProcureX-db-deployer#flowable-async-job-executor-thread-9997#
[PollExecuteTaskStatusExecution] 0811d82a-292b-418f-a9aa-32d7fd5c8825 [2026-08-02T07:54:54.376154] "hana", (STDOUT, APP/TASK/deploy)#
#2026 08 02 07:54:57.350#Z#DEBUG#6828ea62-8e47-11f1-a22d-eeee0a847462.SmartProcureX-db-deployer#flowable-async-job-executor-thread-9997#
[PollExecuteTaskStatusExecution] 0811d82a-292b-418f-a9aa-32d7fd5c8825 [2026-08-02T07:54:54.376156] "database", (STDOUT, APP/TASK/deploy)#
#2026 08 02 07:54:57.350#Z#DEBUG#6828ea62-8e47-11f1-a22d-eeee0a847462.SmartProcureX-db-deployer#flowable-async-job-executor-thread-9997#
[PollExecuteTaskStatusExecution] 0811d82a-292b-418f-a9aa-32d7fd5c8825 [2026-08-02T07:54:54.376157] "relational" (STDOUT, APP/TASK/deploy)#
#2026 08 02 07:54:57.350#Z#DEBUG#6828ea62-8e47-11f1-a22d-eeee0a847462.SmartProcureX-db-deployer#flowable-async-job-executor-thread-9997#
[PollExecuteTaskStatusExecution] 0811d82a-292b-418f-a9aa-32d7fd5c8825 [2026-08-02T07:54:54.376159] ] (STDOUT, APP/TASK/deploy)#
#2026 08 02 07:54:57.350#Z#DEBUG#6828ea62-8e47-11f1-a22d-eeee0a847462.SmartProcureX-db-deployer#flowable-async-job-executor-thread-9997#
[PollExecuteTaskStatusExecution] 0811d82a-292b-418f-a9aa-32d7fd5c8825 [2026-08-02T07:54:54.376161] } (STDOUT, APP/TASK/deploy)#
#2026 08 02 07:54:57.350#Z#DEBUG#6828ea62-8e47-11f1-a22d-eeee0a847462.SmartProcureX-db-deployer#flowable-async-job-executor-thread-9997#
[PollExecuteTaskStatusExecution] 0811d82a-292b-418f-a9aa-32d7fd5c8825 [2026-08-02T07:54:54.376162] ] (STDOUT, APP/TASK/deploy)#
#2026 08 02 07:54:57.350#Z#DEBUG#6828ea62-8e47-11f1-a22d-eeee0a847462.SmartProcureX-db-deployer#flowable-async-job-executor-thread-9997#
[PollExecuteTaskStatusExecution] 0811d82a-292b-418f-a9aa-32d7fd5c8825 [2026-08-02T07:54:54.376164] } (STDOUT, APP/TASK/deploy)#
#2026 08 02 07:55:07.379#Z#DEBUG#6828ea62-8e47-11f1-a22d-eeee0a847462.SmartProcureX-db-deployer#flowable-async-job-executor-thread-2159#
[PollExecuteTaskStatusExecution] 0811d82a-292b-418f-a9aa-32d7fd5c8825 [2026-08-02T07:54:58.673904] @sap/hdi-deploy, version 5.7.0 (mode default), server version unknown (0.0.0.0), cloud version , node version 24.15.0, HDI version -1, container API version -1 (STDOUT, APP/TASK/deploy)#
#2026 08 02 07:55:07.379#Z#DEBUG#6828ea62-8e47-11f1-a22d-eeee0a847462.SmartProcureX-db-deployer#flowable-async-job-executor-thread-2159#
[PollExecuteTaskStatusExecution] 0811d82a-292b-418f-a9aa-32d7fd5c8825 [2026-08-02T07:54:58.673925] Deployment started at 2026-08-02 07:54:58 (STDOUT, APP/TASK/deploy)#
#2026 08 02 07:55:07.379#Z#DEBUG#6828ea62-8e47-11f1-a22d-eeee0a847462.SmartProcureX-db-deployer#flowable-async-job-executor-thread-2159#
[PollExecuteTaskStatusExecution] 0811d82a-292b-418f-a9aa-32d7fd5c8825 [2026-08-02T07:54:58.674196] Using hdb@2.29.5 for connection (STDOUT, APP/TASK/deploy)#
#2026 08 02 07:55:07.379#Z#DEBUG#6828ea62-8e47-11f1-a22d-eeee0a847462.SmartProcureX-db-deployer#flowable-async-job-executor-thread-2159#
[PollExecuteTaskStatusExecution] 0811d82a-292b-418f-a9aa-32d7fd5c8825 [2026-08-02T07:54:58.674227] Detection of server version failed; root cause: HANA Database instance is stopped (STDOUT, APP/TASK/deploy)#
#2026 08 02 07:55:07.379#Z#DEBUG#6828ea62-8e47-11f1-a22d-eeee0a847462.SmartProcureX-db-deployer#flowable-async-job-executor-thread-2159#
[PollExecuteTaskStatusExecution] 0811d82a-292b-418f-a9aa-32d7fd5c8825 [2026-08-02T07:54:58.674232] Detection of cloud version failed; root cause: HANA Database instance is stopped (STDOUT, APP/TASK/deploy)#
#2026 08 02 07:55:07.379#Z#DEBUG#6828ea62-8e47-11f1-a22d-eeee0a847462.SmartProcureX-db-deployer#flowable-async-job-executor-thread-2159#
[PollExecuteTaskStatusExecution] 0811d82a-292b-418f-a9aa-32d7fd5c8825 [2026-08-02T07:54:58.674237] Detection of container API version failed; root cause: HANA Database instance is stopped (STDOUT, APP/TASK/deploy)#
#2026 08 02 07:55:07.379#Z#DEBUG#6828ea62-8e47-11f1-a22d-eeee0a847462.SmartProcureX-db-deployer#flowable-async-job-executor-thread-2159#
[PollExecuteTaskStatusExecution] 0811d82a-292b-418f-a9aa-32d7fd5c8825 [2026-08-02T07:54:58.674240] Detection of HDI version failed; root cause: HANA Database instance is stopped (STDOUT, APP/TASK/deploy)#
#2026 08 02 07:55:07.379#Z#DEBUG#6828ea62-8e47-11f1-a22d-eeee0a847462.SmartProcureX-db-deployer#flowable-async-job-executor-thread-2159#
[PollExecuteTaskStatusExecution] 0811d82a-292b-418f-a9aa-32d7fd5c8825 [2026-08-02T07:54:58.674409] Deployment ended at 2026-08-02 07:54:58 (STDOUT, APP/TASK/deploy)#
#2026 08 02 07:55:07.379#Z#DEBUG#6828ea62-8e47-11f1-a22d-eeee0a847462.SmartProcureX-db-deployer#flowable-async-job-executor-thread-2159#
[PollExecuteTaskStatusExecution] 0811d82a-292b-418f-a9aa-32d7fd5c8825 [2026-08-02T07:54:58.674591] Error: Option parameter is not supported by the server; based on detected server version unknown (STDERR, APP/TASK/deploy)#
#2026 08 02 07:55:07.379#Z#DEBUG#6828ea62-8e47-11f1-a22d-eeee0a847462.SmartProcureX-db-deployer#flowable-async-job-executor-thread-2159#
[PollExecuteTaskStatusExecution] 0811d82a-292b-418f-a9aa-32d7fd5c8825 [2026-08-02T07:54:58.674703] (4s 370ms) (STDOUT, APP/TASK/deploy)#
#2026 08 02 07:55:07.379#Z#DEBUG#6828ea62-8e47-11f1-a22d-eeee0a847462.SmartProcureX-db-deployer#flowable-async-job-executor-thread-2159#
[PollExecuteTaskStatusExecution] 0811d82a-292b-418f-a9aa-32d7fd5c8825 [2026-08-02T07:54:58.683578] npm notice (STDERR, APP/TASK/deploy)#
#2026 08 02 07:55:07.379#Z#DEBUG#6828ea62-8e47-11f1-a22d-eeee0a847462.SmartProcureX-db-deployer#flowable-async-job-executor-thread-2159#
[PollExecuteTaskStatusExecution] 0811d82a-292b-418f-a9aa-32d7fd5c8825 [2026-08-02T07:54:58.683598] npm notice New major version of npm available! 11.12.1 -> 12.0.2 (STDERR, APP/TASK/deploy)#
#2026 08 02 07:55:07.379#Z#DEBUG#6828ea62-8e47-11f1-a22d-eeee0a847462.SmartProcureX-db-deployer#flowable-async-job-executor-thread-2159#
[PollExecuteTaskStatusExecution] 0811d82a-292b-418f-a9aa-32d7fd5c8825 [2026-08-02T07:54:58.683604] npm notice Changelog: https://github.com/npm/cli/releases/tag/v12.0.2 (STDERR, APP/TASK/deploy)#
#2026 08 02 07:55:07.379#Z#DEBUG#6828ea62-8e47-11f1-a22d-eeee0a847462.SmartProcureX-db-deployer#flowable-async-job-executor-thread-2159#
[PollExecuteTaskStatusExecution] 0811d82a-292b-418f-a9aa-32d7fd5c8825 [2026-08-02T07:54:58.683607] npm notice To update run: npm install -g npm@12.0.2 (STDERR, APP/TASK/deploy)#
#2026 08 02 07:55:07.379#Z#DEBUG#6828ea62-8e47-11f1-a22d-eeee0a847462.SmartProcureX-db-deployer#flowable-async-job-executor-thread-2159#
[PollExecuteTaskStatusExecution] 0811d82a-292b-418f-a9aa-32d7fd5c8825 [2026-08-02T07:54:58.683616] npm notice (STDERR, APP/TASK/deploy)#
#2026 08 02 07:55:07.379#Z#DEBUG#6828ea62-8e47-11f1-a22d-eeee0a847462.SmartProcureX-db-deployer#flowable-async-job-executor-thread-2159#
[PollExecuteTaskStatusExecution] 0811d82a-292b-418f-a9aa-32d7fd5c8825 [2026-08-02T07:54:58.733989] Exit status 1 (STDOUT, APP/TASK/deploy)#
#2026 08 02 07:55:07.379#Z#DEBUG#6828ea62-8e47-11f1-a22d-eeee0a847462.SmartProcureX-db-deployer#flowable-async-job-executor-thread-2159#
[PollExecuteTaskStatusExecution] 0811d82a-292b-418f-a9aa-32d7fd5c8825 [2026-08-02T07:54:59.454584] Cell 919653e1-7038-451d-ac9f-e4bd0de8dbda stopping instance 003526b0-1cd7-4129-bb79-39e9a1881645 (STDOUT, CELL)#
#2026 08 02 07:55:07.379#Z#DEBUG#6828ea62-8e47-11f1-a22d-eeee0a847462.SmartProcureX-db-deployer#flowable-async-job-executor-thread-2159#
[PollExecuteTaskStatusExecution] 0811d82a-292b-418f-a9aa-32d7fd5c8825 [2026-08-02T07:54:59.454627] Cell 919653e1-7038-451d-ac9f-e4bd0de8dbda destroying container for instance 003526b0-1cd7-4129-bb79-39e9a1881645 (STDOUT, CELL)#
#2026 08 02 07:55:07.379#Z#DEBUG#6828ea62-8e47-11f1-a22d-eeee0a847462.SmartProcureX-db-deployer#flowable-async-job-executor-thread-2159#
[PollExecuteTaskStatusExecution] 0811d82a-292b-418f-a9aa-32d7fd5c8825 [2026-08-02T07:55:01.597171] Cell 919653e1-7038-451d-ac9f-e4bd0de8dbda successfully destroyed container for instance 003526b0-1cd7-4129-bb79-39e9a1881645 (STDOUT, CELL)#
#2026 08 02 07:55:17.301#Z#DEBUG#6828ea62-8e47-11f1-a22d-eeee0a847462.SmartProcureX-db-deployer#flowable-async-job-executor-thread-10009#
[PollExecuteTaskStatusExecution] 0811d82a-292b-418f-a9aa-32d7fd5c8825 [2026-08-02T07:54:58.673904] @sap/hdi-deploy, version 5.7.0 (mode default), server version unknown (0.0.0.0), cloud version , node version 24.15.0, HDI version -1, container API version -1 (STDOUT, APP/TASK/deploy)#
#2026 08 02 07:55:17.301#Z#DEBUG#6828ea62-8e47-11f1-a22d-eeee0a847462.SmartProcureX-db-deployer#flowable-async-job-executor-thread-10009#
[PollExecuteTaskStatusExecution] 0811d82a-292b-418f-a9aa-32d7fd5c8825 [2026-08-02T07:54:58.673925] Deployment started at 2026-08-02 07:54:58 (STDOUT, APP/TASK/deploy)#
#2026 08 02 07:55:17.301#Z#DEBUG#6828ea62-8e47-11f1-a22d-eeee0a847462.SmartProcureX-db-deployer#flowable-async-job-executor-thread-10009#
[PollExecuteTaskStatusExecution] 0811d82a-292b-418f-a9aa-32d7fd5c8825 [2026-08-02T07:54:58.674196] Using hdb@2.29.5 for connection (STDOUT, APP/TASK/deploy)#
#2026 08 02 07:55:17.301#Z#DEBUG#6828ea62-8e47-11f1-a22d-eeee0a847462.SmartProcureX-db-deployer#flowable-async-job-executor-thread-10009#
[PollExecuteTaskStatusExecution] 0811d82a-292b-418f-a9aa-32d7fd5c8825 [2026-08-02T07:54:58.674227] Detection of server version failed; root cause: HANA Database instance is stopped (STDOUT, APP/TASK/deploy)#
#2026 08 02 07:55:17.301#Z#DEBUG#6828ea62-8e47-11f1-a22d-eeee0a847462.SmartProcureX-db-deployer#flowable-async-job-executor-thread-10009#
[PollExecuteTaskStatusExecution] 0811d82a-292b-418f-a9aa-32d7fd5c8825 [2026-08-02T07:54:58.674232] Detection of cloud version failed; root cause: HANA Database instance is stopped (STDOUT, APP/TASK/deploy)#
#2026 08 02 07:55:17.301#Z#DEBUG#6828ea62-8e47-11f1-a22d-eeee0a847462.SmartProcureX-db-deployer#flowable-async-job-executor-thread-10009#
[PollExecuteTaskStatusExecution] 0811d82a-292b-418f-a9aa-32d7fd5c8825 [2026-08-02T07:54:58.674237] Detection of container API version failed; root cause: HANA Database instance is stopped (STDOUT, APP/TASK/deploy)#
#2026 08 02 07:55:17.301#Z#DEBUG#6828ea62-8e47-11f1-a22d-eeee0a847462.SmartProcureX-db-deployer#flowable-async-job-executor-thread-10009#
[PollExecuteTaskStatusExecution] 0811d82a-292b-418f-a9aa-32d7fd5c8825 [2026-08-02T07:54:58.674240] Detection of HDI version failed; root cause: HANA Database instance is stopped (STDOUT, APP/TASK/deploy)#
#2026 08 02 07:55:17.301#Z#DEBUG#6828ea62-8e47-11f1-a22d-eeee0a847462.SmartProcureX-db-deployer#flowable-async-job-executor-thread-10009#
[PollExecuteTaskStatusExecution] 0811d82a-292b-418f-a9aa-32d7fd5c8825 [2026-08-02T07:54:58.674409] Deployment ended at 2026-08-02 07:54:58 (STDOUT, APP/TASK/deploy)#
#2026 08 02 07:55:17.301#Z#DEBUG#6828ea62-8e47-11f1-a22d-eeee0a847462.SmartProcureX-db-deployer#flowable-async-job-executor-thread-10009#
[PollExecuteTaskStatusExecution] 0811d82a-292b-418f-a9aa-32d7fd5c8825 [2026-08-02T07:54:58.674591] Error: Option parameter is not supported by the server; based on detected server version unknown (STDERR, APP/TASK/deploy)#
#2026 08 02 07:55:17.301#Z#DEBUG#6828ea62-8e47-11f1-a22d-eeee0a847462.SmartProcureX-db-deployer#flowable-async-job-executor-thread-10009#
[PollExecuteTaskStatusExecution] 0811d82a-292b-418f-a9aa-32d7fd5c8825 [2026-08-02T07:54:58.674703] (4s 370ms) (STDOUT, APP/TASK/deploy)#
#2026 08 02 07:55:17.301#Z#DEBUG#6828ea62-8e47-11f1-a22d-eeee0a847462.SmartProcureX-db-deployer#flowable-async-job-executor-thread-10009#
[PollExecuteTaskStatusExecution] 0811d82a-292b-418f-a9aa-32d7fd5c8825 [2026-08-02T07:54:58.683578] npm notice (STDERR, APP/TASK/deploy)#
#2026 08 02 07:55:17.301#Z#DEBUG#6828ea62-8e47-11f1-a22d-eeee0a847462.SmartProcureX-db-deployer#flowable-async-job-executor-thread-10009#
[PollExecuteTaskStatusExecution] 0811d82a-292b-418f-a9aa-32d7fd5c8825 [2026-08-02T07:54:58.683598] npm notice New major version of npm available! 11.12.1 -> 12.0.2 (STDERR, APP/TASK/deploy)#
#2026 08 02 07:55:17.301#Z#DEBUG#6828ea62-8e47-11f1-a22d-eeee0a847462.SmartProcureX-db-deployer#flowable-async-job-executor-thread-10009#
[PollExecuteTaskStatusExecution] 0811d82a-292b-418f-a9aa-32d7fd5c8825 [2026-08-02T07:54:58.683604] npm notice Changelog: https://github.com/npm/cli/releases/tag/v12.0.2 (STDERR, APP/TASK/deploy)#
#2026 08 02 07:55:17.301#Z#DEBUG#6828ea62-8e47-11f1-a22d-eeee0a847462.SmartProcureX-db-deployer#flowable-async-job-executor-thread-10009#
[PollExecuteTaskStatusExecution] 0811d82a-292b-418f-a9aa-32d7fd5c8825 [2026-08-02T07:54:58.683607] npm notice To update run: npm install -g npm@12.0.2 (STDERR, APP/TASK/deploy)#
#2026 08 02 07:55:17.301#Z#DEBUG#6828ea62-8e47-11f1-a22d-eeee0a847462.SmartProcureX-db-deployer#flowable-async-job-executor-thread-10009#
[PollExecuteTaskStatusExecution] 0811d82a-292b-418f-a9aa-32d7fd5c8825 [2026-08-02T07:54:58.683616] npm notice (STDERR, APP/TASK/deploy)#
#2026 08 02 07:55:17.301#Z#DEBUG#6828ea62-8e47-11f1-a22d-eeee0a847462.SmartProcureX-db-deployer#flowable-async-job-executor-thread-10009#
[PollExecuteTaskStatusExecution] 0811d82a-292b-418f-a9aa-32d7fd5c8825 [2026-08-02T07:54:58.733989] Exit status 1 (STDOUT, APP/TASK/deploy)#
#2026 08 02 07:55:17.301#Z#DEBUG#6828ea62-8e47-11f1-a22d-eeee0a847462.SmartProcureX-db-deployer#flowable-async-job-executor-thread-10009#
[PollExecuteTaskStatusExecution] 0811d82a-292b-418f-a9aa-32d7fd5c8825 [2026-08-02T07:54:59.454584] Cell 919653e1-7038-451d-ac9f-e4bd0de8dbda stopping instance 003526b0-1cd7-4129-bb79-39e9a1881645 (STDOUT, CELL)#
#2026 08 02 07:55:17.301#Z#DEBUG#6828ea62-8e47-11f1-a22d-eeee0a847462.SmartProcureX-db-deployer#flowable-async-job-executor-thread-10009#
[PollExecuteTaskStatusExecution] 0811d82a-292b-418f-a9aa-32d7fd5c8825 [2026-08-02T07:54:59.454627] Cell 919653e1-7038-451d-ac9f-e4bd0de8dbda destroying container for instance 003526b0-1cd7-4129-bb79-39e9a1881645 (STDOUT, CELL)#
#2026 08 02 07:55:17.301#Z#DEBUG#6828ea62-8e47-11f1-a22d-eeee0a847462.SmartProcureX-db-deployer#flowable-async-job-executor-thread-10009#
[PollExecuteTaskStatusExecution] 0811d82a-292b-418f-a9aa-32d7fd5c8825 [2026-08-02T07:55:01.597171] Cell 919653e1-7038-451d-ac9f-e4bd0de8dbda successfully destroyed container for instance 003526b0-1cd7-4129-bb79-39e9a1881645 (STDOUT, CELL)#
#2026 08 02 07:55:17.301#Z#DEBUG#6828ea62-8e47-11f1-a22d-eeee0a847462.SmartProcureX-db-deployer#flowable-async-job-executor-thread-10009#
[PollExecuteTaskStatusExecution] 0811d82a-292b-418f-a9aa-32d7fd5c8825 [2026-08-02T07:55:08.470715] Cell 919653e1-7038-451d-ac9f-e4bd0de8dbda creating container for instance 25f382d8-5c93-4cca-8084-13cbeb0dd782 (STDOUT, CELL)#
#2026 08 02 07:55:17.301#Z#DEBUG#6828ea62-8e47-11f1-a22d-eeee0a847462.SmartProcureX-db-deployer#flowable-async-job-executor-thread-10009#
[PollExecuteTaskStatusExecution] 0811d82a-292b-418f-a9aa-32d7fd5c8825 [2026-08-02T07:55:08.796390] Security group rules were updated (STDOUT, CELL)#
#2026 08 02 07:55:17.301#Z#DEBUG#6828ea62-8e47-11f1-a22d-eeee0a847462.SmartProcureX-db-deployer#flowable-async-job-executor-thread-10009#
[PollExecuteTaskStatusExecution] 0811d82a-292b-418f-a9aa-32d7fd5c8825 [2026-08-02T07:55:08.854809] Cell 919653e1-7038-451d-ac9f-e4bd0de8dbda successfully created container for instance 25f382d8-5c93-4cca-8084-13cbeb0dd782 (STDOUT, CELL)#
#2026 08 02 07:55:17.301#Z#DEBUG#6828ea62-8e47-11f1-a22d-eeee0a847462.SmartProcureX-db-deployer#flowable-async-job-executor-thread-10009#
[PollExecuteTaskStatusExecution] 0811d82a-292b-418f-a9aa-32d7fd5c8825 [2026-08-02T07:55:12.164748] Invoking pre-start scripts. (STDOUT, APP/TASK/deploy)#
#2026 08 02 07:55:17.301#Z#DEBUG#6828ea62-8e47-11f1-a22d-eeee0a847462.SmartProcureX-db-deployer#flowable-async-job-executor-thread-10009#
[PollExecuteTaskStatusExecution] 0811d82a-292b-418f-a9aa-32d7fd5c8825 [2026-08-02T07:55:12.303223] Invoking start command. (STDOUT, APP/TASK/deploy)#
#2026 08 02 07:55:17.301#Z#DEBUG#6828ea62-8e47-11f1-a22d-eeee0a847462.SmartProcureX-db-deployer#flowable-async-job-executor-thread-10009#
[PollExecuteTaskStatusExecution] 0811d82a-292b-418f-a9aa-32d7fd5c8825 [2026-08-02T07:55:12.590477] > start (STDOUT, APP/TASK/deploy)#
#2026 08 02 07:55:17.301#Z#DEBUG#6828ea62-8e47-11f1-a22d-eeee0a847462.SmartProcureX-db-deployer#flowable-async-job-executor-thread-10009#
[PollExecuteTaskStatusExecution] 0811d82a-292b-418f-a9aa-32d7fd5c8825 [2026-08-02T07:55:12.590498] > node node_modules/@sap/hdi-deploy/deploy.js --use-hdb --parameter com.sap.hana.di.table/try_fast_table_migration=true (STDOUT, APP/TASK/deploy)#
#2026 08 02 07:55:17.301#Z#DEBUG#6828ea62-8e47-11f1-a22d-eeee0a847462.SmartProcureX-db-deployer#flowable-async-job-executor-thread-10009#
[PollExecuteTaskStatusExecution] 0811d82a-292b-418f-a9aa-32d7fd5c8825 [2026-08-02T07:55:12.690189] VCAP_SERVICES: (STDOUT, APP/TASK/deploy)#
#2026 08 02 07:55:17.301#Z#DEBUG#6828ea62-8e47-11f1-a22d-eeee0a847462.SmartProcureX-db-deployer#flowable-async-job-executor-thread-10009#
[PollExecuteTaskStatusExecution] 0811d82a-292b-418f-a9aa-32d7fd5c8825 [2026-08-02T07:55:12.690606] { (STDOUT, APP/TASK/deploy)#
#2026 08 02 07:55:17.301#Z#DEBUG#6828ea62-8e47-11f1-a22d-eeee0a847462.SmartProcureX-db-deployer#flowable-async-job-executor-thread-10009#
[PollExecuteTaskStatusExecution] 0811d82a-292b-418f-a9aa-32d7fd5c8825 [2026-08-02T07:55:12.690628] "hana": [ (STDOUT, APP/TASK/deploy)#
#2026 08 02 07:55:17.301#Z#DEBUG#6828ea62-8e47-11f1-a22d-eeee0a847462.SmartProcureX-db-deployer#flowable-async-job-executor-thread-10009#
[PollExecuteTaskStatusExecution] 0811d82a-292b-418f-a9aa-32d7fd5c8825 [2026-08-02T07:55:12.690630] { (STDOUT, APP/TASK/deploy)#
#2026 08 02 07:55:17.301#Z#DEBUG#6828ea62-8e47-11f1-a22d-eeee0a847462.SmartProcureX-db-deployer#flowable-async-job-executor-thread-10009#
[PollExecuteTaskStatusExecution] 0811d82a-292b-418f-a9aa-32d7fd5c8825 [2026-08-02T07:55:12.690636] "name": "SmartProcureX-db", (STDOUT, APP/TASK/deploy)#
#2026 08 02 07:55:17.301#Z#DEBUG#6828ea62-8e47-11f1-a22d-eeee0a847462.SmartProcureX-db-deployer#flowable-async-job-executor-thread-10009#
[PollExecuteTaskStatusExecution] 0811d82a-292b-418f-a9aa-32d7fd5c8825 [2026-08-02T07:55:12.690642] "label": "hana", (STDOUT, APP/TASK/deploy)#
#2026 08 02 07:55:17.301#Z#DEBUG#6828ea62-8e47-11f1-a22d-eeee0a847462.SmartProcureX-db-deployer#flowable-async-job-executor-thread-10009#
[PollExecuteTaskStatusExecution] 0811d82a-292b-418f-a9aa-32d7fd5c8825 [2026-08-02T07:55:12.690644] "plan": "hdi-shared", (STDOUT, APP/TASK/deploy)#
#2026 08 02 07:55:17.301#Z#DEBUG#6828ea62-8e47-11f1-a22d-eeee0a847462.SmartProcureX-db-deployer#flowable-async-job-executor-thread-10009#
[PollExecuteTaskStatusExecution] 0811d82a-292b-418f-a9aa-32d7fd5c8825 [2026-08-02T07:55:12.690645] "credentials": { (STDOUT, APP/TASK/deploy)#
#2026 08 02 07:55:17.301#Z#DEBUG#6828ea62-8e47-11f1-a22d-eeee0a847462.SmartProcureX-db-deployer#flowable-async-job-executor-thread-10009#
[PollExecuteTaskStatusExecution] 0811d82a-292b-418f-a9aa-32d7fd5c8825 [2026-08-02T07:55:12.690648] "schema": "B2E83F60A5C34A6E98091CC639322A6C", (STDOUT, APP/TASK/deploy)#
#2026 08 02 07:55:17.301#Z#DEBUG#6828ea62-8e47-11f1-a22d-eeee0a847462.SmartProcureX-db-deployer#flowable-async-job-executor-thread-10009#
[PollExecuteTaskStatusExecution] 0811d82a-292b-418f-a9aa-32d7fd5c8825 [2026-08-02T07:55:12.690650] "database_id": "ccb85f22-d9b4-4190-84d2-64f7029bd6f6", (STDOUT, APP/TASK/deploy)#
#2026 08 02 07:55:17.301#Z#DEBUG#6828ea62-8e47-11f1-a22d-eeee0a847462.SmartProcureX-db-deployer#flowable-async-job-executor-thread-10009#
[PollExecuteTaskStatusExecution] 0811d82a-292b-418f-a9aa-32d7fd5c8825 [2026-08-02T07:55:12.690652] "user": "B2E83F60A5C34A6E98091CC639322A6C_11HPH9KXTDTQSB7FMNXEVK1B1_RT", (STDOUT, APP/TASK/deploy)#
#2026 08 02 07:55:17.301#Z#DEBUG#6828ea62-8e47-11f1-a22d-eeee0a847462.SmartProcureX-db-deployer#flowable-async-job-executor-thread-10009#
[PollExecuteTaskStatusExecution] 0811d82a-292b-418f-a9aa-32d7fd5c8825 [2026-08-02T07:55:12.690654] "hdi_user": "B2E83F60A5C34A6E98091CC639322A6C_11HPH9KXTDTQSB7FMNXEVK1B1_DT" (STDOUT, APP/TASK/deploy)#
#2026 08 02 07:55:17.301#Z#DEBUG#6828ea62-8e47-11f1-a22d-eeee0a847462.SmartProcureX-db-deployer#flowable-async-job-executor-thread-10009#
[PollExecuteTaskStatusExecution] 0811d82a-292b-418f-a9aa-32d7fd5c8825 [2026-08-02T07:55:12.690655] }, (STDOUT, APP/TASK/deploy)#
#2026 08 02 07:55:17.301#Z#DEBUG#6828ea62-8e47-11f1-a22d-eeee0a847462.SmartProcureX-db-deployer#flowable-async-job-executor-thread-10009#
[PollExecuteTaskStatusExecution] 0811d82a-292b-418f-a9aa-32d7fd5c8825 [2026-08-02T07:55:12.690657] "tags": [ (STDOUT, APP/TASK/deploy)#
#2026 08 02 07:55:17.301#Z#DEBUG#6828ea62-8e47-11f1-a22d-eeee0a847462.SmartProcureX-db-deployer#flowable-async-job-executor-thread-10009#
[PollExecuteTaskStatusExecution] 0811d82a-292b-418f-a9aa-32d7fd5c8825 [2026-08-02T07:55:12.690658] "hana", (STDOUT, APP/TASK/deploy)#
#2026 08 02 07:55:17.301#Z#DEBUG#6828ea62-8e47-11f1-a22d-eeee0a847462.SmartProcureX-db-deployer#flowable-async-job-executor-thread-10009#
[PollExecuteTaskStatusExecution] 0811d82a-292b-418f-a9aa-32d7fd5c8825 [2026-08-02T07:55:12.690660] "database", (STDOUT, APP/TASK/deploy)#
#2026 08 02 07:55:17.301#Z#DEBUG#6828ea62-8e47-11f1-a22d-eeee0a847462.SmartProcureX-db-deployer#flowable-async-job-executor-thread-10009#
[PollExecuteTaskStatusExecution] 0811d82a-292b-418f-a9aa-32d7fd5c8825 [2026-08-02T07:55:12.690662] "relational" (STDOUT, APP/TASK/deploy)#
#2026 08 02 07:55:17.301#Z#DEBUG#6828ea62-8e47-11f1-a22d-eeee0a847462.SmartProcureX-db-deployer#flowable-async-job-executor-thread-10009#
[PollExecuteTaskStatusExecution] 0811d82a-292b-418f-a9aa-32d7fd5c8825 [2026-08-02T07:55:12.690664] ] (STDOUT, APP/TASK/deploy)#
#2026 08 02 07:55:17.301#Z#DEBUG#6828ea62-8e47-11f1-a22d-eeee0a847462.SmartProcureX-db-deployer#flowable-async-job-executor-thread-10009#
[PollExecuteTaskStatusExecution] 0811d82a-292b-418f-a9aa-32d7fd5c8825 [2026-08-02T07:55:12.690668] } (STDOUT, APP/TASK/deploy)#
#2026 08 02 07:55:17.301#Z#DEBUG#6828ea62-8e47-11f1-a22d-eeee0a847462.SmartProcureX-db-deployer#flowable-async-job-executor-thread-10009#
[PollExecuteTaskStatusExecution] 0811d82a-292b-418f-a9aa-32d7fd5c8825 [2026-08-02T07:55:12.690669] ] (STDOUT, APP/TASK/deploy)#
#2026 08 02 07:55:17.301#Z#DEBUG#6828ea62-8e47-11f1-a22d-eeee0a847462.SmartProcureX-db-deployer#flowable-async-job-executor-thread-10009#
[PollExecuteTaskStatusExecution] 0811d82a-292b-418f-a9aa-32d7fd5c8825 [2026-08-02T07:55:12.690670] } (STDOUT, APP/TASK/deploy)#
#2026 08 02 07:55:27.365#Z#DEBUG#6828ea62-8e47-11f1-a22d-eeee0a847462.SmartProcureX-db-deployer#flowable-async-job-executor-thread-10014#
[PollExecuteTaskStatusExecution] 0811d82a-292b-418f-a9aa-32d7fd5c8825 [2026-08-02T07:55:16.985132] @sap/hdi-deploy, version 5.7.0 (mode default), server version unknown (0.0.0.0), cloud version , node version 24.15.0, HDI version -1, container API version -1 (STDOUT, APP/TASK/deploy)#
#2026 08 02 07:55:27.365#Z#DEBUG#6828ea62-8e47-11f1-a22d-eeee0a847462.SmartProcureX-db-deployer#flowable-async-job-executor-thread-10014#
[PollExecuteTaskStatusExecution] 0811d82a-292b-418f-a9aa-32d7fd5c8825 [2026-08-02T07:55:16.985170] Deployment started at 2026-08-02 07:55:16 (STDOUT, APP/TASK/deploy)#
#2026 08 02 07:55:27.365#Z#DEBUG#6828ea62-8e47-11f1-a22d-eeee0a847462.SmartProcureX-db-deployer#flowable-async-job-executor-thread-10014#
[PollExecuteTaskStatusExecution] 0811d82a-292b-418f-a9aa-32d7fd5c8825 [2026-08-02T07:55:16.985212] Using hdb@2.29.5 for connection (STDOUT, APP/TASK/deploy)#
#2026 08 02 07:55:27.365#Z#DEBUG#6828ea62-8e47-11f1-a22d-eeee0a847462.SmartProcureX-db-deployer#flowable-async-job-executor-thread-10014#
[PollExecuteTaskStatusExecution] 0811d82a-292b-418f-a9aa-32d7fd5c8825 [2026-08-02T07:55:16.985221] Detection of server version failed; root cause: HANA Database instance is stopped (STDOUT, APP/TASK/deploy)#
#2026 08 02 07:55:27.365#Z#DEBUG#6828ea62-8e47-11f1-a22d-eeee0a847462.SmartProcureX-db-deployer#flowable-async-job-executor-thread-10014#
[PollExecuteTaskStatusExecution] 0811d82a-292b-418f-a9aa-32d7fd5c8825 [2026-08-02T07:55:16.985249] Detection of cloud version failed; root cause: HANA Database instance is stopped (STDOUT, APP/TASK/deploy)#
#2026 08 02 07:55:27.365#Z#DEBUG#6828ea62-8e47-11f1-a22d-eeee0a847462.SmartProcureX-db-deployer#flowable-async-job-executor-thread-10014#
[PollExecuteTaskStatusExecution] 0811d82a-292b-418f-a9aa-32d7fd5c8825 [2026-08-02T07:55:16.985253] Detection of container API version failed; root cause: HANA Database instance is stopped (STDOUT, APP/TASK/deploy)#
#2026 08 02 07:55:27.365#Z#DEBUG#6828ea62-8e47-11f1-a22d-eeee0a847462.SmartProcureX-db-deployer#flowable-async-job-executor-thread-10014#
[PollExecuteTaskStatusExecution] 0811d82a-292b-418f-a9aa-32d7fd5c8825 [2026-08-02T07:55:16.985257] Detection of HDI version failed; root cause: HANA Database instance is stopped (STDOUT, APP/TASK/deploy)#
#2026 08 02 07:55:27.365#Z#DEBUG#6828ea62-8e47-11f1-a22d-eeee0a847462.SmartProcureX-db-deployer#flowable-async-job-executor-thread-10014#
[PollExecuteTaskStatusExecution] 0811d82a-292b-418f-a9aa-32d7fd5c8825 [2026-08-02T07:55:16.985585] Deployment ended at 2026-08-02 07:55:16 (STDOUT, APP/TASK/deploy)#
#2026 08 02 07:55:27.365#Z#DEBUG#6828ea62-8e47-11f1-a22d-eeee0a847462.SmartProcureX-db-deployer#flowable-async-job-executor-thread-10014#
[PollExecuteTaskStatusExecution] 0811d82a-292b-418f-a9aa-32d7fd5c8825 [2026-08-02T07:55:16.985754] Error: Option parameter is not supported by the server; based on detected server version unknown (STDERR, APP/TASK/deploy)#
#2026 08 02 07:55:27.365#Z#DEBUG#6828ea62-8e47-11f1-a22d-eeee0a847462.SmartProcureX-db-deployer#flowable-async-job-executor-thread-10014#
[PollExecuteTaskStatusExecution] 0811d82a-292b-418f-a9aa-32d7fd5c8825 [2026-08-02T07:55:16.985851] (4s 366ms) (STDOUT, APP/TASK/deploy)#
#2026 08 02 07:55:27.365#Z#DEBUG#6828ea62-8e47-11f1-a22d-eeee0a847462.SmartProcureX-db-deployer#flowable-async-job-executor-thread-10014#
[PollExecuteTaskStatusExecution] 0811d82a-292b-418f-a9aa-32d7fd5c8825 [2026-08-02T07:55:16.995206] npm notice (STDERR, APP/TASK/deploy)#
#2026 08 02 07:55:27.365#Z#DEBUG#6828ea62-8e47-11f1-a22d-eeee0a847462.SmartProcureX-db-deployer#flowable-async-job-executor-thread-10014#
[PollExecuteTaskStatusExecution] 0811d82a-292b-418f-a9aa-32d7fd5c8825 [2026-08-02T07:55:16.995224] npm notice New major version of npm available! 11.12.1 -> 12.0.2 (STDERR, APP/TASK/deploy)#
#2026 08 02 07:55:27.365#Z#DEBUG#6828ea62-8e47-11f1-a22d-eeee0a847462.SmartProcureX-db-deployer#flowable-async-job-executor-thread-10014#
[PollExecuteTaskStatusExecution] 0811d82a-292b-418f-a9aa-32d7fd5c8825 [2026-08-02T07:55:16.995232] npm notice Changelog: https://github.com/npm/cli/releases/tag/v12.0.2 (STDERR, APP/TASK/deploy)#
#2026 08 02 07:55:27.365#Z#DEBUG#6828ea62-8e47-11f1-a22d-eeee0a847462.SmartProcureX-db-deployer#flowable-async-job-executor-thread-10014#
[PollExecuteTaskStatusExecution] 0811d82a-292b-418f-a9aa-32d7fd5c8825 [2026-08-02T07:55:16.995237] npm notice To update run: npm install -g npm@12.0.2 (STDERR, APP/TASK/deploy)#
#2026 08 02 07:55:27.365#Z#DEBUG#6828ea62-8e47-11f1-a22d-eeee0a847462.SmartProcureX-db-deployer#flowable-async-job-executor-thread-10014#
[PollExecuteTaskStatusExecution] 0811d82a-292b-418f-a9aa-32d7fd5c8825 [2026-08-02T07:55:16.995240] npm notice (STDERR, APP/TASK/deploy)#
#2026 08 02 07:55:27.365#Z#DEBUG#6828ea62-8e47-11f1-a22d-eeee0a847462.SmartProcureX-db-deployer#flowable-async-job-executor-thread-10014#
[PollExecuteTaskStatusExecution] 0811d82a-292b-418f-a9aa-32d7fd5c8825 [2026-08-02T07:55:17.046070] Exit status 1 (STDOUT, APP/TASK/deploy)#
#2026 08 02 07:55:27.365#Z#DEBUG#6828ea62-8e47-11f1-a22d-eeee0a847462.SmartProcureX-db-deployer#flowable-async-job-executor-thread-10014#
[PollExecuteTaskStatusExecution] 0811d82a-292b-418f-a9aa-32d7fd5c8825 [2026-08-02T07:55:17.368826] Cell 919653e1-7038-451d-ac9f-e4bd0de8dbda stopping instance 25f382d8-5c93-4cca-8084-13cbeb0dd782 (STDOUT, CELL)#
#2026 08 02 07:55:27.365#Z#DEBUG#6828ea62-8e47-11f1-a22d-eeee0a847462.SmartProcureX-db-deployer#flowable-async-job-executor-thread-10014#
[PollExecuteTaskStatusExecution] 0811d82a-292b-418f-a9aa-32d7fd5c8825 [2026-08-02T07:55:17.368873] Cell 919653e1-7038-451d-ac9f-e4bd0de8dbda destroying container for instance 25f382d8-5c93-4cca-8084-13cbeb0dd782 (STDOUT, CELL)#
#2026 08 02 07:55:27.365#Z#DEBUG#6828ea62-8e47-11f1-a22d-eeee0a847462.SmartProcureX-db-deployer#flowable-async-job-executor-thread-10014#
[PollExecuteTaskStatusExecution] 0811d82a-292b-418f-a9aa-32d7fd5c8825 [2026-08-02T07:55:19.534825] Cell 919653e1-7038-451d-ac9f-e4bd0de8dbda successfully destroyed container for instance 25f382d8-5c93-4cca-8084-13cbeb0dd782 (STDOUT, CELL)#
#2026 08 02 07:55:37.359#Z#DEBUG#6828ea62-8e47-11f1-a22d-eeee0a847462.SmartProcureX-db-deployer#flowable-async-job-executor-thread-10022#
[PollExecuteTaskStatusExecution] 0811d82a-292b-418f-a9aa-32d7fd5c8825 [2026-08-02T07:55:16.985132] @sap/hdi-deploy, version 5.7.0 (mode default), server version unknown (0.0.0.0), cloud version , node version 24.15.0, HDI version -1, container API version -1 (STDOUT, APP/TASK/deploy)#
#2026 08 02 07:55:37.359#Z#DEBUG#6828ea62-8e47-11f1-a22d-eeee0a847462.SmartProcureX-db-deployer#flowable-async-job-executor-thread-10022#
[PollExecuteTaskStatusExecution] 0811d82a-292b-418f-a9aa-32d7fd5c8825 [2026-08-02T07:55:16.985170] Deployment started at 2026-08-02 07:55:16 (STDOUT, APP/TASK/deploy)#
#2026 08 02 07:55:37.359#Z#DEBUG#6828ea62-8e47-11f1-a22d-eeee0a847462.SmartProcureX-db-deployer#flowable-async-job-executor-thread-10022#
[PollExecuteTaskStatusExecution] 0811d82a-292b-418f-a9aa-32d7fd5c8825 [2026-08-02T07:55:16.985212] Using hdb@2.29.5 for connection (STDOUT, APP/TASK/deploy)#
#2026 08 02 07:55:37.359#Z#DEBUG#6828ea62-8e47-11f1-a22d-eeee0a847462.SmartProcureX-db-deployer#flowable-async-job-executor-thread-10022#
[PollExecuteTaskStatusExecution] 0811d82a-292b-418f-a9aa-32d7fd5c8825 [2026-08-02T07:55:16.985221] Detection of server version failed; root cause: HANA Database instance is stopped (STDOUT, APP/TASK/deploy)#
#2026 08 02 07:55:37.359#Z#DEBUG#6828ea62-8e47-11f1-a22d-eeee0a847462.SmartProcureX-db-deployer#flowable-async-job-executor-thread-10022#
[PollExecuteTaskStatusExecution] 0811d82a-292b-418f-a9aa-32d7fd5c8825 [2026-08-02T07:55:16.985249] Detection of cloud version failed; root cause: HANA Database instance is stopped (STDOUT, APP/TASK/deploy)#
#2026 08 02 07:55:37.359#Z#DEBUG#6828ea62-8e47-11f1-a22d-eeee0a847462.SmartProcureX-db-deployer#flowable-async-job-executor-thread-10022#
[PollExecuteTaskStatusExecution] 0811d82a-292b-418f-a9aa-32d7fd5c8825 [2026-08-02T07:55:16.985253] Detection of container API version failed; root cause: HANA Database instance is stopped (STDOUT, APP/TASK/deploy)#
#2026 08 02 07:55:37.359#Z#DEBUG#6828ea62-8e47-11f1-a22d-eeee0a847462.SmartProcureX-db-deployer#flowable-async-job-executor-thread-10022#
[PollExecuteTaskStatusExecution] 0811d82a-292b-418f-a9aa-32d7fd5c8825 [2026-08-02T07:55:16.985257] Detection of HDI version failed; root cause: HANA Database instance is stopped (STDOUT, APP/TASK/deploy)#
#2026 08 02 07:55:37.359#Z#DEBUG#6828ea62-8e47-11f1-a22d-eeee0a847462.SmartProcureX-db-deployer#flowable-async-job-executor-thread-10022#
[PollExecuteTaskStatusExecution] 0811d82a-292b-418f-a9aa-32d7fd5c8825 [2026-08-02T07:55:16.985585] Deployment ended at 2026-08-02 07:55:16 (STDOUT, APP/TASK/deploy)#
#2026 08 02 07:55:37.359#Z#DEBUG#6828ea62-8e47-11f1-a22d-eeee0a847462.SmartProcureX-db-deployer#flowable-async-job-executor-thread-10022#
[PollExecuteTaskStatusExecution] 0811d82a-292b-418f-a9aa-32d7fd5c8825 [2026-08-02T07:55:16.985754] Error: Option parameter is not supported by the server; based on detected server version unknown (STDERR, APP/TASK/deploy)#
#2026 08 02 07:55:37.359#Z#DEBUG#6828ea62-8e47-11f1-a22d-eeee0a847462.SmartProcureX-db-deployer#flowable-async-job-executor-thread-10022#
[PollExecuteTaskStatusExecution] 0811d82a-292b-418f-a9aa-32d7fd5c8825 [2026-08-02T07:55:16.985851] (4s 366ms) (STDOUT, APP/TASK/deploy)#
#2026 08 02 07:55:37.359#Z#DEBUG#6828ea62-8e47-11f1-a22d-eeee0a847462.SmartProcureX-db-deployer#flowable-async-job-executor-thread-10022#
[PollExecuteTaskStatusExecution] 0811d82a-292b-418f-a9aa-32d7fd5c8825 [2026-08-02T07:55:16.995206] npm notice (STDERR, APP/TASK/deploy)#
#2026 08 02 07:55:37.359#Z#DEBUG#6828ea62-8e47-11f1-a22d-eeee0a847462.SmartProcureX-db-deployer#flowable-async-job-executor-thread-10022#
[PollExecuteTaskStatusExecution] 0811d82a-292b-418f-a9aa-32d7fd5c8825 [2026-08-02T07:55:16.995224] npm notice New major version of npm available! 11.12.1 -> 12.0.2 (STDERR, APP/TASK/deploy)#
#2026 08 02 07:55:37.359#Z#DEBUG#6828ea62-8e47-11f1-a22d-eeee0a847462.SmartProcureX-db-deployer#flowable-async-job-executor-thread-10022#
[PollExecuteTaskStatusExecution] 0811d82a-292b-418f-a9aa-32d7fd5c8825 [2026-08-02T07:55:16.995232] npm notice Changelog: https://github.com/npm/cli/releases/tag/v12.0.2 (STDERR, APP/TASK/deploy)#
#2026 08 02 07:55:37.359#Z#DEBUG#6828ea62-8e47-11f1-a22d-eeee0a847462.SmartProcureX-db-deployer#flowable-async-job-executor-thread-10022#
[PollExecuteTaskStatusExecution] 0811d82a-292b-418f-a9aa-32d7fd5c8825 [2026-08-02T07:55:16.995237] npm notice To update run: npm install -g npm@12.0.2 (STDERR, APP/TASK/deploy)#
#2026 08 02 07:55:37.359#Z#DEBUG#6828ea62-8e47-11f1-a22d-eeee0a847462.SmartProcureX-db-deployer#flowable-async-job-executor-thread-10022#
[PollExecuteTaskStatusExecution] 0811d82a-292b-418f-a9aa-32d7fd5c8825 [2026-08-02T07:55:16.995240] npm notice (STDERR, APP/TASK/deploy)#
#2026 08 02 07:55:37.359#Z#DEBUG#6828ea62-8e47-11f1-a22d-eeee0a847462.SmartProcureX-db-deployer#flowable-async-job-executor-thread-10022#
[PollExecuteTaskStatusExecution] 0811d82a-292b-418f-a9aa-32d7fd5c8825 [2026-08-02T07:55:17.046070] Exit status 1 (STDOUT, APP/TASK/deploy)#
#2026 08 02 07:55:37.359#Z#DEBUG#6828ea62-8e47-11f1-a22d-eeee0a847462.SmartProcureX-db-deployer#flowable-async-job-executor-thread-10022#
[PollExecuteTaskStatusExecution] 0811d82a-292b-418f-a9aa-32d7fd5c8825 [2026-08-02T07:55:17.368826] Cell 919653e1-7038-451d-ac9f-e4bd0de8dbda stopping instance 25f382d8-5c93-4cca-8084-13cbeb0dd782 (STDOUT, CELL)#
#2026 08 02 07:55:37.359#Z#DEBUG#6828ea62-8e47-11f1-a22d-eeee0a847462.SmartProcureX-db-deployer#flowable-async-job-executor-thread-10022#
[PollExecuteTaskStatusExecution] 0811d82a-292b-418f-a9aa-32d7fd5c8825 [2026-08-02T07:55:17.368873] Cell 919653e1-7038-451d-ac9f-e4bd0de8dbda destroying container for instance 25f382d8-5c93-4cca-8084-13cbeb0dd782 (STDOUT, CELL)#
#2026 08 02 07:55:37.359#Z#DEBUG#6828ea62-8e47-11f1-a22d-eeee0a847462.SmartProcureX-db-deployer#flowable-async-job-executor-thread-10022#
[PollExecuteTaskStatusExecution] 0811d82a-292b-418f-a9aa-32d7fd5c8825 [2026-08-02T07:55:19.534825] Cell 919653e1-7038-451d-ac9f-e4bd0de8dbda successfully destroyed container for instance 25f382d8-5c93-4cca-8084-13cbeb0dd782 (STDOUT, CELL)#
#2026 08 02 07:55:37.359#Z#DEBUG#6828ea62-8e47-11f1-a22d-eeee0a847462.SmartProcureX-db-deployer#flowable-async-job-executor-thread-10022#
[PollExecuteTaskStatusExecution] 0811d82a-292b-418f-a9aa-32d7fd5c8825 [2026-08-02T07:55:29.827508] Cell 919653e1-7038-451d-ac9f-e4bd0de8dbda creating container for instance 00798ee9-859c-41e9-aa02-7684f2ca9c61 (STDOUT, CELL)#
#2026 08 02 07:55:37.359#Z#DEBUG#6828ea62-8e47-11f1-a22d-eeee0a847462.SmartProcureX-db-deployer#flowable-async-job-executor-thread-10022#
[PollExecuteTaskStatusExecution] 0811d82a-292b-418f-a9aa-32d7fd5c8825 [2026-08-02T07:55:30.160558] Security group rules were updated (STDOUT, CELL)#
#2026 08 02 07:55:37.359#Z#DEBUG#6828ea62-8e47-11f1-a22d-eeee0a847462.SmartProcureX-db-deployer#flowable-async-job-executor-thread-10022#
[PollExecuteTaskStatusExecution] 0811d82a-292b-418f-a9aa-32d7fd5c8825 [2026-08-02T07:55:30.227402] Cell 919653e1-7038-451d-ac9f-e4bd0de8dbda successfully created container for instance 00798ee9-859c-41e9-aa02-7684f2ca9c61 (STDOUT, CELL)#
#2026 08 02 07:55:37.359#Z#DEBUG#6828ea62-8e47-11f1-a22d-eeee0a847462.SmartProcureX-db-deployer#flowable-async-job-executor-thread-10022#
[PollExecuteTaskStatusExecution] 0811d82a-292b-418f-a9aa-32d7fd5c8825 [2026-08-02T07:55:33.744898] Invoking pre-start scripts. (STDOUT, APP/TASK/deploy)#
#2026 08 02 07:55:37.359#Z#DEBUG#6828ea62-8e47-11f1-a22d-eeee0a847462.SmartProcureX-db-deployer#flowable-async-job-executor-thread-10022#
[PollExecuteTaskStatusExecution] 0811d82a-292b-418f-a9aa-32d7fd5c8825 [2026-08-02T07:55:33.885322] Invoking start command. (STDOUT, APP/TASK/deploy)#
#2026 08 02 07:55:37.359#Z#DEBUG#6828ea62-8e47-11f1-a22d-eeee0a847462.SmartProcureX-db-deployer#flowable-async-job-executor-thread-10022#
[PollExecuteTaskStatusExecution] 0811d82a-292b-418f-a9aa-32d7fd5c8825 [2026-08-02T07:55:34.179177] > start (STDOUT, APP/TASK/deploy)#
#2026 08 02 07:55:37.359#Z#DEBUG#6828ea62-8e47-11f1-a22d-eeee0a847462.SmartProcureX-db-deployer#flowable-async-job-executor-thread-10022#
[PollExecuteTaskStatusExecution] 0811d82a-292b-418f-a9aa-32d7fd5c8825 [2026-08-02T07:55:34.179204] > node node_modules/@sap/hdi-deploy/deploy.js --use-hdb --parameter com.sap.hana.di.table/try_fast_table_migration=true (STDOUT, APP/TASK/deploy)#
#2026 08 02 07:55:37.359#Z#DEBUG#6828ea62-8e47-11f1-a22d-eeee0a847462.SmartProcureX-db-deployer#flowable-async-job-executor-thread-10022#
[PollExecuteTaskStatusExecution] 0811d82a-292b-418f-a9aa-32d7fd5c8825 [2026-08-02T07:55:34.278827] VCAP_SERVICES: (STDOUT, APP/TASK/deploy)#
#2026 08 02 07:55:37.359#Z#DEBUG#6828ea62-8e47-11f1-a22d-eeee0a847462.SmartProcureX-db-deployer#flowable-async-job-executor-thread-10022#
[PollExecuteTaskStatusExecution] 0811d82a-292b-418f-a9aa-32d7fd5c8825 [2026-08-02T07:55:34.279247] { (STDOUT, APP/TASK/deploy)#
#2026 08 02 07:55:37.359#Z#DEBUG#6828ea62-8e47-11f1-a22d-eeee0a847462.SmartProcureX-db-deployer#flowable-async-job-executor-thread-10022#
[PollExecuteTaskStatusExecution] 0811d82a-292b-418f-a9aa-32d7fd5c8825 [2026-08-02T07:55:34.279265] "hana": [ (STDOUT, APP/TASK/deploy)#
#2026 08 02 07:55:37.359#Z#DEBUG#6828ea62-8e47-11f1-a22d-eeee0a847462.SmartProcureX-db-deployer#flowable-async-job-executor-thread-10022#
[PollExecuteTaskStatusExecution] 0811d82a-292b-418f-a9aa-32d7fd5c8825 [2026-08-02T07:55:34.279268] { (STDOUT, APP/TASK/deploy)#
#2026 08 02 07:55:37.359#Z#DEBUG#6828ea62-8e47-11f1-a22d-eeee0a847462.SmartProcureX-db-deployer#flowable-async-job-executor-thread-10022#
[PollExecuteTaskStatusExecution] 0811d82a-292b-418f-a9aa-32d7fd5c8825 [2026-08-02T07:55:34.279276] "name": "SmartProcureX-db", (STDOUT, APP/TASK/deploy)#
#2026 08 02 07:55:37.359#Z#DEBUG#6828ea62-8e47-11f1-a22d-eeee0a847462.SmartProcureX-db-deployer#flowable-async-job-executor-thread-10022#
[PollExecuteTaskStatusExecution] 0811d82a-292b-418f-a9aa-32d7fd5c8825 [2026-08-02T07:55:34.279279] "label": "hana", (STDOUT, APP/TASK/deploy)#
#2026 08 02 07:55:37.359#Z#DEBUG#6828ea62-8e47-11f1-a22d-eeee0a847462.SmartProcureX-db-deployer#flowable-async-job-executor-thread-10022#
[PollExecuteTaskStatusExecution] 0811d82a-292b-418f-a9aa-32d7fd5c8825 [2026-08-02T07:55:34.279282] "plan": "hdi-shared", (STDOUT, APP/TASK/deploy)#
#2026 08 02 07:55:37.359#Z#DEBUG#6828ea62-8e47-11f1-a22d-eeee0a847462.SmartProcureX-db-deployer#flowable-async-job-executor-thread-10022#
[PollExecuteTaskStatusExecution] 0811d82a-292b-418f-a9aa-32d7fd5c8825 [2026-08-02T07:55:34.279284] "credentials": { (STDOUT, APP/TASK/deploy)#
#2026 08 02 07:55:37.359#Z#DEBUG#6828ea62-8e47-11f1-a22d-eeee0a847462.SmartProcureX-db-deployer#flowable-async-job-executor-thread-10022#
[PollExecuteTaskStatusExecution] 0811d82a-292b-418f-a9aa-32d7fd5c8825 [2026-08-02T07:55:34.279290] "schema": "B2E83F60A5C34A6E98091CC639322A6C", (STDOUT, APP/TASK/deploy)#
#2026 08 02 07:55:37.359#Z#DEBUG#6828ea62-8e47-11f1-a22d-eeee0a847462.SmartProcureX-db-deployer#flowable-async-job-executor-thread-10022#
[PollExecuteTaskStatusExecution] 0811d82a-292b-418f-a9aa-32d7fd5c8825 [2026-08-02T07:55:34.279293] "database_id": "ccb85f22-d9b4-4190-84d2-64f7029bd6f6", (STDOUT, APP/TASK/deploy)#
#2026 08 02 07:55:37.359#Z#DEBUG#6828ea62-8e47-11f1-a22d-eeee0a847462.SmartProcureX-db-deployer#flowable-async-job-executor-thread-10022#
[PollExecuteTaskStatusExecution] 0811d82a-292b-418f-a9aa-32d7fd5c8825 [2026-08-02T07:55:34.279296] "user": "B2E83F60A5C34A6E98091CC639322A6C_11HPH9KXTDTQSB7FMNXEVK1B1_RT", (STDOUT, APP/TASK/deploy)#
#2026 08 02 07:55:37.359#Z#DEBUG#6828ea62-8e47-11f1-a22d-eeee0a847462.SmartProcureX-db-deployer#flowable-async-job-executor-thread-10022#
[PollExecuteTaskStatusExecution] 0811d82a-292b-418f-a9aa-32d7fd5c8825 [2026-08-02T07:55:34.279306] "hdi_user": "B2E83F60A5C34A6E98091CC639322A6C_11HPH9KXTDTQSB7FMNXEVK1B1_DT" (STDOUT, APP/TASK/deploy)#
#2026 08 02 07:55:37.359#Z#DEBUG#6828ea62-8e47-11f1-a22d-eeee0a847462.SmartProcureX-db-deployer#flowable-async-job-executor-thread-10022#
[PollExecuteTaskStatusExecution] 0811d82a-292b-418f-a9aa-32d7fd5c8825 [2026-08-02T07:55:34.279309] }, (STDOUT, APP/TASK/deploy)#
#2026 08 02 07:55:37.359#Z#DEBUG#6828ea62-8e47-11f1-a22d-eeee0a847462.SmartProcureX-db-deployer#flowable-async-job-executor-thread-10022#
[PollExecuteTaskStatusExecution] 0811d82a-292b-418f-a9aa-32d7fd5c8825 [2026-08-02T07:55:34.279311] "tags": [ (STDOUT, APP/TASK/deploy)#
#2026 08 02 07:55:37.359#Z#DEBUG#6828ea62-8e47-11f1-a22d-eeee0a847462.SmartProcureX-db-deployer#flowable-async-job-executor-thread-10022#
[PollExecuteTaskStatusExecution] 0811d82a-292b-418f-a9aa-32d7fd5c8825 [2026-08-02T07:55:34.279314] "hana", (STDOUT, APP/TASK/deploy)#
#2026 08 02 07:55:37.359#Z#DEBUG#6828ea62-8e47-11f1-a22d-eeee0a847462.SmartProcureX-db-deployer#flowable-async-job-executor-thread-10022#
[PollExecuteTaskStatusExecution] 0811d82a-292b-418f-a9aa-32d7fd5c8825 [2026-08-02T07:55:34.279316] "database", (STDOUT, APP/TASK/deploy)#
#2026 08 02 07:55:37.359#Z#DEBUG#6828ea62-8e47-11f1-a22d-eeee0a847462.SmartProcureX-db-deployer#flowable-async-job-executor-thread-10022#
[PollExecuteTaskStatusExecution] 0811d82a-292b-418f-a9aa-32d7fd5c8825 [2026-08-02T07:55:34.279319] "relational" (STDOUT, APP/TASK/deploy)#
#2026 08 02 07:55:37.359#Z#DEBUG#6828ea62-8e47-11f1-a22d-eeee0a847462.SmartProcureX-db-deployer#flowable-async-job-executor-thread-10022#
[PollExecuteTaskStatusExecution] 0811d82a-292b-418f-a9aa-32d7fd5c8825 [2026-08-02T07:55:34.279321] ] (STDOUT, APP/TASK/deploy)#
#2026 08 02 07:55:37.359#Z#DEBUG#6828ea62-8e47-11f1-a22d-eeee0a847462.SmartProcureX-db-deployer#flowable-async-job-executor-thread-10022#
[PollExecuteTaskStatusExecution] 0811d82a-292b-418f-a9aa-32d7fd5c8825 [2026-08-02T07:55:34.279326] } (STDOUT, APP/TASK/deploy)#
#2026 08 02 07:55:37.359#Z#DEBUG#6828ea62-8e47-11f1-a22d-eeee0a847462.SmartProcureX-db-deployer#flowable-async-job-executor-thread-10022#
[PollExecuteTaskStatusExecution] 0811d82a-292b-418f-a9aa-32d7fd5c8825 [2026-08-02T07:55:34.279329] ] (STDOUT, APP/TASK/deploy)#
#2026 08 02 07:55:37.359#Z#DEBUG#6828ea62-8e47-11f1-a22d-eeee0a847462.SmartProcureX-db-deployer#flowable-async-job-executor-thread-10022#
[PollExecuteTaskStatusExecution] 0811d82a-292b-418f-a9aa-32d7fd5c8825 [2026-08-02T07:55:34.279331] } (STDOUT, APP/TASK/deploy)#
#2026 08 02 07:55:47.335#Z#DEBUG#6828ea62-8e47-11f1-a22d-eeee0a847462.SmartProcureX-db-deployer#flowable-async-job-executor-thread-10025#
[PollExecuteTaskStatusExecution] 0811d82a-292b-418f-a9aa-32d7fd5c8825 [2026-08-02T07:55:38.565797] @sap/hdi-deploy, version 5.7.0 (mode default), server version unknown (0.0.0.0), cloud version , node version 24.15.0, HDI version -1, container API version -1 (STDOUT, APP/TASK/deploy)#
#2026 08 02 07:55:47.335#Z#DEBUG#6828ea62-8e47-11f1-a22d-eeee0a847462.SmartProcureX-db-deployer#flowable-async-job-executor-thread-10025#
[PollExecuteTaskStatusExecution] 0811d82a-292b-418f-a9aa-32d7fd5c8825 [2026-08-02T07:55:38.565827] Deployment started at 2026-08-02 07:55:38 (STDOUT, APP/TASK/deploy)#
#2026 08 02 07:55:47.335#Z#DEBUG#6828ea62-8e47-11f1-a22d-eeee0a847462.SmartProcureX-db-deployer#flowable-async-job-executor-thread-10025#
[PollExecuteTaskStatusExecution] 0811d82a-292b-418f-a9aa-32d7fd5c8825 [2026-08-02T07:55:38.565930] Using hdb@2.29.5 for connection (STDOUT, APP/TASK/deploy)#
#2026 08 02 07:55:47.335#Z#DEBUG#6828ea62-8e47-11f1-a22d-eeee0a847462.SmartProcureX-db-deployer#flowable-async-job-executor-thread-10025#
[PollExecuteTaskStatusExecution] 0811d82a-292b-418f-a9aa-32d7fd5c8825 [2026-08-02T07:55:38.565944] Detection of server version failed; root cause: HANA Database instance is stopped (STDOUT, APP/TASK/deploy)#
#2026 08 02 07:55:47.335#Z#DEBUG#6828ea62-8e47-11f1-a22d-eeee0a847462.SmartProcureX-db-deployer#flowable-async-job-executor-thread-10025#
[PollExecuteTaskStatusExecution] 0811d82a-292b-418f-a9aa-32d7fd5c8825 [2026-08-02T07:55:38.565947] Detection of cloud version failed; root cause: HANA Database instance is stopped (STDOUT, APP/TASK/deploy)#
#2026 08 02 07:55:47.335#Z#DEBUG#6828ea62-8e47-11f1-a22d-eeee0a847462.SmartProcureX-db-deployer#flowable-async-job-executor-thread-10025#
[PollExecuteTaskStatusExecution] 0811d82a-292b-418f-a9aa-32d7fd5c8825 [2026-08-02T07:55:38.565950] Detection of container API version failed; root cause: HANA Database instance is stopped (STDOUT, APP/TASK/deploy)#
#2026 08 02 07:55:47.335#Z#DEBUG#6828ea62-8e47-11f1-a22d-eeee0a847462.SmartProcureX-db-deployer#flowable-async-job-executor-thread-10025#
[PollExecuteTaskStatusExecution] 0811d82a-292b-418f-a9aa-32d7fd5c8825 [2026-08-02T07:55:38.565952] Detection of HDI version failed; root cause: HANA Database instance is stopped (STDOUT, APP/TASK/deploy)#
#2026 08 02 07:55:47.335#Z#DEBUG#6828ea62-8e47-11f1-a22d-eeee0a847462.SmartProcureX-db-deployer#flowable-async-job-executor-thread-10025#
[PollExecuteTaskStatusExecution] 0811d82a-292b-418f-a9aa-32d7fd5c8825 [2026-08-02T07:55:38.566212] Deployment ended at 2026-08-02 07:55:38 (STDOUT, APP/TASK/deploy)#
#2026 08 02 07:55:47.335#Z#DEBUG#6828ea62-8e47-11f1-a22d-eeee0a847462.SmartProcureX-db-deployer#flowable-async-job-executor-thread-10025#
[PollExecuteTaskStatusExecution] 0811d82a-292b-418f-a9aa-32d7fd5c8825 [2026-08-02T07:55:38.566310] Error: Option parameter is not supported by the server; based on detected server version unknown (STDERR, APP/TASK/deploy)#
#2026 08 02 07:55:47.335#Z#DEBUG#6828ea62-8e47-11f1-a22d-eeee0a847462.SmartProcureX-db-deployer#flowable-async-job-executor-thread-10025#
[PollExecuteTaskStatusExecution] 0811d82a-292b-418f-a9aa-32d7fd5c8825 [2026-08-02T07:55:38.566467] (4s 356ms) (STDOUT, APP/TASK/deploy)#
#2026 08 02 07:55:47.335#Z#DEBUG#6828ea62-8e47-11f1-a22d-eeee0a847462.SmartProcureX-db-deployer#flowable-async-job-executor-thread-10025#
[PollExecuteTaskStatusExecution] 0811d82a-292b-418f-a9aa-32d7fd5c8825 [2026-08-02T07:55:38.575087] npm notice (STDERR, APP/TASK/deploy)#
#2026 08 02 07:55:47.335#Z#DEBUG#6828ea62-8e47-11f1-a22d-eeee0a847462.SmartProcureX-db-deployer#flowable-async-job-executor-thread-10025#
[PollExecuteTaskStatusExecution] 0811d82a-292b-418f-a9aa-32d7fd5c8825 [2026-08-02T07:55:38.575106] npm notice New major version of npm available! 11.12.1 -> 12.0.2 (STDERR, APP/TASK/deploy)#
#2026 08 02 07:55:47.335#Z#DEBUG#6828ea62-8e47-11f1-a22d-eeee0a847462.SmartProcureX-db-deployer#flowable-async-job-executor-thread-10025#
[PollExecuteTaskStatusExecution] 0811d82a-292b-418f-a9aa-32d7fd5c8825 [2026-08-02T07:55:38.575111] npm notice Changelog: https://github.com/npm/cli/releases/tag/v12.0.2 (STDERR, APP/TASK/deploy)#
#2026 08 02 07:55:47.335#Z#DEBUG#6828ea62-8e47-11f1-a22d-eeee0a847462.SmartProcureX-db-deployer#flowable-async-job-executor-thread-10025#
[PollExecuteTaskStatusExecution] 0811d82a-292b-418f-a9aa-32d7fd5c8825 [2026-08-02T07:55:38.575115] npm notice To update run: npm install -g npm@12.0.2 (STDERR, APP/TASK/deploy)#
#2026 08 02 07:55:47.335#Z#DEBUG#6828ea62-8e47-11f1-a22d-eeee0a847462.SmartProcureX-db-deployer#flowable-async-job-executor-thread-10025#
[PollExecuteTaskStatusExecution] 0811d82a-292b-418f-a9aa-32d7fd5c8825 [2026-08-02T07:55:38.575119] npm notice (STDERR, APP/TASK/deploy)#
#2026 08 02 07:55:47.335#Z#DEBUG#6828ea62-8e47-11f1-a22d-eeee0a847462.SmartProcureX-db-deployer#flowable-async-job-executor-thread-10025#
[PollExecuteTaskStatusExecution] 0811d82a-292b-418f-a9aa-32d7fd5c8825 [2026-08-02T07:55:38.625094] Exit status 1 (STDOUT, APP/TASK/deploy)#
#2026 08 02 07:55:47.335#Z#DEBUG#6828ea62-8e47-11f1-a22d-eeee0a847462.SmartProcureX-db-deployer#flowable-async-job-executor-thread-10025#
[PollExecuteTaskStatusExecution] 0811d82a-292b-418f-a9aa-32d7fd5c8825 [2026-08-02T07:55:39.042841] Cell 919653e1-7038-451d-ac9f-e4bd0de8dbda stopping instance 00798ee9-859c-41e9-aa02-7684f2ca9c61 (STDOUT, CELL)#
#2026 08 02 07:55:47.335#Z#DEBUG#6828ea62-8e47-11f1-a22d-eeee0a847462.SmartProcureX-db-deployer#flowable-async-job-executor-thread-10025#
[PollExecuteTaskStatusExecution] 0811d82a-292b-418f-a9aa-32d7fd5c8825 [2026-08-02T07:55:39.042888] Cell 919653e1-7038-451d-ac9f-e4bd0de8dbda destroying container for instance 00798ee9-859c-41e9-aa02-7684f2ca9c61 (STDOUT, CELL)#
#2026 08 02 07:55:47.335#Z#DEBUG#6828ea62-8e47-11f1-a22d-eeee0a847462.SmartProcureX-db-deployer#flowable-async-job-executor-thread-10025#
[PollExecuteTaskStatusExecution] 0811d82a-292b-418f-a9aa-32d7fd5c8825 [2026-08-02T07:55:41.310920] Cell 919653e1-7038-451d-ac9f-e4bd0de8dbda successfully destroyed container for instance 00798ee9-859c-41e9-aa02-7684f2ca9c61 (STDOUT, CELL)#
#2026 08 02 07:55:57.407#Z#DEBUG#6828ea62-8e47-11f1-a22d-eeee0a847462.SmartProcureX-db-deployer#flowable-async-job-executor-thread-2163#
[PollExecuteTaskStatusExecution] 0811d82a-292b-418f-a9aa-32d7fd5c8825 [2026-08-02T07:55:38.565797] @sap/hdi-deploy, version 5.7.0 (mode default), server version unknown (0.0.0.0), cloud version , node version 24.15.0, HDI version -1, container API version -1 (STDOUT, APP/TASK/deploy)#
#2026 08 02 07:55:57.407#Z#DEBUG#6828ea62-8e47-11f1-a22d-eeee0a847462.SmartProcureX-db-deployer#flowable-async-job-executor-thread-2163#
[PollExecuteTaskStatusExecution] 0811d82a-292b-418f-a9aa-32d7fd5c8825 [2026-08-02T07:55:38.565827] Deployment started at 2026-08-02 07:55:38 (STDOUT, APP/TASK/deploy)#
#2026 08 02 07:55:57.407#Z#DEBUG#6828ea62-8e47-11f1-a22d-eeee0a847462.SmartProcureX-db-deployer#flowable-async-job-executor-thread-2163#
[PollExecuteTaskStatusExecution] 0811d82a-292b-418f-a9aa-32d7fd5c8825 [2026-08-02T07:55:38.565930] Using hdb@2.29.5 for connection (STDOUT, APP/TASK/deploy)#
#2026 08 02 07:55:57.407#Z#DEBUG#6828ea62-8e47-11f1-a22d-eeee0a847462.SmartProcureX-db-deployer#flowable-async-job-executor-thread-2163#
[PollExecuteTaskStatusExecution] 0811d82a-292b-418f-a9aa-32d7fd5c8825 [2026-08-02T07:55:38.565944] Detection of server version failed; root cause: HANA Database instance is stopped (STDOUT, APP/TASK/deploy)#
#2026 08 02 07:55:57.407#Z#DEBUG#6828ea62-8e47-11f1-a22d-eeee0a847462.SmartProcureX-db-deployer#flowable-async-job-executor-thread-2163#
[PollExecuteTaskStatusExecution] 0811d82a-292b-418f-a9aa-32d7fd5c8825 [2026-08-02T07:55:38.565947] Detection of cloud version failed; root cause: HANA Database instance is stopped (STDOUT, APP/TASK/deploy)#
#2026 08 02 07:55:57.407#Z#DEBUG#6828ea62-8e47-11f1-a22d-eeee0a847462.SmartProcureX-db-deployer#flowable-async-job-executor-thread-2163#
[PollExecuteTaskStatusExecution] 0811d82a-292b-418f-a9aa-32d7fd5c8825 [2026-08-02T07:55:38.565950] Detection of container API version failed; root cause: HANA Database instance is stopped (STDOUT, APP/TASK/deploy)#
#2026 08 02 07:55:57.407#Z#DEBUG#6828ea62-8e47-11f1-a22d-eeee0a847462.SmartProcureX-db-deployer#flowable-async-job-executor-thread-2163#
[PollExecuteTaskStatusExecution] 0811d82a-292b-418f-a9aa-32d7fd5c8825 [2026-08-02T07:55:38.565952] Detection of HDI version failed; root cause: HANA Database instance is stopped (STDOUT, APP/TASK/deploy)#
#2026 08 02 07:55:57.407#Z#DEBUG#6828ea62-8e47-11f1-a22d-eeee0a847462.SmartProcureX-db-deployer#flowable-async-job-executor-thread-2163#
[PollExecuteTaskStatusExecution] 0811d82a-292b-418f-a9aa-32d7fd5c8825 [2026-08-02T07:55:38.566212] Deployment ended at 2026-08-02 07:55:38 (STDOUT, APP/TASK/deploy)#
#2026 08 02 07:55:57.407#Z#DEBUG#6828ea62-8e47-11f1-a22d-eeee0a847462.SmartProcureX-db-deployer#flowable-async-job-executor-thread-2163#
[PollExecuteTaskStatusExecution] 0811d82a-292b-418f-a9aa-32d7fd5c8825 [2026-08-02T07:55:38.566310] Error: Option parameter is not supported by the server; based on detected server version unknown (STDERR, APP/TASK/deploy)#
#2026 08 02 07:55:57.407#Z#DEBUG#6828ea62-8e47-11f1-a22d-eeee0a847462.SmartProcureX-db-deployer#flowable-async-job-executor-thread-2163#
[PollExecuteTaskStatusExecution] 0811d82a-292b-418f-a9aa-32d7fd5c8825 [2026-08-02T07:55:38.566467] (4s 356ms) (STDOUT, APP/TASK/deploy)#
#2026 08 02 07:55:57.407#Z#DEBUG#6828ea62-8e47-11f1-a22d-eeee0a847462.SmartProcureX-db-deployer#flowable-async-job-executor-thread-2163#
[PollExecuteTaskStatusExecution] 0811d82a-292b-418f-a9aa-32d7fd5c8825 [2026-08-02T07:55:38.575087] npm notice (STDERR, APP/TASK/deploy)#
#2026 08 02 07:55:57.407#Z#DEBUG#6828ea62-8e47-11f1-a22d-eeee0a847462.SmartProcureX-db-deployer#flowable-async-job-executor-thread-2163#
[PollExecuteTaskStatusExecution] 0811d82a-292b-418f-a9aa-32d7fd5c8825 [2026-08-02T07:55:38.575106] npm notice New major version of npm available! 11.12.1 -> 12.0.2 (STDERR, APP/TASK/deploy)#
#2026 08 02 07:55:57.407#Z#DEBUG#6828ea62-8e47-11f1-a22d-eeee0a847462.SmartProcureX-db-deployer#flowable-async-job-executor-thread-2163#
[PollExecuteTaskStatusExecution] 0811d82a-292b-418f-a9aa-32d7fd5c8825 [2026-08-02T07:55:38.575111] npm notice Changelog: https://github.com/npm/cli/releases/tag/v12.0.2 (STDERR, APP/TASK/deploy)#
#2026 08 02 07:55:57.407#Z#DEBUG#6828ea62-8e47-11f1-a22d-eeee0a847462.SmartProcureX-db-deployer#flowable-async-job-executor-thread-2163#
[PollExecuteTaskStatusExecution] 0811d82a-292b-418f-a9aa-32d7fd5c8825 [2026-08-02T07:55:38.575115] npm notice To update run: npm install -g npm@12.0.2 (STDERR, APP/TASK/deploy)#
#2026 08 02 07:55:57.407#Z#DEBUG#6828ea62-8e47-11f1-a22d-eeee0a847462.SmartProcureX-db-deployer#flowable-async-job-executor-thread-2163#
[PollExecuteTaskStatusExecution] 0811d82a-292b-418f-a9aa-32d7fd5c8825 [2026-08-02T07:55:38.575119] npm notice (STDERR, APP/TASK/deploy)#
#2026 08 02 07:55:57.407#Z#DEBUG#6828ea62-8e47-11f1-a22d-eeee0a847462.SmartProcureX-db-deployer#flowable-async-job-executor-thread-2163#
[PollExecuteTaskStatusExecution] 0811d82a-292b-418f-a9aa-32d7fd5c8825 [2026-08-02T07:55:38.625094] Exit status 1 (STDOUT, APP/TASK/deploy)#
#2026 08 02 07:55:57.407#Z#DEBUG#6828ea62-8e47-11f1-a22d-eeee0a847462.SmartProcureX-db-deployer#flowable-async-job-executor-thread-2163#
[PollExecuteTaskStatusExecution] 0811d82a-292b-418f-a9aa-32d7fd5c8825 [2026-08-02T07:55:39.042841] Cell 919653e1-7038-451d-ac9f-e4bd0de8dbda stopping instance 00798ee9-859c-41e9-aa02-7684f2ca9c61 (STDOUT, CELL)#
#2026 08 02 07:55:57.407#Z#DEBUG#6828ea62-8e47-11f1-a22d-eeee0a847462.SmartProcureX-db-deployer#flowable-async-job-executor-thread-2163#
[PollExecuteTaskStatusExecution] 0811d82a-292b-418f-a9aa-32d7fd5c8825 [2026-08-02T07:55:39.042888] Cell 919653e1-7038-451d-ac9f-e4bd0de8dbda destroying container for instance 00798ee9-859c-41e9-aa02-7684f2ca9c61 (STDOUT, CELL)#
#2026 08 02 07:55:57.407#Z#DEBUG#6828ea62-8e47-11f1-a22d-eeee0a847462.SmartProcureX-db-deployer#flowable-async-job-executor-thread-2163#
[PollExecuteTaskStatusExecution] 0811d82a-292b-418f-a9aa-32d7fd5c8825 [2026-08-02T07:55:41.310920] Cell 919653e1-7038-451d-ac9f-e4bd0de8dbda successfully destroyed container for instance 00798ee9-859c-41e9-aa02-7684f2ca9c61 (STDOUT, CELL)#
#2026 08 02 07:55:57.407#Z#DEBUG#6828ea62-8e47-11f1-a22d-eeee0a847462.SmartProcureX-db-deployer#flowable-async-job-executor-thread-2163#
[PollExecuteTaskStatusExecution] 0811d82a-292b-418f-a9aa-32d7fd5c8825 [2026-08-02T07:55:51.033380] Cell c029166f-5c99-471a-95ad-14514ab6ab95 creating container for instance 22542981-2bcf-4e1d-8b76-1b2da9a31301 (STDOUT, CELL)#
#2026 08 02 07:55:57.407#Z#DEBUG#6828ea62-8e47-11f1-a22d-eeee0a847462.SmartProcureX-db-deployer#flowable-async-job-executor-thread-2163#
[PollExecuteTaskStatusExecution] 0811d82a-292b-418f-a9aa-32d7fd5c8825 [2026-08-02T07:55:51.364514] Security group rules were updated (STDOUT, CELL)#
#2026 08 02 07:55:57.407#Z#DEBUG#6828ea62-8e47-11f1-a22d-eeee0a847462.SmartProcureX-db-deployer#flowable-async-job-executor-thread-2163#
[PollExecuteTaskStatusExecution] 0811d82a-292b-418f-a9aa-32d7fd5c8825 [2026-08-02T07:55:51.427914] Cell c029166f-5c99-471a-95ad-14514ab6ab95 successfully created container for instance 22542981-2bcf-4e1d-8b76-1b2da9a31301 (STDOUT, CELL)#
#2026 08 02 07:55:57.407#Z#DEBUG#6828ea62-8e47-11f1-a22d-eeee0a847462.SmartProcureX-db-deployer#flowable-async-job-executor-thread-2163#
[PollExecuteTaskStatusExecution] 0811d82a-292b-418f-a9aa-32d7fd5c8825 [2026-08-02T07:55:54.805603] Invoking pre-start scripts. (STDOUT, APP/TASK/deploy)#
#2026 08 02 07:55:57.407#Z#DEBUG#6828ea62-8e47-11f1-a22d-eeee0a847462.SmartProcureX-db-deployer#flowable-async-job-executor-thread-2163#
[PollExecuteTaskStatusExecution] 0811d82a-292b-418f-a9aa-32d7fd5c8825 [2026-08-02T07:55:54.943677] Invoking start command. (STDOUT, APP/TASK/deploy)#
#2026 08 02 07:55:57.407#Z#DEBUG#6828ea62-8e47-11f1-a22d-eeee0a847462.SmartProcureX-db-deployer#flowable-async-job-executor-thread-2163#
[PollExecuteTaskStatusExecution] 0811d82a-292b-418f-a9aa-32d7fd5c8825 [2026-08-02T07:55:55.228962] > start (STDOUT, APP/TASK/deploy)#
#2026 08 02 07:55:57.407#Z#DEBUG#6828ea62-8e47-11f1-a22d-eeee0a847462.SmartProcureX-db-deployer#flowable-async-job-executor-thread-2163#
[PollExecuteTaskStatusExecution] 0811d82a-292b-418f-a9aa-32d7fd5c8825 [2026-08-02T07:55:55.228987] > node node_modules/@sap/hdi-deploy/deploy.js --use-hdb --parameter com.sap.hana.di.table/try_fast_table_migration=true (STDOUT, APP/TASK/deploy)#
#2026 08 02 07:55:57.407#Z#DEBUG#6828ea62-8e47-11f1-a22d-eeee0a847462.SmartProcureX-db-deployer#flowable-async-job-executor-thread-2163#
[PollExecuteTaskStatusExecution] 0811d82a-292b-418f-a9aa-32d7fd5c8825 [2026-08-02T07:55:55.332842] VCAP_SERVICES: (STDOUT, APP/TASK/deploy)#
#2026 08 02 07:55:57.407#Z#DEBUG#6828ea62-8e47-11f1-a22d-eeee0a847462.SmartProcureX-db-deployer#flowable-async-job-executor-thread-2163#
[PollExecuteTaskStatusExecution] 0811d82a-292b-418f-a9aa-32d7fd5c8825 [2026-08-02T07:55:55.333220] { (STDOUT, APP/TASK/deploy)#
#2026 08 02 07:55:57.407#Z#DEBUG#6828ea62-8e47-11f1-a22d-eeee0a847462.SmartProcureX-db-deployer#flowable-async-job-executor-thread-2163#
[PollExecuteTaskStatusExecution] 0811d82a-292b-418f-a9aa-32d7fd5c8825 [2026-08-02T07:55:55.333240] "hana": [ (STDOUT, APP/TASK/deploy)#
#2026 08 02 07:55:57.407#Z#DEBUG#6828ea62-8e47-11f1-a22d-eeee0a847462.SmartProcureX-db-deployer#flowable-async-job-executor-thread-2163#
[PollExecuteTaskStatusExecution] 0811d82a-292b-418f-a9aa-32d7fd5c8825 [2026-08-02T07:55:55.333243] { (STDOUT, APP/TASK/deploy)#
#2026 08 02 07:55:57.407#Z#DEBUG#6828ea62-8e47-11f1-a22d-eeee0a847462.SmartProcureX-db-deployer#flowable-async-job-executor-thread-2163#
[PollExecuteTaskStatusExecution] 0811d82a-292b-418f-a9aa-32d7fd5c8825 [2026-08-02T07:55:55.333247] "name": "SmartProcureX-db", (STDOUT, APP/TASK/deploy)#
#2026 08 02 07:55:57.407#Z#DEBUG#6828ea62-8e47-11f1-a22d-eeee0a847462.SmartProcureX-db-deployer#flowable-async-job-executor-thread-2163#
[PollExecuteTaskStatusExecution] 0811d82a-292b-418f-a9aa-32d7fd5c8825 [2026-08-02T07:55:55.333250] "label": "hana", (STDOUT, APP/TASK/deploy)#
#2026 08 02 07:55:57.407#Z#DEBUG#6828ea62-8e47-11f1-a22d-eeee0a847462.SmartProcureX-db-deployer#flowable-async-job-executor-thread-2163#
[PollExecuteTaskStatusExecution] 0811d82a-292b-418f-a9aa-32d7fd5c8825 [2026-08-02T07:55:55.333253] "plan": "hdi-shared", (STDOUT, APP/TASK/deploy)#
#2026 08 02 07:55:57.407#Z#DEBUG#6828ea62-8e47-11f1-a22d-eeee0a847462.SmartProcureX-db-deployer#flowable-async-job-executor-thread-2163#
[PollExecuteTaskStatusExecution] 0811d82a-292b-418f-a9aa-32d7fd5c8825 [2026-08-02T07:55:55.333254] "credentials": { (STDOUT, APP/TASK/deploy)#
#2026 08 02 07:55:57.407#Z#DEBUG#6828ea62-8e47-11f1-a22d-eeee0a847462.SmartProcureX-db-deployer#flowable-async-job-executor-thread-2163#
[PollExecuteTaskStatusExecution] 0811d82a-292b-418f-a9aa-32d7fd5c8825 [2026-08-02T07:55:55.333257] "schema": "B2E83F60A5C34A6E98091CC639322A6C", (STDOUT, APP/TASK/deploy)#
#2026 08 02 07:55:57.407#Z#DEBUG#6828ea62-8e47-11f1-a22d-eeee0a847462.SmartProcureX-db-deployer#flowable-async-job-executor-thread-2163#
[PollExecuteTaskStatusExecution] 0811d82a-292b-418f-a9aa-32d7fd5c8825 [2026-08-02T07:55:55.333262] "database_id": "ccb85f22-d9b4-4190-84d2-64f7029bd6f6", (STDOUT, APP/TASK/deploy)#
#2026 08 02 07:55:57.407#Z#DEBUG#6828ea62-8e47-11f1-a22d-eeee0a847462.SmartProcureX-db-deployer#flowable-async-job-executor-thread-2163#
[PollExecuteTaskStatusExecution] 0811d82a-292b-418f-a9aa-32d7fd5c8825 [2026-08-02T07:55:55.333265] "user": "B2E83F60A5C34A6E98091CC639322A6C_11HPH9KXTDTQSB7FMNXEVK1B1_RT", (STDOUT, APP/TASK/deploy)#
#2026 08 02 07:55:57.407#Z#DEBUG#6828ea62-8e47-11f1-a22d-eeee0a847462.SmartProcureX-db-deployer#flowable-async-job-executor-thread-2163#
[PollExecuteTaskStatusExecution] 0811d82a-292b-418f-a9aa-32d7fd5c8825 [2026-08-02T07:55:55.333268] "hdi_user": "B2E83F60A5C34A6E98091CC639322A6C_11HPH9KXTDTQSB7FMNXEVK1B1_DT" (STDOUT, APP/TASK/deploy)#
#2026 08 02 07:55:57.407#Z#DEBUG#6828ea62-8e47-11f1-a22d-eeee0a847462.SmartProcureX-db-deployer#flowable-async-job-executor-thread-2163#
[PollExecuteTaskStatusExecution] 0811d82a-292b-418f-a9aa-32d7fd5c8825 [2026-08-02T07:55:55.333269] }, (STDOUT, APP/TASK/deploy)#
#2026 08 02 07:55:57.407#Z#DEBUG#6828ea62-8e47-11f1-a22d-eeee0a847462.SmartProcureX-db-deployer#flowable-async-job-executor-thread-2163#
[PollExecuteTaskStatusExecution] 0811d82a-292b-418f-a9aa-32d7fd5c8825 [2026-08-02T07:55:55.333271] "tags": [ (STDOUT, APP/TASK/deploy)#
#2026 08 02 07:55:57.407#Z#DEBUG#6828ea62-8e47-11f1-a22d-eeee0a847462.SmartProcureX-db-deployer#flowable-async-job-executor-thread-2163#
[PollExecuteTaskStatusExecution] 0811d82a-292b-418f-a9aa-32d7fd5c8825 [2026-08-02T07:55:55.333273] "hana", (STDOUT, APP/TASK/deploy)#
#2026 08 02 07:55:57.407#Z#DEBUG#6828ea62-8e47-11f1-a22d-eeee0a847462.SmartProcureX-db-deployer#flowable-async-job-executor-thread-2163#
[PollExecuteTaskStatusExecution] 0811d82a-292b-418f-a9aa-32d7fd5c8825 [2026-08-02T07:55:55.333275] "database", (STDOUT, APP/TASK/deploy)#
#2026 08 02 07:55:57.407#Z#DEBUG#6828ea62-8e47-11f1-a22d-eeee0a847462.SmartProcureX-db-deployer#flowable-async-job-executor-thread-2163#
[PollExecuteTaskStatusExecution] 0811d82a-292b-418f-a9aa-32d7fd5c8825 [2026-08-02T07:55:55.333281] "relational" (STDOUT, APP/TASK/deploy)#
#2026 08 02 07:55:57.407#Z#DEBUG#6828ea62-8e47-11f1-a22d-eeee0a847462.SmartProcureX-db-deployer#flowable-async-job-executor-thread-2163#
[PollExecuteTaskStatusExecution] 0811d82a-292b-418f-a9aa-32d7fd5c8825 [2026-08-02T07:55:55.333283] ] (STDOUT, APP/TASK/deploy)#
#2026 08 02 07:55:57.407#Z#DEBUG#6828ea62-8e47-11f1-a22d-eeee0a847462.SmartProcureX-db-deployer#flowable-async-job-executor-thread-2163#
[PollExecuteTaskStatusExecution] 0811d82a-292b-418f-a9aa-32d7fd5c8825 [2026-08-02T07:55:55.333285] } (STDOUT, APP/TASK/deploy)#
#2026 08 02 07:55:57.407#Z#DEBUG#6828ea62-8e47-11f1-a22d-eeee0a847462.SmartProcureX-db-deployer#flowable-async-job-executor-thread-2163#
[PollExecuteTaskStatusExecution] 0811d82a-292b-418f-a9aa-32d7fd5c8825 [2026-08-02T07:55:55.333286] ] (STDOUT, APP/TASK/deploy)#
#2026 08 02 07:55:57.407#Z#DEBUG#6828ea62-8e47-11f1-a22d-eeee0a847462.SmartProcureX-db-deployer#flowable-async-job-executor-thread-2163#
[PollExecuteTaskStatusExecution] 0811d82a-292b-418f-a9aa-32d7fd5c8825 [2026-08-02T07:55:55.333288] } (STDOUT, APP/TASK/deploy)#
#2026 08 02 07:56:07.359#Z#DEBUG#6828ea62-8e47-11f1-a22d-eeee0a847462.SmartProcureX-db-deployer#flowable-async-job-executor-thread-10033#
[PollExecuteTaskStatusExecution] 0811d82a-292b-418f-a9aa-32d7fd5c8825 [2026-08-02T07:55:59.632939] @sap/hdi-deploy, version 5.7.0 (mode default), server version unknown (0.0.0.0), cloud version , node version 24.15.0, HDI version -1, container API version -1 (STDOUT, APP/TASK/deploy)#
#2026 08 02 07:56:07.359#Z#DEBUG#6828ea62-8e47-11f1-a22d-eeee0a847462.SmartProcureX-db-deployer#flowable-async-job-executor-thread-10033#
[PollExecuteTaskStatusExecution] 0811d82a-292b-418f-a9aa-32d7fd5c8825 [2026-08-02T07:55:59.632982] Deployment started at 2026-08-02 07:55:59 (STDOUT, APP/TASK/deploy)#
#2026 08 02 07:56:07.359#Z#DEBUG#6828ea62-8e47-11f1-a22d-eeee0a847462.SmartProcureX-db-deployer#flowable-async-job-executor-thread-10033#
[PollExecuteTaskStatusExecution] 0811d82a-292b-418f-a9aa-32d7fd5c8825 [2026-08-02T07:55:59.633027] Using hdb@2.29.5 for connection (STDOUT, APP/TASK/deploy)#
#2026 08 02 07:56:07.359#Z#DEBUG#6828ea62-8e47-11f1-a22d-eeee0a847462.SmartProcureX-db-deployer#flowable-async-job-executor-thread-10033#
[PollExecuteTaskStatusExecution] 0811d82a-292b-418f-a9aa-32d7fd5c8825 [2026-08-02T07:55:59.633052] Detection of server version failed; root cause: HANA Database instance is stopped (STDOUT, APP/TASK/deploy)#
#2026 08 02 07:56:07.359#Z#DEBUG#6828ea62-8e47-11f1-a22d-eeee0a847462.SmartProcureX-db-deployer#flowable-async-job-executor-thread-10033#
[PollExecuteTaskStatusExecution] 0811d82a-292b-418f-a9aa-32d7fd5c8825 [2026-08-02T07:55:59.633082] Detection of cloud version failed; root cause: HANA Database instance is stopped (STDOUT, APP/TASK/deploy)#
#2026 08 02 07:56:07.359#Z#DEBUG#6828ea62-8e47-11f1-a22d-eeee0a847462.SmartProcureX-db-deployer#flowable-async-job-executor-thread-10033#
[PollExecuteTaskStatusExecution] 0811d82a-292b-418f-a9aa-32d7fd5c8825 [2026-08-02T07:55:59.633087] Detection of container API version failed; root cause: HANA Database instance is stopped (STDOUT, APP/TASK/deploy)#
#2026 08 02 07:56:07.359#Z#DEBUG#6828ea62-8e47-11f1-a22d-eeee0a847462.SmartProcureX-db-deployer#flowable-async-job-executor-thread-10033#
[PollExecuteTaskStatusExecution] 0811d82a-292b-418f-a9aa-32d7fd5c8825 [2026-08-02T07:55:59.633094] Detection of HDI version failed; root cause: HANA Database instance is stopped (STDOUT, APP/TASK/deploy)#
#2026 08 02 07:56:07.359#Z#DEBUG#6828ea62-8e47-11f1-a22d-eeee0a847462.SmartProcureX-db-deployer#flowable-async-job-executor-thread-10033#
[PollExecuteTaskStatusExecution] 0811d82a-292b-418f-a9aa-32d7fd5c8825 [2026-08-02T07:55:59.633370] Deployment ended at 2026-08-02 07:55:59 (STDOUT, APP/TASK/deploy)#
#2026 08 02 07:56:07.359#Z#DEBUG#6828ea62-8e47-11f1-a22d-eeee0a847462.SmartProcureX-db-deployer#flowable-async-job-executor-thread-10033#
[PollExecuteTaskStatusExecution] 0811d82a-292b-418f-a9aa-32d7fd5c8825 [2026-08-02T07:55:59.633556] Error: Option parameter is not supported by the server; based on detected server version unknown (STDERR, APP/TASK/deploy)#
#2026 08 02 07:56:07.359#Z#DEBUG#6828ea62-8e47-11f1-a22d-eeee0a847462.SmartProcureX-db-deployer#flowable-async-job-executor-thread-10033#
[PollExecuteTaskStatusExecution] 0811d82a-292b-418f-a9aa-32d7fd5c8825 [2026-08-02T07:55:59.633676] (4s 372ms) (STDOUT, APP/TASK/deploy)#
#2026 08 02 07:56:07.359#Z#DEBUG#6828ea62-8e47-11f1-a22d-eeee0a847462.SmartProcureX-db-deployer#flowable-async-job-executor-thread-10033#
[PollExecuteTaskStatusExecution] 0811d82a-292b-418f-a9aa-32d7fd5c8825 [2026-08-02T07:55:59.642110] npm notice (STDERR, APP/TASK/deploy)#
#2026 08 02 07:56:07.359#Z#DEBUG#6828ea62-8e47-11f1-a22d-eeee0a847462.SmartProcureX-db-deployer#flowable-async-job-executor-thread-10033#
[PollExecuteTaskStatusExecution] 0811d82a-292b-418f-a9aa-32d7fd5c8825 [2026-08-02T07:55:59.642125] npm notice New major version of npm available! 11.12.1 -> 12.0.2 (STDERR, APP/TASK/deploy)#
#2026 08 02 07:56:07.359#Z#DEBUG#6828ea62-8e47-11f1-a22d-eeee0a847462.SmartProcureX-db-deployer#flowable-async-job-executor-thread-10033#
[PollExecuteTaskStatusExecution] 0811d82a-292b-418f-a9aa-32d7fd5c8825 [2026-08-02T07:55:59.642128] npm notice Changelog: https://github.com/npm/cli/releases/tag/v12.0.2 (STDERR, APP/TASK/deploy)#
#2026 08 02 07:56:07.359#Z#DEBUG#6828ea62-8e47-11f1-a22d-eeee0a847462.SmartProcureX-db-deployer#flowable-async-job-executor-thread-10033#
[PollExecuteTaskStatusExecution] 0811d82a-292b-418f-a9aa-32d7fd5c8825 [2026-08-02T07:55:59.642133] npm notice To update run: npm install -g npm@12.0.2 (STDERR, APP/TASK/deploy)#
#2026 08 02 07:56:07.359#Z#DEBUG#6828ea62-8e47-11f1-a22d-eeee0a847462.SmartProcureX-db-deployer#flowable-async-job-executor-thread-10033#
[PollExecuteTaskStatusExecution] 0811d82a-292b-418f-a9aa-32d7fd5c8825 [2026-08-02T07:55:59.642135] npm notice (STDERR, APP/TASK/deploy)#
#2026 08 02 07:56:07.359#Z#DEBUG#6828ea62-8e47-11f1-a22d-eeee0a847462.SmartProcureX-db-deployer#flowable-async-job-executor-thread-10033#
[PollExecuteTaskStatusExecution] 0811d82a-292b-418f-a9aa-32d7fd5c8825 [2026-08-02T07:55:59.691447] Exit status 1 (STDOUT, APP/TASK/deploy)#
#2026 08 02 07:56:07.359#Z#DEBUG#6828ea62-8e47-11f1-a22d-eeee0a847462.SmartProcureX-db-deployer#flowable-async-job-executor-thread-10033#
[PollExecuteTaskStatusExecution] 0811d82a-292b-418f-a9aa-32d7fd5c8825 [2026-08-02T07:56:00.390325] Cell c029166f-5c99-471a-95ad-14514ab6ab95 stopping instance 22542981-2bcf-4e1d-8b76-1b2da9a31301 (STDOUT, CELL)#
#2026 08 02 07:56:07.359#Z#DEBUG#6828ea62-8e47-11f1-a22d-eeee0a847462.SmartProcureX-db-deployer#flowable-async-job-executor-thread-10033#
[PollExecuteTaskStatusExecution] 0811d82a-292b-418f-a9aa-32d7fd5c8825 [2026-08-02T07:56:00.390373] Cell c029166f-5c99-471a-95ad-14514ab6ab95 destroying container for instance 22542981-2bcf-4e1d-8b76-1b2da9a31301 (STDOUT, CELL)#
#2026 08 02 07:56:07.359#Z#DEBUG#6828ea62-8e47-11f1-a22d-eeee0a847462.SmartProcureX-db-deployer#flowable-async-job-executor-thread-10033#
[PollExecuteTaskStatusExecution] 0811d82a-292b-418f-a9aa-32d7fd5c8825 [2026-08-02T07:56:02.580983] Cell c029166f-5c99-471a-95ad-14514ab6ab95 successfully destroyed container for instance 22542981-2bcf-4e1d-8b76-1b2da9a31301 (STDOUT, CELL)#
